file,sent_id,node,form,lemma,correction,local_function,local_category,parent_category,local_phrase,parent_phrase,nearest_np_function,nearest_np,chain,sentence
twitter.cgel,Tree TheFutureOfLinguistics-0,3,the,the,[none],Det,DP,NP,the,the #futureoflinguistics,Subj,the #futureoflinguistics,Head:D > Det:DP,"The #futureoflinguistics is integrative, computationally-aided, impactful in the world."
twitter.cgel,Tree TheFutureOfLinguistics-0,36,the,the,[none],Det,DP,NP,the,the world,Obj,the world,Head:D > Det:DP,"The #futureoflinguistics is integrative, computationally-aided, impactful in the world."
twitter.cgel,Tree Here-sThePaper-0,15,the,the,[none],Det,DP,NP,the,the paper that people who read it will find out about how resumptive pronouns help islands go down a little easier,Postnucleus,the paper that people who read it will find out about how resumptive pronouns help islands go down a little easier,Head:D > Det:DP,Here's the paper that people who read it will find out about how resumptive pronouns help islands go down a little easier.
twitter.cgel,Tree Here-sThePaper-0,92,a little,a little,[none],Mod,DP,AdvP,a little,a little easier,Postnucleus,the paper that people who read it will find out about how resumptive pronouns help islands go down a little easier,Head:D > Mod:DP,Here's the paper that people who read it will find out about how resumptive pronouns help islands go down a little easier.
twitter.cgel,Tree TrueNarcissism-0,25,everyone,everyone,[none],Det-Head,DP,Nom,everyone,everyone,Obj,everyone,Head:D > Det-Head:DP,True narcissism is just telling everyone your ideolect is a language.
twitter.cgel,Tree TrueNarcissism-0,46,a,a,[none],Det,DP,NP,a,a language,PredComp,a language,Head:D > Det:DP,True narcissism is just telling everyone your ideolect is a language.
twitter.cgel,Tree IsThatWhatYouCall-0,9,that,that,[none],Det-Head,DP,Nom,that,that,Subj,that,Head:D > Det-Head:DP,Is that what you call WH-movement?
twitter.cgel,Tree ItIsntThat-0,31,enough,enough,[none],Det,DP,NP,enough,enough workers,DisplacedSubj,enough workers,Head:D > Det:DP,"It isn't that there aren't enough workers, there just aren't enough workers at the wage firms want to pay."
twitter.cgel,Tree ItIsntThat-0,57,enough,enough,[none],Det,DP,NP,enough,enough workers,DisplacedSubj,enough workers,Head:D > Det:DP,"It isn't that there aren't enough workers, there just aren't enough workers at the wage firms want to pay."
twitter.cgel,Tree ItIsntThat-0,68,the,the,[none],Det,DP,NP,the,the wage firms want to pay,Obj,the wage firms want to pay,Head:D > Det:DP,"It isn't that there aren't enough workers, there just aren't enough workers at the wage firms want to pay."
twitter.cgel,Tree LanguageIdeologyIs-0,15,a,a,[none],Det,DP,NP,a,a hell of a drug,PredComp,a hell of a drug,Head:D > Det:DP,Language ideology is a hell of a drug!
twitter.cgel,Tree LanguageIdeologyIs-0,25,a,a,[none],Det,DP,NP,a,a drug,Obj,a drug,Head:D > Det:DP,Language ideology is a hell of a drug!
twitter.cgel,Tree WhoDidYouSee-0,5,anybody,anybody,[none],Det-Head,DP,Nom,anybody,anybody,Subj,anybody,Head:D > Det-Head:DP,Anybody want some rhoticity chicken?
twitter.cgel,Tree WhoDidYouSee-0,13,some,some,[none],Det,DP,NP,some,some rhoticity chicken,Obj,some rhoticity chicken,Head:D > Det:DP,Anybody want some rhoticity chicken?
twitter.cgel,Tree IThinkSeeingEverybodys-0,20,everybody's,everybody,[none],Det-Head,DP,Nom,everybody's,everybody's,Det,everybody's,Head:D > Det-Head:DP,I think seeing Everybody's pooing face would be very interesting
twitter.cgel,Tree IsThatAllYouGot-0,9,that,that,[none],Det-Head,DP,Nom,that,that,Subj,that,Head:D > Det-Head:DP,Is that all you got winter?
twitter.cgel,Tree IsThatAllYouGot-0,16,all,all,[none],Det-Head,DP,Nom,all,all you got,PredComp,all you got,Head:D > Det-Head:DP,Is that all you got winter?
twitter.cgel,Tree HappierNewYear2-0,7,a,a,[none],Det,DP,NP,a,a happier new year,Obj,a happier new year,Head:D > Det:DP,Have a happier new year
twitter.cgel,Tree DeltaHasBanned-0,18,the,the,[none],Det,DP,NP,the,the Navy Seal who killed Osama bin Laden for refusing to wear a mask,Obj,the Navy Seal who killed Osama bin Laden for refusing to wear a mask,Head:D > Det:DP,Delta has banned the Navy Seal who killed Osama bin Laden for refusing to wear a mask
twitter.cgel,Tree DeltaHasBanned-0,69,a,a,[none],Det,DP,NP,a,a mask,Obj,a mask,Head:D > Det:DP,Delta has banned the Navy Seal who killed Osama bin Laden for refusing to wear a mask
twitter.cgel,Tree WhyIsThereAWord-0,19,a,a,[none],Det,DP,NP,a,a word for everything,DisplacedSubj,a word for everything,Head:D > Det:DP,Why is there a word for everything?
twitter.cgel,Tree WhyIsThereAWord-0,30,everything,everything,[none],Det-Head,DP,Nom,everything,everything,Obj,everything,Head:D > Det-Head:DP,Why is there a word for everything?
twitter.cgel,Tree TheArrivalRecentlyOf-0,2,the,the,[none],Det,DP,NP,the,the arrival recently of the new year,,the arrival recently of the new year,Head:D > Det:DP,the arrival recently of the new year
twitter.cgel,Tree TheArrivalRecentlyOf-0,17,the,the,[none],Det,DP,NP,the,the new year,Obj,the new year,Head:D > Det:DP,the arrival recently of the new year
twitter.cgel,Tree NowOutsideInZero-0,42,a,a,[none],Det,DP,NP,a,a parking space for lunch,Obj_dir,a parking space for lunch,Head:D > Det:DP,"Now outside in zero degree weather, snow-blowing my sister a parking space for lunch."
twitter.cgel,Tree WhyDoTheyCallIt-0,52,a,a,[none],Det,DP,NP,a,a native speaker,Obj,a native speaker,Head:D > Det:DP,"Why do they call it ""needs to be proofread by a native speaker"" and not ""requires L1 regularization""?"
twitter.cgel,Tree YouMayHaveHeard-0,32,another,another,[none],Det,DP,NP,another,another language,Obj,another language,Head:D > Det:DP,You may have heard that learning another language makes you smarter.
twitter.cgel,Tree WomanRuledDead2-0,19,2017,2017,[none],Det,DP,NP,2017,2017 fights to be declared alive,Obj,2017 fights to be declared alive,Head:D > Det:DP,Woman Ruled Dead in 2017 Fights to be Declared Alive
twitter.cgel,Tree ALanguageIsADialect-0,3,a,a,[none],Det,DP,NP,a,a language,Subj,a language,Head:D > Det:DP,A language is a dialect with a Duolingo course.
twitter.cgel,Tree ALanguageIsADialect-0,15,a,a,[none],Det,DP,NP,a,a dialect with a Duolingo course,PredComp,a dialect with a Duolingo course,Head:D > Det:DP,A language is a dialect with a Duolingo course.
twitter.cgel,Tree ALanguageIsADialect-0,25,a,a,[none],Det,DP,NP,a,a Duolingo course,Obj,a Duolingo course,Head:D > Det:DP,A language is a dialect with a Duolingo course.
twitter.cgel,Tree ThatsWhat-0,7,that,that,[none],Det-Head,DP,Nom,that,that,Subj,that,Head:D > Det-Head:DP,So that's what I'm particularly interested in seeing if is true.
twitter.cgel,Tree ThisHasBeen-0,4,this,this,[none],Det-Head,DP,Nom,this,this,Subj,this,Head:D > Det-Head:DP,This has been arts and crafts hour with a syntactician.
twitter.cgel,Tree ThisHasBeen-0,39,a,a,[none],Det,DP,NP,a,a syntactician,Obj,a syntactician,Head:D > Det:DP,This has been arts and crafts hour with a syntactician.
twitter.cgel,Tree GettingAPhD-0,9,a,a,[none],Det,DP,NP,a,a PhD,Obj,a PhD,Head:D > Det:DP,Getting a PhD has long been an aspiration of mine.
twitter.cgel,Tree GettingAPhD-0,31,an,a,[none],Det,DP,NP,an,an aspiration of mine,PredComp,an aspiration of mine,Head:D > Det:DP,Getting a PhD has long been an aspiration of mine.
twitter.cgel,Tree HowWellDoes-0,15,the,the,[none],Det,DP,NP,the,the minimalist grammar formalism,Subj,the minimalist grammar formalism,Head:D > Det:DP,How well does the minimalist grammar formalism match up with everyday minimalist syntax?
twitter.cgel,Tree ThisMustNowBe-0,4,this,this,[none],Det-Head,DP,Nom,this,this,Subj,this,Head:D > Det-Head:DP,This must now be a moment to think again about the country that we want to be.
twitter.cgel,Tree ThisMustNowBe-0,20,a,a,[none],Det,DP,NP,a,a moment to think again about the country that we want to be,PredComp,a moment to think again about the country that we want to be,Head:D > Det:DP,This must now be a moment to think again about the country that we want to be.
twitter.cgel,Tree ThisMustNowBe-0,44,the,the,[none],Det,DP,NP,the,the country that we want to be,Obj,the country that we want to be,Head:D > Det:DP,This must now be a moment to think again about the country that we want to be.
twitter.cgel,Tree ManyMorePeopleShouldTake-0,4,many,many,[none],Mod,DP,DP,many,many more,Subj,many more people,Head:D > Mod:DP,Many more people should take linguistics courses.
twitter.cgel,Tree ManyMorePeopleShouldTake-0,6,more,more,[none],Det,DP,NP,many more,many more people,Subj,many more people,Head:D > Det:DP,Many more people should take linguistics courses.
twitter.cgel,Tree AllYourTreeDiagrams-0,4,all,all,[none],Mod,DP,NP,all,all my tree diagrams,Subj,all my tree diagrams,Head:D > Mod:DP,All my tree diagrams include descriptions.
twitter.cgel,Tree AllYourBase-0,4,all,all,[none],Mod,DP,NP,all,all your base,Subj,all your base,Head:D > Mod:DP,all your base are belong to us
twitter.cgel,Tree SIEGtrees3-102,3,the,the,[none],Det,DP,NP,the,the preface,Subj,the preface,Head:D > Det:DP,The preface was written by Sue.
twitter.cgel,Tree ManyAHorseRaced-0,3,many a,many a,[none],Det,DP,NP,many a,many a horse raced past the barn,Subj,many a horse raced past the barn,Head:D > Det:DP,Many a horse raced past the barn doth fall.
twitter.cgel,Tree ManyAHorseRaced-0,21,the,the,[none],Det,DP,NP,the,the barn,Obj,the barn,Head:D > Det:DP,Many a horse raced past the barn doth fall.
twitter.cgel,Tree EvenHappierThanAPig2-0,12,a,a,[none],Det,DP,NP,a,a pig in shit,Obj,a pig in shit,Head:D > Det:DP,even happier than a pig in shit
twitter.cgel,Tree IBetThisTweet-0,12,this,this,[none],Det,DP,NP,this,this tweet,Subj,this tweet,Head:D > Det:DP,I bet this tweet would have been more popular if I had twitten it 11 months later.
twitter.cgel,Tree IBetThisTweet-0,66,11,11,[none],Det,DP,NP,11,11 months,Mod,11 months,Head:D > Det:DP,I bet this tweet would have been more popular if I had twitten it 11 months later.
twitter.cgel,Tree MyFavoritePlaywright-0,48,a,a,[none],Det,DP,NP,a,a book about that will be released this spring,Obj,a book about that will be released this spring,Head:D > Det:DP,My favorite playwright is Lorraine Hansberry who I am writing a book about that will be released this spring.
twitter.cgel,Tree MyFavoritePlaywright-0,81,this,this,[none],Det,DP,NP,this,this spring,Mod,this spring,Head:D > Det:DP,My favorite playwright is Lorraine Hansberry who I am writing a book about that will be released this spring.
twitter.cgel,Tree WeMustOpenEveryDoor-0,17,the,the,[none],Det,DP,NP,the,the doors,Obj,the doors,Head:D > Det:DP,We must open the doors and we must see to it they remain open so that others can pass through.
twitter.cgel,Tree WhatARemarkableClaim-0,6,a,a,[none],Det,DP,NP,a,a remarkable claim to make,Head,a remarkable claim to make,Head:D > Det:DP,What a remarkable claim to make!
twitter.cgel,Tree UpdatingAnApp-0,9,an,a,[none],Det,DP,NP,an,an app for my 6-year-old,Obj,an app for my 6-year-old,Head:D > Det:DP,Updating an app for my 6 year old and he asked if it had finished the updation yet.
twitter.cgel,Tree UpdatingAnApp-0,66,the,the,[none],Det,DP,NP,the,the updation,Obj,the updation,Head:D > Det:DP,Updating an app for my 6 year old and he asked if it had finished the updation yet.
twitter.cgel,Tree goHangASalami-0,13,a,a,[none],Det,DP,NP,a,a salami,Obj,a salami,Head:D > Det:DP,"Go hang a salami, I'm a lasagna hog."
twitter.cgel,Tree goHangASalami-0,31,a,a,[none],Det,DP,NP,a,a lasagna hog,PredComp,a lasagna hog,Head:D > Det:DP,"Go hang a salami, I'm a lasagna hog."
twitter.cgel,Tree HappierNewYear-0,18,a,a,[none],Det,DP,NP,a,a happier new year,Obj,a happier new year,Head:D > Det:DP,May you have a happier new year!
twitter.cgel,Tree ItBlowsMyMind-0,36,someone,someone,[none],Det-Head,DP,Nom,someone,someone who is both old enough to have sequence of tense in quoted speech and young enough to have been in middle school at a time when Wikipedia existed,DisplacedSubj,someone who is both old enough to have sequence of tense in quoted speech and young enough to have been in middle school at a time when Wikipedia existed,Head:D > Det-Head:DP,It blows my mind that there is someone who is both old enough to have sequence of tense in quoted speech and young enough to have been in middle school at a time when Wikipedia existed.
twitter.cgel,Tree ItBlowsMyMind-0,53,both,both,[none],Marker,DP,AdjP,both,both old enough to have sequence of tense in quoted speech,DisplacedSubj,someone who is both old enough to have sequence of tense in quoted speech and young enough to have been in middle school at a time when Wikipedia existed,Head:D > Marker:DP,It blows my mind that there is someone who is both old enough to have sequence of tense in quoted speech and young enough to have been in middle school at a time when Wikipedia existed.
twitter.cgel,Tree ItBlowsMyMind-0,60,enough,enough,[none],Mod,DP,AdjP,enough,old enough,DisplacedSubj,someone who is both old enough to have sequence of tense in quoted speech and young enough to have been in middle school at a time when Wikipedia existed,Head:D > Mod:DP,It blows my mind that there is someone who is both old enough to have sequence of tense in quoted speech and young enough to have been in middle school at a time when Wikipedia existed.
twitter.cgel,Tree ItBlowsMyMind-0,100,enough,enough,[none],Mod,DP,AdjP,enough,young enough,DisplacedSubj,someone who is both old enough to have sequence of tense in quoted speech and young enough to have been in middle school at a time when Wikipedia existed,Head:D > Mod:DP,It blows my mind that there is someone who is both old enough to have sequence of tense in quoted speech and young enough to have been in middle school at a time when Wikipedia existed.
twitter.cgel,Tree ItBlowsMyMind-0,132,a,a,[none],Det,DP,NP,a,a time when Wikipedia existed,Obj,a time when Wikipedia existed,Head:D > Det:DP,It blows my mind that there is someone who is both old enough to have sequence of tense in quoted speech and young enough to have been in middle school at a time when Wikipedia existed.
twitter.cgel,Tree EveryNewYorker-0,3,every,every,[none],Det,DP,NP,every,every New Yorker,Subj,every New Yorker,Head:D > Det:DP,Every New Yorker will receive and be prohibited from giving away a horse.
twitter.cgel,Tree EveryNewYorker-0,52,a,a,[none],Det,DP,NP,a,a horse,Postnucleus,a horse,Head:D > Det:DP,Every New Yorker will receive and be prohibited from giving away a horse.
twitter.cgel,Tree WasDiscoveringThatICould-0,47,a,a,[none],Det,DP,NP,a,a plot of my own vowel space,Obj,a plot of my own vowel space,Head:D > Det:DP,Was discovering that I could use it to easily produce a plot of my own vowel space what finally convinced me to figure out R?
twitter.cgel,Tree ImPostModerna-0,20,the,the,[none],Det,DP,NP,the,the first dose of the Moderna vaccine,Obj,the first dose of the Moderna vaccine,Head:D > Det:DP,So I just got the first dose of the Moderna vaccine and now I guess I'm post-Moderna
twitter.cgel,Tree ImPostModerna-0,34,the,the,[none],Det,DP,NP,the,the Moderna vaccine,Obj,the Moderna vaccine,Head:D > Det:DP,So I just got the first dose of the Moderna vaccine and now I guess I'm post-Moderna
twitter.cgel,Tree AThirdWaveIsPreventable-0,4,a,a,[none],Det,DP,NP,a,a third wave,Subj,a third wave,Head:D > Det:DP,"A third wave is preventable—it is totally preventable—the question really is, will we do what it takes to prevent it?"
twitter.cgel,Tree AThirdWaveIsPreventable-0,41,the,the,[none],Det,DP,NP,the,the question,Subj,the question,Head:D > Det:DP,"A third wave is preventable—it is totally preventable—the question really is, will we do what it takes to prevent it?"
twitter.cgel,Tree StudioDecidesThisIsNoTime-0,14,this,this,[none],Det-Head,DP,Nom,this,this,Subj,this,Head:D > Det-Head:DP,Studio decides this is no time for No Time to Die to die
twitter.cgel,Tree StudioDecidesThisIsNoTime-0,23,no,no,[none],Det,DP,NP,no,no time for no time to die to die,PredComp,no time for no time to die to die,Head:D > Det:DP,Studio decides this is no time for No Time to Die to die
twitter.cgel,Tree StudioDecidesThisIsNoTime-0,34,no,no,[none],Det,DP,NP,no,no time to die,Subj,no time to die,Head:D > Det:DP,Studio decides this is no time for No Time to Die to die
twitter.cgel,Tree IjustNeedToFindVotes-0,23,"11,780",11780,[none],Det,DP,NP,"11,780","11,780 votes",Obj,"11,780 votes",Head:D > Det:DP,"I just need to find 11,780 votes."
twitter.cgel,Tree I-mMutingMyself-0,50,a,a,[none],Det,DP,NP,a,a tree,Obj,a tree,Head:D > Det:DP,I'm muting and uncameraing myself and you all make a tree while I do emoji reacts like a syntax ghost.
twitter.cgel,Tree I-mMutingMyself-0,81,a,a,[none],Det,DP,NP,a,a syntax ghost,Obj,a syntax ghost,Head:D > Det:DP,I'm muting and uncameraing myself and you all make a tree while I do emoji reacts like a syntax ghost.
twitter.cgel,Tree Krugman-0,18,a,a,[none],Det,DP,NP,a,a pot of money that is looking for somewhere to go,Obj_ind,a pot of money that is looking for somewhere to go,Head:D > Det:DP,"It's giving a pot of money that is looking for somewhere to go, something to do."
twitter.cgel,Tree Krugman-0,53,somewhere,somewhere,[none],Det-Head,DP,Nom,somewhere,somewhere to go,Obj,somewhere to go,Head:D > Det-Head:DP,"It's giving a pot of money that is looking for somewhere to go, something to do."
twitter.cgel,Tree Krugman-0,68,something,something,[none],Det-Head,DP,Nom,something,something to do,Obj_dir,something to do,Head:D > Det-Head:DP,"It's giving a pot of money that is looking for somewhere to go, something to do."
twitter.cgel,Tree TheDiscourseOnPronouns-0,3,the,the,[none],Det,DP,NP,the,the discourse on pronouns,Subj,the discourse on pronouns,Head:D > Det:DP,The discourse on pronouns is especially wild here considering that literally none of these are pronouns.
twitter.cgel,Tree TheDiscourseOnPronouns-0,45,none,none,[none],Det-Head,DP,Nom,none,none of these,Head,none of these,Head:D > Det-Head:DP,The discourse on pronouns is especially wild here considering that literally none of these are pronouns.
twitter.cgel,Tree TheDiscourseOnPronouns-0,53,these,this,[none],Det-Head,DP,Nom,these,these,Obj,these,Head:D > Det-Head:DP,The discourse on pronouns is especially wild here considering that literally none of these are pronouns.
twitter.cgel,Tree TheArtistFormerlyKnownAs-0,2,the,the,[none],Det,DP,NP,the,the artist formerly known as LUCA,,the artist formerly known as LUCA,Head:D > Det:DP,the artist formerly known as LUCA
twitter.cgel,Tree IMeanYeahOK-0,19,a,a,[none],Det,DP,NP,a,a clitic,Subj,a clitic,Head:D > Det:DP,"I mean yeah OK a clitic isn't really a word but ""clitic"" is a word."
twitter.cgel,Tree IMeanYeahOK-0,37,a,a,[none],Det,DP,NP,a,a word,PredComp,a word,Head:D > Det:DP,"I mean yeah OK a clitic isn't really a word but ""clitic"" is a word."
twitter.cgel,Tree IMeanYeahOK-0,60,a,a,[none],Det,DP,NP,a,a word,PredComp,a word,Head:D > Det:DP,"I mean yeah OK a clitic isn't really a word but ""clitic"" is a word."
twitter.cgel,Tree ThatIsSuchA-0,4,that,that,[none],Det-Head,DP,Nom,that,that,Subj,that,Head:D > Det-Head:DP,That is such a perfect example of the kind of nonsense that childhood consists of being forced to pretend is reasonable.
twitter.cgel,Tree ThatIsSuchA-0,18,a,a,[none],Det,DP,NP,a,a perfect example of the kind of nonsense that childhood consists of being forced to pretend is reasonable,Head,a perfect example of the kind of nonsense that childhood consists of being forced to pretend is reasonable,Head:D > Det:DP,That is such a perfect example of the kind of nonsense that childhood consists of being forced to pretend is reasonable.
twitter.cgel,Tree ThatIsSuchA-0,32,the,the,[none],Det,DP,NP,the,the kind of nonsense that childhood consists of being forced to pretend is reasonable,Obj,the kind of nonsense that childhood consists of being forced to pretend is reasonable,Head:D > Det:DP,That is such a perfect example of the kind of nonsense that childhood consists of being forced to pretend is reasonable.
twitter.cgel,Tree AnAbstractSyntaxTree-0,3,an,a,[none],Det,DP,NP,an,an abstract syntax tree,Subj,an abstract syntax tree,Head:D > Det:DP,An abstract syntax tree is abstract because it is a mathematical object that has certain structure by its very nature.
twitter.cgel,Tree AnAbstractSyntaxTree-0,40,a,a,[none],Det,DP,NP,a,a mathematical object that has certain structure by its very nature,PredComp,a mathematical object that has certain structure by its very nature,Head:D > Det:DP,An abstract syntax tree is abstract because it is a mathematical object that has certain structure by its very nature.
twitter.cgel,Tree NoSocietyCanSurely-0,3,no,no,[none],Det,DP,NP,no,no society,Subj,no society,Head:D > Det:DP,No society can surely be flourishing and happy of which the far greater part of the members are poor and miserable.
twitter.cgel,Tree NoSocietyCanSurely-0,39,which,which,[none],Det,DP,NP,which,which,Obj,which,Head:D > Det:DP,No society can surely be flourishing and happy of which the far greater part of the members are poor and miserable.
twitter.cgel,Tree NoSocietyCanSurely-0,45,the,the,[none],Det,DP,NP,the,the far greater part of the members,Subj,the far greater part of the members,Head:D > Det:DP,No society can surely be flourishing and happy of which the far greater part of the members are poor and miserable.
twitter.cgel,Tree NoSocietyCanSurely-0,62,the,the,[none],Det,DP,NP,the,the members,Obj,the members,Head:D > Det:DP,No society can surely be flourishing and happy of which the far greater part of the members are poor and miserable.
twitter.cgel,Tree WeReAllFriends-0,15,all,all,[none],Det-Head,DP,Nom,all,all,Mod,all,Head:D > Det-Head:DP,We're all friends on this journey against linguistic discrimination.
twitter.cgel,Tree WeReAllFriends-0,28,this,this,[none],Det,DP,NP,this,this journey against linguistic discrimination,Obj,this journey against linguistic discrimination,Head:D > Det:DP,We're all friends on this journey against linguistic discrimination.
twitter.cgel,Tree AsOneOfTheWomen-0,7,one,one,[none],Det-Head,DP,Nom,one,one of the many women in STEM Steve Pinker has blocked,PredComp,one of the many women in STEM Steve Pinker has blocked,Head:D > Det-Head:DP,"As one of the many women in STEM Steve Pinker has blocked, I don't know what this tweet is saying."
twitter.cgel,Tree AsOneOfTheWomen-0,15,the,the,[none],Det,DP,NP,the,the many women in STEM Steve Pinker has blocked,Obj,the many women in STEM Steve Pinker has blocked,Head:D > Det:DP,"As one of the many women in STEM Steve Pinker has blocked, I don't know what this tweet is saying."
twitter.cgel,Tree AsOneOfTheWomen-0,20,many,many,[none],Mod,DP,Nom,many,many women in STEM,Obj,the many women in STEM Steve Pinker has blocked,Head:D > Mod:DP,"As one of the many women in STEM Steve Pinker has blocked, I don't know what this tweet is saying."
twitter.cgel,Tree AsOneOfTheWomen-0,78,this,this,[none],Det,DP,NP,this,this tweet,Subj,this tweet,Head:D > Det:DP,"As one of the many women in STEM Steve Pinker has blocked, I don't know what this tweet is saying."
ewt.cgel,reviews-020992-0003,34,the,the,[none],Det,DP,NP,the,the fire alarm and strobe light,Subj,the fire alarm and strobe light,Head:D > Det:DP,"At 3:15 am on night #2, the fire alarm and strobe light activated in my room."
ewt.cgel,weblog-blogspot.com_rigorousintuition_20060511134300_ENG_20060511_134300-0070,25,something,something,[none],Det-Head,DP,Nom,something,something,Obj,something,Head:D > Det-Head:DP,"Maybe I'm missing something here, but how, exactly, does one 'Loose' 200,000 AK47's?"
ewt.cgel,weblog-blogspot.com_rigorousintuition_20060511134300_ENG_20060511_134300-0070,67,"200,000",200000,[none],Det,DP,NP,"200,000","200,000 AK47's",Obj,"200,000 AK47's",Head:D > Det:DP,"Maybe I'm missing something here, but how, exactly, does one 'Loose' 200,000 AK47's?"
ewt.cgel,newsgroup-groups.google.com_alt.animals_02c2d614bfbf6b20_ENG_20050223_232900-0063,14,these,this,[none],Det,DP,NP,these,these animals,Subj,these animals,Head:D > Det:DP,"Bangs said these animals are not equipped to survive in the wild, however, and they all almost certainly have died."
ewt.cgel,newsgroup-groups.google.com_alt.animals_02c2d614bfbf6b20_ENG_20050223_232900-0063,49,the,the,[none],Det,DP,NP,the,the wild,Obj,the wild,Head:D > Det:DP,"Bangs said these animals are not equipped to survive in the wild, however, and they all almost certainly have died."
ewt.cgel,newsgroup-groups.google.com_alt.animals_02c2d614bfbf6b20_ENG_20050223_232900-0063,70,all,all,[none],Det-Head,DP,Nom,all,all,Mod,all,Head:D > Det-Head:DP,"Bangs said these animals are not equipped to survive in the wild, however, and they all almost certainly have died."
ewt.cgel,newsgroup-groups.google.com_INTPunderground_b2c62e87877e4a22_ENG_20050906_165900-0085,10,30,30,[none],Det-Head,DP,Nom,30,30,Obj,30,Head:D > Det-Head:DP,"About 30 seconds into his address, he started flogging the terrorist issue just one more time."
ewt.cgel,newsgroup-groups.google.com_INTPunderground_b2c62e87877e4a22_ENG_20050906_165900-0085,48,the,the,[none],Det,DP,NP,the,the terrorist issue,Obj,the terrorist issue,Head:D > Det:DP,"About 30 seconds into his address, he started flogging the terrorist issue just one more time."
ewt.cgel,newsgroup-groups.google.com_INTPunderground_b2c62e87877e4a22_ENG_20050906_165900-0085,62,one,one,[none],Det,DP,NP,one,one more time,Head,one more time,Head:D > Det:DP,"About 30 seconds into his address, he started flogging the terrorist issue just one more time."
ewt.cgel,newsgroup-groups.google.com_INTPunderground_b2c62e87877e4a22_ENG_20050906_165900-0085,67,more,more,[none],Mod,DP,Nom,more,more time,Head,one more time,Head:D > Mod:DP,"About 30 seconds into his address, he started flogging the terrorist issue just one more time."
ewt.cgel,newsgroup-groups.google.com_eHolistic_2dd76f31ceb6bfe8_ENG_20050513_224200-0022,15,some,some,[none],Det,DP,NP,some,some emails we have sent,Postnucleus,some emails we have sent,Head:D > Det:DP,"Here are some emails we have sent, along with the flyer for the Benefit fund raiser we are holding in June, just for your information."
ewt.cgel,newsgroup-groups.google.com_eHolistic_2dd76f31ceb6bfe8_ENG_20050513_224200-0022,47,the,the,[none],Det,DP,NP,the,the flyer for the benefit fund raiser we are holding in June,Obj,the flyer for the benefit fund raiser we are holding in June,Head:D > Det:DP,"Here are some emails we have sent, along with the flyer for the Benefit fund raiser we are holding in June, just for your information."
ewt.cgel,newsgroup-groups.google.com_eHolistic_2dd76f31ceb6bfe8_ENG_20050513_224200-0022,57,the,the,[none],Det,DP,NP,the,the benefit fund raiser we are holding in June,Obj,the benefit fund raiser we are holding in June,Head:D > Det:DP,"Here are some emails we have sent, along with the flyer for the Benefit fund raiser we are holding in June, just for your information."
ewt.cgel,newsgroup-groups.google.com_alt.animals.cat_01ff709c4bf2c60c_ENG_20040418_040100-0046,20,no one,no one,[none],Det-Head,DP,Nom,no one,no one,Subj,no one,Head:D > Det-Head:DP,"But I also hope no one feels any obligation to download, especially if you have an internet connection as slow mine (28k)."
ewt.cgel,newsgroup-groups.google.com_alt.animals.cat_01ff709c4bf2c60c_ENG_20040418_040100-0046,31,any,any,[none],Det,DP,NP,any,any obligation to download,Obj,any obligation to download,Head:D > Det:DP,"But I also hope no one feels any obligation to download, especially if you have an internet connection as slow mine (28k)."
ewt.cgel,newsgroup-groups.google.com_alt.animals.cat_01ff709c4bf2c60c_ENG_20040418_040100-0046,62,an,a,[none],Det,DP,NP,an,an internet connection as slow mine 28 k,Obj,an internet connection as slow mine 28 k,Head:D > Det:DP,"But I also hope no one feels any obligation to download, especially if you have an internet connection as slow mine (28k)."
ewt.cgel,newsgroup-groups.google.com_alt.animals.cat_01ff709c4bf2c60c_ENG_20040418_040100-0046,91,28,28,[none],Det,DP,NP,28,28 k,Supplement,28 k,Head:D > Det:DP,"But I also hope no one feels any obligation to download, especially if you have an internet connection as slow mine (28k)."
ewt.cgel,reviews-024385-0006,19,the,the,[none],Det,DP,NP,the,the bakers,Subj,the bakers,Head:D > Det:DP,"I'm hoping the bakers continue to do their baking out of another place, because it would be a shame not to have these cakes any longer."
ewt.cgel,reviews-024385-0006,54,another,another,[none],Det,DP,NP,another,another place,Obj,another place,Head:D > Det:DP,"I'm hoping the bakers continue to do their baking out of another place, because it would be a shame not to have these cakes any longer."
ewt.cgel,reviews-024385-0006,80,a,a,[none],Det,DP,NP,a,a shame,PredComp,a shame,Head:D > Det:DP,"I'm hoping the bakers continue to do their baking out of another place, because it would be a shame not to have these cakes any longer."
ewt.cgel,reviews-024385-0006,100,these,this,[none],Det,DP,NP,these,these cakes,Obj,these cakes,Head:D > Det:DP,"I'm hoping the bakers continue to do their baking out of another place, because it would be a shame not to have these cakes any longer."
ewt.cgel,reviews-024385-0006,109,any,any,[none],Mod,DP,AdvP,any,any longer,,,Head:D > Mod:DP,"I'm hoping the bakers continue to do their baking out of another place, because it would be a shame not to have these cakes any longer."
ewt.cgel,reviews-346960-0006,55,the,the,[none],Det,DP,NP,the,the work week,Obj,the work week,Head:D > Det:DP,"If I had time to drive to Tacoma before they closed during the work week, I would just so I could get those boots fixed properly again."
ewt.cgel,reviews-346960-0006,97,those,that,[none],Det,DP,NP,those,those boots,Obj,those boots,Head:D > Det:DP,"If I had time to drive to Tacoma before they closed during the work week, I would just so I could get those boots fixed properly again."
ewt.cgel,weblog-blogspot.com_alaindewitt_20060924104100_ENG_20060924_104100-0217,58,a,a,[none],Det,DP,NP,a,a Shiite uprising,Obj,a Shiite uprising,Head:D > Det:DP,It is not surprising that Iran is so active in trying to incite a Shiite uprising in Iraq.
ewt.cgel,email-enronsent36_02-0008,20,the,the,[none],Det,DP,NP,the,"the 20,000,000 line referenced in schedule B of the POA agreement",Obj,"the 20,000,000 line referenced in schedule B of the POA agreement",Head:D > Det:DP,"We would still keep the 20,000,000 line referenced in Schedule B of the POA agreement."
ewt.cgel,email-enronsent36_02-0008,24,"20,000,000",20000000,[none],Mod,DP,Nom,"20,000,000","20,000,000 line referenced in schedule B of the POA agreement",Obj,"the 20,000,000 line referenced in schedule B of the POA agreement",Head:D > Mod:DP,"We would still keep the 20,000,000 line referenced in Schedule B of the POA agreement."
ewt.cgel,email-enronsent36_02-0008,52,the,the,[none],Det,DP,NP,the,the POA agreement,Obj,the POA agreement,Head:D > Det:DP,"We would still keep the 20,000,000 line referenced in Schedule B of the POA agreement."
ewt.cgel,reviews-083459-0002,45,two,two,[none],Det,DP,NP,two,two different Honda models,Obj,two different Honda models,Head:D > Det:DP,"Went there yesterday: we are trying to decide between two different Honda models, so we wanted to test-drive both back to back."
ewt.cgel,reviews-083459-0002,88,both,both,[none],Det-Head,DP,Nom,both,both,Obj,both,Head:D > Det-Head:DP,"Went there yesterday: we are trying to decide between two different Honda models, so we wanted to test-drive both back to back."
ewt.cgel,reviews-101398-0005,33,the,the,[none],Det,DP,NP,the,the wine flight we chose,Obj,the wine flight we chose,Head:D > Det:DP,I found my initial selection satisfactory but the wine flight we chose to be poorly composed.
ewt.cgel,answers-20111106153454AAgT9Df_ans-0016,20,anything,anything,[none],Det-Head,DP,Nom,anything,anything,DisplacedSubj,anything,Head:D > Det-Head:DP,Not that there is anything wrong with that because they also employ local people that live and shop in the area.
ewt.cgel,answers-20111106153454AAgT9Df_ans-0016,31,that,that,[none],Det-Head,DP,Nom,that,that,Obj,that,Head:D > Det-Head:DP,Not that there is anything wrong with that because they also employ local people that live and shop in the area.
ewt.cgel,answers-20111106153454AAgT9Df_ans-0016,82,the,the,[none],Det,DP,NP,the,the area,Obj,the area,Head:D > Det:DP,Not that there is anything wrong with that because they also employ local people that live and shop in the area.
ewt.cgel,email-enronsent35_01-0010,41,the,the,[none],Det,DP,NP,the,the Enron b,Obj,the Enron b,Head:D > Det:DP,",Do you want us to come over to the Enron b in your call."
ewt.cgel,reviews-257296-0002,25,a little,a little,[none],Mod,DP,AdjP,a little,a little shaky,,,Head:D > Mod:DP,"HCC's new nine was a little shaky at first, but the NEW grounds superintendant has done wonders for the course!!"
ewt.cgel,reviews-257296-0002,44,the,the,[none],Det,DP,NP,the,the new grounds superintendant,Subj,the new grounds superintendant,Head:D > Det:DP,"HCC's new nine was a little shaky at first, but the NEW grounds superintendant has done wonders for the course!!"
ewt.cgel,reviews-257296-0002,79,the,the,[none],Det,DP,NP,the,the course,Obj,the course,Head:D > Det:DP,"HCC's new nine was a little shaky at first, but the NEW grounds superintendant has done wonders for the course!!"
ewt.cgel,email-enronsent10_01-0082,32,an,a,[none],Det,DP,NP,an,an Aeron chair,Obj,an Aeron chair,Head:D > Det:DP,Susan Scott would like authorization to order an Aeron chair for each of her offices - on 47 and 41.
ewt.cgel,email-enronsent10_01-0082,47,each,each,[none],Det-Head,DP,Nom,each,each of her offices on 47 and 41,Obj,each of her offices on 47 and 41,Head:D > Det-Head:DP,Susan Scott would like authorization to order an Aeron chair for each of her offices - on 47 and 41.
ewt.cgel,reviews-071278-0007,21,a,a,[none],Det,DP,NP,a,a try,Obj_dir,a try,Head:D > Det:DP,You should give her a try - it's worth every penny to know that you pet is in GREAT hands with Wunderbar pet sitting!!!!
ewt.cgel,reviews-071278-0007,43,every,every,[none],Det,DP,NP,every,every penny,Obj,every penny,Head:D > Det:DP,You should give her a try - it's worth every penny to know that you pet is in GREAT hands with Wunderbar pet sitting!!!!
ewt.cgel,newsgroup-groups.google.com_FOOLED_1bf9cdc5a4c2ac48_ENG_20050904_130400-0026,4,the,the,[none],Det,DP,NP,the,the bill,Subj,the bill,Head:D > Det:DP,The bill reduces ISS operations by $120 million due to the continued reduced capability of the ISS for at least half of FY05.
ewt.cgel,newsgroup-groups.google.com_FOOLED_1bf9cdc5a4c2ac48_ENG_20050904_130400-0026,28,120,120,[none],Flat,D,D,120,120 million,Obj,120 million $,Flat:D,The bill reduces ISS operations by $120 million due to the continued reduced capability of the ISS for at least half of FY05.
ewt.cgel,newsgroup-groups.google.com_FOOLED_1bf9cdc5a4c2ac48_ENG_20050904_130400-0026,31,million,million,[none],Flat,D,D,million,120 million,Obj,120 million $,Flat:D,The bill reduces ISS operations by $120 million due to the continued reduced capability of the ISS for at least half of FY05.
ewt.cgel,newsgroup-groups.google.com_FOOLED_1bf9cdc5a4c2ac48_ENG_20050904_130400-0026,45,the,the,[none],Det,DP,NP,the,the continued reduced capability of the ISS for at least half of FY05,Obj,the continued reduced capability of the ISS for at least half of FY05,Head:D > Det:DP,The bill reduces ISS operations by $120 million due to the continued reduced capability of the ISS for at least half of FY05.
ewt.cgel,newsgroup-groups.google.com_FOOLED_1bf9cdc5a4c2ac48_ENG_20050904_130400-0026,67,the,the,[none],Det,DP,NP,the,the ISS,Obj,the ISS,Head:D > Det:DP,The bill reduces ISS operations by $120 million due to the continued reduced capability of the ISS for at least half of FY05.
ewt.cgel,newsgroup-groups.google.com_FOOLED_1bf9cdc5a4c2ac48_ENG_20050904_130400-0026,82,least,least,[none],Det-Head,DP,Nom,least,least,Obj,least,Head:D > Det-Head:DP,The bill reduces ISS operations by $120 million due to the continued reduced capability of the ISS for at least half of FY05.
ewt.cgel,newsgroup-groups.google.com_magicworld_04c89d43ff4fd6ea_ENG_20050104_152000-0058,57,this,this,[none],Det,DP,NP,this,this year,Mod,this year,Head:D > Det:DP,"Scorpio, you can still expect changes - perhaps major ones - in your life this year, almost to the point of total transformation."
ewt.cgel,newsgroup-groups.google.com_magicworld_04c89d43ff4fd6ea_ENG_20050104_152000-0058,72,the,the,[none],Det,DP,NP,the,the point of total transformation,Obj,the point of total transformation,Head:D > Det:DP,"Scorpio, you can still expect changes - perhaps major ones - in your life this year, almost to the point of total transformation."
ewt.cgel,email-enronsent02_01-0041,2,the,the,[none],Det,DP,NP,the,the corporate requirement to lower working capital usage for the Merchanting business irrespective of the above parochial business issues,,the corporate requirement to lower working capital usage for the Merchanting business irrespective of the above parochial business issues,Head:D > Det:DP,The Corporate requirement to lower working capital usage for the Merchanting business irrespective of the above parochial business issues.
ewt.cgel,email-enronsent02_01-0041,37,the,the,[none],Det,DP,NP,the,the Merchanting business,Obj,the Merchanting business,Head:D > Det:DP,The Corporate requirement to lower working capital usage for the Merchanting business irrespective of the above parochial business issues.
ewt.cgel,email-enronsent02_01-0041,53,the,the,[none],Det,DP,NP,the,the above parochial business issues,Obj,the above parochial business issues,Head:D > Det:DP,The Corporate requirement to lower working capital usage for the Merchanting business irrespective of the above parochial business issues.
ewt.cgel,answers-20111108085945AAgJhOG_ans-0003,14,this,this,[none],Det,DP,NP,this,this pure white bird,Obj,this pure white bird,Head:D > Det:DP,"I found this pure white bird in my neighborhood, its wing is injured, so I'm currently taking care of it."
ewt.cgel,answers-20111108111312AAq4ETn_ans-0025,26,a,a,[none],Det,DP,NP,a,a GI foreign body,Coordinate,a GI foreign body,Head:D > Det:DP,"He could also have Parvovirus, a GI foreign body, or any number of things."
ewt.cgel,answers-20111108111312AAq4ETn_ans-0025,44,any,any,[none],Det,DP,NP,any,any number of things,Head,any number of things,Head:D > Det:DP,"He could also have Parvovirus, a GI foreign body, or any number of things."
ewt.cgel,answers-20111108101850AAhNuvz_ans-0003,15,two,two,[none],Det,DP,NP,two,two chickens that are kept in a run behind out garage/barn thing,Obj,two chickens that are kept in a run behind out garage/barn thing,Head:D > Det:DP,We also own two chickens that are kept in a run behind out garage/barn thing.
ewt.cgel,answers-20111108101850AAhNuvz_ans-0003,43,a,a,[none],Det,DP,NP,a,a run behind out garage/barn thing,Obj,a run behind out garage/barn thing,Head:D > Det:DP,We also own two chickens that are kept in a run behind out garage/barn thing.
ewt.cgel,answers-20111108104724AAuBUR7_ans-0060,8,that,that,[none],Det-Head,DP,Nom,that,that,Subj,that,Head:D > Det-Head:DP,If that is the case then acupuncture isn't going to hurt him.
ewt.cgel,answers-20111108104724AAuBUR7_ans-0060,17,the,the,[none],Det,DP,NP,the,the case,PredComp,the case,Head:D > Det:DP,If that is the case then acupuncture isn't going to hurt him.
ewt.cgel,reviews-062167-0006,20,a,a,[none],Det,DP,NP,a,a very difficult period dealing with a family member's suicide coupled with elder abuse,Obj,a very difficult period dealing with a family member's suicide coupled with elder abuse,Head:D > Det:DP,"She guided me through a very difficult period dealing with a family member's suicide, coupled with elder abuse."
ewt.cgel,reviews-062167-0006,44,a,a,[none],Det,DP,NP,a,a family member's,Det,a family member's,Head:D > Det:DP,"She guided me through a very difficult period dealing with a family member's suicide, coupled with elder abuse."
ewt.cgel,newsgroup-groups.google.com_GayMarriage_0ccbb50b41a5830b_ENG_20050321_181500-0039,15,the,the,[none],Det,DP,NP,the,the state,Subj,the state,Head:D > Det:DP,"We recognize that the state may not require religious groups to officiate at, or bless, same-gender marriages."
ewt.cgel,answers-20111108082304AAEbrNs_ans-0016,24,more,more,[none],Det,DP,NP,more,more memory,Coordinate,more memory,Head:D > Det:DP,"Basically Nook Tablet it has more memory, better battery life and a better processor and a microphone."
ewt.cgel,answers-20111108082304AAEbrNs_ans-0016,48,a,a,[none],Det,DP,NP,a,a better processor,Coordinate,a better processor,Head:D > Det:DP,"Basically Nook Tablet it has more memory, better battery life and a better processor and a microphone."
ewt.cgel,answers-20111108082304AAEbrNs_ans-0016,62,a,a,[none],Det,DP,NP,a,a microphone,Head,a microphone,Head:D > Det:DP,"Basically Nook Tablet it has more memory, better battery life and a better processor and a microphone."
ewt.cgel,newsgroup-groups.google.com_misc.consumers_a534e32067078b08_ENG_20060116_030800-0066,64,a,a,[none],Det,DP,NP,a,a counterweight to Israel's overwhelming capabilities,Obj,a counterweight to Israel's overwhelming capabilities,Head:D > Det:DP,Damascus has been intent for years upon establishing significant military strength to serve as a counterweight to Israel's overwhelming capabilities.
ewt.cgel,answers-20111108083754AAEw5Xc_ans-0011,4,two,two,[none],Det,DP,NP,two,two people in a cabin,Subj,two people in a cabin,Head:D > Det:DP,"(Two people in a cabin will spend more onboard, so cruise lines charge you more to sail alone."
ewt.cgel,answers-20111108083754AAEw5Xc_ans-0011,16,a,a,[none],Det,DP,NP,a,a cabin,Obj,a cabin,Head:D > Det:DP,"(Two people in a cabin will spend more onboard, so cruise lines charge you more to sail alone."
ewt.cgel,answers-20111108083754AAEw5Xc_ans-0011,33,more,more,[none],Det-Head,DP,Nom,more,more,Obj,more,Head:D > Det-Head:DP,"(Two people in a cabin will spend more onboard, so cruise lines charge you more to sail alone."
ewt.cgel,answers-20111108083754AAEw5Xc_ans-0011,62,more,more,[none],Det-Head,DP,Nom,more,more,Obj_dir,more,Head:D > Det-Head:DP,"(Two people in a cabin will spend more onboard, so cruise lines charge you more to sail alone."
ewt.cgel,reviews-391012-0005,6,a,a,[none],Det,DP,NP,a,a recent event quote that I had done,Obj,a recent event quote that I had done,Head:D > Det:DP,"On a recent event quote that I had done, they came in thousands of dollars over their local competition."
ewt.cgel,reviews-022461-0002,25,a few,a few,[none],Det,DP,NP,quite a few,quite a few tattoo shops around this area,Obj,quite a few tattoo shops around this area,Head:D > Det:DP,I've been to quite a few tattoo shops around this area and Stainless Steel is by far the best.
ewt.cgel,reviews-022461-0002,42,this,this,[none],Det,DP,NP,this,this area,Obj,this area,Head:D > Det:DP,I've been to quite a few tattoo shops around this area and Stainless Steel is by far the best.
ewt.cgel,reviews-022461-0002,72,the,the,[none],Det,DP,NP,the,the best,Head,the best,Head:D > Det:DP,I've been to quite a few tattoo shops around this area and Stainless Steel is by far the best.
ewt.cgel,email-enronsent35_01-0123,3,this,this,[none],Det,DP,NP,this,this weekend,Mod,this weekend,Head:D > Det:DP,This weekend I'm off to Sao Paulo and Buenos Aires on business.
ewt.cgel,newsgroup-groups.google.com_alt.animals_0084bdc731bfc8d8_ENG_20040905_212000-0012,3,53,53,[none],Det-Head,DP,Nom,53,53,,53 number of days after taking office that Bush reneged on his campaign promise to regulate carbon dioxide emissions from power plants,Head:D > Det-Head:DP,53 - Number of days after taking office that Bush reneged on his campaign promise to regulate carbon dioxide emissions from power plants.
ewt.cgel,reviews-295288-0007,35,the,the,[none],Det,DP,NP,the,the team at Just Autos,Obj,the team at Just Autos,Head:D > Det:DP,"So yes, I wouldn't hesitate in recommending the team at Just Autos for easy professional car repairs,Thank you Just Autos for your help."
ewt.cgel,email-enronsent02_01-0044,3,the,the,[none],Det,DP,NP,the,the AR / AP SAP data quality reviews for both businesses,Subj,the AR / AP SAP data quality reviews for both businesses,Head:D > Det:DP,The AR/AP SAP data quality reviews for both businesses are continuing so as to provide a detailed analysis as at end Q1.
ewt.cgel,email-enronsent02_01-0044,37,both,both,[none],Det,DP,NP,both,both businesses,Obj,both businesses,Head:D > Det:DP,The AR/AP SAP data quality reviews for both businesses are continuing so as to provide a detailed analysis as at end Q1.
ewt.cgel,email-enronsent02_01-0044,71,a,a,[none],Det,DP,NP,a,a detailed analysis as at end Q1,Obj,a detailed analysis as at end Q1,Head:D > Det:DP,The AR/AP SAP data quality reviews for both businesses are continuing so as to provide a detailed analysis as at end Q1.
ewt.cgel,weblog-blogspot.com_alaindewitt_20040929103700_ENG_20040929_103700-0050,13,that,that,[none],Det-Head,DP,Nom,that,that,Obj,that,Head:D > Det-Head:DP,"Requests like that weren’t unusual, says retired Col. William Campenni, who flew with Bush in 1970 and 1971."
ewt.cgel,newsgroup-groups.google.com_misc.consumers_a534e32067078b08_ENG_20060116_030800-0099,39,a,a,[none],Det,DP,NP,a,a given,PredComp,a given,Head:D > Det:DP,American citizens have for decades taken it as a given that our military can overwhelm and overcome any foe on the battlefield.
ewt.cgel,newsgroup-groups.google.com_misc.consumers_a534e32067078b08_ENG_20060116_030800-0099,78,any,any,[none],Det,DP,NP,any,any foe,Obj,any foe,Head:D > Det:DP,American citizens have for decades taken it as a given that our military can overwhelm and overcome any foe on the battlefield.
ewt.cgel,newsgroup-groups.google.com_misc.consumers_a534e32067078b08_ENG_20060116_030800-0099,88,the,the,[none],Det,DP,NP,the,the battlefield,Obj,the battlefield,Head:D > Det:DP,American citizens have for decades taken it as a given that our military can overwhelm and overcome any foe on the battlefield.
ewt.cgel,email-enronsent00_01-0024,40,the,the,[none],Det,DP,NP,the,the place,PredComp,the place,Head:D > Det:DP,"I'm not sure that ENE @ 75 is the place, but maybe @ 73."
ewt.cgel,reviews-351727-0002,4,this,this,[none],Det,DP,NP,this,this place,Subj,this place,Head:D > Det:DP,"This place is identical to the Youngstown Sports Grille, so I imagine they are owned/operated by the same people."
ewt.cgel,reviews-351727-0002,22,the,the,[none],Det,DP,NP,the,the Youngstown Sports Grille,Obj,the Youngstown Sports Grille,Head:D > Det:DP,"This place is identical to the Youngstown Sports Grille, so I imagine they are owned/operated by the same people."
ewt.cgel,reviews-351727-0002,79,the,the,[none],Det,DP,NP,the,the same people,Obj,the same people,Head:D > Det:DP,"This place is identical to the Youngstown Sports Grille, so I imagine they are owned/operated by the same people."
ewt.cgel,reviews-275919-0010,13,15,15,[none],Det,DP,NP,15,15 minutes,Obj,15 minutes,Head:D > Det:DP,Billing takes 15 minutes and backoffice jobs takes 1 day's training
ewt.cgel,reviews-275919-0010,44,1,1,[none],Det,DP,NP,1,1 day's,Det,1 day's,Head:D > Det:DP,Billing takes 15 minutes and backoffice jobs takes 1 day's training
ewt.cgel,reviews-371300-0007,6,the,the,[none],Det,DP,NP,the,the drinks,Subj,the drinks,Head:D > Det:DP,"Plus the drinks are self service, have fun trying to negotiate the small cafeteria space to get your coffee, juice or water."
ewt.cgel,reviews-371300-0007,50,the,the,[none],Det,DP,NP,the,the small cafeteria space,Obj,the small cafeteria space,Head:D > Det:DP,"Plus the drinks are self service, have fun trying to negotiate the small cafeteria space to get your coffee, juice or water."
ewt.cgel,newsgroup-groups.google.com_hiddennook_04d8cc994875d454_ENG_20050207_012300-0013,7,the,the,[none],Det,DP,NP,the,the agency,Subj,the agency,Head:D > Det:DP,"Clearly, the agency has worked hard at tackling the technical challenges posed by a superb and surprisingly independent-minded investigative panel."
ewt.cgel,newsgroup-groups.google.com_hiddennook_04d8cc994875d454_ENG_20050207_012300-0013,38,the,the,[none],Det,DP,NP,the,the technical challenges posed by a superb and surprisingly independent-minded investigative panel,Obj,the technical challenges posed by a superb and surprisingly independent-minded investigative panel,Head:D > Det:DP,"Clearly, the agency has worked hard at tackling the technical challenges posed by a superb and surprisingly independent-minded investigative panel."
ewt.cgel,newsgroup-groups.google.com_hiddennook_04d8cc994875d454_ENG_20050207_012300-0013,59,a,a,[none],Det,DP,NP,a,a superb and surprisingly independent-minded investigative panel,Obj,a superb and surprisingly independent-minded investigative panel,Head:D > Det:DP,"Clearly, the agency has worked hard at tackling the technical challenges posed by a superb and surprisingly independent-minded investigative panel."
ewt.cgel,answers-20111108103333AA3eSCk_ans-0019,51,an,a,[none],Det,DP,NP,an,an international call,Obj,an international call,Head:D > Det:DP,$ometime$ it is hard to explain that you are making an INTERNATIONAL call and all of the phone companie$involved what $ome of your money.
ewt.cgel,answers-20111108103333AA3eSCk_ans-0019,67,all,all,[none],Det-Head,DP,Nom,all,all of the phone companie$ involved,Subj,all of the phone companie$ involved,Head:D > Det-Head:DP,$ometime$ it is hard to explain that you are making an INTERNATIONAL call and all of the phone companie$involved what $ome of your money.
ewt.cgel,answers-20111108103333AA3eSCk_ans-0019,74,the,the,[none],Det,DP,NP,the,the phone companie$ involved,Obj,the phone companie$ involved,Head:D > Det:DP,$ometime$ it is hard to explain that you are making an INTERNATIONAL call and all of the phone companie$involved what $ome of your money.
ewt.cgel,answers-20111108103333AA3eSCk_ans-0019,99,$ome,some,some,Det-Head,DP,Nom,$ome,$ome of your money,Obj,$ome of your money,Head:D > Det-Head:DP,$ometime$ it is hard to explain that you are making an INTERNATIONAL call and all of the phone companie$involved what $ome of your money.
ewt.cgel,newsgroup-groups.google.com_alt.animals_0084bdc731bfc8d8_ENG_20040905_212000-0118,3,5,5,[none],Det-Head,DP,Nom,5,5,,5 estimated percentage of US air cargo that is screened including cargo transported on passenger planes,Head:D > Det-Head:DP,"5 - Estimated Percentage of US air cargo that is screened, including cargo transported on passenger planes."
ewt.cgel,answers-20111108104724AAuBUR7_ans-0074,21,a few,a few,[none],Det-Head,DP,Nom,a few,a few,Obj,a few,Head:D > Det-Head:DP,"We've had a few since then, but none since our race horses began wintering in Florida."
ewt.cgel,answers-20111108104724AAuBUR7_ans-0074,39,none,none,[none],Det-Head,DP,Nom,none,none,Obj,none,Head:D > Det-Head:DP,"We've had a few since then, but none since our race horses began wintering in Florida."
ewt.cgel,weblog-blogspot.com_dakbangla_20041119231111_ENG_20041119_231111-0033,30,the,the,[none],Det,DP,NP,the,the country,Obj,the country,Head:D > Det:DP,But there are strong hints in the country that a new Indo-Sri Lanka defense deal could be in the making.
ewt.cgel,weblog-blogspot.com_dakbangla_20041119231111_ENG_20041119_231111-0033,41,a,a,[none],Det,DP,NP,a,a new Indo - Sri Lanka defense deal,Subj,a new Indo - Sri Lanka defense deal,Head:D > Det:DP,But there are strong hints in the country that a new Indo-Sri Lanka defense deal could be in the making.
ewt.cgel,weblog-blogspot.com_dakbangla_20041119231111_ENG_20041119_231111-0033,81,the,the,[none],Det,DP,NP,the,the making,Obj,the making,Head:D > Det:DP,But there are strong hints in the country that a new Indo-Sri Lanka defense deal could be in the making.
ewt.cgel,newsgroup-groups.google.com_alt.animals_434fe80fb3577e8e_ENG_20031011_200300-0039,3,that,that,[none],Det,DP,NP,that,that rejection,Subj,that rejection,Head:D > Det:DP,That rejection got to the point that George Harrison kicked Yoko Ono in the Apple studios during the filming of Let it Be.
ewt.cgel,newsgroup-groups.google.com_alt.animals_434fe80fb3577e8e_ENG_20031011_200300-0039,18,the,the,[none],Det,DP,NP,the,the point that George Harrison kicked Yoko Ono in the Apple studios during the filming of Let it Be,Obj,the point that George Harrison kicked Yoko Ono in the Apple studios during the filming of Let it Be,Head:D > Det:DP,That rejection got to the point that George Harrison kicked Yoko Ono in the Apple studios during the filming of Let it Be.
ewt.cgel,newsgroup-groups.google.com_alt.animals_434fe80fb3577e8e_ENG_20031011_200300-0039,54,the,the,[none],Det,DP,NP,the,the Apple studios,Obj,the Apple studios,Head:D > Det:DP,That rejection got to the point that George Harrison kicked Yoko Ono in the Apple studios during the filming of Let it Be.
ewt.cgel,newsgroup-groups.google.com_alt.animals_434fe80fb3577e8e_ENG_20031011_200300-0039,68,the,the,[none],Det,DP,NP,the,the filming of Let it Be,Obj,the filming of Let it Be,Head:D > Det:DP,That rejection got to the point that George Harrison kicked Yoko Ono in the Apple studios during the filming of Let it Be.
ewt.cgel,newsgroup-groups.google.com_herpesnation_c74170a0fcfdc880_ENG_20051125_075200-0024,37,this,this,[none],Det,DP,NP,this,this planet,Obj,this planet,Head:D > Det:DP,Will we choose to live in harmony with this planet or crash and burn in a conflagration of arrogance and disregard?
ewt.cgel,newsgroup-groups.google.com_herpesnation_c74170a0fcfdc880_ENG_20051125_075200-0024,64,a,a,[none],Det,DP,NP,a,a conflagration of arrogance and disregard,Obj,a conflagration of arrogance and disregard,Head:D > Det:DP,Will we choose to live in harmony with this planet or crash and burn in a conflagration of arrogance and disregard?
ewt.cgel,answers-20111108084416AAoPgBv_ans-0004,22,anywhere,anywhere,[none],Det-Head,DP,Nom,anywhere,anywhere outside my hometown Charlotte North Carolina,Comp,anywhere outside my hometown Charlotte North Carolina,Head:D > Det-Head:DP,I have never been anywhere out side my home town Charlotte north Carolina please help!!!!
ewt.cgel,newsgroup-groups.google.com_civicamerican_22c54c292026bfd2_ENG_20060128_072400-0019,23,the,the,[none],Det,DP,NP,the,the way they think he will vote,Obj,the way they think he will vote,Head:D > Det:DP,"But other people do like the way they think he will vote, and the ones who favor him seem to outnumber the ones who oppose him."
ewt.cgel,newsgroup-groups.google.com_civicamerican_22c54c292026bfd2_ENG_20060128_072400-0019,59,the,the,[none],Det,DP,NP,the,the ones who favor him,Subj,the ones who favor him,Head:D > Det:DP,"But other people do like the way they think he will vote, and the ones who favor him seem to outnumber the ones who oppose him."
ewt.cgel,newsgroup-groups.google.com_civicamerican_22c54c292026bfd2_ENG_20060128_072400-0019,95,the,the,[none],Det,DP,NP,the,the ones who oppose him,Obj,the ones who oppose him,Head:D > Det:DP,"But other people do like the way they think he will vote, and the ones who favor him seem to outnumber the ones who oppose him."
ewt.cgel,email-enronsent13_01-0092,53,the,the,[none],Det,DP,NP,the,the schedule,Obj,the schedule,Head:D > Det:DP,"per our conversation yesterday afternoon, attached are proposed drafts of the Schedule and the Para. 13 relative to the above."
ewt.cgel,email-enronsent13_01-0092,63,the,[deleted]:the,,Det,DP,NP,the,the para. 13 relative to the above,Head,the para. 13 relative to the above,Head:D > Det:DP,"per our conversation yesterday afternoon, attached are proposed drafts of the Schedule and the Para. 13 relative to the above."
ewt.cgel,email-enronsent13_01-0092,83,the,the,[none],Det,DP,NP,the,the above,Obj,the above,Head:D > Det:DP,"per our conversation yesterday afternoon, attached are proposed drafts of the Schedule and the Para. 13 relative to the above."
ewt.cgel,reviews-124163-0001,49,enough,enough,[none],Mod,DP,VP,enough,recommend Dr David Nelson enough,,Cranmore Dental and Implant Clinic I could not recommend Dr David Nelson enough,Head:D > Mod:DP,Cranmore Dental and Implant Clinic : I could not recommend Dr David Nelson enough.
ewt.cgel,answers-20111108101024AANYJpw_ans-0016,3,this,this,[none],Det,DP,NP,this,this person,Subj,this person,Head:D > Det:DP,This person is not coming to visit you - the whole point of this scam is to gain your trust enough to steal your money and identity
ewt.cgel,answers-20111108101024AANYJpw_ans-0016,39,the,the,[none],Det,DP,NP,the,the whole point of this scam,Subj,the whole point of this scam,Head:D > Det:DP,This person is not coming to visit you - the whole point of this scam is to gain your trust enough to steal your money and identity
ewt.cgel,answers-20111108101024AANYJpw_ans-0016,53,this,this,[none],Det,DP,NP,this,this scam,Obj,this scam,Head:D > Det:DP,This person is not coming to visit you - the whole point of this scam is to gain your trust enough to steal your money and identity
ewt.cgel,answers-20111108101024AANYJpw_ans-0016,84,enough,enough,[none],Det-Head,DP,Nom,enough,enough to steal your money and identity,Mod,enough to steal your money and identity,Head:D > Det-Head:DP,This person is not coming to visit you - the whole point of this scam is to gain your trust enough to steal your money and identity
ewt.cgel,reviews-118718-0004,68,the,the,[none],Det,DP,NP,the,the surgery,Obj,the surgery,Head:D > Det:DP,They were accomdating with my scheduled and work with my insurance to get payment for the surgery.
ewt.cgel,email-enronsent05_02-0056,34,the,the,[none],Det,DP,NP,the,the presentation,Obj,the presentation,Head:D > Det:DP,"Mike Day, our outside counsel, will make the presentation on our behalf."
ewt.cgel,reviews-397066-0002,33,several,several,[none],Det,DP,NP,several,several times,Mod,several times,Head:D > Det:DP,I have used Just Like Family several times now and they have provided great care for my two dogs.
ewt.cgel,reviews-397066-0002,78,two,two,[none],Mod,DP,Nom,two,two dogs,Obj,my two dogs,Head:D > Mod:DP,I have used Just Like Family several times now and they have provided great care for my two dogs.
ewt.cgel,email-enronsent40_01-0006,17,the,the,[none],Det,DP,NP,the,the following,Subj,the following,Head:D > Det:DP,"As we discussed, the following is revised disclosure regarding direct access to deal with the cost issue:"
ewt.cgel,email-enronsent40_01-0006,65,the,the,[none],Det,DP,NP,the,the cost issue,Obj,the cost issue,Head:D > Det:DP,"As we discussed, the following is revised disclosure regarding direct access to deal with the cost issue:"
ewt.cgel,reviews-191666-0004,9,the,the,[none],Det,DP,NP,the,the employees,Subj,the employees,Head:D > Det:DP,2) The employees constantly talk down to customers and are very argumentative for the sake of being argumentative.
ewt.cgel,reviews-191666-0004,55,the,the,[none],Det,DP,NP,the,the sake of being argumentative,Obj,the sake of being argumentative,Head:D > Det:DP,2) The employees constantly talk down to customers and are very argumentative for the sake of being argumentative.
ewt.cgel,answers-20111107094641AATmyb6_ans-0014,33,a,a,[none],Det,DP,NP,a,a long time,Obj,a long time,Head:D > Det:DP,"Also, Sinh Cafe has been around for a long time and is very reputable."
ewt.cgel,answers-20111108105629AAiZUDY_ans-0008,44,the,the,[none],Det,DP,NP,the,the bathroom,Obj,the bathroom,Head:D > Det:DP,(i know that snakes that have problems going to the bathroom won't eat.)
ewt.cgel,email-enronsent33_01-0156,18,a,a,[none],Det,DP,NP,a,a copy of the suit filed against the generators,Obj,a copy of the suit filed against the generators,Head:D > Det:DP,I'll send a copy of the suit filed against the generators as soon as I get it.
ewt.cgel,email-enronsent33_01-0156,28,the,the,[none],Det,DP,NP,the,the suit filed against the generators,Obj,the suit filed against the generators,Head:D > Det:DP,I'll send a copy of the suit filed against the generators as soon as I get it.
ewt.cgel,email-enronsent33_01-0156,44,the,the,[none],Det,DP,NP,the,the generators,Obj,the generators,Head:D > Det:DP,I'll send a copy of the suit filed against the generators as soon as I get it.
ewt.cgel,newsgroup-groups.google.com_alt.animals.bears_1125853b1f13cff6_ENG_20040126_171100-0009,35,the,the,[none],Det,DP,NP,the,the money,Subj,the money,Head:D > Det:DP,"I figured it would end soon, but the money just kept coming in."
ewt.cgel,answers-20111108104724AAuBUR7_ans-0038,78,the,the,[none],Det,DP,NP,the,the grain,Obj,the grain,Head:D > Det:DP,I don't think it will be hard to keep his weight up so long as he can eat the grain.
ewt.cgel,newsgroup-groups.google.com_eHolistic_2dd76f31ceb6bfe8_ENG_20050513_224200-0008,54,the,the,[none],Det,DP,NP,the,the band,Obj,the band,Head:D > Det:DP,"What we are trying to do is solicit votes for the band, in order to put them in first place."
ewt.cgel,answers-20111108111010AASEk0S_ans-0008,53,a,a,[none],Det,DP,NP,a,a heat rock which you should avoid at all costs,Obj,a heat rock which you should avoid at all costs,Head:D > Det:DP,they will move if they get too warm-it's not like a heat rock which you should avoid at all costs.
ewt.cgel,answers-20111108111010AASEk0S_ans-0008,87,all,all,[none],Det,DP,NP,all,all costs,Obj,all costs,Head:D > Det:DP,they will move if they get too warm-it's not like a heat rock which you should avoid at all costs.
ewt.cgel,email-enronsent39_01-0018,16,any,any,[none],Det,DP,NP,any,any questions,Obj,any questions,Head:D > Det:DP,"If you have any questions or require any assistance at all, please contact Hope Duncan at 202.739.0134 or Jeff Mangold at 703.729.2710."
ewt.cgel,email-enronsent39_01-0018,32,any,any,[none],Det,DP,NP,any,any assistance,Obj,any assistance,Head:D > Det:DP,"If you have any questions or require any assistance at all, please contact Hope Duncan at 202.739.0134 or Jeff Mangold at 703.729.2710."
ewt.cgel,email-enronsent39_01-0018,43,all,all,[none],Det-Head,DP,Nom,all,all,Obj,all,Head:D > Det-Head:DP,"If you have any questions or require any assistance at all, please contact Hope Duncan at 202.739.0134 or Jeff Mangold at 703.729.2710."
ewt.cgel,newsgroup-groups.google.com_FOOLED_7554c5ce34a5a49e_ENG_20051012_144800-0006,4,this,this,[none],Det-Head,DP,Nom,this,this,Subj,this,Head:D > Det-Head:DP,"This can also be through political, economical, social, and technological influence."
ewt.cgel,reviews-008585-0004,32,the,the,[none],Det,DP,NP,the,the phone,Obj,the phone,Head:D > Det:DP,"Not only did they answer the phone at 4:50 on a Thursday, they hit the ground moving!."
ewt.cgel,reviews-008585-0004,50,a,a,[none],Det,DP,NP,a,a Thursday,Obj,a Thursday,Head:D > Det:DP,"Not only did they answer the phone at 4:50 on a Thursday, they hit the ground moving!."
ewt.cgel,reviews-008585-0004,68,the,the,[none],Det,DP,NP,the,the ground,Obj,the ground,Head:D > Det:DP,"Not only did they answer the phone at 4:50 on a Thursday, they hit the ground moving!."
ewt.cgel,newsgroup-groups.google.com_FOOLED_7554c5ce34a5a49e_ENG_20051012_144800-0008,4,this,this,[none],Det-Head,DP,Nom,this,this,Subj,this,Head:D > Det-Head:DP,This is really an end goal aim of NASA & Company and also does not allow anyone challenging the moon landing hoax.
ewt.cgel,newsgroup-groups.google.com_FOOLED_7554c5ce34a5a49e_ENG_20051012_144800-0008,18,an,a,[none],Det,DP,NP,an,an end goal aim of NASA & company,PredComp,an end goal aim of NASA & company,Head:D > Det:DP,This is really an end goal aim of NASA & Company and also does not allow anyone challenging the moon landing hoax.
ewt.cgel,newsgroup-groups.google.com_FOOLED_7554c5ce34a5a49e_ENG_20051012_144800-0008,70,anyone,anyone,[none],Det-Head,DP,Nom,anyone,anyone,Obj,anyone,Head:D > Det-Head:DP,This is really an end goal aim of NASA & Company and also does not allow anyone challenging the moon landing hoax.
ewt.cgel,newsgroup-groups.google.com_FOOLED_7554c5ce34a5a49e_ENG_20051012_144800-0008,80,the,the,[none],Det,DP,NP,the,the moon landing hoax,Obj,the moon landing hoax,Head:D > Det:DP,This is really an end goal aim of NASA & Company and also does not allow anyone challenging the moon landing hoax.
ewt.cgel,reviews-192737-0002,32,a,a,[none],Det,DP,NP,a,a first class service,Obj,a first class service,Head:D > Det:DP,"Nigel from Nidd Design has always provided a first class service, from his advice and professionalism to the quality of his design drawings and planning applications."
ewt.cgel,reviews-192737-0002,68,the,the,[none],Det,DP,NP,the,the quality of his design drawings and planning applications,Obj,the quality of his design drawings and planning applications,Head:D > Det:DP,"Nigel from Nidd Design has always provided a first class service, from his advice and professionalism to the quality of his design drawings and planning applications."
ewt.cgel,reviews-180886-0004,22,the,the,[none],Det,DP,NP,the,the options I had,Obj,the options I had,Head:D > Det:DP,"He was incredibly informative about the options I had, giving me opinions on different treatments to choose from."
ewt.cgel,reviews-106150-0004,82,every,every,[none],Det,DP,NP,every,every day,Mod,every day,Head:D > Det:DP,They are preparing my older son for kindergarten and looks forward to seeing his teacher and friends everyday.
ewt.cgel,newsgroup-groups.google.com_GayMarriage_0ccbb50b41a5830b_ENG_20050321_181500-0021,3,the,the,[none],Det,DP,NP,the,the most fundamental human right after the necessities of food clothing and shelter,Subj,the most fundamental human right after the necessities of food clothing and shelter,Head:D > Det:DP,"The most fundamental human right, after the necessities of food, clothing and shelter, is the right to affection and the supportive love of other human beings."
ewt.cgel,newsgroup-groups.google.com_GayMarriage_0ccbb50b41a5830b_ENG_20050321_181500-0021,24,the,the,[none],Det,DP,NP,the,the necessities of food clothing and shelter,Obj,the necessities of food clothing and shelter,Head:D > Det:DP,"The most fundamental human right, after the necessities of food, clothing and shelter, is the right to affection and the supportive love of other human beings."
ewt.cgel,newsgroup-groups.google.com_GayMarriage_0ccbb50b41a5830b_ENG_20050321_181500-0021,58,the,the,[none],Det,DP,NP,the,the right to affection and the supportive love of other human beings,PredComp,the right to affection and the supportive love of other human beings,Head:D > Det:DP,"The most fundamental human right, after the necessities of food, clothing and shelter, is the right to affection and the supportive love of other human beings."
ewt.cgel,newsgroup-groups.google.com_GayMarriage_0ccbb50b41a5830b_ENG_20050321_181500-0021,76,the,the,[none],Det,DP,NP,the,the supportive love of other human beings,Head,the supportive love of other human beings,Head:D > Det:DP,"The most fundamental human right, after the necessities of food, clothing and shelter, is the right to affection and the supportive love of other human beings."
ewt.cgel,reviews-042012-0002,25,the,the,[none],Det,DP,NP,the,the time to visit Anna Maria Jose Mudo and her familia,Obj,the time to visit Anna Maria Jose Mudo and her familia,Head:D > Det:DP,If ever in Sicily please take the time to visit Anna Maria Jose Mudo and her familia.
ewt.cgel,newsgroup-groups.google.com_alt.animals_0084bdc731bfc8d8_ENG_20040905_212000-0152,3,2.3m,2.3,[none],Det-Head,DP,Nom,2.3m,2.3m,,2.3m number of Americans who lost their jobs during first three years of the Bush administration,Head:D > Det-Head:DP,2.3m - Number of Americans who lost their jobs during first three Years of the Bush administration.
ewt.cgel,newsgroup-groups.google.com_alt.animals_0084bdc731bfc8d8_ENG_20040905_212000-0152,56,three,three,[none],Mod,DP,Nom,three,three years,Obj,first three years of the Bush administration,Head:D > Mod:DP,2.3m - Number of Americans who lost their jobs during first three Years of the Bush administration.
ewt.cgel,newsgroup-groups.google.com_alt.animals_0084bdc731bfc8d8_ENG_20040905_212000-0152,67,the,the,[none],Det,DP,NP,the,the Bush administration,Obj,the Bush administration,Head:D > Det:DP,2.3m - Number of Americans who lost their jobs during first three Years of the Bush administration.
ewt.cgel,newsgroup-groups.google.com_humanities.lit.authors.shakespeare_0018a7697318f71f_ENG_20031006_163200-0092,19,no,no,[none],Mod,DP,AdvP,no,no longer,,,Head:D > Mod:DP,"He could bear no longer that expressionless and motionless stare, which seemed to have a sort of impenetrable emptiness like the black depth of an abyss."
ewt.cgel,newsgroup-groups.google.com_humanities.lit.authors.shakespeare_0018a7697318f71f_ENG_20031006_163200-0092,26,that,that,[none],Det,DP,NP,that,that expressionless and motionless stare which seemed to have a sort of impenetrable emptiness like the black depth of an abyss,Postnucleus,that expressionless and motionless stare which seemed to have a sort of impenetrable emptiness like the black depth of an abyss,Head:D > Det:DP,"He could bear no longer that expressionless and motionless stare, which seemed to have a sort of impenetrable emptiness like the black depth of an abyss."
ewt.cgel,newsgroup-groups.google.com_humanities.lit.authors.shakespeare_0018a7697318f71f_ENG_20031006_163200-0092,64,a,a,[none],Det,DP,NP,a,a sort of impenetrable emptiness like the black depth of an abyss,Obj,a sort of impenetrable emptiness like the black depth of an abyss,Head:D > Det:DP,"He could bear no longer that expressionless and motionless stare, which seemed to have a sort of impenetrable emptiness like the black depth of an abyss."
ewt.cgel,newsgroup-groups.google.com_humanities.lit.authors.shakespeare_0018a7697318f71f_ENG_20031006_163200-0092,85,the,the,[none],Det,DP,NP,the,the black depth of an abyss,Obj,the black depth of an abyss,Head:D > Det:DP,"He could bear no longer that expressionless and motionless stare, which seemed to have a sort of impenetrable emptiness like the black depth of an abyss."
ewt.cgel,newsgroup-groups.google.com_humanities.lit.authors.shakespeare_0018a7697318f71f_ENG_20031006_163200-0092,99,an,a,[none],Det,DP,NP,an,an abyss,Obj,an abyss,Head:D > Det:DP,"He could bear no longer that expressionless and motionless stare, which seemed to have a sort of impenetrable emptiness like the black depth of an abyss."
ewt.cgel,answers-20111108105400AASqPIh_ans-0007,23,one,one,[none],Det-Head,DP,Nom,one,one of the major hospital that performance this procedure like Bumrungard Hospital or Yanhee Hospital,Obj,one of the major hospital that performance this procedure like Bumrungard Hospital or Yanhee Hospital,Head:D > Det-Head:DP,You need to check with one of the major hospital that performance this procedure like Bumrungard Hospital or Yanhee Hospital.
ewt.cgel,answers-20111108105400AASqPIh_ans-0007,31,the,the,[none],Det,DP,NP,the,the major hospital that performance this procedure like Bumrungard Hospital or Yanhee Hospital,Obj,the major hospital that performance this procedure like Bumrungard Hospital or Yanhee Hospital,Head:D > Det:DP,You need to check with one of the major hospital that performance this procedure like Bumrungard Hospital or Yanhee Hospital.
ewt.cgel,answers-20111108105400AASqPIh_ans-0007,55,this,this,[none],Det,DP,NP,this,this procedure,Obj,this procedure,Head:D > Det:DP,You need to check with one of the major hospital that performance this procedure like Bumrungard Hospital or Yanhee Hospital.
ewt.cgel,email-enronsent15_01-0005,12,a,a,[none],Det,DP,NP,a,a new version of Uno called African Uno that was complex fast and at times physically challenging,Obj,a new version of Uno called African Uno that was complex fast and at times physically challenging,Head:D > Det:DP,"We played a new version of Uno called ""African Uno"" that was complex, fast and at times, physically challenging."
ewt.cgel,answers-20111107233110AAmgsVx_ans-0012,26,a,a,[none],Det,DP,NP,a,a road between Fujairah and Dubai,Obj,a road between Fujairah and Dubai,Head:D > Det:DP,And now they are finishing a road between Fujairah and Dubai in 45 minutes only!
ewt.cgel,answers-20111107233110AAmgsVx_ans-0012,52,45,45,[none],Det,DP,NP,45,45 minutes,Head,45 minutes,Head:D > Det:DP,And now they are finishing a road between Fujairah and Dubai in 45 minutes only!
ewt.cgel,answers-20111108101300AAIAKXN_ans-0019,17,all,all,[none],Det,DP,NP,all,all sorts of fresh food,Obj,all sorts of fresh food,Head:D > Det:DP,"You can find all sorts of fresh food and get a really delicious, fresh sashimi/sushi lunch upstairs."
ewt.cgel,answers-20111108101300AAIAKXN_ans-0019,44,a,a,[none],Det,DP,NP,a,a really delicious fresh sashimi / sushi lunch,Obj,a really delicious fresh sashimi / sushi lunch,Head:D > Det:DP,"You can find all sorts of fresh food and get a really delicious, fresh sashimi/sushi lunch upstairs."
ewt.cgel,weblog-juancole.com_juancole_20040823064025_ENG_20040823_064025-0063,61,the,the,[none],Det,DP,NP,the,the morning,Obj,the morning,Head:D > Det:DP,"Mr. MURPH ARCHIBALD (Nephew of Red Blount): Well, I was coming in early in the morning and leaving in mid-evenings."
ewt.cgel,newsgroup-groups.google.com_alt.animals_0084bdc731bfc8d8_ENG_20040905_212000-0059,3,10,10,[none],Flat,D,D,10,10 m,,10 m $ amount Bush cut from the INS's existing terrorism budget,Flat:D,$10m- Amount Bush cut from the INS's existing terrorism budget.
ewt.cgel,newsgroup-groups.google.com_alt.animals_0084bdc731bfc8d8_ENG_20040905_212000-0059,6,m,million,[none],Flat,D,D,m,10 m,,10 m $ amount Bush cut from the INS's existing terrorism budget,Flat:D,$10m- Amount Bush cut from the INS's existing terrorism budget.
ewt.cgel,newsgroup-groups.google.com_alt.animals_0084bdc731bfc8d8_ENG_20040905_212000-0059,35,the,the,[none],Det,DP,NP,the,the INS's,Det,the INS's,Head:D > Det:DP,$10m- Amount Bush cut from the INS's existing terrorism budget.
ewt.cgel,weblog-blogspot.com_healingiraq_20040409053012_ENG_20040409_053012-0018,43,the,the,[none],Det,DP,NP,the,the town,Obj,the town,Head:D > Det:DP,"They have sent over their top reporter Ahmed Mansour to the town, and he is spouting all kinds of propaganda hourly reminding me of Al-Sahhaf."
ewt.cgel,weblog-blogspot.com_healingiraq_20040409053012_ENG_20040409_053012-0018,71,all,all,[none],Det,DP,NP,all,all kinds of propaganda,Obj,all kinds of propaganda,Head:D > Det:DP,"They have sent over their top reporter Ahmed Mansour to the town, and he is spouting all kinds of propaganda hourly reminding me of Al-Sahhaf."
ewt.cgel,answers-20111108111107AAlrzok_ans-0029,45,a,a,[none],Det,DP,NP,a,a clicker type thing,Coordinate,a clicker type thing,Head:D > Det:DP,"or, as i saw on embarrassing pets on tv, get a clicker type thing and treats as well."
ewt.cgel,answers-20111108104724AAuBUR7_ans-0087,52,a,a,[none],Det,DP,NP,a,a fever,Obj,a fever,Head:D > Det:DP,West Nile can cause EPM like symptoms and doesn't always include a fever.
ewt.cgel,reviews-170650-0011,3,the,the,[none],Det,DP,NP,the,the ability to smile and eat again,Subj,the ability to smile and eat again,Head:D > Det:DP,The ability to smile and eat again can only be described as a whole new lease on life.
ewt.cgel,reviews-170650-0011,52,a,a,[none],Det,DP,NP,a,a whole new lease on life,PredComp,a whole new lease on life,Head:D > Det:DP,The ability to smile and eat again can only be described as a whole new lease on life.
ewt.cgel,answers-20111107155912AAS93e5_ans-0024,20,the,the,[none],Det,DP,NP,the,the atmosphere of both dining rooms on the Liberty and Mariner of the Seas,Obj,the atmosphere of both dining rooms on the Liberty and Mariner of the Seas,Head:D > Det:DP,Dining Room We enjoyed the atmosphere of both dining rooms on the Liberty and Mariner of the Seas.
ewt.cgel,answers-20111107155912AAS93e5_ans-0024,30,both,both,[none],Det,DP,NP,both,both dining rooms on the Liberty and Mariner of the Seas,Obj,both dining rooms on the Liberty and Mariner of the Seas,Head:D > Det:DP,Dining Room We enjoyed the atmosphere of both dining rooms on the Liberty and Mariner of the Seas.
ewt.cgel,answers-20111107155912AAS93e5_ans-0024,46,the,the,[none],Det,DP,NP,the,the Liberty and Mariner of the Seas,Obj,the Liberty and Mariner of the Seas,Head:D > Det:DP,Dining Room We enjoyed the atmosphere of both dining rooms on the Liberty and Mariner of the Seas.
ewt.cgel,answers-20111107155912AAS93e5_ans-0024,63,the,the,[none],Det,DP,NP,the,the Seas,Obj,the Seas,Head:D > Det:DP,Dining Room We enjoyed the atmosphere of both dining rooms on the Liberty and Mariner of the Seas.
ewt.cgel,reviews-128636-0009,93,a,a,[none],Det,DP,NP,a,a camera,DisplacedSubj,a camera,Head:D > Det:DP,He doesn't just take pictures he makes art out of them and you won't even notice that there's a camera there.
ewt.cgel,answers-20111107193815AAhaJjy_ans-0007,22,a,a,[none],Det,DP,NP,a,a cruise ship,Obj,a cruise ship,Head:D > Det:DP,"If you ever go on a cruise ship, you will be required to attend a SOLAS muster drill (lifeboat drill) within 24 hours of sailing."
ewt.cgel,answers-20111107193815AAhaJjy_ans-0007,62,a,a,[none],Det,DP,NP,a,a SOLAS muster drill lifeboat drill,Obj,a SOLAS muster drill lifeboat drill,Head:D > Det:DP,"If you ever go on a cruise ship, you will be required to attend a SOLAS muster drill (lifeboat drill) within 24 hours of sailing."
ewt.cgel,answers-20111107193815AAhaJjy_ans-0007,88,24,24,[none],Det,DP,NP,24,24 hours of sailing,Obj,24 hours of sailing,Head:D > Det:DP,"If you ever go on a cruise ship, you will be required to attend a SOLAS muster drill (lifeboat drill) within 24 hours of sailing."
ewt.cgel,newsgroup-groups.google.com_INTPunderground_b2c62e87877e4a22_ENG_20050906_165900-0074,20,the,the,[none],Det,DP,NP,the,the news,Obj,the news,Head:D > Det:DP,I rarely listen to the news or to what politicians or lawyers say because so many tell lies that none have credibility so what's the point?
ewt.cgel,newsgroup-groups.google.com_INTPunderground_b2c62e87877e4a22_ENG_20050906_165900-0074,70,many,many,[none],Det-Head,DP,Nom,so many,so many,Subj,so many,Head:D > Det-Head:DP,I rarely listen to the news or to what politicians or lawyers say because so many tell lies that none have credibility so what's the point?
ewt.cgel,newsgroup-groups.google.com_INTPunderground_b2c62e87877e4a22_ENG_20050906_165900-0074,88,none,none,[none],Det-Head,DP,Nom,none,none,Subj,none,Head:D > Det-Head:DP,I rarely listen to the news or to what politicians or lawyers say because so many tell lies that none have credibility so what's the point?
ewt.cgel,newsgroup-groups.google.com_INTPunderground_b2c62e87877e4a22_ENG_20050906_165900-0074,115,the,the,[none],Det,DP,NP,the,the point,PredComp,the point,Head:D > Det:DP,I rarely listen to the news or to what politicians or lawyers say because so many tell lies that none have credibility so what's the point?
ewt-test_pilot5.cgel,newsgroup-groups.google.com_JokeEruption_df151b356f94881c_ENG_20050819_155700-0036,51,a,a,[none],Det,DP,NP,a,a more pleasant form of misery,Obj_dir,a more pleasant form of misery,Head:D > Det:DP,Money can't buy you happiness... but it does bring you a more pleasant form of misery.
ewt-test_pilot5.cgel,email-enronsent18_02-0045,31,this,this,[none],Det,DP,NP,this,this paper on gas storage value modeling,Obj,this paper on gas storage value modeling,Head:D > Det:DP,"In case you are interested, I attach this paper on gas Storage value modeling."
ewt-test_pilot5.cgel,answers-20111107221352AAlIioO_ans-0003,11,two,two,[none],Det,DP,NP,two,two upcoming events,Obj,two upcoming events,Head:D > Det:DP,I have two upcoming events one is for 200 and another is for 21.
ewt-test_pilot5.cgel,answers-20111107221352AAlIioO_ans-0003,26,one,one,[none],Det-Head,DP,Nom,one,one,Subj,one,Head:D > Det-Head:DP,I have two upcoming events one is for 200 and another is for 21.
ewt-test_pilot5.cgel,answers-20111107221352AAlIioO_ans-0003,40,200,200,[none],Det-Head,DP,Nom,200,200,Obj,200,Head:D > Det-Head:DP,I have two upcoming events one is for 200 and another is for 21.
ewt-test_pilot5.cgel,answers-20111107221352AAlIioO_ans-0003,50,another,another,[none],Det-Head,DP,Nom,another,another,Subj,another,Head:D > Det-Head:DP,I have two upcoming events one is for 200 and another is for 21.
ewt-test_pilot5.cgel,answers-20111107221352AAlIioO_ans-0003,63,21,21,[none],Det-Head,DP,Nom,21,21,Obj,21,Head:D > Det-Head:DP,I have two upcoming events one is for 200 and another is for 21.
ewt-test_iaa50.cgel,answers-20111108064636AAvIKDE_ans-0005,17,a,a,[none],Det,DP,NP,a,a preferential terminal,Obj,a preferential terminal,Head:D > Det:DP,Plus you land in a preferential terminal...
ewt-test_iaa50.cgel,newsgroup-groups.google.com_JokeEruption_df151b356f94881c_ENG_20050819_155700-0015,17,once,once,[none],Det-Head,DP,Nom,once,once a year,Head,once a year,Head:D > Det-Head:DP,Visit people only once a year.
ewt-test_iaa50.cgel,newsgroup-groups.google.com_JokeEruption_df151b356f94881c_ENG_20050819_155700-0015,22,a,a,[none],Mod,DP,Nom,a,a year,Mod,a year,Head:D > Mod:DP,Visit people only once a year.
ewt-test_iaa50.cgel,weblog-juancole.com_juancole_20030914114200_ENG_20030914_114200-0005,3,the,the,[none],Det,DP,NP,the,the clerics,Subj,the clerics,Head:D > Det:DP,The clerics demanded talks with local US commanders.
ewt-test_iaa50.cgel,newsgroup-groups.google.com_hiddennook_88969236563fa748_ENG_20050215_173600-0006,67,this,this,[none],Det,DP,NP,this,this Earth Moon highway,Postnucleus,this Earth Moon highway,Head:D > Det:DP,"""Our plans include raising private capital to develop, build, flight test, and operate this Earth-Moon highway for the benefit of the country and the benefit of our investors."""
ewt-test_iaa50.cgel,newsgroup-groups.google.com_hiddennook_88969236563fa748_ENG_20050215_173600-0006,86,the,the,[none],Det,DP,NP,the,the benefit of the country,Coordinate,the benefit of the country,Head:D > Det:DP,"""Our plans include raising private capital to develop, build, flight test, and operate this Earth-Moon highway for the benefit of the country and the benefit of our investors."""
ewt-test_iaa50.cgel,newsgroup-groups.google.com_hiddennook_88969236563fa748_ENG_20050215_173600-0006,96,the,the,[none],Det,DP,NP,the,the country,Obj,the country,Head:D > Det:DP,"""Our plans include raising private capital to develop, build, flight test, and operate this Earth-Moon highway for the benefit of the country and the benefit of our investors."""
ewt-test_iaa50.cgel,newsgroup-groups.google.com_hiddennook_88969236563fa748_ENG_20050215_173600-0006,106,the,the,[none],Det,DP,NP,the,the benefit of our investors,Head,the benefit of our investors,Head:D > Det:DP,"""Our plans include raising private capital to develop, build, flight test, and operate this Earth-Moon highway for the benefit of the country and the benefit of our investors."""
ewt-test_iaa50.cgel,reviews-025516-0003,23,a,a,[none],Det,DP,NP,a,a look,Obj,a look,Head:D > Det:DP,Recommend you call in for a look.
ewt-test_iaa50.cgel,answers-20111024111513AAAQhAO_ans-0003,12,something,something,[none],Det-Head,DP,Nom,something,something reliable and good-looking,Obj,something reliable and good-looking,Head:D > Det-Head:DP,I need something reliable and good looking.
ewt-test_iaa50.cgel,answers-20111024202518AA18Sg7_ans-0002,50,the,the,[none],Det,DP,NP,the,the best Italian food in the country,PredComp,the best Italian food in the country,Head:D > Det:DP,is mazzoni's deli at 3901 conshocken ave in phila pa really the best italian food in the country???
ewt-test_iaa50.cgel,answers-20111024202518AA18Sg7_ans-0002,69,the,the,[none],Det,DP,NP,the,the country,Obj,the country,Head:D > Det:DP,is mazzoni's deli at 3901 conshocken ave in phila pa really the best italian food in the country???
ewt-test_iaa50.cgel,reviews-263909-0002,46,these,this,[none],Det,DP,NP,these,these guys,Subj,these guys,Head:D > Det:DP,Bisconti wanted over $300 to fix my laptop and these guys fixed it for $90!
ewt-test_iaa50.cgel,reviews-263909-0002,68,90,90,[none],Det,DP,NP,90,90 $,Obj,90 $,Head:D > Det:DP,Bisconti wanted over $300 to fix my laptop and these guys fixed it for $90!
ewt-test_iaa50.cgel,email-enronsent18_02-0079,8,this,this,[none],Det-Head,DP,Nom,this,this,Subj,this,Head:D > Det-Head:DP,Would this be fine?
ewt-test_iaa50.cgel,email-enronsent27_02-0008,24,much,much,[none],Det-Head,DP,Nom,how much,how much,Prenucleus,how much,Head:D > Det-Head:DP,I don't know how much it will help however.
ewt-test_iaa50.cgel,answers-20111103205154AAOod9K_ans-0003,38,those,that,[none],Det,DP,NP,those,those deal-a-day websites like Groupon,Obj,those deal-a-day websites like Groupon,Head:D > Det:DP,I don't want to have to deal with those deal-a-day websites like Groupon.
ewt-test_iaa50.cgel,email-enronsent18_01-0008,23,someone,someone,[none],Det-Head,DP,Nom,someone,someone who could consider the correlation between US cpi and the $ euro exchange rate,DisplacedSubj,someone who could consider the correlation between US cpi and the $ euro exchange rate,Head:D > Det-Head:DP,"In addition, is there someone who could consider the correlation between US CPI and the $/euro exchange rate."
ewt-test_iaa50.cgel,email-enronsent18_01-0008,43,the,the,[none],Det,DP,NP,the,the correlation between US cpi and the $ euro exchange rate,Obj,the correlation between US cpi and the $ euro exchange rate,Head:D > Det:DP,"In addition, is there someone who could consider the correlation between US CPI and the $/euro exchange rate."
ewt-test_iaa50.cgel,email-enronsent18_01-0008,64,the,the,[none],Det,DP,NP,the,the $ euro exchange rate,Head,the $ euro exchange rate,Head:D > Det:DP,"In addition, is there someone who could consider the correlation between US CPI and the $/euro exchange rate."
ewt-test_iaa50.cgel,answers-20111107164802AAq8nhF_ans-0007,24,the,the,[none],Det,DP,NP,the,the French Indochina War 1946 - 1954,Coordinate,the French Indochina War 1946 - 1954,Head:D > Det:DP,You need to check out the French Indochina War (1946-1954) not the Vietnam War (1957-1975).
ewt-test_iaa50.cgel,answers-20111107164802AAq8nhF_ans-0007,57,the,the,[none],Det,DP,NP,the,the Vietnam War 1957 - 1975,Head,the Vietnam War 1957 - 1975,Head:D > Det:DP,You need to check out the French Indochina War (1946-1954) not the Vietnam War (1957-1975).
ewt-test_iaa50.cgel,weblog-blogspot.com_aggressivevoicedaily_20060811122000_ENG_20060811_122000-0033,12,22,22,[none],Det-Head,DP,Nom,22,22,Supplement,22,Head:D > Det-Head:DP,"Mohammed Dirie, 22, Kingston, Ont.;"
ewt-test_iaa50.cgel,email-enronsent32_01-0017,8,the,the,[none],Det,DP,NP,the,the revised report,Obj,the revised report,Head:D > Det:DP,Send the revised report by e-mail.
ewt-test_iaa50.cgel,answers-20111107163942AA08rP5_ans-0010,27,a,a,[none],Det,DP,NP,a,a stick,Obj,a stick,Head:D > Det:DP,I like my Monkey Brain on a stick for sure.
ewt-test_iaa50.cgel,answers-20111106103415AAqdokn_ans-0016,9,the,the,[none],Det,DP,NP,the,the great burger,Obj,the great burger,Head:D > Det:DP,Along with the great burger try a brick of onion rings if you are with someone.
ewt-test_iaa50.cgel,answers-20111106103415AAqdokn_ans-0016,24,a,a,[none],Det,DP,NP,a,a brick of onion rings,Obj,a brick of onion rings,Head:D > Det:DP,Along with the great burger try a brick of onion rings if you are with someone.
ewt-test_iaa50.cgel,answers-20111106103415AAqdokn_ans-0016,59,someone,someone,[none],Det-Head,DP,Nom,someone,someone,Obj,someone,Head:D > Det-Head:DP,Along with the great burger try a brick of onion rings if you are with someone.
ewt-test_iaa50.cgel,newsgroup-groups.google.com_hiddennook_e21e429b3ad58235_ENG_20050830_214700-0010,3,the,the,[none],Det,DP,NP,the,the new rocket design,Subj,the new rocket design,Head:D > Det:DP,"The new rocket design will differ slightly from it's predecessors, in the fact that the crew and cargo would launch separately from two different rockets each and join up in space later on."
ewt-test_iaa50.cgel,newsgroup-groups.google.com_hiddennook_e21e429b3ad58235_ENG_20050830_214700-0010,49,the,the,[none],Det,DP,NP,the,the fact that the crew and cargo would launch separately from two different rockets each and join up in space later on,Obj,the fact that the crew and cargo would launch separately from two different rockets each and join up in space later on,Head:D > Det:DP,"The new rocket design will differ slightly from it's predecessors, in the fact that the crew and cargo would launch separately from two different rockets each and join up in space later on."
ewt-test_iaa50.cgel,newsgroup-groups.google.com_hiddennook_e21e429b3ad58235_ENG_20050830_214700-0010,60,the,the,[none],Det,DP,NP,the,the crew and cargo,Subj,the crew and cargo,Head:D > Det:DP,"The new rocket design will differ slightly from it's predecessors, in the fact that the crew and cargo would launch separately from two different rockets each and join up in space later on."
ewt-test_iaa50.cgel,newsgroup-groups.google.com_hiddennook_e21e429b3ad58235_ENG_20050830_214700-0010,91,two,two,[none],Det,DP,NP,two,two different rockets each,Obj,two different rockets each,Head:D > Det:DP,"The new rocket design will differ slightly from it's predecessors, in the fact that the crew and cargo would launch separately from two different rockets each and join up in space later on."
ewt-test_iaa50.cgel,newsgroup-groups.google.com_hiddennook_e21e429b3ad58235_ENG_20050830_214700-0010,104,each,each,[none],Mod,DP,Nom,each,different rockets each,Obj,two different rockets each,Head:D > Mod:DP,"The new rocket design will differ slightly from it's predecessors, in the fact that the crew and cargo would launch separately from two different rockets each and join up in space later on."
ewt-test_iaa50.cgel,answers-20111108104957AAsMzvU_ans-0006,3,a,a,[none],Det,DP,NP,a,a pacman frog,Subj,a pacman frog,Head:D > Det:DP,A pacman frog will need a heat source that creates a basking temp in the upper 80's F for at least 10 - 12 hours a day.
ewt-test_iaa50.cgel,answers-20111108104957AAsMzvU_ans-0006,22,a,a,[none],Det,DP,NP,a,a heat source that creates a basking temp in the upper 80's F for at least 10 - 12 hours a day,Obj,a heat source that creates a basking temp in the upper 80's F for at least 10 - 12 hours a day,Head:D > Det:DP,A pacman frog will need a heat source that creates a basking temp in the upper 80's F for at least 10 - 12 hours a day.
ewt-test_iaa50.cgel,answers-20111108104957AAsMzvU_ans-0006,44,a,a,[none],Det,DP,NP,a,a basking temp in the upper 80's F,Obj,a basking temp in the upper 80's F,Head:D > Det:DP,A pacman frog will need a heat source that creates a basking temp in the upper 80's F for at least 10 - 12 hours a day.
ewt-test_iaa50.cgel,answers-20111108104957AAsMzvU_ans-0006,59,the,the,[none],Det,DP,NP,the,the upper 80's F,Obj,the upper 80's F,Head:D > Det:DP,A pacman frog will need a heat source that creates a basking temp in the upper 80's F for at least 10 - 12 hours a day.
ewt-test_iaa50.cgel,answers-20111108104957AAsMzvU_ans-0006,89,10,10,[none],Coordinate,DP,Coordination,10,10 - 12,Obj,at least 10 - 12 hours a day,Head:D > Coordinate:DP,A pacman frog will need a heat source that creates a basking temp in the upper 80's F for at least 10 - 12 hours a day.
ewt-test_iaa50.cgel,answers-20111108104957AAsMzvU_ans-0006,96,12,12,[none],Coordinate,DP,Coordination,- 12,10 - 12,Obj,at least 10 - 12 hours a day,Head:D > Head:DP > Coordinate:DP,A pacman frog will need a heat source that creates a basking temp in the upper 80's F for at least 10 - 12 hours a day.
ewt-test_iaa50.cgel,answers-20111108104957AAsMzvU_ans-0006,105,a,a,[none],Det,DP,NP,a,a day,Mod,a day,Head:D > Det:DP,A pacman frog will need a heat source that creates a basking temp in the upper 80's F for at least 10 - 12 hours a day.
ewt-test_iaa50.cgel,answers-20111106103415AAqdokn_ans-0010,16,5,5,[none],Det,DP,NP,5,5 locations,DisplacedSubj,5 locations,Head:D > Det:DP,There are currently 5 locations:
ewt-test_iaa50.cgel,weblog-blogspot.com_floppingaces_20050313182621_ENG_20050313_182621-0005,85,the,the,[none],Det,DP,NP,the,the message on the placards they are using,Obj,the message on the placards they are using,Head:D > Det:DP,"UN Secretary-General Kofi Annan has indicated it is time to ""recognize Hezbollah"" after easily being duped by ""the message on the placards they are using""."
ewt-test_iaa50.cgel,weblog-blogspot.com_floppingaces_20050313182621_ENG_20050313_182621-0005,95,the,the,[none],Det,DP,NP,the,the placards they are using,Obj,the placards they are using,Head:D > Det:DP,"UN Secretary-General Kofi Annan has indicated it is time to ""recognize Hezbollah"" after easily being duped by ""the message on the placards they are using""."
ewt-test_iaa50.cgel,answers-20111107221352AAlIioO_ans-0005,15,a,a,[none],Det,DP,NP,a,a great list of different restaurants in San Francisco,Postnucleus,a great list of different restaurants in San Francisco,Head:D > Det:DP,Here is a great list of different restaurants in San Francisco
ewt-test_iaa50.cgel,reviews-122564-0002,3,the,the,[none],Det,DP,NP,the,the apartment,Subj,the apartment,Head:D > Det:DP,"the apartment only looks good outsize, inside is too bad."
ewt-test_iaa50.cgel,reviews-252791-0003,24,a,a,[none],Det,DP,NP,a,a bag,Obj,a bag,Head:D > Det:DP,"I had to dig in a bag to find one nice feather, what a joke!"
ewt-test_iaa50.cgel,reviews-252791-0003,39,one,one,[none],Det,DP,NP,one,one nice feather,Obj,one nice feather,Head:D > Det:DP,"I had to dig in a bag to find one nice feather, what a joke!"
ewt-test_iaa50.cgel,reviews-252791-0003,55,a,a,[none],Det,DP,NP,a,a joke,Head,a joke,Head:D > Det:DP,"I had to dig in a bag to find one nice feather, what a joke!"
ewt-test_iaa50.cgel,answers-20111107214231AA68BMD_ans-0001,9,anyone,anyone,[none],Det-Head,DP,Nom,anyone,anyone,Subj,anyone,Head:D > Det-Head:DP,Has anyone ever worked for steiner leisure cruises?
ewt-test_iaa50.cgel,answers-20111107155815AA6LXXJ_ans-0001,38,which,which,[none],Det-Head,DP,Nom,which,which,Subj,which,Head:D > Det-Head:DP,"out of carnival, royal caribbean, and norweigan (cruises) which is the best and why?"
ewt-test_iaa50.cgel,answers-20111107155815AA6LXXJ_ans-0001,47,the,the,[none],Det,DP,NP,the,the best,PredComp,the best,Head:D > Det:DP,"out of carnival, royal caribbean, and norweigan (cruises) which is the best and why?"
ewt-test_iaa50.cgel,email-enronsent27_02-0009,34,some,some,[none],Det,DP,NP,some,some ideas,Obj,some ideas,Head:D > Det:DP,Richard Harper and Mary Nell Browning may have some ideas here but I am sure you've already gone through it with them.
ewt-test_iaa50.cgel,weblog-blogspot.com_marketview_20050511222700_ENG_20050511_222700-0002,3,this,this,[none],Det,DP,NP,this,this BuzzMachine post,Subj,this BuzzMachine post,Head:D > Det:DP,"This BuzzMachine post argues that Google's rush toward ubiquity might backfire -- which we've all heard before, but it's particularly well-put in this post."
ewt-test_iaa50.cgel,weblog-blogspot.com_marketview_20050511222700_ENG_20050511_222700-0002,66,all,all,[none],Mod,DP,VP,all,all heard before,,,Head:D > Mod:DP,"This BuzzMachine post argues that Google's rush toward ubiquity might backfire -- which we've all heard before, but it's particularly well-put in this post."
ewt-test_iaa50.cgel,weblog-blogspot.com_marketview_20050511222700_ENG_20050511_222700-0002,110,this,this,[none],Det,DP,NP,this,this post,Obj,this post,Head:D > Det:DP,"This BuzzMachine post argues that Google's rush toward ubiquity might backfire -- which we've all heard before, but it's particularly well-put in this post."
ewt-test_iaa50.cgel,reviews-363482-0002,24,a,a,[none],Det,DP,NP,a,a cafe,Obj,a cafe,Head:D > Det:DP,"How do you run a cafe, with no refills on coffee-?"
ewt-test_iaa50.cgel,reviews-363482-0002,35,no,no,[none],Det,DP,NP,no,no refills on coffee,Obj,no refills on coffee,Head:D > Det:DP,"How do you run a cafe, with no refills on coffee-?"
ewt-test_iaa50.cgel,answers-20111106015552AAj6rCu_ans-0001,14,any,any,[none],Det,DP,NP,any,any good places to get an ice cream sundae from in Invercargill New Zealand,DisplacedSubj,any good places to get an ice cream sundae from in Invercargill New Zealand,Head:D > Det:DP,is there any good places to get an ice-cream sundae from in Invercargill New Zealand?
ewt-test_iaa50.cgel,answers-20111106015552AAj6rCu_ans-0001,36,an,a,[none],Det,DP,NP,an,an ice cream sundae,Obj,an ice cream sundae,Head:D > Det:DP,is there any good places to get an ice-cream sundae from in Invercargill New Zealand?
ewt-test_iaa50.cgel,email-enronsent28_01-0034,41,the,the,[none],Det,DP,NP,the,the revised values,Subj,the revised values,Head:D > Det:DP,"I talked with Gary Wilson, and he confirmed that the revised values are correct."
ewt-test_iaa50.cgel,answers-20110320195750AAkPbFG_ans-0001,11,a,a,[none],Det,DP,NP,a,a Nacho Libre question,Obj,a Nacho Libre question,Head:D > Det:DP,I have a Nacho Libre question.?
ewt-test_iaa50.cgel,weblog-blogspot.com_aggressivevoicedaily_20060811122000_ENG_20060811_122000-0024,11,28,28,[none],Det-Head,DP,Nom,28,28,Supplement,28,Head:D > Det-Head:DP,"Umar Islam, 28, (born Brian Young) High Wycombe"
ewt-test_iaa50.cgel,reviews-085009-0003,4,the,the,[none],Det,DP,NP,the,the work,Subj,the work,Head:D > Det:DP,"The work was completed within one week, and everything was cleaned up on completion."
ewt-test_iaa50.cgel,reviews-085009-0003,25,one,one,[none],Det,DP,NP,one,one week,Obj,one week,Head:D > Det:DP,"The work was completed within one week, and everything was cleaned up on completion."
ewt-test_iaa50.cgel,reviews-085009-0003,39,everything,everything,[none],Det-Head,DP,Nom,everything,everything,Subj,everything,Head:D > Det-Head:DP,"The work was completed within one week, and everything was cleaned up on completion."
ewt-test_iaa50.cgel,reviews-299169-0003,66,a,a,[none],Det,DP,NP,a,a refund,Obj,a refund,Head:D > Det:DP,"When I tried to return it they refused, so I had to leave without a refund and still hungry."
ewt-test_iaa50.cgel,answers-20111107164802AAq8nhF_ans-0003,20,any,any,[none],Det,DP,NP,any,any information about it,Obj,any information about it,Head:D > Det:DP,I cant find any information about it
ewt-test_iaa50.cgel,answers-20111107201117AANg07J_ans-0006,12,these,this,[none],Det,DP,NP,these,these kits,Obj,these kits,Head:D > Det:DP,They sell these kits in most hobby and craft stores.
ewt-test_iaa50.cgel,answers-20111107201117AANg07J_ans-0006,24,most,most,[none],Det,DP,NP,most,most hobby and craft stores,Obj,most hobby and craft stores,Head:D > Det:DP,They sell these kits in most hobby and craft stores.
ewt-test_iaa50.cgel,reviews-047891-0001,26,the,the,[none],Det,DP,NP,the,the pricing,Subj,the pricing,Head:D > Det:DP,Great job on my roof and the pricing was fair.
ewt-test_iaa50.cgel,newsgroup-groups.google.com_hiddennook_e21e429b3ad58235_ENG_20050830_214700-0005,41,the,the,[none],Det,DP,NP,the,the shuttle model,Obj,the shuttle model,Head:D > Det:DP,"It looks as if NASA is transitioning away from the shuttle model, as in the past they have proven to be quite dangerous as Columbia has recently proved."
ewt-test_iaa50.cgel,newsgroup-groups.google.com_hiddennook_e21e429b3ad58235_ENG_20050830_214700-0005,59,the,the,[none],Det,DP,NP,the,the past,Obj,the past,Head:D > Det:DP,"It looks as if NASA is transitioning away from the shuttle model, as in the past they have proven to be quite dangerous as Columbia has recently proved."
ewt-test_iaa50.cgel,weblog-blogspot.com_aggressivevoicedaily_20060811122000_ENG_20060811_122000-0029,11,20,20,[none],Det-Head,DP,Nom,20,20,Supplement,20,Head:D > Det-Head:DP,"Zakaria Amara, 20, Mississauga, Ont.;"
ewt-test_iaa50.cgel,weblog-juancole.com_juancole_20041018060600_ENG_20041018_060600-0012,6,that,that,[none],Det,DP,NP,that,that point,Obj,that point,Head:D > Det:DP,"After that point, al-Qaeda was a joint enterprise between the Egyptian extremists and the polyglot Arabs around Bin Laden, only some of whom were Saudi."
ewt-test_iaa50.cgel,weblog-juancole.com_juancole_20041018060600_ENG_20041018_060600-0012,28,a,a,[none],Det,DP,NP,a,a joint enterprise between the Egyptian extremists and the polyglot Arabs around Bin Laden only some of whom were Saudi,PredComp,a joint enterprise between the Egyptian extremists and the polyglot Arabs around Bin Laden only some of whom were Saudi,Head:D > Det:DP,"After that point, al-Qaeda was a joint enterprise between the Egyptian extremists and the polyglot Arabs around Bin Laden, only some of whom were Saudi."
ewt-test_iaa50.cgel,weblog-juancole.com_juancole_20041018060600_ENG_20041018_060600-0012,43,the,the,[none],Det,DP,NP,the,the Egyptian extremists,Coordinate,the Egyptian extremists,Head:D > Det:DP,"After that point, al-Qaeda was a joint enterprise between the Egyptian extremists and the polyglot Arabs around Bin Laden, only some of whom were Saudi."
ewt-test_iaa50.cgel,weblog-juancole.com_juancole_20041018060600_ENG_20041018_060600-0012,57,the,the,[none],Det,DP,NP,the,the polyglot Arabs around Bin Laden only some of whom were Saudi,Head,the polyglot Arabs around Bin Laden only some of whom were Saudi,Head:D > Det:DP,"After that point, al-Qaeda was a joint enterprise between the Egyptian extremists and the polyglot Arabs around Bin Laden, only some of whom were Saudi."
ewt-test_iaa50.cgel,weblog-juancole.com_juancole_20041018060600_ENG_20041018_060600-0012,85,some,some,[none],Det-Head,DP,Nom,only some,only some of whom,Prenucleus,only some of whom,Head:D > Det-Head:DP,"After that point, al-Qaeda was a joint enterprise between the Egyptian extremists and the polyglot Arabs around Bin Laden, only some of whom were Saudi."
