"word","a","a_certain","a_few","a_great_many","a_little","all","another","any","anybody","anyone","anything","anywhere","both","certain","each","either","enough","every","everybody","everyone","everything","everywhere","few","fewer","fewest","little","less","least","many","many_a","more","most","much","neither","last","next","no","none","nobody","no_one","nothing","nowhere","one_det","two_det","three_det","once","twice","thrice","several","some","somebody","someone","something","somewhere","somewhat","such","sufficient","that","these","this","those","the","us_det","we_det","you_det","what_det","whatever_det","which_rel_det","which_int_det","whichever_rel_det","whichever_int_det","zero_det","various_det","each_other","one_another","he","him","himself","his","she","her_acc","her_dep","hers","herself","it_plain","it_dum","its","itself","I","me","mine","my","myself","one_pron","one_s","oneself","their_sing","theirs_sing","their_plur","theirs_plur","them_sing","them_plur","themself","themselves","they_sing","they_plur","we_pron","us_pron","our","ours","ourselves","what_pron","whatever_pron","which_rel_pron","who_int","who_rel","whom_int","whom_rel","whose_int","whose_rel","whoever","whoever_s","whosever","whosoever","whosoever_s","you_pron_sing","you_pron_plur","your_sing","yours_sing","your_plur","yours_plur","yourself","yourselves","today","tomorrow","tonight","yesterday","there"
"a",1,1,1,1,1,1,1,1,1,1,1,1,1,1,1,1,1,1,1,1,1,1,1,1,1,1,1,1,1,1,1,1,1,1,0.954545454545455,0.954545454545455,1,1,1,1,1,1,1,1,1,1,1,1,1,1,1,1,1,1,1,1,1,0.636363636363636,0.636363636363636,0.636363636363636,0.636363636363636,0.954545454545455,0.318181818181818,0.318181818181818,0.818181818181818,1,1,0.954545454545455,0.772727272727273,0.954545454545455,1,1,1,0.818181818181818,0.818181818181818,0.227272727272727,0,0,0,0.227272727272727,0,0.227272727272727,0,0,0,0.954545454545455,0,0,0.227272727272727,0,0,0.227272727272727,0,0.227272727272727,0,0.318181818181818,0.227272727272727,0,0.227272727272727,0,0,0,0,0,0.227272727272727,0.227272727272727,0.227272727272727,0,0.227272727272727,0,0,0.954545454545455,0.954545454545455,0.954545454545455,0.318181818181818,0.318181818181818,0,0.318181818181818,0,0.318181818181818,0.318181818181818,0.318181818181818,0.318181818181818,0.318181818181818,0.318181818181818,0,0,0.227272727272727,0,0.227272727272727,0,0,0,0.5,0.5,0.5,0.5,0.954545454545455
"a_certain",1,1,1,1,1,1,1,1,1,1,1,1,1,1,1,1,1,1,1,1,1,1,1,1,1,1,1,1,1,1,1,1,1,1,0.954545454545455,0.954545454545455,1,1,1,1,1,1,1,1,1,1,1,1,1,1,1,1,1,1,1,1,1,0.636363636363636,0.636363636363636,0.636363636363636,0.636363636363636,0.954545454545455,0.318181818181818,0.318181818181818,0.818181818181818,1,1,0.954545454545455,0.772727272727273,0.954545454545455,1,1,1,0.818181818181818,0.818181818181818,0.227272727272727,0,0,0,0.227272727272727,0,0.227272727272727,0,0,0,0.954545454545455,0,0,0.227272727272727,0,0,0.227272727272727,0,0.227272727272727,0,0.318181818181818,0.227272727272727,0,0.227272727272727,0,0,0,0,0,0.227272727272727,0.227272727272727,0.227272727272727,0,0.227272727272727,0,0,0.954545454545455,0.954545454545455,0.954545454545455,0.318181818181818,0.318181818181818,0,0.318181818181818,0,0.318181818181818,0.318181818181818,0.318181818181818,0.318181818181818,0.318181818181818,0.318181818181818,0,0,0.227272727272727,0,0.227272727272727,0,0,0,0.5,0.5,0.5,0.5,0.954545454545455
"a_few",1,1,1,1,1,1,1,1,1,1,1,1,1,1,1,1,1,1,1,1,1,1,1,1,1,1,1,1,1,1,1,1,1,1,0.954545454545455,0.954545454545455,1,1,1,1,1,1,1,1,1,1,1,1,1,1,1,1,1,1,1,1,1,0.636363636363636,0.636363636363636,0.636363636363636,0.636363636363636,0.954545454545455,0.318181818181818,0.318181818181818,0.818181818181818,1,1,0.954545454545455,0.772727272727273,0.954545454545455,1,1,1,0.818181818181818,0.818181818181818,0.227272727272727,0,0,0,0.227272727272727,0,0.227272727272727,0,0,0,0.954545454545455,0,0,0.227272727272727,0,0,0.227272727272727,0,0.227272727272727,0,0.318181818181818,0.227272727272727,0,0.227272727272727,0,0,0,0,0,0.227272727272727,0.227272727272727,0.227272727272727,0,0.227272727272727,0,0,0.954545454545455,0.954545454545455,0.954545454545455,0.318181818181818,0.318181818181818,0,0.318181818181818,0,0.318181818181818,0.318181818181818,0.318181818181818,0.318181818181818,0.318181818181818,0.318181818181818,0,0,0.227272727272727,0,0.227272727272727,0,0,0,0.5,0.5,0.5,0.5,0.954545454545455
"a_great_many",1,1,1,1,1,1,1,1,1,1,1,1,1,1,1,1,1,1,1,1,1,1,1,1,1,1,1,1,1,1,1,1,1,1,0.954545454545455,0.954545454545455,1,1,1,1,1,1,1,1,1,1,1,1,1,1,1,1,1,1,1,1,1,0.636363636363636,0.636363636363636,0.636363636363636,0.636363636363636,0.954545454545455,0.318181818181818,0.318181818181818,0.818181818181818,1,1,0.954545454545455,0.772727272727273,0.954545454545455,1,1,1,0.818181818181818,0.818181818181818,0.227272727272727,0,0,0,0.227272727272727,0,0.227272727272727,0,0,0,0.954545454545455,0,0,0.227272727272727,0,0,0.227272727272727,0,0.227272727272727,0,0.318181818181818,0.227272727272727,0,0.227272727272727,0,0,0,0,0,0.227272727272727,0.227272727272727,0.227272727272727,0,0.227272727272727,0,0,0.954545454545455,0.954545454545455,0.954545454545455,0.318181818181818,0.318181818181818,0,0.318181818181818,0,0.318181818181818,0.318181818181818,0.318181818181818,0.318181818181818,0.318181818181818,0.318181818181818,0,0,0.227272727272727,0,0.227272727272727,0,0,0,0.5,0.5,0.5,0.5,0.954545454545455
"a_little",1,1,1,1,1,1,1,1,1,1,1,1,1,1,1,1,1,1,1,1,1,1,1,1,1,1,1,1,1,1,1,1,1,1,0.954545454545455,0.954545454545455,1,1,1,1,1,1,1,1,1,1,1,1,1,1,1,1,1,1,1,1,1,0.636363636363636,0.636363636363636,0.636363636363636,0.636363636363636,0.954545454545455,0.318181818181818,0.318181818181818,0.818181818181818,1,1,0.954545454545455,0.772727272727273,0.954545454545455,1,1,1,0.818181818181818,0.818181818181818,0.227272727272727,0,0,0,0.227272727272727,0,0.227272727272727,0,0,0,0.954545454545455,0,0,0.227272727272727,0,0,0.227272727272727,0,0.227272727272727,0,0.318181818181818,0.227272727272727,0,0.227272727272727,0,0,0,0,0,0.227272727272727,0.227272727272727,0.227272727272727,0,0.227272727272727,0,0,0.954545454545455,0.954545454545455,0.954545454545455,0.318181818181818,0.318181818181818,0,0.318181818181818,0,0.318181818181818,0.318181818181818,0.318181818181818,0.318181818181818,0.318181818181818,0.318181818181818,0,0,0.227272727272727,0,0.227272727272727,0,0,0,0.5,0.5,0.5,0.5,0.954545454545455
"all",1,1,1,1,1,1,1,1,1,1,1,1,1,1,1,1,1,1,1,1,1,1,1,1,1,1,1,1,1,1,1,1,1,1,0.954545454545455,0.954545454545455,1,1,1,1,1,1,1,1,1,1,1,1,1,1,1,1,1,1,1,1,1,0.636363636363636,0.636363636363636,0.636363636363636,0.636363636363636,0.954545454545455,0.318181818181818,0.318181818181818,0.818181818181818,1,1,0.954545454545455,0.772727272727273,0.954545454545455,1,1,1,0.818181818181818,0.818181818181818,0.227272727272727,0,0,0,0.227272727272727,0,0.227272727272727,0,0,0,0.954545454545455,0,0,0.227272727272727,0,0,0.227272727272727,0,0.227272727272727,0,0.318181818181818,0.227272727272727,0,0.227272727272727,0,0,0,0,0,0.227272727272727,0.227272727272727,0.227272727272727,0,0.227272727272727,0,0,0.954545454545455,0.954545454545455,0.954545454545455,0.318181818181818,0.318181818181818,0,0.318181818181818,0,0.318181818181818,0.318181818181818,0.318181818181818,0.318181818181818,0.318181818181818,0.318181818181818,0,0,0.227272727272727,0,0.227272727272727,0,0,0,0.5,0.5,0.5,0.5,0.954545454545455
"another",1,1,1,1,1,1,1,1,1,1,1,1,1,1,1,1,1,1,1,1,1,1,1,1,1,1,1,1,1,1,1,1,1,1,0.954545454545455,0.954545454545455,1,1,1,1,1,1,1,1,1,1,1,1,1,1,1,1,1,1,1,1,1,0.636363636363636,0.636363636363636,0.636363636363636,0.636363636363636,0.954545454545455,0.318181818181818,0.318181818181818,0.818181818181818,1,1,0.954545454545455,0.772727272727273,0.954545454545455,1,1,1,0.818181818181818,0.818181818181818,0.227272727272727,0,0,0,0.227272727272727,0,0.227272727272727,0,0,0,0.954545454545455,0,0,0.227272727272727,0,0,0.227272727272727,0,0.227272727272727,0,0.318181818181818,0.227272727272727,0,0.227272727272727,0,0,0,0,0,0.227272727272727,0.227272727272727,0.227272727272727,0,0.227272727272727,0,0,0.954545454545455,0.954545454545455,0.954545454545455,0.318181818181818,0.318181818181818,0,0.318181818181818,0,0.318181818181818,0.318181818181818,0.318181818181818,0.318181818181818,0.318181818181818,0.318181818181818,0,0,0.227272727272727,0,0.227272727272727,0,0,0,0.5,0.5,0.5,0.5,0.954545454545455
"any",1,1,1,1,1,1,1,1,1,1,1,1,1,1,1,1,1,1,1,1,1,1,1,1,1,1,1,1,1,1,1,1,1,1,0.954545454545455,0.954545454545455,1,1,1,1,1,1,1,1,1,1,1,1,1,1,1,1,1,1,1,1,1,0.636363636363636,0.636363636363636,0.636363636363636,0.636363636363636,0.954545454545455,0.318181818181818,0.318181818181818,0.818181818181818,1,1,0.954545454545455,0.772727272727273,0.954545454545455,1,1,1,0.818181818181818,0.818181818181818,0.227272727272727,0,0,0,0.227272727272727,0,0.227272727272727,0,0,0,0.954545454545455,0,0,0.227272727272727,0,0,0.227272727272727,0,0.227272727272727,0,0.318181818181818,0.227272727272727,0,0.227272727272727,0,0,0,0,0,0.227272727272727,0.227272727272727,0.227272727272727,0,0.227272727272727,0,0,0.954545454545455,0.954545454545455,0.954545454545455,0.318181818181818,0.318181818181818,0,0.318181818181818,0,0.318181818181818,0.318181818181818,0.318181818181818,0.318181818181818,0.318181818181818,0.318181818181818,0,0,0.227272727272727,0,0.227272727272727,0,0,0,0.5,0.5,0.5,0.5,0.954545454545455
"anybody",1,1,1,1,1,1,1,1,1,1,1,1,1,1,1,1,1,1,1,1,1,1,1,1,1,1,1,1,1,1,1,1,1,1,0.954545454545455,0.954545454545455,1,1,1,1,1,1,1,1,1,1,1,1,1,1,1,1,1,1,1,1,1,0.636363636363636,0.636363636363636,0.636363636363636,0.636363636363636,0.954545454545455,0.318181818181818,0.318181818181818,0.818181818181818,1,1,0.954545454545455,0.772727272727273,0.954545454545455,1,1,1,0.818181818181818,0.818181818181818,0.227272727272727,0,0,0,0.227272727272727,0,0.227272727272727,0,0,0,0.954545454545455,0,0,0.227272727272727,0,0,0.227272727272727,0,0.227272727272727,0,0.318181818181818,0.227272727272727,0,0.227272727272727,0,0,0,0,0,0.227272727272727,0.227272727272727,0.227272727272727,0,0.227272727272727,0,0,0.954545454545455,0.954545454545455,0.954545454545455,0.318181818181818,0.318181818181818,0,0.318181818181818,0,0.318181818181818,0.318181818181818,0.318181818181818,0.318181818181818,0.318181818181818,0.318181818181818,0,0,0.227272727272727,0,0.227272727272727,0,0,0,0.5,0.5,0.5,0.5,0.954545454545455
"anyone",1,1,1,1,1,1,1,1,1,1,1,1,1,1,1,1,1,1,1,1,1,1,1,1,1,1,1,1,1,1,1,1,1,1,0.954545454545455,0.954545454545455,1,1,1,1,1,1,1,1,1,1,1,1,1,1,1,1,1,1,1,1,1,0.636363636363636,0.636363636363636,0.636363636363636,0.636363636363636,0.954545454545455,0.318181818181818,0.318181818181818,0.818181818181818,1,1,0.954545454545455,0.772727272727273,0.954545454545455,1,1,1,0.818181818181818,0.818181818181818,0.227272727272727,0,0,0,0.227272727272727,0,0.227272727272727,0,0,0,0.954545454545455,0,0,0.227272727272727,0,0,0.227272727272727,0,0.227272727272727,0,0.318181818181818,0.227272727272727,0,0.227272727272727,0,0,0,0,0,0.227272727272727,0.227272727272727,0.227272727272727,0,0.227272727272727,0,0,0.954545454545455,0.954545454545455,0.954545454545455,0.318181818181818,0.318181818181818,0,0.318181818181818,0,0.318181818181818,0.318181818181818,0.318181818181818,0.318181818181818,0.318181818181818,0.318181818181818,0,0,0.227272727272727,0,0.227272727272727,0,0,0,0.5,0.5,0.5,0.5,0.954545454545455
"anything",1,1,1,1,1,1,1,1,1,1,1,1,1,1,1,1,1,1,1,1,1,1,1,1,1,1,1,1,1,1,1,1,1,1,0.954545454545455,0.954545454545455,1,1,1,1,1,1,1,1,1,1,1,1,1,1,1,1,1,1,1,1,1,0.636363636363636,0.636363636363636,0.636363636363636,0.636363636363636,0.954545454545455,0.318181818181818,0.318181818181818,0.818181818181818,1,1,0.954545454545455,0.772727272727273,0.954545454545455,1,1,1,0.818181818181818,0.818181818181818,0.227272727272727,0,0,0,0.227272727272727,0,0.227272727272727,0,0,0,0.954545454545455,0,0,0.227272727272727,0,0,0.227272727272727,0,0.227272727272727,0,0.318181818181818,0.227272727272727,0,0.227272727272727,0,0,0,0,0,0.227272727272727,0.227272727272727,0.227272727272727,0,0.227272727272727,0,0,0.954545454545455,0.954545454545455,0.954545454545455,0.318181818181818,0.318181818181818,0,0.318181818181818,0,0.318181818181818,0.318181818181818,0.318181818181818,0.318181818181818,0.318181818181818,0.318181818181818,0,0,0.227272727272727,0,0.227272727272727,0,0,0,0.5,0.5,0.5,0.5,0.954545454545455
"anywhere",1,1,1,1,1,1,1,1,1,1,1,1,1,1,1,1,1,1,1,1,1,1,1,1,1,1,1,1,1,1,1,1,1,1,0.954545454545455,0.954545454545455,1,1,1,1,1,1,1,1,1,1,1,1,1,1,1,1,1,1,1,1,1,0.636363636363636,0.636363636363636,0.636363636363636,0.636363636363636,0.954545454545455,0.318181818181818,0.318181818181818,0.818181818181818,1,1,0.954545454545455,0.772727272727273,0.954545454545455,1,1,1,0.818181818181818,0.818181818181818,0.227272727272727,0,0,0,0.227272727272727,0,0.227272727272727,0,0,0,0.954545454545455,0,0,0.227272727272727,0,0,0.227272727272727,0,0.227272727272727,0,0.318181818181818,0.227272727272727,0,0.227272727272727,0,0,0,0,0,0.227272727272727,0.227272727272727,0.227272727272727,0,0.227272727272727,0,0,0.954545454545455,0.954545454545455,0.954545454545455,0.318181818181818,0.318181818181818,0,0.318181818181818,0,0.318181818181818,0.318181818181818,0.318181818181818,0.318181818181818,0.318181818181818,0.318181818181818,0,0,0.227272727272727,0,0.227272727272727,0,0,0,0.5,0.5,0.5,0.5,0.954545454545455
"both",1,1,1,1,1,1,1,1,1,1,1,1,1,1,1,1,1,1,1,1,1,1,1,1,1,1,1,1,1,1,1,1,1,1,0.954545454545455,0.954545454545455,1,1,1,1,1,1,1,1,1,1,1,1,1,1,1,1,1,1,1,1,1,0.636363636363636,0.636363636363636,0.636363636363636,0.636363636363636,0.954545454545455,0.318181818181818,0.318181818181818,0.818181818181818,1,1,0.954545454545455,0.772727272727273,0.954545454545455,1,1,1,0.818181818181818,0.818181818181818,0.227272727272727,0,0,0,0.227272727272727,0,0.227272727272727,0,0,0,0.954545454545455,0,0,0.227272727272727,0,0,0.227272727272727,0,0.227272727272727,0,0.318181818181818,0.227272727272727,0,0.227272727272727,0,0,0,0,0,0.227272727272727,0.227272727272727,0.227272727272727,0,0.227272727272727,0,0,0.954545454545455,0.954545454545455,0.954545454545455,0.318181818181818,0.318181818181818,0,0.318181818181818,0,0.318181818181818,0.318181818181818,0.318181818181818,0.318181818181818,0.318181818181818,0.318181818181818,0,0,0.227272727272727,0,0.227272727272727,0,0,0,0.5,0.5,0.5,0.5,0.954545454545455
"certain",1,1,1,1,1,1,1,1,1,1,1,1,1,1,1,1,1,1,1,1,1,1,1,1,1,1,1,1,1,1,1,1,1,1,0.954545454545455,0.954545454545455,1,1,1,1,1,1,1,1,1,1,1,1,1,1,1,1,1,1,1,1,1,0.636363636363636,0.636363636363636,0.636363636363636,0.636363636363636,0.954545454545455,0.318181818181818,0.318181818181818,0.818181818181818,1,1,0.954545454545455,0.772727272727273,0.954545454545455,1,1,1,0.818181818181818,0.818181818181818,0.227272727272727,0,0,0,0.227272727272727,0,0.227272727272727,0,0,0,0.954545454545455,0,0,0.227272727272727,0,0,0.227272727272727,0,0.227272727272727,0,0.318181818181818,0.227272727272727,0,0.227272727272727,0,0,0,0,0,0.227272727272727,0.227272727272727,0.227272727272727,0,0.227272727272727,0,0,0.954545454545455,0.954545454545455,0.954545454545455,0.318181818181818,0.318181818181818,0,0.318181818181818,0,0.318181818181818,0.318181818181818,0.318181818181818,0.318181818181818,0.318181818181818,0.318181818181818,0,0,0.227272727272727,0,0.227272727272727,0,0,0,0.5,0.5,0.5,0.5,0.954545454545455
"each",1,1,1,1,1,1,1,1,1,1,1,1,1,1,1,1,1,1,1,1,1,1,1,1,1,1,1,1,1,1,1,1,1,1,0.954545454545455,0.954545454545455,1,1,1,1,1,1,1,1,1,1,1,1,1,1,1,1,1,1,1,1,1,0.636363636363636,0.636363636363636,0.636363636363636,0.636363636363636,0.954545454545455,0.318181818181818,0.318181818181818,0.818181818181818,1,1,0.954545454545455,0.772727272727273,0.954545454545455,1,1,1,0.818181818181818,0.818181818181818,0.227272727272727,0,0,0,0.227272727272727,0,0.227272727272727,0,0,0,0.954545454545455,0,0,0.227272727272727,0,0,0.227272727272727,0,0.227272727272727,0,0.318181818181818,0.227272727272727,0,0.227272727272727,0,0,0,0,0,0.227272727272727,0.227272727272727,0.227272727272727,0,0.227272727272727,0,0,0.954545454545455,0.954545454545455,0.954545454545455,0.318181818181818,0.318181818181818,0,0.318181818181818,0,0.318181818181818,0.318181818181818,0.318181818181818,0.318181818181818,0.318181818181818,0.318181818181818,0,0,0.227272727272727,0,0.227272727272727,0,0,0,0.5,0.5,0.5,0.5,0.954545454545455
"either",1,1,1,1,1,1,1,1,1,1,1,1,1,1,1,1,1,1,1,1,1,1,1,1,1,1,1,1,1,1,1,1,1,1,0.954545454545455,0.954545454545455,1,1,1,1,1,1,1,1,1,1,1,1,1,1,1,1,1,1,1,1,1,0.636363636363636,0.636363636363636,0.636363636363636,0.636363636363636,0.954545454545455,0.318181818181818,0.318181818181818,0.818181818181818,1,1,0.954545454545455,0.772727272727273,0.954545454545455,1,1,1,0.818181818181818,0.818181818181818,0.227272727272727,0,0,0,0.227272727272727,0,0.227272727272727,0,0,0,0.954545454545455,0,0,0.227272727272727,0,0,0.227272727272727,0,0.227272727272727,0,0.318181818181818,0.227272727272727,0,0.227272727272727,0,0,0,0,0,0.227272727272727,0.227272727272727,0.227272727272727,0,0.227272727272727,0,0,0.954545454545455,0.954545454545455,0.954545454545455,0.318181818181818,0.318181818181818,0,0.318181818181818,0,0.318181818181818,0.318181818181818,0.318181818181818,0.318181818181818,0.318181818181818,0.318181818181818,0,0,0.227272727272727,0,0.227272727272727,0,0,0,0.5,0.5,0.5,0.5,0.954545454545455
"enough",1,1,1,1,1,1,1,1,1,1,1,1,1,1,1,1,1,1,1,1,1,1,1,1,1,1,1,1,1,1,1,1,1,1,0.954545454545455,0.954545454545455,1,1,1,1,1,1,1,1,1,1,1,1,1,1,1,1,1,1,1,1,1,0.636363636363636,0.636363636363636,0.636363636363636,0.636363636363636,0.954545454545455,0.318181818181818,0.318181818181818,0.818181818181818,1,1,0.954545454545455,0.772727272727273,0.954545454545455,1,1,1,0.818181818181818,0.818181818181818,0.227272727272727,0,0,0,0.227272727272727,0,0.227272727272727,0,0,0,0.954545454545455,0,0,0.227272727272727,0,0,0.227272727272727,0,0.227272727272727,0,0.318181818181818,0.227272727272727,0,0.227272727272727,0,0,0,0,0,0.227272727272727,0.227272727272727,0.227272727272727,0,0.227272727272727,0,0,0.954545454545455,0.954545454545455,0.954545454545455,0.318181818181818,0.318181818181818,0,0.318181818181818,0,0.318181818181818,0.318181818181818,0.318181818181818,0.318181818181818,0.318181818181818,0.318181818181818,0,0,0.227272727272727,0,0.227272727272727,0,0,0,0.5,0.5,0.5,0.5,0.954545454545455
"every",1,1,1,1,1,1,1,1,1,1,1,1,1,1,1,1,1,1,1,1,1,1,1,1,1,1,1,1,1,1,1,1,1,1,0.954545454545455,0.954545454545455,1,1,1,1,1,1,1,1,1,1,1,1,1,1,1,1,1,1,1,1,1,0.636363636363636,0.636363636363636,0.636363636363636,0.636363636363636,0.954545454545455,0.318181818181818,0.318181818181818,0.818181818181818,1,1,0.954545454545455,0.772727272727273,0.954545454545455,1,1,1,0.818181818181818,0.818181818181818,0.227272727272727,0,0,0,0.227272727272727,0,0.227272727272727,0,0,0,0.954545454545455,0,0,0.227272727272727,0,0,0.227272727272727,0,0.227272727272727,0,0.318181818181818,0.227272727272727,0,0.227272727272727,0,0,0,0,0,0.227272727272727,0.227272727272727,0.227272727272727,0,0.227272727272727,0,0,0.954545454545455,0.954545454545455,0.954545454545455,0.318181818181818,0.318181818181818,0,0.318181818181818,0,0.318181818181818,0.318181818181818,0.318181818181818,0.318181818181818,0.318181818181818,0.318181818181818,0,0,0.227272727272727,0,0.227272727272727,0,0,0,0.5,0.5,0.5,0.5,0.954545454545455
"everybody",1,1,1,1,1,1,1,1,1,1,1,1,1,1,1,1,1,1,1,1,1,1,1,1,1,1,1,1,1,1,1,1,1,1,0.954545454545455,0.954545454545455,1,1,1,1,1,1,1,1,1,1,1,1,1,1,1,1,1,1,1,1,1,0.636363636363636,0.636363636363636,0.636363636363636,0.636363636363636,0.954545454545455,0.318181818181818,0.318181818181818,0.818181818181818,1,1,0.954545454545455,0.772727272727273,0.954545454545455,1,1,1,0.818181818181818,0.818181818181818,0.227272727272727,0,0,0,0.227272727272727,0,0.227272727272727,0,0,0,0.954545454545455,0,0,0.227272727272727,0,0,0.227272727272727,0,0.227272727272727,0,0.318181818181818,0.227272727272727,0,0.227272727272727,0,0,0,0,0,0.227272727272727,0.227272727272727,0.227272727272727,0,0.227272727272727,0,0,0.954545454545455,0.954545454545455,0.954545454545455,0.318181818181818,0.318181818181818,0,0.318181818181818,0,0.318181818181818,0.318181818181818,0.318181818181818,0.318181818181818,0.318181818181818,0.318181818181818,0,0,0.227272727272727,0,0.227272727272727,0,0,0,0.5,0.5,0.5,0.5,0.954545454545455
"everyone",1,1,1,1,1,1,1,1,1,1,1,1,1,1,1,1,1,1,1,1,1,1,1,1,1,1,1,1,1,1,1,1,1,1,0.954545454545455,0.954545454545455,1,1,1,1,1,1,1,1,1,1,1,1,1,1,1,1,1,1,1,1,1,0.636363636363636,0.636363636363636,0.636363636363636,0.636363636363636,0.954545454545455,0.318181818181818,0.318181818181818,0.818181818181818,1,1,0.954545454545455,0.772727272727273,0.954545454545455,1,1,1,0.818181818181818,0.818181818181818,0.227272727272727,0,0,0,0.227272727272727,0,0.227272727272727,0,0,0,0.954545454545455,0,0,0.227272727272727,0,0,0.227272727272727,0,0.227272727272727,0,0.318181818181818,0.227272727272727,0,0.227272727272727,0,0,0,0,0,0.227272727272727,0.227272727272727,0.227272727272727,0,0.227272727272727,0,0,0.954545454545455,0.954545454545455,0.954545454545455,0.318181818181818,0.318181818181818,0,0.318181818181818,0,0.318181818181818,0.318181818181818,0.318181818181818,0.318181818181818,0.318181818181818,0.318181818181818,0,0,0.227272727272727,0,0.227272727272727,0,0,0,0.5,0.5,0.5,0.5,0.954545454545455
"everything",1,1,1,1,1,1,1,1,1,1,1,1,1,1,1,1,1,1,1,1,1,1,1,1,1,1,1,1,1,1,1,1,1,1,0.954545454545455,0.954545454545455,1,1,1,1,1,1,1,1,1,1,1,1,1,1,1,1,1,1,1,1,1,0.636363636363636,0.636363636363636,0.636363636363636,0.636363636363636,0.954545454545455,0.318181818181818,0.318181818181818,0.818181818181818,1,1,0.954545454545455,0.772727272727273,0.954545454545455,1,1,1,0.818181818181818,0.818181818181818,0.227272727272727,0,0,0,0.227272727272727,0,0.227272727272727,0,0,0,0.954545454545455,0,0,0.227272727272727,0,0,0.227272727272727,0,0.227272727272727,0,0.318181818181818,0.227272727272727,0,0.227272727272727,0,0,0,0,0,0.227272727272727,0.227272727272727,0.227272727272727,0,0.227272727272727,0,0,0.954545454545455,0.954545454545455,0.954545454545455,0.318181818181818,0.318181818181818,0,0.318181818181818,0,0.318181818181818,0.318181818181818,0.318181818181818,0.318181818181818,0.318181818181818,0.318181818181818,0,0,0.227272727272727,0,0.227272727272727,0,0,0,0.5,0.5,0.5,0.5,0.954545454545455
"everywhere",1,1,1,1,1,1,1,1,1,1,1,1,1,1,1,1,1,1,1,1,1,1,1,1,1,1,1,1,1,1,1,1,1,1,0.954545454545455,0.954545454545455,1,1,1,1,1,1,1,1,1,1,1,1,1,1,1,1,1,1,1,1,1,0.636363636363636,0.636363636363636,0.636363636363636,0.636363636363636,0.954545454545455,0.318181818181818,0.318181818181818,0.818181818181818,1,1,0.954545454545455,0.772727272727273,0.954545454545455,1,1,1,0.818181818181818,0.818181818181818,0.227272727272727,0,0,0,0.227272727272727,0,0.227272727272727,0,0,0,0.954545454545455,0,0,0.227272727272727,0,0,0.227272727272727,0,0.227272727272727,0,0.318181818181818,0.227272727272727,0,0.227272727272727,0,0,0,0,0,0.227272727272727,0.227272727272727,0.227272727272727,0,0.227272727272727,0,0,0.954545454545455,0.954545454545455,0.954545454545455,0.318181818181818,0.318181818181818,0,0.318181818181818,0,0.318181818181818,0.318181818181818,0.318181818181818,0.318181818181818,0.318181818181818,0.318181818181818,0,0,0.227272727272727,0,0.227272727272727,0,0,0,0.5,0.5,0.5,0.5,0.954545454545455
"few",1,1,1,1,1,1,1,1,1,1,1,1,1,1,1,1,1,1,1,1,1,1,1,1,1,1,1,1,1,1,1,1,1,1,0.954545454545455,0.954545454545455,1,1,1,1,1,1,1,1,1,1,1,1,1,1,1,1,1,1,1,1,1,0.636363636363636,0.636363636363636,0.636363636363636,0.636363636363636,0.954545454545455,0.318181818181818,0.318181818181818,0.818181818181818,1,1,0.954545454545455,0.772727272727273,0.954545454545455,1,1,1,0.818181818181818,0.818181818181818,0.227272727272727,0,0,0,0.227272727272727,0,0.227272727272727,0,0,0,0.954545454545455,0,0,0.227272727272727,0,0,0.227272727272727,0,0.227272727272727,0,0.318181818181818,0.227272727272727,0,0.227272727272727,0,0,0,0,0,0.227272727272727,0.227272727272727,0.227272727272727,0,0.227272727272727,0,0,0.954545454545455,0.954545454545455,0.954545454545455,0.318181818181818,0.318181818181818,0,0.318181818181818,0,0.318181818181818,0.318181818181818,0.318181818181818,0.318181818181818,0.318181818181818,0.318181818181818,0,0,0.227272727272727,0,0.227272727272727,0,0,0,0.5,0.5,0.5,0.5,0.954545454545455
"fewer",1,1,1,1,1,1,1,1,1,1,1,1,1,1,1,1,1,1,1,1,1,1,1,1,1,1,1,1,1,1,1,1,1,1,0.954545454545455,0.954545454545455,1,1,1,1,1,1,1,1,1,1,1,1,1,1,1,1,1,1,1,1,1,0.636363636363636,0.636363636363636,0.636363636363636,0.636363636363636,0.954545454545455,0.318181818181818,0.318181818181818,0.818181818181818,1,1,0.954545454545455,0.772727272727273,0.954545454545455,1,1,1,0.818181818181818,0.818181818181818,0.227272727272727,0,0,0,0.227272727272727,0,0.227272727272727,0,0,0,0.954545454545455,0,0,0.227272727272727,0,0,0.227272727272727,0,0.227272727272727,0,0.318181818181818,0.227272727272727,0,0.227272727272727,0,0,0,0,0,0.227272727272727,0.227272727272727,0.227272727272727,0,0.227272727272727,0,0,0.954545454545455,0.954545454545455,0.954545454545455,0.318181818181818,0.318181818181818,0,0.318181818181818,0,0.318181818181818,0.318181818181818,0.318181818181818,0.318181818181818,0.318181818181818,0.318181818181818,0,0,0.227272727272727,0,0.227272727272727,0,0,0,0.5,0.5,0.5,0.5,0.954545454545455
"fewest",1,1,1,1,1,1,1,1,1,1,1,1,1,1,1,1,1,1,1,1,1,1,1,1,1,1,1,1,1,1,1,1,1,1,0.954545454545455,0.954545454545455,1,1,1,1,1,1,1,1,1,1,1,1,1,1,1,1,1,1,1,1,1,0.636363636363636,0.636363636363636,0.636363636363636,0.636363636363636,0.954545454545455,0.318181818181818,0.318181818181818,0.818181818181818,1,1,0.954545454545455,0.772727272727273,0.954545454545455,1,1,1,0.818181818181818,0.818181818181818,0.227272727272727,0,0,0,0.227272727272727,0,0.227272727272727,0,0,0,0.954545454545455,0,0,0.227272727272727,0,0,0.227272727272727,0,0.227272727272727,0,0.318181818181818,0.227272727272727,0,0.227272727272727,0,0,0,0,0,0.227272727272727,0.227272727272727,0.227272727272727,0,0.227272727272727,0,0,0.954545454545455,0.954545454545455,0.954545454545455,0.318181818181818,0.318181818181818,0,0.318181818181818,0,0.318181818181818,0.318181818181818,0.318181818181818,0.318181818181818,0.318181818181818,0.318181818181818,0,0,0.227272727272727,0,0.227272727272727,0,0,0,0.5,0.5,0.5,0.5,0.954545454545455
"little",1,1,1,1,1,1,1,1,1,1,1,1,1,1,1,1,1,1,1,1,1,1,1,1,1,1,1,1,1,1,1,1,1,1,0.954545454545455,0.954545454545455,1,1,1,1,1,1,1,1,1,1,1,1,1,1,1,1,1,1,1,1,1,0.636363636363636,0.636363636363636,0.636363636363636,0.636363636363636,0.954545454545455,0.318181818181818,0.318181818181818,0.818181818181818,1,1,0.954545454545455,0.772727272727273,0.954545454545455,1,1,1,0.818181818181818,0.818181818181818,0.227272727272727,0,0,0,0.227272727272727,0,0.227272727272727,0,0,0,0.954545454545455,0,0,0.227272727272727,0,0,0.227272727272727,0,0.227272727272727,0,0.318181818181818,0.227272727272727,0,0.227272727272727,0,0,0,0,0,0.227272727272727,0.227272727272727,0.227272727272727,0,0.227272727272727,0,0,0.954545454545455,0.954545454545455,0.954545454545455,0.318181818181818,0.318181818181818,0,0.318181818181818,0,0.318181818181818,0.318181818181818,0.318181818181818,0.318181818181818,0.318181818181818,0.318181818181818,0,0,0.227272727272727,0,0.227272727272727,0,0,0,0.5,0.5,0.5,0.5,0.954545454545455
"less",1,1,1,1,1,1,1,1,1,1,1,1,1,1,1,1,1,1,1,1,1,1,1,1,1,1,1,1,1,1,1,1,1,1,0.954545454545455,0.954545454545455,1,1,1,1,1,1,1,1,1,1,1,1,1,1,1,1,1,1,1,1,1,0.636363636363636,0.636363636363636,0.636363636363636,0.636363636363636,0.954545454545455,0.318181818181818,0.318181818181818,0.818181818181818,1,1,0.954545454545455,0.772727272727273,0.954545454545455,1,1,1,0.818181818181818,0.818181818181818,0.227272727272727,0,0,0,0.227272727272727,0,0.227272727272727,0,0,0,0.954545454545455,0,0,0.227272727272727,0,0,0.227272727272727,0,0.227272727272727,0,0.318181818181818,0.227272727272727,0,0.227272727272727,0,0,0,0,0,0.227272727272727,0.227272727272727,0.227272727272727,0,0.227272727272727,0,0,0.954545454545455,0.954545454545455,0.954545454545455,0.318181818181818,0.318181818181818,0,0.318181818181818,0,0.318181818181818,0.318181818181818,0.318181818181818,0.318181818181818,0.318181818181818,0.318181818181818,0,0,0.227272727272727,0,0.227272727272727,0,0,0,0.5,0.5,0.5,0.5,0.954545454545455
"least",1,1,1,1,1,1,1,1,1,1,1,1,1,1,1,1,1,1,1,1,1,1,1,1,1,1,1,1,1,1,1,1,1,1,0.954545454545455,0.954545454545455,1,1,1,1,1,1,1,1,1,1,1,1,1,1,1,1,1,1,1,1,1,0.636363636363636,0.636363636363636,0.636363636363636,0.636363636363636,0.954545454545455,0.318181818181818,0.318181818181818,0.818181818181818,1,1,0.954545454545455,0.772727272727273,0.954545454545455,1,1,1,0.818181818181818,0.818181818181818,0.227272727272727,0,0,0,0.227272727272727,0,0.227272727272727,0,0,0,0.954545454545455,0,0,0.227272727272727,0,0,0.227272727272727,0,0.227272727272727,0,0.318181818181818,0.227272727272727,0,0.227272727272727,0,0,0,0,0,0.227272727272727,0.227272727272727,0.227272727272727,0,0.227272727272727,0,0,0.954545454545455,0.954545454545455,0.954545454545455,0.318181818181818,0.318181818181818,0,0.318181818181818,0,0.318181818181818,0.318181818181818,0.318181818181818,0.318181818181818,0.318181818181818,0.318181818181818,0,0,0.227272727272727,0,0.227272727272727,0,0,0,0.5,0.5,0.5,0.5,0.954545454545455
"many",1,1,1,1,1,1,1,1,1,1,1,1,1,1,1,1,1,1,1,1,1,1,1,1,1,1,1,1,1,1,1,1,1,1,0.954545454545455,0.954545454545455,1,1,1,1,1,1,1,1,1,1,1,1,1,1,1,1,1,1,1,1,1,0.636363636363636,0.636363636363636,0.636363636363636,0.636363636363636,0.954545454545455,0.318181818181818,0.318181818181818,0.818181818181818,1,1,0.954545454545455,0.772727272727273,0.954545454545455,1,1,1,0.818181818181818,0.818181818181818,0.227272727272727,0,0,0,0.227272727272727,0,0.227272727272727,0,0,0,0.954545454545455,0,0,0.227272727272727,0,0,0.227272727272727,0,0.227272727272727,0,0.318181818181818,0.227272727272727,0,0.227272727272727,0,0,0,0,0,0.227272727272727,0.227272727272727,0.227272727272727,0,0.227272727272727,0,0,0.954545454545455,0.954545454545455,0.954545454545455,0.318181818181818,0.318181818181818,0,0.318181818181818,0,0.318181818181818,0.318181818181818,0.318181818181818,0.318181818181818,0.318181818181818,0.318181818181818,0,0,0.227272727272727,0,0.227272727272727,0,0,0,0.5,0.5,0.5,0.5,0.954545454545455
"many_a",1,1,1,1,1,1,1,1,1,1,1,1,1,1,1,1,1,1,1,1,1,1,1,1,1,1,1,1,1,1,1,1,1,1,0.954545454545455,0.954545454545455,1,1,1,1,1,1,1,1,1,1,1,1,1,1,1,1,1,1,1,1,1,0.636363636363636,0.636363636363636,0.636363636363636,0.636363636363636,0.954545454545455,0.318181818181818,0.318181818181818,0.818181818181818,1,1,0.954545454545455,0.772727272727273,0.954545454545455,1,1,1,0.818181818181818,0.818181818181818,0.227272727272727,0,0,0,0.227272727272727,0,0.227272727272727,0,0,0,0.954545454545455,0,0,0.227272727272727,0,0,0.227272727272727,0,0.227272727272727,0,0.318181818181818,0.227272727272727,0,0.227272727272727,0,0,0,0,0,0.227272727272727,0.227272727272727,0.227272727272727,0,0.227272727272727,0,0,0.954545454545455,0.954545454545455,0.954545454545455,0.318181818181818,0.318181818181818,0,0.318181818181818,0,0.318181818181818,0.318181818181818,0.318181818181818,0.318181818181818,0.318181818181818,0.318181818181818,0,0,0.227272727272727,0,0.227272727272727,0,0,0,0.5,0.5,0.5,0.5,0.954545454545455
"more",1,1,1,1,1,1,1,1,1,1,1,1,1,1,1,1,1,1,1,1,1,1,1,1,1,1,1,1,1,1,1,1,1,1,0.954545454545455,0.954545454545455,1,1,1,1,1,1,1,1,1,1,1,1,1,1,1,1,1,1,1,1,1,0.636363636363636,0.636363636363636,0.636363636363636,0.636363636363636,0.954545454545455,0.318181818181818,0.318181818181818,0.818181818181818,1,1,0.954545454545455,0.772727272727273,0.954545454545455,1,1,1,0.818181818181818,0.818181818181818,0.227272727272727,0,0,0,0.227272727272727,0,0.227272727272727,0,0,0,0.954545454545455,0,0,0.227272727272727,0,0,0.227272727272727,0,0.227272727272727,0,0.318181818181818,0.227272727272727,0,0.227272727272727,0,0,0,0,0,0.227272727272727,0.227272727272727,0.227272727272727,0,0.227272727272727,0,0,0.954545454545455,0.954545454545455,0.954545454545455,0.318181818181818,0.318181818181818,0,0.318181818181818,0,0.318181818181818,0.318181818181818,0.318181818181818,0.318181818181818,0.318181818181818,0.318181818181818,0,0,0.227272727272727,0,0.227272727272727,0,0,0,0.5,0.5,0.5,0.5,0.954545454545455
"most",1,1,1,1,1,1,1,1,1,1,1,1,1,1,1,1,1,1,1,1,1,1,1,1,1,1,1,1,1,1,1,1,1,1,0.954545454545455,0.954545454545455,1,1,1,1,1,1,1,1,1,1,1,1,1,1,1,1,1,1,1,1,1,0.636363636363636,0.636363636363636,0.636363636363636,0.636363636363636,0.954545454545455,0.318181818181818,0.318181818181818,0.818181818181818,1,1,0.954545454545455,0.772727272727273,0.954545454545455,1,1,1,0.818181818181818,0.818181818181818,0.227272727272727,0,0,0,0.227272727272727,0,0.227272727272727,0,0,0,0.954545454545455,0,0,0.227272727272727,0,0,0.227272727272727,0,0.227272727272727,0,0.318181818181818,0.227272727272727,0,0.227272727272727,0,0,0,0,0,0.227272727272727,0.227272727272727,0.227272727272727,0,0.227272727272727,0,0,0.954545454545455,0.954545454545455,0.954545454545455,0.318181818181818,0.318181818181818,0,0.318181818181818,0,0.318181818181818,0.318181818181818,0.318181818181818,0.318181818181818,0.318181818181818,0.318181818181818,0,0,0.227272727272727,0,0.227272727272727,0,0,0,0.5,0.5,0.5,0.5,0.954545454545455
"much",1,1,1,1,1,1,1,1,1,1,1,1,1,1,1,1,1,1,1,1,1,1,1,1,1,1,1,1,1,1,1,1,1,1,0.954545454545455,0.954545454545455,1,1,1,1,1,1,1,1,1,1,1,1,1,1,1,1,1,1,1,1,1,0.636363636363636,0.636363636363636,0.636363636363636,0.636363636363636,0.954545454545455,0.318181818181818,0.318181818181818,0.818181818181818,1,1,0.954545454545455,0.772727272727273,0.954545454545455,1,1,1,0.818181818181818,0.818181818181818,0.227272727272727,0,0,0,0.227272727272727,0,0.227272727272727,0,0,0,0.954545454545455,0,0,0.227272727272727,0,0,0.227272727272727,0,0.227272727272727,0,0.318181818181818,0.227272727272727,0,0.227272727272727,0,0,0,0,0,0.227272727272727,0.227272727272727,0.227272727272727,0,0.227272727272727,0,0,0.954545454545455,0.954545454545455,0.954545454545455,0.318181818181818,0.318181818181818,0,0.318181818181818,0,0.318181818181818,0.318181818181818,0.318181818181818,0.318181818181818,0.318181818181818,0.318181818181818,0,0,0.227272727272727,0,0.227272727272727,0,0,0,0.5,0.5,0.5,0.5,0.954545454545455
"neither",1,1,1,1,1,1,1,1,1,1,1,1,1,1,1,1,1,1,1,1,1,1,1,1,1,1,1,1,1,1,1,1,1,1,0.954545454545455,0.954545454545455,1,1,1,1,1,1,1,1,1,1,1,1,1,1,1,1,1,1,1,1,1,0.636363636363636,0.636363636363636,0.636363636363636,0.636363636363636,0.954545454545455,0.318181818181818,0.318181818181818,0.818181818181818,1,1,0.954545454545455,0.772727272727273,0.954545454545455,1,1,1,0.818181818181818,0.818181818181818,0.227272727272727,0,0,0,0.227272727272727,0,0.227272727272727,0,0,0,0.954545454545455,0,0,0.227272727272727,0,0,0.227272727272727,0,0.227272727272727,0,0.318181818181818,0.227272727272727,0,0.227272727272727,0,0,0,0,0,0.227272727272727,0.227272727272727,0.227272727272727,0,0.227272727272727,0,0,0.954545454545455,0.954545454545455,0.954545454545455,0.318181818181818,0.318181818181818,0,0.318181818181818,0,0.318181818181818,0.318181818181818,0.318181818181818,0.318181818181818,0.318181818181818,0.318181818181818,0,0,0.227272727272727,0,0.227272727272727,0,0,0,0.5,0.5,0.5,0.5,0.954545454545455
"last",0.954545454545455,0.954545454545455,0.954545454545455,0.954545454545455,0.954545454545455,0.954545454545455,0.954545454545455,0.954545454545455,0.954545454545455,0.954545454545455,0.954545454545455,0.954545454545455,0.954545454545455,0.954545454545455,0.954545454545455,0.954545454545455,0.954545454545455,0.954545454545455,0.954545454545455,0.954545454545455,0.954545454545455,0.954545454545455,0.954545454545455,0.954545454545455,0.954545454545455,0.954545454545455,0.954545454545455,0.954545454545455,0.954545454545455,0.954545454545455,0.954545454545455,0.954545454545455,0.954545454545455,0.954545454545455,1,1,0.954545454545455,0.954545454545455,0.954545454545455,0.954545454545455,0.954545454545455,0.954545454545455,0.954545454545455,0.954545454545455,0.954545454545455,0.954545454545455,0.954545454545455,0.954545454545455,0.954545454545455,0.954545454545455,0.954545454545455,0.954545454545455,0.954545454545455,0.954545454545455,0.954545454545455,0.954545454545455,0.954545454545455,0.681818181818182,0.681818181818182,0.681818181818182,0.681818181818182,1,0.363636363636364,0.363636363636364,0.863636363636364,0.954545454545455,0.954545454545455,1,0.727272727272727,1,0.954545454545455,0.954545454545455,0.954545454545455,0.863636363636364,0.863636363636364,0.272727272727273,0.0454545454545455,0.0454545454545455,0.0454545454545455,0.272727272727273,0.0454545454545455,0.272727272727273,0.0454545454545455,0.0454545454545455,0.0454545454545455,1,0.0454545454545455,0.0454545454545455,0.272727272727273,0.0454545454545455,0.0454545454545455,0.272727272727273,0.0454545454545455,0.272727272727273,0.0454545454545455,0.363636363636364,0.272727272727273,0.0454545454545455,0.272727272727273,0.0454545454545455,0.0454545454545455,0.0454545454545455,0.0454545454545455,0.0454545454545455,0.272727272727273,0.272727272727273,0.272727272727273,0.0454545454545455,0.272727272727273,0.0454545454545455,0.0454545454545455,1,1,1,0.363636363636364,0.363636363636364,0.0454545454545455,0.363636363636364,0.0454545454545455,0.363636363636364,0.363636363636364,0.363636363636364,0.363636363636364,0.363636363636364,0.363636363636364,0.0454545454545455,0.0454545454545455,0.272727272727273,0.0454545454545455,0.272727272727273,0.0454545454545455,0.0454545454545455,0.0454545454545455,0.545454545454545,0.545454545454545,0.545454545454545,0.545454545454545,1
"next",0.954545454545455,0.954545454545455,0.954545454545455,0.954545454545455,0.954545454545455,0.954545454545455,0.954545454545455,0.954545454545455,0.954545454545455,0.954545454545455,0.954545454545455,0.954545454545455,0.954545454545455,0.954545454545455,0.954545454545455,0.954545454545455,0.954545454545455,0.954545454545455,0.954545454545455,0.954545454545455,0.954545454545455,0.954545454545455,0.954545454545455,0.954545454545455,0.954545454545455,0.954545454545455,0.954545454545455,0.954545454545455,0.954545454545455,0.954545454545455,0.954545454545455,0.954545454545455,0.954545454545455,0.954545454545455,1,1,0.954545454545455,0.954545454545455,0.954545454545455,0.954545454545455,0.954545454545455,0.954545454545455,0.954545454545455,0.954545454545455,0.954545454545455,0.954545454545455,0.954545454545455,0.954545454545455,0.954545454545455,0.954545454545455,0.954545454545455,0.954545454545455,0.954545454545455,0.954545454545455,0.954545454545455,0.954545454545455,0.954545454545455,0.681818181818182,0.681818181818182,0.681818181818182,0.681818181818182,1,0.363636363636364,0.363636363636364,0.863636363636364,0.954545454545455,0.954545454545455,1,0.727272727272727,1,0.954545454545455,0.954545454545455,0.954545454545455,0.863636363636364,0.863636363636364,0.272727272727273,0.0454545454545455,0.0454545454545455,0.0454545454545455,0.272727272727273,0.0454545454545455,0.272727272727273,0.0454545454545455,0.0454545454545455,0.0454545454545455,1,0.0454545454545455,0.0454545454545455,0.272727272727273,0.0454545454545455,0.0454545454545455,0.272727272727273,0.0454545454545455,0.272727272727273,0.0454545454545455,0.363636363636364,0.272727272727273,0.0454545454545455,0.272727272727273,0.0454545454545455,0.0454545454545455,0.0454545454545455,0.0454545454545455,0.0454545454545455,0.272727272727273,0.272727272727273,0.272727272727273,0.0454545454545455,0.272727272727273,0.0454545454545455,0.0454545454545455,1,1,1,0.363636363636364,0.363636363636364,0.0454545454545455,0.363636363636364,0.0454545454545455,0.363636363636364,0.363636363636364,0.363636363636364,0.363636363636364,0.363636363636364,0.363636363636364,0.0454545454545455,0.0454545454545455,0.272727272727273,0.0454545454545455,0.272727272727273,0.0454545454545455,0.0454545454545455,0.0454545454545455,0.545454545454545,0.545454545454545,0.545454545454545,0.545454545454545,1
"no",1,1,1,1,1,1,1,1,1,1,1,1,1,1,1,1,1,1,1,1,1,1,1,1,1,1,1,1,1,1,1,1,1,1,0.954545454545455,0.954545454545455,1,1,1,1,1,1,1,1,1,1,1,1,1,1,1,1,1,1,1,1,1,0.636363636363636,0.636363636363636,0.636363636363636,0.636363636363636,0.954545454545455,0.318181818181818,0.318181818181818,0.818181818181818,1,1,0.954545454545455,0.772727272727273,0.954545454545455,1,1,1,0.818181818181818,0.818181818181818,0.227272727272727,0,0,0,0.227272727272727,0,0.227272727272727,0,0,0,0.954545454545455,0,0,0.227272727272727,0,0,0.227272727272727,0,0.227272727272727,0,0.318181818181818,0.227272727272727,0,0.227272727272727,0,0,0,0,0,0.227272727272727,0.227272727272727,0.227272727272727,0,0.227272727272727,0,0,0.954545454545455,0.954545454545455,0.954545454545455,0.318181818181818,0.318181818181818,0,0.318181818181818,0,0.318181818181818,0.318181818181818,0.318181818181818,0.318181818181818,0.318181818181818,0.318181818181818,0,0,0.227272727272727,0,0.227272727272727,0,0,0,0.5,0.5,0.5,0.5,0.954545454545455
"none",1,1,1,1,1,1,1,1,1,1,1,1,1,1,1,1,1,1,1,1,1,1,1,1,1,1,1,1,1,1,1,1,1,1,0.954545454545455,0.954545454545455,1,1,1,1,1,1,1,1,1,1,1,1,1,1,1,1,1,1,1,1,1,0.636363636363636,0.636363636363636,0.636363636363636,0.636363636363636,0.954545454545455,0.318181818181818,0.318181818181818,0.818181818181818,1,1,0.954545454545455,0.772727272727273,0.954545454545455,1,1,1,0.818181818181818,0.818181818181818,0.227272727272727,0,0,0,0.227272727272727,0,0.227272727272727,0,0,0,0.954545454545455,0,0,0.227272727272727,0,0,0.227272727272727,0,0.227272727272727,0,0.318181818181818,0.227272727272727,0,0.227272727272727,0,0,0,0,0,0.227272727272727,0.227272727272727,0.227272727272727,0,0.227272727272727,0,0,0.954545454545455,0.954545454545455,0.954545454545455,0.318181818181818,0.318181818181818,0,0.318181818181818,0,0.318181818181818,0.318181818181818,0.318181818181818,0.318181818181818,0.318181818181818,0.318181818181818,0,0,0.227272727272727,0,0.227272727272727,0,0,0,0.5,0.5,0.5,0.5,0.954545454545455
"nobody",1,1,1,1,1,1,1,1,1,1,1,1,1,1,1,1,1,1,1,1,1,1,1,1,1,1,1,1,1,1,1,1,1,1,0.954545454545455,0.954545454545455,1,1,1,1,1,1,1,1,1,1,1,1,1,1,1,1,1,1,1,1,1,0.636363636363636,0.636363636363636,0.636363636363636,0.636363636363636,0.954545454545455,0.318181818181818,0.318181818181818,0.818181818181818,1,1,0.954545454545455,0.772727272727273,0.954545454545455,1,1,1,0.818181818181818,0.818181818181818,0.227272727272727,0,0,0,0.227272727272727,0,0.227272727272727,0,0,0,0.954545454545455,0,0,0.227272727272727,0,0,0.227272727272727,0,0.227272727272727,0,0.318181818181818,0.227272727272727,0,0.227272727272727,0,0,0,0,0,0.227272727272727,0.227272727272727,0.227272727272727,0,0.227272727272727,0,0,0.954545454545455,0.954545454545455,0.954545454545455,0.318181818181818,0.318181818181818,0,0.318181818181818,0,0.318181818181818,0.318181818181818,0.318181818181818,0.318181818181818,0.318181818181818,0.318181818181818,0,0,0.227272727272727,0,0.227272727272727,0,0,0,0.5,0.5,0.5,0.5,0.954545454545455
"no_one",1,1,1,1,1,1,1,1,1,1,1,1,1,1,1,1,1,1,1,1,1,1,1,1,1,1,1,1,1,1,1,1,1,1,0.954545454545455,0.954545454545455,1,1,1,1,1,1,1,1,1,1,1,1,1,1,1,1,1,1,1,1,1,0.636363636363636,0.636363636363636,0.636363636363636,0.636363636363636,0.954545454545455,0.318181818181818,0.318181818181818,0.818181818181818,1,1,0.954545454545455,0.772727272727273,0.954545454545455,1,1,1,0.818181818181818,0.818181818181818,0.227272727272727,0,0,0,0.227272727272727,0,0.227272727272727,0,0,0,0.954545454545455,0,0,0.227272727272727,0,0,0.227272727272727,0,0.227272727272727,0,0.318181818181818,0.227272727272727,0,0.227272727272727,0,0,0,0,0,0.227272727272727,0.227272727272727,0.227272727272727,0,0.227272727272727,0,0,0.954545454545455,0.954545454545455,0.954545454545455,0.318181818181818,0.318181818181818,0,0.318181818181818,0,0.318181818181818,0.318181818181818,0.318181818181818,0.318181818181818,0.318181818181818,0.318181818181818,0,0,0.227272727272727,0,0.227272727272727,0,0,0,0.5,0.5,0.5,0.5,0.954545454545455
"nothing",1,1,1,1,1,1,1,1,1,1,1,1,1,1,1,1,1,1,1,1,1,1,1,1,1,1,1,1,1,1,1,1,1,1,0.954545454545455,0.954545454545455,1,1,1,1,1,1,1,1,1,1,1,1,1,1,1,1,1,1,1,1,1,0.636363636363636,0.636363636363636,0.636363636363636,0.636363636363636,0.954545454545455,0.318181818181818,0.318181818181818,0.818181818181818,1,1,0.954545454545455,0.772727272727273,0.954545454545455,1,1,1,0.818181818181818,0.818181818181818,0.227272727272727,0,0,0,0.227272727272727,0,0.227272727272727,0,0,0,0.954545454545455,0,0,0.227272727272727,0,0,0.227272727272727,0,0.227272727272727,0,0.318181818181818,0.227272727272727,0,0.227272727272727,0,0,0,0,0,0.227272727272727,0.227272727272727,0.227272727272727,0,0.227272727272727,0,0,0.954545454545455,0.954545454545455,0.954545454545455,0.318181818181818,0.318181818181818,0,0.318181818181818,0,0.318181818181818,0.318181818181818,0.318181818181818,0.318181818181818,0.318181818181818,0.318181818181818,0,0,0.227272727272727,0,0.227272727272727,0,0,0,0.5,0.5,0.5,0.5,0.954545454545455
"nowhere",1,1,1,1,1,1,1,1,1,1,1,1,1,1,1,1,1,1,1,1,1,1,1,1,1,1,1,1,1,1,1,1,1,1,0.954545454545455,0.954545454545455,1,1,1,1,1,1,1,1,1,1,1,1,1,1,1,1,1,1,1,1,1,0.636363636363636,0.636363636363636,0.636363636363636,0.636363636363636,0.954545454545455,0.318181818181818,0.318181818181818,0.818181818181818,1,1,0.954545454545455,0.772727272727273,0.954545454545455,1,1,1,0.818181818181818,0.818181818181818,0.227272727272727,0,0,0,0.227272727272727,0,0.227272727272727,0,0,0,0.954545454545455,0,0,0.227272727272727,0,0,0.227272727272727,0,0.227272727272727,0,0.318181818181818,0.227272727272727,0,0.227272727272727,0,0,0,0,0,0.227272727272727,0.227272727272727,0.227272727272727,0,0.227272727272727,0,0,0.954545454545455,0.954545454545455,0.954545454545455,0.318181818181818,0.318181818181818,0,0.318181818181818,0,0.318181818181818,0.318181818181818,0.318181818181818,0.318181818181818,0.318181818181818,0.318181818181818,0,0,0.227272727272727,0,0.227272727272727,0,0,0,0.5,0.5,0.5,0.5,0.954545454545455
"one_det",1,1,1,1,1,1,1,1,1,1,1,1,1,1,1,1,1,1,1,1,1,1,1,1,1,1,1,1,1,1,1,1,1,1,0.954545454545455,0.954545454545455,1,1,1,1,1,1,1,1,1,1,1,1,1,1,1,1,1,1,1,1,1,0.636363636363636,0.636363636363636,0.636363636363636,0.636363636363636,0.954545454545455,0.318181818181818,0.318181818181818,0.818181818181818,1,1,0.954545454545455,0.772727272727273,0.954545454545455,1,1,1,0.818181818181818,0.818181818181818,0.227272727272727,0,0,0,0.227272727272727,0,0.227272727272727,0,0,0,0.954545454545455,0,0,0.227272727272727,0,0,0.227272727272727,0,0.227272727272727,0,0.318181818181818,0.227272727272727,0,0.227272727272727,0,0,0,0,0,0.227272727272727,0.227272727272727,0.227272727272727,0,0.227272727272727,0,0,0.954545454545455,0.954545454545455,0.954545454545455,0.318181818181818,0.318181818181818,0,0.318181818181818,0,0.318181818181818,0.318181818181818,0.318181818181818,0.318181818181818,0.318181818181818,0.318181818181818,0,0,0.227272727272727,0,0.227272727272727,0,0,0,0.5,0.5,0.5,0.5,0.954545454545455
"two_det",1,1,1,1,1,1,1,1,1,1,1,1,1,1,1,1,1,1,1,1,1,1,1,1,1,1,1,1,1,1,1,1,1,1,0.954545454545455,0.954545454545455,1,1,1,1,1,1,1,1,1,1,1,1,1,1,1,1,1,1,1,1,1,0.636363636363636,0.636363636363636,0.636363636363636,0.636363636363636,0.954545454545455,0.318181818181818,0.318181818181818,0.818181818181818,1,1,0.954545454545455,0.772727272727273,0.954545454545455,1,1,1,0.818181818181818,0.818181818181818,0.227272727272727,0,0,0,0.227272727272727,0,0.227272727272727,0,0,0,0.954545454545455,0,0,0.227272727272727,0,0,0.227272727272727,0,0.227272727272727,0,0.318181818181818,0.227272727272727,0,0.227272727272727,0,0,0,0,0,0.227272727272727,0.227272727272727,0.227272727272727,0,0.227272727272727,0,0,0.954545454545455,0.954545454545455,0.954545454545455,0.318181818181818,0.318181818181818,0,0.318181818181818,0,0.318181818181818,0.318181818181818,0.318181818181818,0.318181818181818,0.318181818181818,0.318181818181818,0,0,0.227272727272727,0,0.227272727272727,0,0,0,0.5,0.5,0.5,0.5,0.954545454545455
"three_det",1,1,1,1,1,1,1,1,1,1,1,1,1,1,1,1,1,1,1,1,1,1,1,1,1,1,1,1,1,1,1,1,1,1,0.954545454545455,0.954545454545455,1,1,1,1,1,1,1,1,1,1,1,1,1,1,1,1,1,1,1,1,1,0.636363636363636,0.636363636363636,0.636363636363636,0.636363636363636,0.954545454545455,0.318181818181818,0.318181818181818,0.818181818181818,1,1,0.954545454545455,0.772727272727273,0.954545454545455,1,1,1,0.818181818181818,0.818181818181818,0.227272727272727,0,0,0,0.227272727272727,0,0.227272727272727,0,0,0,0.954545454545455,0,0,0.227272727272727,0,0,0.227272727272727,0,0.227272727272727,0,0.318181818181818,0.227272727272727,0,0.227272727272727,0,0,0,0,0,0.227272727272727,0.227272727272727,0.227272727272727,0,0.227272727272727,0,0,0.954545454545455,0.954545454545455,0.954545454545455,0.318181818181818,0.318181818181818,0,0.318181818181818,0,0.318181818181818,0.318181818181818,0.318181818181818,0.318181818181818,0.318181818181818,0.318181818181818,0,0,0.227272727272727,0,0.227272727272727,0,0,0,0.5,0.5,0.5,0.5,0.954545454545455
"once",1,1,1,1,1,1,1,1,1,1,1,1,1,1,1,1,1,1,1,1,1,1,1,1,1,1,1,1,1,1,1,1,1,1,0.954545454545455,0.954545454545455,1,1,1,1,1,1,1,1,1,1,1,1,1,1,1,1,1,1,1,1,1,0.636363636363636,0.636363636363636,0.636363636363636,0.636363636363636,0.954545454545455,0.318181818181818,0.318181818181818,0.818181818181818,1,1,0.954545454545455,0.772727272727273,0.954545454545455,1,1,1,0.818181818181818,0.818181818181818,0.227272727272727,0,0,0,0.227272727272727,0,0.227272727272727,0,0,0,0.954545454545455,0,0,0.227272727272727,0,0,0.227272727272727,0,0.227272727272727,0,0.318181818181818,0.227272727272727,0,0.227272727272727,0,0,0,0,0,0.227272727272727,0.227272727272727,0.227272727272727,0,0.227272727272727,0,0,0.954545454545455,0.954545454545455,0.954545454545455,0.318181818181818,0.318181818181818,0,0.318181818181818,0,0.318181818181818,0.318181818181818,0.318181818181818,0.318181818181818,0.318181818181818,0.318181818181818,0,0,0.227272727272727,0,0.227272727272727,0,0,0,0.5,0.5,0.5,0.5,0.954545454545455
"twice",1,1,1,1,1,1,1,1,1,1,1,1,1,1,1,1,1,1,1,1,1,1,1,1,1,1,1,1,1,1,1,1,1,1,0.954545454545455,0.954545454545455,1,1,1,1,1,1,1,1,1,1,1,1,1,1,1,1,1,1,1,1,1,0.636363636363636,0.636363636363636,0.636363636363636,0.636363636363636,0.954545454545455,0.318181818181818,0.318181818181818,0.818181818181818,1,1,0.954545454545455,0.772727272727273,0.954545454545455,1,1,1,0.818181818181818,0.818181818181818,0.227272727272727,0,0,0,0.227272727272727,0,0.227272727272727,0,0,0,0.954545454545455,0,0,0.227272727272727,0,0,0.227272727272727,0,0.227272727272727,0,0.318181818181818,0.227272727272727,0,0.227272727272727,0,0,0,0,0,0.227272727272727,0.227272727272727,0.227272727272727,0,0.227272727272727,0,0,0.954545454545455,0.954545454545455,0.954545454545455,0.318181818181818,0.318181818181818,0,0.318181818181818,0,0.318181818181818,0.318181818181818,0.318181818181818,0.318181818181818,0.318181818181818,0.318181818181818,0,0,0.227272727272727,0,0.227272727272727,0,0,0,0.5,0.5,0.5,0.5,0.954545454545455
"thrice",1,1,1,1,1,1,1,1,1,1,1,1,1,1,1,1,1,1,1,1,1,1,1,1,1,1,1,1,1,1,1,1,1,1,0.954545454545455,0.954545454545455,1,1,1,1,1,1,1,1,1,1,1,1,1,1,1,1,1,1,1,1,1,0.636363636363636,0.636363636363636,0.636363636363636,0.636363636363636,0.954545454545455,0.318181818181818,0.318181818181818,0.818181818181818,1,1,0.954545454545455,0.772727272727273,0.954545454545455,1,1,1,0.818181818181818,0.818181818181818,0.227272727272727,0,0,0,0.227272727272727,0,0.227272727272727,0,0,0,0.954545454545455,0,0,0.227272727272727,0,0,0.227272727272727,0,0.227272727272727,0,0.318181818181818,0.227272727272727,0,0.227272727272727,0,0,0,0,0,0.227272727272727,0.227272727272727,0.227272727272727,0,0.227272727272727,0,0,0.954545454545455,0.954545454545455,0.954545454545455,0.318181818181818,0.318181818181818,0,0.318181818181818,0,0.318181818181818,0.318181818181818,0.318181818181818,0.318181818181818,0.318181818181818,0.318181818181818,0,0,0.227272727272727,0,0.227272727272727,0,0,0,0.5,0.5,0.5,0.5,0.954545454545455
"several",1,1,1,1,1,1,1,1,1,1,1,1,1,1,1,1,1,1,1,1,1,1,1,1,1,1,1,1,1,1,1,1,1,1,0.954545454545455,0.954545454545455,1,1,1,1,1,1,1,1,1,1,1,1,1,1,1,1,1,1,1,1,1,0.636363636363636,0.636363636363636,0.636363636363636,0.636363636363636,0.954545454545455,0.318181818181818,0.318181818181818,0.818181818181818,1,1,0.954545454545455,0.772727272727273,0.954545454545455,1,1,1,0.818181818181818,0.818181818181818,0.227272727272727,0,0,0,0.227272727272727,0,0.227272727272727,0,0,0,0.954545454545455,0,0,0.227272727272727,0,0,0.227272727272727,0,0.227272727272727,0,0.318181818181818,0.227272727272727,0,0.227272727272727,0,0,0,0,0,0.227272727272727,0.227272727272727,0.227272727272727,0,0.227272727272727,0,0,0.954545454545455,0.954545454545455,0.954545454545455,0.318181818181818,0.318181818181818,0,0.318181818181818,0,0.318181818181818,0.318181818181818,0.318181818181818,0.318181818181818,0.318181818181818,0.318181818181818,0,0,0.227272727272727,0,0.227272727272727,0,0,0,0.5,0.5,0.5,0.5,0.954545454545455
"some",1,1,1,1,1,1,1,1,1,1,1,1,1,1,1,1,1,1,1,1,1,1,1,1,1,1,1,1,1,1,1,1,1,1,0.954545454545455,0.954545454545455,1,1,1,1,1,1,1,1,1,1,1,1,1,1,1,1,1,1,1,1,1,0.636363636363636,0.636363636363636,0.636363636363636,0.636363636363636,0.954545454545455,0.318181818181818,0.318181818181818,0.818181818181818,1,1,0.954545454545455,0.772727272727273,0.954545454545455,1,1,1,0.818181818181818,0.818181818181818,0.227272727272727,0,0,0,0.227272727272727,0,0.227272727272727,0,0,0,0.954545454545455,0,0,0.227272727272727,0,0,0.227272727272727,0,0.227272727272727,0,0.318181818181818,0.227272727272727,0,0.227272727272727,0,0,0,0,0,0.227272727272727,0.227272727272727,0.227272727272727,0,0.227272727272727,0,0,0.954545454545455,0.954545454545455,0.954545454545455,0.318181818181818,0.318181818181818,0,0.318181818181818,0,0.318181818181818,0.318181818181818,0.318181818181818,0.318181818181818,0.318181818181818,0.318181818181818,0,0,0.227272727272727,0,0.227272727272727,0,0,0,0.5,0.5,0.5,0.5,0.954545454545455
"somebody",1,1,1,1,1,1,1,1,1,1,1,1,1,1,1,1,1,1,1,1,1,1,1,1,1,1,1,1,1,1,1,1,1,1,0.954545454545455,0.954545454545455,1,1,1,1,1,1,1,1,1,1,1,1,1,1,1,1,1,1,1,1,1,0.636363636363636,0.636363636363636,0.636363636363636,0.636363636363636,0.954545454545455,0.318181818181818,0.318181818181818,0.818181818181818,1,1,0.954545454545455,0.772727272727273,0.954545454545455,1,1,1,0.818181818181818,0.818181818181818,0.227272727272727,0,0,0,0.227272727272727,0,0.227272727272727,0,0,0,0.954545454545455,0,0,0.227272727272727,0,0,0.227272727272727,0,0.227272727272727,0,0.318181818181818,0.227272727272727,0,0.227272727272727,0,0,0,0,0,0.227272727272727,0.227272727272727,0.227272727272727,0,0.227272727272727,0,0,0.954545454545455,0.954545454545455,0.954545454545455,0.318181818181818,0.318181818181818,0,0.318181818181818,0,0.318181818181818,0.318181818181818,0.318181818181818,0.318181818181818,0.318181818181818,0.318181818181818,0,0,0.227272727272727,0,0.227272727272727,0,0,0,0.5,0.5,0.5,0.5,0.954545454545455
"someone",1,1,1,1,1,1,1,1,1,1,1,1,1,1,1,1,1,1,1,1,1,1,1,1,1,1,1,1,1,1,1,1,1,1,0.954545454545455,0.954545454545455,1,1,1,1,1,1,1,1,1,1,1,1,1,1,1,1,1,1,1,1,1,0.636363636363636,0.636363636363636,0.636363636363636,0.636363636363636,0.954545454545455,0.318181818181818,0.318181818181818,0.818181818181818,1,1,0.954545454545455,0.772727272727273,0.954545454545455,1,1,1,0.818181818181818,0.818181818181818,0.227272727272727,0,0,0,0.227272727272727,0,0.227272727272727,0,0,0,0.954545454545455,0,0,0.227272727272727,0,0,0.227272727272727,0,0.227272727272727,0,0.318181818181818,0.227272727272727,0,0.227272727272727,0,0,0,0,0,0.227272727272727,0.227272727272727,0.227272727272727,0,0.227272727272727,0,0,0.954545454545455,0.954545454545455,0.954545454545455,0.318181818181818,0.318181818181818,0,0.318181818181818,0,0.318181818181818,0.318181818181818,0.318181818181818,0.318181818181818,0.318181818181818,0.318181818181818,0,0,0.227272727272727,0,0.227272727272727,0,0,0,0.5,0.5,0.5,0.5,0.954545454545455
"something",1,1,1,1,1,1,1,1,1,1,1,1,1,1,1,1,1,1,1,1,1,1,1,1,1,1,1,1,1,1,1,1,1,1,0.954545454545455,0.954545454545455,1,1,1,1,1,1,1,1,1,1,1,1,1,1,1,1,1,1,1,1,1,0.636363636363636,0.636363636363636,0.636363636363636,0.636363636363636,0.954545454545455,0.318181818181818,0.318181818181818,0.818181818181818,1,1,0.954545454545455,0.772727272727273,0.954545454545455,1,1,1,0.818181818181818,0.818181818181818,0.227272727272727,0,0,0,0.227272727272727,0,0.227272727272727,0,0,0,0.954545454545455,0,0,0.227272727272727,0,0,0.227272727272727,0,0.227272727272727,0,0.318181818181818,0.227272727272727,0,0.227272727272727,0,0,0,0,0,0.227272727272727,0.227272727272727,0.227272727272727,0,0.227272727272727,0,0,0.954545454545455,0.954545454545455,0.954545454545455,0.318181818181818,0.318181818181818,0,0.318181818181818,0,0.318181818181818,0.318181818181818,0.318181818181818,0.318181818181818,0.318181818181818,0.318181818181818,0,0,0.227272727272727,0,0.227272727272727,0,0,0,0.5,0.5,0.5,0.5,0.954545454545455
"somewhere",1,1,1,1,1,1,1,1,1,1,1,1,1,1,1,1,1,1,1,1,1,1,1,1,1,1,1,1,1,1,1,1,1,1,0.954545454545455,0.954545454545455,1,1,1,1,1,1,1,1,1,1,1,1,1,1,1,1,1,1,1,1,1,0.636363636363636,0.636363636363636,0.636363636363636,0.636363636363636,0.954545454545455,0.318181818181818,0.318181818181818,0.818181818181818,1,1,0.954545454545455,0.772727272727273,0.954545454545455,1,1,1,0.818181818181818,0.818181818181818,0.227272727272727,0,0,0,0.227272727272727,0,0.227272727272727,0,0,0,0.954545454545455,0,0,0.227272727272727,0,0,0.227272727272727,0,0.227272727272727,0,0.318181818181818,0.227272727272727,0,0.227272727272727,0,0,0,0,0,0.227272727272727,0.227272727272727,0.227272727272727,0,0.227272727272727,0,0,0.954545454545455,0.954545454545455,0.954545454545455,0.318181818181818,0.318181818181818,0,0.318181818181818,0,0.318181818181818,0.318181818181818,0.318181818181818,0.318181818181818,0.318181818181818,0.318181818181818,0,0,0.227272727272727,0,0.227272727272727,0,0,0,0.5,0.5,0.5,0.5,0.954545454545455
"somewhat",1,1,1,1,1,1,1,1,1,1,1,1,1,1,1,1,1,1,1,1,1,1,1,1,1,1,1,1,1,1,1,1,1,1,0.954545454545455,0.954545454545455,1,1,1,1,1,1,1,1,1,1,1,1,1,1,1,1,1,1,1,1,1,0.636363636363636,0.636363636363636,0.636363636363636,0.636363636363636,0.954545454545455,0.318181818181818,0.318181818181818,0.818181818181818,1,1,0.954545454545455,0.772727272727273,0.954545454545455,1,1,1,0.818181818181818,0.818181818181818,0.227272727272727,0,0,0,0.227272727272727,0,0.227272727272727,0,0,0,0.954545454545455,0,0,0.227272727272727,0,0,0.227272727272727,0,0.227272727272727,0,0.318181818181818,0.227272727272727,0,0.227272727272727,0,0,0,0,0,0.227272727272727,0.227272727272727,0.227272727272727,0,0.227272727272727,0,0,0.954545454545455,0.954545454545455,0.954545454545455,0.318181818181818,0.318181818181818,0,0.318181818181818,0,0.318181818181818,0.318181818181818,0.318181818181818,0.318181818181818,0.318181818181818,0.318181818181818,0,0,0.227272727272727,0,0.227272727272727,0,0,0,0.5,0.5,0.5,0.5,0.954545454545455
"such",1,1,1,1,1,1,1,1,1,1,1,1,1,1,1,1,1,1,1,1,1,1,1,1,1,1,1,1,1,1,1,1,1,1,0.954545454545455,0.954545454545455,1,1,1,1,1,1,1,1,1,1,1,1,1,1,1,1,1,1,1,1,1,0.636363636363636,0.636363636363636,0.636363636363636,0.636363636363636,0.954545454545455,0.318181818181818,0.318181818181818,0.818181818181818,1,1,0.954545454545455,0.772727272727273,0.954545454545455,1,1,1,0.818181818181818,0.818181818181818,0.227272727272727,0,0,0,0.227272727272727,0,0.227272727272727,0,0,0,0.954545454545455,0,0,0.227272727272727,0,0,0.227272727272727,0,0.227272727272727,0,0.318181818181818,0.227272727272727,0,0.227272727272727,0,0,0,0,0,0.227272727272727,0.227272727272727,0.227272727272727,0,0.227272727272727,0,0,0.954545454545455,0.954545454545455,0.954545454545455,0.318181818181818,0.318181818181818,0,0.318181818181818,0,0.318181818181818,0.318181818181818,0.318181818181818,0.318181818181818,0.318181818181818,0.318181818181818,0,0,0.227272727272727,0,0.227272727272727,0,0,0,0.5,0.5,0.5,0.5,0.954545454545455
"sufficient",1,1,1,1,1,1,1,1,1,1,1,1,1,1,1,1,1,1,1,1,1,1,1,1,1,1,1,1,1,1,1,1,1,1,0.954545454545455,0.954545454545455,1,1,1,1,1,1,1,1,1,1,1,1,1,1,1,1,1,1,1,1,1,0.636363636363636,0.636363636363636,0.636363636363636,0.636363636363636,0.954545454545455,0.318181818181818,0.318181818181818,0.818181818181818,1,1,0.954545454545455,0.772727272727273,0.954545454545455,1,1,1,0.818181818181818,0.818181818181818,0.227272727272727,0,0,0,0.227272727272727,0,0.227272727272727,0,0,0,0.954545454545455,0,0,0.227272727272727,0,0,0.227272727272727,0,0.227272727272727,0,0.318181818181818,0.227272727272727,0,0.227272727272727,0,0,0,0,0,0.227272727272727,0.227272727272727,0.227272727272727,0,0.227272727272727,0,0,0.954545454545455,0.954545454545455,0.954545454545455,0.318181818181818,0.318181818181818,0,0.318181818181818,0,0.318181818181818,0.318181818181818,0.318181818181818,0.318181818181818,0.318181818181818,0.318181818181818,0,0,0.227272727272727,0,0.227272727272727,0,0,0,0.5,0.5,0.5,0.5,0.954545454545455
"that",0.636363636363636,0.636363636363636,0.636363636363636,0.636363636363636,0.636363636363636,0.636363636363636,0.636363636363636,0.636363636363636,0.636363636363636,0.636363636363636,0.636363636363636,0.636363636363636,0.636363636363636,0.636363636363636,0.636363636363636,0.636363636363636,0.636363636363636,0.636363636363636,0.636363636363636,0.636363636363636,0.636363636363636,0.636363636363636,0.636363636363636,0.636363636363636,0.636363636363636,0.636363636363636,0.636363636363636,0.636363636363636,0.636363636363636,0.636363636363636,0.636363636363636,0.636363636363636,0.636363636363636,0.636363636363636,0.681818181818182,0.681818181818182,0.636363636363636,0.636363636363636,0.636363636363636,0.636363636363636,0.636363636363636,0.636363636363636,0.636363636363636,0.636363636363636,0.636363636363636,0.636363636363636,0.636363636363636,0.636363636363636,0.636363636363636,0.636363636363636,0.636363636363636,0.636363636363636,0.636363636363636,0.636363636363636,0.636363636363636,0.636363636363636,0.636363636363636,1,1,1,1,0.681818181818182,0.0454545454545455,0.0454545454545455,0.545454545454545,0.636363636363636,0.636363636363636,0.681818181818182,0.863636363636364,0.681818181818182,0.636363636363636,0.636363636363636,0.636363636363636,0.545454545454545,0.545454545454545,0.136363636363636,0.363636363636364,0.363636363636364,0.363636363636364,0.136363636363636,0.363636363636364,0.136363636363636,0.363636363636364,0.363636363636364,0.363636363636364,0.681818181818182,0.363636363636364,0.363636363636364,0.136363636363636,0.363636363636364,0.363636363636364,0.136363636363636,0.363636363636364,0.590909090909091,0.363636363636364,0.0454545454545455,0.136363636363636,0.363636363636364,0.136363636363636,0.363636363636364,0.363636363636364,0.363636363636364,0.363636363636364,0.363636363636364,0.136363636363636,0.136363636363636,0.136363636363636,0.363636363636364,0.136363636363636,0.363636363636364,0.363636363636364,0.681818181818182,0.681818181818182,0.681818181818182,0.0454545454545455,0.0454545454545455,0.363636363636364,0.0454545454545455,0.363636363636364,0.0454545454545455,0.0454545454545455,0.0454545454545455,0.0454545454545455,0.0454545454545455,0.0454545454545455,0.363636363636364,0.363636363636364,0.136363636363636,0.363636363636364,0.136363636363636,0.363636363636364,0.363636363636364,0.363636363636364,0.863636363636364,0.863636363636364,0.863636363636364,0.863636363636364,0.681818181818182
"these",0.636363636363636,0.636363636363636,0.636363636363636,0.636363636363636,0.636363636363636,0.636363636363636,0.636363636363636,0.636363636363636,0.636363636363636,0.636363636363636,0.636363636363636,0.636363636363636,0.636363636363636,0.636363636363636,0.636363636363636,0.636363636363636,0.636363636363636,0.636363636363636,0.636363636363636,0.636363636363636,0.636363636363636,0.636363636363636,0.636363636363636,0.636363636363636,0.636363636363636,0.636363636363636,0.636363636363636,0.636363636363636,0.636363636363636,0.636363636363636,0.636363636363636,0.636363636363636,0.636363636363636,0.636363636363636,0.681818181818182,0.681818181818182,0.636363636363636,0.636363636363636,0.636363636363636,0.636363636363636,0.636363636363636,0.636363636363636,0.636363636363636,0.636363636363636,0.636363636363636,0.636363636363636,0.636363636363636,0.636363636363636,0.636363636363636,0.636363636363636,0.636363636363636,0.636363636363636,0.636363636363636,0.636363636363636,0.636363636363636,0.636363636363636,0.636363636363636,1,1,1,1,0.681818181818182,0.0454545454545455,0.0454545454545455,0.545454545454545,0.636363636363636,0.636363636363636,0.681818181818182,0.863636363636364,0.681818181818182,0.636363636363636,0.636363636363636,0.636363636363636,0.545454545454545,0.545454545454545,0.136363636363636,0.363636363636364,0.363636363636364,0.363636363636364,0.136363636363636,0.363636363636364,0.136363636363636,0.363636363636364,0.363636363636364,0.363636363636364,0.681818181818182,0.363636363636364,0.363636363636364,0.136363636363636,0.363636363636364,0.363636363636364,0.136363636363636,0.363636363636364,0.590909090909091,0.363636363636364,0.0454545454545455,0.136363636363636,0.363636363636364,0.136363636363636,0.363636363636364,0.363636363636364,0.363636363636364,0.363636363636364,0.363636363636364,0.136363636363636,0.136363636363636,0.136363636363636,0.363636363636364,0.136363636363636,0.363636363636364,0.363636363636364,0.681818181818182,0.681818181818182,0.681818181818182,0.0454545454545455,0.0454545454545455,0.363636363636364,0.0454545454545455,0.363636363636364,0.0454545454545455,0.0454545454545455,0.0454545454545455,0.0454545454545455,0.0454545454545455,0.0454545454545455,0.363636363636364,0.363636363636364,0.136363636363636,0.363636363636364,0.136363636363636,0.363636363636364,0.363636363636364,0.363636363636364,0.863636363636364,0.863636363636364,0.863636363636364,0.863636363636364,0.681818181818182
"this",0.636363636363636,0.636363636363636,0.636363636363636,0.636363636363636,0.636363636363636,0.636363636363636,0.636363636363636,0.636363636363636,0.636363636363636,0.636363636363636,0.636363636363636,0.636363636363636,0.636363636363636,0.636363636363636,0.636363636363636,0.636363636363636,0.636363636363636,0.636363636363636,0.636363636363636,0.636363636363636,0.636363636363636,0.636363636363636,0.636363636363636,0.636363636363636,0.636363636363636,0.636363636363636,0.636363636363636,0.636363636363636,0.636363636363636,0.636363636363636,0.636363636363636,0.636363636363636,0.636363636363636,0.636363636363636,0.681818181818182,0.681818181818182,0.636363636363636,0.636363636363636,0.636363636363636,0.636363636363636,0.636363636363636,0.636363636363636,0.636363636363636,0.636363636363636,0.636363636363636,0.636363636363636,0.636363636363636,0.636363636363636,0.636363636363636,0.636363636363636,0.636363636363636,0.636363636363636,0.636363636363636,0.636363636363636,0.636363636363636,0.636363636363636,0.636363636363636,1,1,1,1,0.681818181818182,0.0454545454545455,0.0454545454545455,0.545454545454545,0.636363636363636,0.636363636363636,0.681818181818182,0.863636363636364,0.681818181818182,0.636363636363636,0.636363636363636,0.636363636363636,0.545454545454545,0.545454545454545,0.136363636363636,0.363636363636364,0.363636363636364,0.363636363636364,0.136363636363636,0.363636363636364,0.136363636363636,0.363636363636364,0.363636363636364,0.363636363636364,0.681818181818182,0.363636363636364,0.363636363636364,0.136363636363636,0.363636363636364,0.363636363636364,0.136363636363636,0.363636363636364,0.590909090909091,0.363636363636364,0.0454545454545455,0.136363636363636,0.363636363636364,0.136363636363636,0.363636363636364,0.363636363636364,0.363636363636364,0.363636363636364,0.363636363636364,0.136363636363636,0.136363636363636,0.136363636363636,0.363636363636364,0.136363636363636,0.363636363636364,0.363636363636364,0.681818181818182,0.681818181818182,0.681818181818182,0.0454545454545455,0.0454545454545455,0.363636363636364,0.0454545454545455,0.363636363636364,0.0454545454545455,0.0454545454545455,0.0454545454545455,0.0454545454545455,0.0454545454545455,0.0454545454545455,0.363636363636364,0.363636363636364,0.136363636363636,0.363636363636364,0.136363636363636,0.363636363636364,0.363636363636364,0.363636363636364,0.863636363636364,0.863636363636364,0.863636363636364,0.863636363636364,0.681818181818182
"those",0.636363636363636,0.636363636363636,0.636363636363636,0.636363636363636,0.636363636363636,0.636363636363636,0.636363636363636,0.636363636363636,0.636363636363636,0.636363636363636,0.636363636363636,0.636363636363636,0.636363636363636,0.636363636363636,0.636363636363636,0.636363636363636,0.636363636363636,0.636363636363636,0.636363636363636,0.636363636363636,0.636363636363636,0.636363636363636,0.636363636363636,0.636363636363636,0.636363636363636,0.636363636363636,0.636363636363636,0.636363636363636,0.636363636363636,0.636363636363636,0.636363636363636,0.636363636363636,0.636363636363636,0.636363636363636,0.681818181818182,0.681818181818182,0.636363636363636,0.636363636363636,0.636363636363636,0.636363636363636,0.636363636363636,0.636363636363636,0.636363636363636,0.636363636363636,0.636363636363636,0.636363636363636,0.636363636363636,0.636363636363636,0.636363636363636,0.636363636363636,0.636363636363636,0.636363636363636,0.636363636363636,0.636363636363636,0.636363636363636,0.636363636363636,0.636363636363636,1,1,1,1,0.681818181818182,0.0454545454545455,0.0454545454545455,0.545454545454545,0.636363636363636,0.636363636363636,0.681818181818182,0.863636363636364,0.681818181818182,0.636363636363636,0.636363636363636,0.636363636363636,0.545454545454545,0.545454545454545,0.136363636363636,0.363636363636364,0.363636363636364,0.363636363636364,0.136363636363636,0.363636363636364,0.136363636363636,0.363636363636364,0.363636363636364,0.363636363636364,0.681818181818182,0.363636363636364,0.363636363636364,0.136363636363636,0.363636363636364,0.363636363636364,0.136363636363636,0.363636363636364,0.590909090909091,0.363636363636364,0.0454545454545455,0.136363636363636,0.363636363636364,0.136363636363636,0.363636363636364,0.363636363636364,0.363636363636364,0.363636363636364,0.363636363636364,0.136363636363636,0.136363636363636,0.136363636363636,0.363636363636364,0.136363636363636,0.363636363636364,0.363636363636364,0.681818181818182,0.681818181818182,0.681818181818182,0.0454545454545455,0.0454545454545455,0.363636363636364,0.0454545454545455,0.363636363636364,0.0454545454545455,0.0454545454545455,0.0454545454545455,0.0454545454545455,0.0454545454545455,0.0454545454545455,0.363636363636364,0.363636363636364,0.136363636363636,0.363636363636364,0.136363636363636,0.363636363636364,0.363636363636364,0.363636363636364,0.863636363636364,0.863636363636364,0.863636363636364,0.863636363636364,0.681818181818182
"the",0.954545454545455,0.954545454545455,0.954545454545455,0.954545454545455,0.954545454545455,0.954545454545455,0.954545454545455,0.954545454545455,0.954545454545455,0.954545454545455,0.954545454545455,0.954545454545455,0.954545454545455,0.954545454545455,0.954545454545455,0.954545454545455,0.954545454545455,0.954545454545455,0.954545454545455,0.954545454545455,0.954545454545455,0.954545454545455,0.954545454545455,0.954545454545455,0.954545454545455,0.954545454545455,0.954545454545455,0.954545454545455,0.954545454545455,0.954545454545455,0.954545454545455,0.954545454545455,0.954545454545455,0.954545454545455,1,1,0.954545454545455,0.954545454545455,0.954545454545455,0.954545454545455,0.954545454545455,0.954545454545455,0.954545454545455,0.954545454545455,0.954545454545455,0.954545454545455,0.954545454545455,0.954545454545455,0.954545454545455,0.954545454545455,0.954545454545455,0.954545454545455,0.954545454545455,0.954545454545455,0.954545454545455,0.954545454545455,0.954545454545455,0.681818181818182,0.681818181818182,0.681818181818182,0.681818181818182,1,0.363636363636364,0.363636363636364,0.863636363636364,0.954545454545455,0.954545454545455,1,0.727272727272727,1,0.954545454545455,0.954545454545455,0.954545454545455,0.863636363636364,0.863636363636364,0.272727272727273,0.0454545454545455,0.0454545454545455,0.0454545454545455,0.272727272727273,0.0454545454545455,0.272727272727273,0.0454545454545455,0.0454545454545455,0.0454545454545455,1,0.0454545454545455,0.0454545454545455,0.272727272727273,0.0454545454545455,0.0454545454545455,0.272727272727273,0.0454545454545455,0.272727272727273,0.0454545454545455,0.363636363636364,0.272727272727273,0.0454545454545455,0.272727272727273,0.0454545454545455,0.0454545454545455,0.0454545454545455,0.0454545454545455,0.0454545454545455,0.272727272727273,0.272727272727273,0.272727272727273,0.0454545454545455,0.272727272727273,0.0454545454545455,0.0454545454545455,1,1,1,0.363636363636364,0.363636363636364,0.0454545454545455,0.363636363636364,0.0454545454545455,0.363636363636364,0.363636363636364,0.363636363636364,0.363636363636364,0.363636363636364,0.363636363636364,0.0454545454545455,0.0454545454545455,0.272727272727273,0.0454545454545455,0.272727272727273,0.0454545454545455,0.0454545454545455,0.0454545454545455,0.545454545454545,0.545454545454545,0.545454545454545,0.545454545454545,1
"us_det",0.318181818181818,0.318181818181818,0.318181818181818,0.318181818181818,0.318181818181818,0.318181818181818,0.318181818181818,0.318181818181818,0.318181818181818,0.318181818181818,0.318181818181818,0.318181818181818,0.318181818181818,0.318181818181818,0.318181818181818,0.318181818181818,0.318181818181818,0.318181818181818,0.318181818181818,0.318181818181818,0.318181818181818,0.318181818181818,0.318181818181818,0.318181818181818,0.318181818181818,0.318181818181818,0.318181818181818,0.318181818181818,0.318181818181818,0.318181818181818,0.318181818181818,0.318181818181818,0.318181818181818,0.318181818181818,0.363636363636364,0.363636363636364,0.318181818181818,0.318181818181818,0.318181818181818,0.318181818181818,0.318181818181818,0.318181818181818,0.318181818181818,0.318181818181818,0.318181818181818,0.318181818181818,0.318181818181818,0.318181818181818,0.318181818181818,0.318181818181818,0.318181818181818,0.318181818181818,0.318181818181818,0.318181818181818,0.318181818181818,0.318181818181818,0.318181818181818,0.0454545454545455,0.0454545454545455,0.0454545454545455,0.0454545454545455,0.363636363636364,1,1,0.5,0.318181818181818,0.318181818181818,0.363636363636364,0.0909090909090909,0.363636363636364,0.318181818181818,0.318181818181818,0.318181818181818,0.5,0.5,0.909090909090909,0.681818181818182,0.681818181818182,0.681818181818182,0.909090909090909,0.681818181818182,0.909090909090909,0.681818181818182,0.681818181818182,0.681818181818182,0.363636363636364,0.681818181818182,0.681818181818182,0.909090909090909,0.681818181818182,0.681818181818182,0.909090909090909,0.681818181818182,0.454545454545455,0.681818181818182,1,0.909090909090909,0.681818181818182,0.909090909090909,0.681818181818182,0.681818181818182,0.681818181818182,0.681818181818182,0.681818181818182,0.909090909090909,0.909090909090909,0.909090909090909,0.681818181818182,0.909090909090909,0.681818181818182,0.681818181818182,0.363636363636364,0.363636363636364,0.363636363636364,1,1,0.681818181818182,1,0.681818181818182,1,1,1,1,1,1,0.681818181818182,0.681818181818182,0.909090909090909,0.681818181818182,0.909090909090909,0.681818181818182,0.681818181818182,0.681818181818182,0.181818181818182,0.181818181818182,0.181818181818182,0.181818181818182,0.363636363636364
"we_det",0.318181818181818,0.318181818181818,0.318181818181818,0.318181818181818,0.318181818181818,0.318181818181818,0.318181818181818,0.318181818181818,0.318181818181818,0.318181818181818,0.318181818181818,0.318181818181818,0.318181818181818,0.318181818181818,0.318181818181818,0.318181818181818,0.318181818181818,0.318181818181818,0.318181818181818,0.318181818181818,0.318181818181818,0.318181818181818,0.318181818181818,0.318181818181818,0.318181818181818,0.318181818181818,0.318181818181818,0.318181818181818,0.318181818181818,0.318181818181818,0.318181818181818,0.318181818181818,0.318181818181818,0.318181818181818,0.363636363636364,0.363636363636364,0.318181818181818,0.318181818181818,0.318181818181818,0.318181818181818,0.318181818181818,0.318181818181818,0.318181818181818,0.318181818181818,0.318181818181818,0.318181818181818,0.318181818181818,0.318181818181818,0.318181818181818,0.318181818181818,0.318181818181818,0.318181818181818,0.318181818181818,0.318181818181818,0.318181818181818,0.318181818181818,0.318181818181818,0.0454545454545455,0.0454545454545455,0.0454545454545455,0.0454545454545455,0.363636363636364,1,1,0.5,0.318181818181818,0.318181818181818,0.363636363636364,0.0909090909090909,0.363636363636364,0.318181818181818,0.318181818181818,0.318181818181818,0.5,0.5,0.909090909090909,0.681818181818182,0.681818181818182,0.681818181818182,0.909090909090909,0.681818181818182,0.909090909090909,0.681818181818182,0.681818181818182,0.681818181818182,0.363636363636364,0.681818181818182,0.681818181818182,0.909090909090909,0.681818181818182,0.681818181818182,0.909090909090909,0.681818181818182,0.454545454545455,0.681818181818182,1,0.909090909090909,0.681818181818182,0.909090909090909,0.681818181818182,0.681818181818182,0.681818181818182,0.681818181818182,0.681818181818182,0.909090909090909,0.909090909090909,0.909090909090909,0.681818181818182,0.909090909090909,0.681818181818182,0.681818181818182,0.363636363636364,0.363636363636364,0.363636363636364,1,1,0.681818181818182,1,0.681818181818182,1,1,1,1,1,1,0.681818181818182,0.681818181818182,0.909090909090909,0.681818181818182,0.909090909090909,0.681818181818182,0.681818181818182,0.681818181818182,0.181818181818182,0.181818181818182,0.181818181818182,0.181818181818182,0.363636363636364
"you_det",0.818181818181818,0.818181818181818,0.818181818181818,0.818181818181818,0.818181818181818,0.818181818181818,0.818181818181818,0.818181818181818,0.818181818181818,0.818181818181818,0.818181818181818,0.818181818181818,0.818181818181818,0.818181818181818,0.818181818181818,0.818181818181818,0.818181818181818,0.818181818181818,0.818181818181818,0.818181818181818,0.818181818181818,0.818181818181818,0.818181818181818,0.818181818181818,0.818181818181818,0.818181818181818,0.818181818181818,0.818181818181818,0.818181818181818,0.818181818181818,0.818181818181818,0.818181818181818,0.818181818181818,0.818181818181818,0.863636363636364,0.863636363636364,0.818181818181818,0.818181818181818,0.818181818181818,0.818181818181818,0.818181818181818,0.818181818181818,0.818181818181818,0.818181818181818,0.818181818181818,0.818181818181818,0.818181818181818,0.818181818181818,0.818181818181818,0.818181818181818,0.818181818181818,0.818181818181818,0.818181818181818,0.818181818181818,0.818181818181818,0.818181818181818,0.818181818181818,0.545454545454545,0.545454545454545,0.545454545454545,0.545454545454545,0.863636363636364,0.5,0.5,1,0.818181818181818,0.818181818181818,0.863636363636364,0.590909090909091,0.863636363636364,0.818181818181818,0.818181818181818,0.818181818181818,0.818181818181818,0.818181818181818,0.409090909090909,0.181818181818182,0.181818181818182,0.181818181818182,0.409090909090909,0.181818181818182,0.409090909090909,0.181818181818182,0.181818181818182,0.181818181818182,0.863636363636364,0.181818181818182,0.181818181818182,0.409090909090909,0.181818181818182,0.181818181818182,0.409090909090909,0.181818181818182,0.409090909090909,0.181818181818182,0.5,0.409090909090909,0.181818181818182,0.409090909090909,0.181818181818182,0.181818181818182,0.181818181818182,0.181818181818182,0.181818181818182,0.409090909090909,0.409090909090909,0.409090909090909,0.181818181818182,0.409090909090909,0.181818181818182,0.181818181818182,0.863636363636364,0.863636363636364,0.863636363636364,0.5,0.5,0.181818181818182,0.5,0.181818181818182,0.5,0.5,0.5,0.5,0.5,0.5,0.181818181818182,0.181818181818182,0.409090909090909,0.181818181818182,0.409090909090909,0.181818181818182,0.181818181818182,0.181818181818182,0.5,0.5,0.5,0.5,0.863636363636364
"what_det",1,1,1,1,1,1,1,1,1,1,1,1,1,1,1,1,1,1,1,1,1,1,1,1,1,1,1,1,1,1,1,1,1,1,0.954545454545455,0.954545454545455,1,1,1,1,1,1,1,1,1,1,1,1,1,1,1,1,1,1,1,1,1,0.636363636363636,0.636363636363636,0.636363636363636,0.636363636363636,0.954545454545455,0.318181818181818,0.318181818181818,0.818181818181818,1,1,0.954545454545455,0.772727272727273,0.954545454545455,1,1,1,0.818181818181818,0.818181818181818,0.227272727272727,0,0,0,0.227272727272727,0,0.227272727272727,0,0,0,0.954545454545455,0,0,0.227272727272727,0,0,0.227272727272727,0,0.227272727272727,0,0.318181818181818,0.227272727272727,0,0.227272727272727,0,0,0,0,0,0.227272727272727,0.227272727272727,0.227272727272727,0,0.227272727272727,0,0,0.954545454545455,0.954545454545455,0.954545454545455,0.318181818181818,0.318181818181818,0,0.318181818181818,0,0.318181818181818,0.318181818181818,0.318181818181818,0.318181818181818,0.318181818181818,0.318181818181818,0,0,0.227272727272727,0,0.227272727272727,0,0,0,0.5,0.5,0.5,0.5,0.954545454545455
"whatever_det",1,1,1,1,1,1,1,1,1,1,1,1,1,1,1,1,1,1,1,1,1,1,1,1,1,1,1,1,1,1,1,1,1,1,0.954545454545455,0.954545454545455,1,1,1,1,1,1,1,1,1,1,1,1,1,1,1,1,1,1,1,1,1,0.636363636363636,0.636363636363636,0.636363636363636,0.636363636363636,0.954545454545455,0.318181818181818,0.318181818181818,0.818181818181818,1,1,0.954545454545455,0.772727272727273,0.954545454545455,1,1,1,0.818181818181818,0.818181818181818,0.227272727272727,0,0,0,0.227272727272727,0,0.227272727272727,0,0,0,0.954545454545455,0,0,0.227272727272727,0,0,0.227272727272727,0,0.227272727272727,0,0.318181818181818,0.227272727272727,0,0.227272727272727,0,0,0,0,0,0.227272727272727,0.227272727272727,0.227272727272727,0,0.227272727272727,0,0,0.954545454545455,0.954545454545455,0.954545454545455,0.318181818181818,0.318181818181818,0,0.318181818181818,0,0.318181818181818,0.318181818181818,0.318181818181818,0.318181818181818,0.318181818181818,0.318181818181818,0,0,0.227272727272727,0,0.227272727272727,0,0,0,0.5,0.5,0.5,0.5,0.954545454545455
"which_rel_det",0.954545454545455,0.954545454545455,0.954545454545455,0.954545454545455,0.954545454545455,0.954545454545455,0.954545454545455,0.954545454545455,0.954545454545455,0.954545454545455,0.954545454545455,0.954545454545455,0.954545454545455,0.954545454545455,0.954545454545455,0.954545454545455,0.954545454545455,0.954545454545455,0.954545454545455,0.954545454545455,0.954545454545455,0.954545454545455,0.954545454545455,0.954545454545455,0.954545454545455,0.954545454545455,0.954545454545455,0.954545454545455,0.954545454545455,0.954545454545455,0.954545454545455,0.954545454545455,0.954545454545455,0.954545454545455,1,1,0.954545454545455,0.954545454545455,0.954545454545455,0.954545454545455,0.954545454545455,0.954545454545455,0.954545454545455,0.954545454545455,0.954545454545455,0.954545454545455,0.954545454545455,0.954545454545455,0.954545454545455,0.954545454545455,0.954545454545455,0.954545454545455,0.954545454545455,0.954545454545455,0.954545454545455,0.954545454545455,0.954545454545455,0.681818181818182,0.681818181818182,0.681818181818182,0.681818181818182,1,0.363636363636364,0.363636363636364,0.863636363636364,0.954545454545455,0.954545454545455,1,0.727272727272727,1,0.954545454545455,0.954545454545455,0.954545454545455,0.863636363636364,0.863636363636364,0.272727272727273,0.0454545454545455,0.0454545454545455,0.0454545454545455,0.272727272727273,0.0454545454545455,0.272727272727273,0.0454545454545455,0.0454545454545455,0.0454545454545455,1,0.0454545454545455,0.0454545454545455,0.272727272727273,0.0454545454545455,0.0454545454545455,0.272727272727273,0.0454545454545455,0.272727272727273,0.0454545454545455,0.363636363636364,0.272727272727273,0.0454545454545455,0.272727272727273,0.0454545454545455,0.0454545454545455,0.0454545454545455,0.0454545454545455,0.0454545454545455,0.272727272727273,0.272727272727273,0.272727272727273,0.0454545454545455,0.272727272727273,0.0454545454545455,0.0454545454545455,1,1,1,0.363636363636364,0.363636363636364,0.0454545454545455,0.363636363636364,0.0454545454545455,0.363636363636364,0.363636363636364,0.363636363636364,0.363636363636364,0.363636363636364,0.363636363636364,0.0454545454545455,0.0454545454545455,0.272727272727273,0.0454545454545455,0.272727272727273,0.0454545454545455,0.0454545454545455,0.0454545454545455,0.545454545454545,0.545454545454545,0.545454545454545,0.545454545454545,1
"which_int_det",0.772727272727273,0.772727272727273,0.772727272727273,0.772727272727273,0.772727272727273,0.772727272727273,0.772727272727273,0.772727272727273,0.772727272727273,0.772727272727273,0.772727272727273,0.772727272727273,0.772727272727273,0.772727272727273,0.772727272727273,0.772727272727273,0.772727272727273,0.772727272727273,0.772727272727273,0.772727272727273,0.772727272727273,0.772727272727273,0.772727272727273,0.772727272727273,0.772727272727273,0.772727272727273,0.772727272727273,0.772727272727273,0.772727272727273,0.772727272727273,0.772727272727273,0.772727272727273,0.772727272727273,0.772727272727273,0.727272727272727,0.727272727272727,0.772727272727273,0.772727272727273,0.772727272727273,0.772727272727273,0.772727272727273,0.772727272727273,0.772727272727273,0.772727272727273,0.772727272727273,0.772727272727273,0.772727272727273,0.772727272727273,0.772727272727273,0.772727272727273,0.772727272727273,0.772727272727273,0.772727272727273,0.772727272727273,0.772727272727273,0.772727272727273,0.772727272727273,0.863636363636364,0.863636363636364,0.863636363636364,0.863636363636364,0.727272727272727,0.0909090909090909,0.0909090909090909,0.590909090909091,0.772727272727273,0.772727272727273,0.727272727272727,1,0.727272727272727,0.772727272727273,0.772727272727273,0.772727272727273,0.590909090909091,0.590909090909091,0,0.227272727272727,0.227272727272727,0.227272727272727,0,0.227272727272727,0,0.227272727272727,0.227272727272727,0.227272727272727,0.727272727272727,0.227272727272727,0.227272727272727,0,0.227272727272727,0.227272727272727,0,0.227272727272727,0.454545454545455,0.227272727272727,0.0909090909090909,0,0.227272727272727,0,0.227272727272727,0.227272727272727,0.227272727272727,0.227272727272727,0.227272727272727,0,0,0,0.227272727272727,0,0.227272727272727,0.227272727272727,0.727272727272727,0.727272727272727,0.727272727272727,0.0909090909090909,0.0909090909090909,0.227272727272727,0.0909090909090909,0.227272727272727,0.0909090909090909,0.0909090909090909,0.0909090909090909,0.0909090909090909,0.0909090909090909,0.0909090909090909,0.227272727272727,0.227272727272727,0,0.227272727272727,0,0.227272727272727,0.227272727272727,0.227272727272727,0.727272727272727,0.727272727272727,0.727272727272727,0.727272727272727,0.727272727272727
"whichever_rel_det",0.954545454545455,0.954545454545455,0.954545454545455,0.954545454545455,0.954545454545455,0.954545454545455,0.954545454545455,0.954545454545455,0.954545454545455,0.954545454545455,0.954545454545455,0.954545454545455,0.954545454545455,0.954545454545455,0.954545454545455,0.954545454545455,0.954545454545455,0.954545454545455,0.954545454545455,0.954545454545455,0.954545454545455,0.954545454545455,0.954545454545455,0.954545454545455,0.954545454545455,0.954545454545455,0.954545454545455,0.954545454545455,0.954545454545455,0.954545454545455,0.954545454545455,0.954545454545455,0.954545454545455,0.954545454545455,1,1,0.954545454545455,0.954545454545455,0.954545454545455,0.954545454545455,0.954545454545455,0.954545454545455,0.954545454545455,0.954545454545455,0.954545454545455,0.954545454545455,0.954545454545455,0.954545454545455,0.954545454545455,0.954545454545455,0.954545454545455,0.954545454545455,0.954545454545455,0.954545454545455,0.954545454545455,0.954545454545455,0.954545454545455,0.681818181818182,0.681818181818182,0.681818181818182,0.681818181818182,1,0.363636363636364,0.363636363636364,0.863636363636364,0.954545454545455,0.954545454545455,1,0.727272727272727,1,0.954545454545455,0.954545454545455,0.954545454545455,0.863636363636364,0.863636363636364,0.272727272727273,0.0454545454545455,0.0454545454545455,0.0454545454545455,0.272727272727273,0.0454545454545455,0.272727272727273,0.0454545454545455,0.0454545454545455,0.0454545454545455,1,0.0454545454545455,0.0454545454545455,0.272727272727273,0.0454545454545455,0.0454545454545455,0.272727272727273,0.0454545454545455,0.272727272727273,0.0454545454545455,0.363636363636364,0.272727272727273,0.0454545454545455,0.272727272727273,0.0454545454545455,0.0454545454545455,0.0454545454545455,0.0454545454545455,0.0454545454545455,0.272727272727273,0.272727272727273,0.272727272727273,0.0454545454545455,0.272727272727273,0.0454545454545455,0.0454545454545455,1,1,1,0.363636363636364,0.363636363636364,0.0454545454545455,0.363636363636364,0.0454545454545455,0.363636363636364,0.363636363636364,0.363636363636364,0.363636363636364,0.363636363636364,0.363636363636364,0.0454545454545455,0.0454545454545455,0.272727272727273,0.0454545454545455,0.272727272727273,0.0454545454545455,0.0454545454545455,0.0454545454545455,0.545454545454545,0.545454545454545,0.545454545454545,0.545454545454545,1
"whichever_int_det",1,1,1,1,1,1,1,1,1,1,1,1,1,1,1,1,1,1,1,1,1,1,1,1,1,1,1,1,1,1,1,1,1,1,0.954545454545455,0.954545454545455,1,1,1,1,1,1,1,1,1,1,1,1,1,1,1,1,1,1,1,1,1,0.636363636363636,0.636363636363636,0.636363636363636,0.636363636363636,0.954545454545455,0.318181818181818,0.318181818181818,0.818181818181818,1,1,0.954545454545455,0.772727272727273,0.954545454545455,1,1,1,0.818181818181818,0.818181818181818,0.227272727272727,0,0,0,0.227272727272727,0,0.227272727272727,0,0,0,0.954545454545455,0,0,0.227272727272727,0,0,0.227272727272727,0,0.227272727272727,0,0.318181818181818,0.227272727272727,0,0.227272727272727,0,0,0,0,0,0.227272727272727,0.227272727272727,0.227272727272727,0,0.227272727272727,0,0,0.954545454545455,0.954545454545455,0.954545454545455,0.318181818181818,0.318181818181818,0,0.318181818181818,0,0.318181818181818,0.318181818181818,0.318181818181818,0.318181818181818,0.318181818181818,0.318181818181818,0,0,0.227272727272727,0,0.227272727272727,0,0,0,0.5,0.5,0.5,0.5,0.954545454545455
"zero_det",1,1,1,1,1,1,1,1,1,1,1,1,1,1,1,1,1,1,1,1,1,1,1,1,1,1,1,1,1,1,1,1,1,1,0.954545454545455,0.954545454545455,1,1,1,1,1,1,1,1,1,1,1,1,1,1,1,1,1,1,1,1,1,0.636363636363636,0.636363636363636,0.636363636363636,0.636363636363636,0.954545454545455,0.318181818181818,0.318181818181818,0.818181818181818,1,1,0.954545454545455,0.772727272727273,0.954545454545455,1,1,1,0.818181818181818,0.818181818181818,0.227272727272727,0,0,0,0.227272727272727,0,0.227272727272727,0,0,0,0.954545454545455,0,0,0.227272727272727,0,0,0.227272727272727,0,0.227272727272727,0,0.318181818181818,0.227272727272727,0,0.227272727272727,0,0,0,0,0,0.227272727272727,0.227272727272727,0.227272727272727,0,0.227272727272727,0,0,0.954545454545455,0.954545454545455,0.954545454545455,0.318181818181818,0.318181818181818,0,0.318181818181818,0,0.318181818181818,0.318181818181818,0.318181818181818,0.318181818181818,0.318181818181818,0.318181818181818,0,0,0.227272727272727,0,0.227272727272727,0,0,0,0.5,0.5,0.5,0.5,0.954545454545455
"various_det",1,1,1,1,1,1,1,1,1,1,1,1,1,1,1,1,1,1,1,1,1,1,1,1,1,1,1,1,1,1,1,1,1,1,0.954545454545455,0.954545454545455,1,1,1,1,1,1,1,1,1,1,1,1,1,1,1,1,1,1,1,1,1,0.636363636363636,0.636363636363636,0.636363636363636,0.636363636363636,0.954545454545455,0.318181818181818,0.318181818181818,0.818181818181818,1,1,0.954545454545455,0.772727272727273,0.954545454545455,1,1,1,0.818181818181818,0.818181818181818,0.227272727272727,0,0,0,0.227272727272727,0,0.227272727272727,0,0,0,0.954545454545455,0,0,0.227272727272727,0,0,0.227272727272727,0,0.227272727272727,0,0.318181818181818,0.227272727272727,0,0.227272727272727,0,0,0,0,0,0.227272727272727,0.227272727272727,0.227272727272727,0,0.227272727272727,0,0,0.954545454545455,0.954545454545455,0.954545454545455,0.318181818181818,0.318181818181818,0,0.318181818181818,0,0.318181818181818,0.318181818181818,0.318181818181818,0.318181818181818,0.318181818181818,0.318181818181818,0,0,0.227272727272727,0,0.227272727272727,0,0,0,0.5,0.5,0.5,0.5,0.954545454545455
"each_other",0.818181818181818,0.818181818181818,0.818181818181818,0.818181818181818,0.818181818181818,0.818181818181818,0.818181818181818,0.818181818181818,0.818181818181818,0.818181818181818,0.818181818181818,0.818181818181818,0.818181818181818,0.818181818181818,0.818181818181818,0.818181818181818,0.818181818181818,0.818181818181818,0.818181818181818,0.818181818181818,0.818181818181818,0.818181818181818,0.818181818181818,0.818181818181818,0.818181818181818,0.818181818181818,0.818181818181818,0.818181818181818,0.818181818181818,0.818181818181818,0.818181818181818,0.818181818181818,0.818181818181818,0.818181818181818,0.863636363636364,0.863636363636364,0.818181818181818,0.818181818181818,0.818181818181818,0.818181818181818,0.818181818181818,0.818181818181818,0.818181818181818,0.818181818181818,0.818181818181818,0.818181818181818,0.818181818181818,0.818181818181818,0.818181818181818,0.818181818181818,0.818181818181818,0.818181818181818,0.818181818181818,0.818181818181818,0.818181818181818,0.818181818181818,0.818181818181818,0.545454545454545,0.545454545454545,0.545454545454545,0.545454545454545,0.863636363636364,0.5,0.5,0.818181818181818,0.818181818181818,0.818181818181818,0.863636363636364,0.590909090909091,0.863636363636364,0.818181818181818,0.818181818181818,0.818181818181818,1,1,0.409090909090909,0.181818181818182,0.181818181818182,0.181818181818182,0.409090909090909,0.181818181818182,0.409090909090909,0.181818181818182,0.181818181818182,0.181818181818182,0.863636363636364,0.181818181818182,0.181818181818182,0.409090909090909,0.181818181818182,0.181818181818182,0.409090909090909,0.181818181818182,0.409090909090909,0.181818181818182,0.5,0.409090909090909,0.181818181818182,0.409090909090909,0.181818181818182,0.181818181818182,0.181818181818182,0.181818181818182,0.181818181818182,0.409090909090909,0.409090909090909,0.409090909090909,0.181818181818182,0.409090909090909,0.181818181818182,0.181818181818182,0.863636363636364,0.863636363636364,0.863636363636364,0.5,0.5,0.181818181818182,0.5,0.181818181818182,0.5,0.5,0.5,0.5,0.5,0.5,0.181818181818182,0.181818181818182,0.409090909090909,0.181818181818182,0.409090909090909,0.181818181818182,0.181818181818182,0.181818181818182,0.681818181818182,0.681818181818182,0.681818181818182,0.681818181818182,0.863636363636364
"one_another",0.818181818181818,0.818181818181818,0.818181818181818,0.818181818181818,0.818181818181818,0.818181818181818,0.818181818181818,0.818181818181818,0.818181818181818,0.818181818181818,0.818181818181818,0.818181818181818,0.818181818181818,0.818181818181818,0.818181818181818,0.818181818181818,0.818181818181818,0.818181818181818,0.818181818181818,0.818181818181818,0.818181818181818,0.818181818181818,0.818181818181818,0.818181818181818,0.818181818181818,0.818181818181818,0.818181818181818,0.818181818181818,0.818181818181818,0.818181818181818,0.818181818181818,0.818181818181818,0.818181818181818,0.818181818181818,0.863636363636364,0.863636363636364,0.818181818181818,0.818181818181818,0.818181818181818,0.818181818181818,0.818181818181818,0.818181818181818,0.818181818181818,0.818181818181818,0.818181818181818,0.818181818181818,0.818181818181818,0.818181818181818,0.818181818181818,0.818181818181818,0.818181818181818,0.818181818181818,0.818181818181818,0.818181818181818,0.818181818181818,0.818181818181818,0.818181818181818,0.545454545454545,0.545454545454545,0.545454545454545,0.545454545454545,0.863636363636364,0.5,0.5,0.818181818181818,0.818181818181818,0.818181818181818,0.863636363636364,0.590909090909091,0.863636363636364,0.818181818181818,0.818181818181818,0.818181818181818,1,1,0.409090909090909,0.181818181818182,0.181818181818182,0.181818181818182,0.409090909090909,0.181818181818182,0.409090909090909,0.181818181818182,0.181818181818182,0.181818181818182,0.863636363636364,0.181818181818182,0.181818181818182,0.409090909090909,0.181818181818182,0.181818181818182,0.409090909090909,0.181818181818182,0.409090909090909,0.181818181818182,0.5,0.409090909090909,0.181818181818182,0.409090909090909,0.181818181818182,0.181818181818182,0.181818181818182,0.181818181818182,0.181818181818182,0.409090909090909,0.409090909090909,0.409090909090909,0.181818181818182,0.409090909090909,0.181818181818182,0.181818181818182,0.863636363636364,0.863636363636364,0.863636363636364,0.5,0.5,0.181818181818182,0.5,0.181818181818182,0.5,0.5,0.5,0.5,0.5,0.5,0.181818181818182,0.181818181818182,0.409090909090909,0.181818181818182,0.409090909090909,0.181818181818182,0.181818181818182,0.181818181818182,0.681818181818182,0.681818181818182,0.681818181818182,0.681818181818182,0.863636363636364
"he",0.227272727272727,0.227272727272727,0.227272727272727,0.227272727272727,0.227272727272727,0.227272727272727,0.227272727272727,0.227272727272727,0.227272727272727,0.227272727272727,0.227272727272727,0.227272727272727,0.227272727272727,0.227272727272727,0.227272727272727,0.227272727272727,0.227272727272727,0.227272727272727,0.227272727272727,0.227272727272727,0.227272727272727,0.227272727272727,0.227272727272727,0.227272727272727,0.227272727272727,0.227272727272727,0.227272727272727,0.227272727272727,0.227272727272727,0.227272727272727,0.227272727272727,0.227272727272727,0.227272727272727,0.227272727272727,0.272727272727273,0.272727272727273,0.227272727272727,0.227272727272727,0.227272727272727,0.227272727272727,0.227272727272727,0.227272727272727,0.227272727272727,0.227272727272727,0.227272727272727,0.227272727272727,0.227272727272727,0.227272727272727,0.227272727272727,0.227272727272727,0.227272727272727,0.227272727272727,0.227272727272727,0.227272727272727,0.227272727272727,0.227272727272727,0.227272727272727,0.136363636363636,0.136363636363636,0.136363636363636,0.136363636363636,0.272727272727273,0.909090909090909,0.909090909090909,0.409090909090909,0.227272727272727,0.227272727272727,0.272727272727273,0,0.272727272727273,0.227272727272727,0.227272727272727,0.227272727272727,0.409090909090909,0.409090909090909,1,0.772727272727273,0.772727272727273,0.772727272727273,1,0.772727272727273,1,0.772727272727273,0.772727272727273,0.772727272727273,0.272727272727273,0.772727272727273,0.772727272727273,1,0.772727272727273,0.772727272727273,1,0.772727272727273,0.545454545454545,0.772727272727273,0.909090909090909,1,0.772727272727273,1,0.772727272727273,0.772727272727273,0.772727272727273,0.772727272727273,0.772727272727273,1,1,1,0.772727272727273,1,0.772727272727273,0.772727272727273,0.272727272727273,0.272727272727273,0.272727272727273,0.909090909090909,0.909090909090909,0.772727272727273,0.909090909090909,0.772727272727273,0.909090909090909,0.909090909090909,0.909090909090909,0.909090909090909,0.909090909090909,0.909090909090909,0.772727272727273,0.772727272727273,1,0.772727272727273,1,0.772727272727273,0.772727272727273,0.772727272727273,0.272727272727273,0.272727272727273,0.272727272727273,0.272727272727273,0.272727272727273
"him",0,0,0,0,0,0,0,0,0,0,0,0,0,0,0,0,0,0,0,0,0,0,0,0,0,0,0,0,0,0,0,0,0,0,0.0454545454545455,0.0454545454545455,0,0,0,0,0,0,0,0,0,0,0,0,0,0,0,0,0,0,0,0,0,0.363636363636364,0.363636363636364,0.363636363636364,0.363636363636364,0.0454545454545455,0.681818181818182,0.681818181818182,0.181818181818182,0,0,0.0454545454545455,0.227272727272727,0.0454545454545455,0,0,0,0.181818181818182,0.181818181818182,0.772727272727273,1,1,1,0.772727272727273,1,0.772727272727273,1,1,1,0.0454545454545455,1,1,0.772727272727273,1,1,0.772727272727273,1,0.772727272727273,1,0.681818181818182,0.772727272727273,1,0.772727272727273,1,1,1,1,1,0.772727272727273,0.772727272727273,0.772727272727273,1,0.772727272727273,1,1,0.0454545454545455,0.0454545454545455,0.0454545454545455,0.681818181818182,0.681818181818182,1,0.681818181818182,1,0.681818181818182,0.681818181818182,0.681818181818182,0.681818181818182,0.681818181818182,0.681818181818182,1,1,0.772727272727273,1,0.772727272727273,1,1,1,0.5,0.5,0.5,0.5,0.0454545454545455
"himself",0,0,0,0,0,0,0,0,0,0,0,0,0,0,0,0,0,0,0,0,0,0,0,0,0,0,0,0,0,0,0,0,0,0,0.0454545454545455,0.0454545454545455,0,0,0,0,0,0,0,0,0,0,0,0,0,0,0,0,0,0,0,0,0,0.363636363636364,0.363636363636364,0.363636363636364,0.363636363636364,0.0454545454545455,0.681818181818182,0.681818181818182,0.181818181818182,0,0,0.0454545454545455,0.227272727272727,0.0454545454545455,0,0,0,0.181818181818182,0.181818181818182,0.772727272727273,1,1,1,0.772727272727273,1,0.772727272727273,1,1,1,0.0454545454545455,1,1,0.772727272727273,1,1,0.772727272727273,1,0.772727272727273,1,0.681818181818182,0.772727272727273,1,0.772727272727273,1,1,1,1,1,0.772727272727273,0.772727272727273,0.772727272727273,1,0.772727272727273,1,1,0.0454545454545455,0.0454545454545455,0.0454545454545455,0.681818181818182,0.681818181818182,1,0.681818181818182,1,0.681818181818182,0.681818181818182,0.681818181818182,0.681818181818182,0.681818181818182,0.681818181818182,1,1,0.772727272727273,1,0.772727272727273,1,1,1,0.5,0.5,0.5,0.5,0.0454545454545455
"his",0,0,0,0,0,0,0,0,0,0,0,0,0,0,0,0,0,0,0,0,0,0,0,0,0,0,0,0,0,0,0,0,0,0,0.0454545454545455,0.0454545454545455,0,0,0,0,0,0,0,0,0,0,0,0,0,0,0,0,0,0,0,0,0,0.363636363636364,0.363636363636364,0.363636363636364,0.363636363636364,0.0454545454545455,0.681818181818182,0.681818181818182,0.181818181818182,0,0,0.0454545454545455,0.227272727272727,0.0454545454545455,0,0,0,0.181818181818182,0.181818181818182,0.772727272727273,1,1,1,0.772727272727273,1,0.772727272727273,1,1,1,0.0454545454545455,1,1,0.772727272727273,1,1,0.772727272727273,1,0.772727272727273,1,0.681818181818182,0.772727272727273,1,0.772727272727273,1,1,1,1,1,0.772727272727273,0.772727272727273,0.772727272727273,1,0.772727272727273,1,1,0.0454545454545455,0.0454545454545455,0.0454545454545455,0.681818181818182,0.681818181818182,1,0.681818181818182,1,0.681818181818182,0.681818181818182,0.681818181818182,0.681818181818182,0.681818181818182,0.681818181818182,1,1,0.772727272727273,1,0.772727272727273,1,1,1,0.5,0.5,0.5,0.5,0.0454545454545455
"she",0.227272727272727,0.227272727272727,0.227272727272727,0.227272727272727,0.227272727272727,0.227272727272727,0.227272727272727,0.227272727272727,0.227272727272727,0.227272727272727,0.227272727272727,0.227272727272727,0.227272727272727,0.227272727272727,0.227272727272727,0.227272727272727,0.227272727272727,0.227272727272727,0.227272727272727,0.227272727272727,0.227272727272727,0.227272727272727,0.227272727272727,0.227272727272727,0.227272727272727,0.227272727272727,0.227272727272727,0.227272727272727,0.227272727272727,0.227272727272727,0.227272727272727,0.227272727272727,0.227272727272727,0.227272727272727,0.272727272727273,0.272727272727273,0.227272727272727,0.227272727272727,0.227272727272727,0.227272727272727,0.227272727272727,0.227272727272727,0.227272727272727,0.227272727272727,0.227272727272727,0.227272727272727,0.227272727272727,0.227272727272727,0.227272727272727,0.227272727272727,0.227272727272727,0.227272727272727,0.227272727272727,0.227272727272727,0.227272727272727,0.227272727272727,0.227272727272727,0.136363636363636,0.136363636363636,0.136363636363636,0.136363636363636,0.272727272727273,0.909090909090909,0.909090909090909,0.409090909090909,0.227272727272727,0.227272727272727,0.272727272727273,0,0.272727272727273,0.227272727272727,0.227272727272727,0.227272727272727,0.409090909090909,0.409090909090909,1,0.772727272727273,0.772727272727273,0.772727272727273,1,0.772727272727273,1,0.772727272727273,0.772727272727273,0.772727272727273,0.272727272727273,0.772727272727273,0.772727272727273,1,0.772727272727273,0.772727272727273,1,0.772727272727273,0.545454545454545,0.772727272727273,0.909090909090909,1,0.772727272727273,1,0.772727272727273,0.772727272727273,0.772727272727273,0.772727272727273,0.772727272727273,1,1,1,0.772727272727273,1,0.772727272727273,0.772727272727273,0.272727272727273,0.272727272727273,0.272727272727273,0.909090909090909,0.909090909090909,0.772727272727273,0.909090909090909,0.772727272727273,0.909090909090909,0.909090909090909,0.909090909090909,0.909090909090909,0.909090909090909,0.909090909090909,0.772727272727273,0.772727272727273,1,0.772727272727273,1,0.772727272727273,0.772727272727273,0.772727272727273,0.272727272727273,0.272727272727273,0.272727272727273,0.272727272727273,0.272727272727273
"her_acc",0,0,0,0,0,0,0,0,0,0,0,0,0,0,0,0,0,0,0,0,0,0,0,0,0,0,0,0,0,0,0,0,0,0,0.0454545454545455,0.0454545454545455,0,0,0,0,0,0,0,0,0,0,0,0,0,0,0,0,0,0,0,0,0,0.363636363636364,0.363636363636364,0.363636363636364,0.363636363636364,0.0454545454545455,0.681818181818182,0.681818181818182,0.181818181818182,0,0,0.0454545454545455,0.227272727272727,0.0454545454545455,0,0,0,0.181818181818182,0.181818181818182,0.772727272727273,1,1,1,0.772727272727273,1,0.772727272727273,1,1,1,0.0454545454545455,1,1,0.772727272727273,1,1,0.772727272727273,1,0.772727272727273,1,0.681818181818182,0.772727272727273,1,0.772727272727273,1,1,1,1,1,0.772727272727273,0.772727272727273,0.772727272727273,1,0.772727272727273,1,1,0.0454545454545455,0.0454545454545455,0.0454545454545455,0.681818181818182,0.681818181818182,1,0.681818181818182,1,0.681818181818182,0.681818181818182,0.681818181818182,0.681818181818182,0.681818181818182,0.681818181818182,1,1,0.772727272727273,1,0.772727272727273,1,1,1,0.5,0.5,0.5,0.5,0.0454545454545455
"her_dep",0.227272727272727,0.227272727272727,0.227272727272727,0.227272727272727,0.227272727272727,0.227272727272727,0.227272727272727,0.227272727272727,0.227272727272727,0.227272727272727,0.227272727272727,0.227272727272727,0.227272727272727,0.227272727272727,0.227272727272727,0.227272727272727,0.227272727272727,0.227272727272727,0.227272727272727,0.227272727272727,0.227272727272727,0.227272727272727,0.227272727272727,0.227272727272727,0.227272727272727,0.227272727272727,0.227272727272727,0.227272727272727,0.227272727272727,0.227272727272727,0.227272727272727,0.227272727272727,0.227272727272727,0.227272727272727,0.272727272727273,0.272727272727273,0.227272727272727,0.227272727272727,0.227272727272727,0.227272727272727,0.227272727272727,0.227272727272727,0.227272727272727,0.227272727272727,0.227272727272727,0.227272727272727,0.227272727272727,0.227272727272727,0.227272727272727,0.227272727272727,0.227272727272727,0.227272727272727,0.227272727272727,0.227272727272727,0.227272727272727,0.227272727272727,0.227272727272727,0.136363636363636,0.136363636363636,0.136363636363636,0.136363636363636,0.272727272727273,0.909090909090909,0.909090909090909,0.409090909090909,0.227272727272727,0.227272727272727,0.272727272727273,0,0.272727272727273,0.227272727272727,0.227272727272727,0.227272727272727,0.409090909090909,0.409090909090909,1,0.772727272727273,0.772727272727273,0.772727272727273,1,0.772727272727273,1,0.772727272727273,0.772727272727273,0.772727272727273,0.272727272727273,0.772727272727273,0.772727272727273,1,0.772727272727273,0.772727272727273,1,0.772727272727273,0.545454545454545,0.772727272727273,0.909090909090909,1,0.772727272727273,1,0.772727272727273,0.772727272727273,0.772727272727273,0.772727272727273,0.772727272727273,1,1,1,0.772727272727273,1,0.772727272727273,0.772727272727273,0.272727272727273,0.272727272727273,0.272727272727273,0.909090909090909,0.909090909090909,0.772727272727273,0.909090909090909,0.772727272727273,0.909090909090909,0.909090909090909,0.909090909090909,0.909090909090909,0.909090909090909,0.909090909090909,0.772727272727273,0.772727272727273,1,0.772727272727273,1,0.772727272727273,0.772727272727273,0.772727272727273,0.272727272727273,0.272727272727273,0.272727272727273,0.272727272727273,0.272727272727273
"hers",0,0,0,0,0,0,0,0,0,0,0,0,0,0,0,0,0,0,0,0,0,0,0,0,0,0,0,0,0,0,0,0,0,0,0.0454545454545455,0.0454545454545455,0,0,0,0,0,0,0,0,0,0,0,0,0,0,0,0,0,0,0,0,0,0.363636363636364,0.363636363636364,0.363636363636364,0.363636363636364,0.0454545454545455,0.681818181818182,0.681818181818182,0.181818181818182,0,0,0.0454545454545455,0.227272727272727,0.0454545454545455,0,0,0,0.181818181818182,0.181818181818182,0.772727272727273,1,1,1,0.772727272727273,1,0.772727272727273,1,1,1,0.0454545454545455,1,1,0.772727272727273,1,1,0.772727272727273,1,0.772727272727273,1,0.681818181818182,0.772727272727273,1,0.772727272727273,1,1,1,1,1,0.772727272727273,0.772727272727273,0.772727272727273,1,0.772727272727273,1,1,0.0454545454545455,0.0454545454545455,0.0454545454545455,0.681818181818182,0.681818181818182,1,0.681818181818182,1,0.681818181818182,0.681818181818182,0.681818181818182,0.681818181818182,0.681818181818182,0.681818181818182,1,1,0.772727272727273,1,0.772727272727273,1,1,1,0.5,0.5,0.5,0.5,0.0454545454545455
"herself",0,0,0,0,0,0,0,0,0,0,0,0,0,0,0,0,0,0,0,0,0,0,0,0,0,0,0,0,0,0,0,0,0,0,0.0454545454545455,0.0454545454545455,0,0,0,0,0,0,0,0,0,0,0,0,0,0,0,0,0,0,0,0,0,0.363636363636364,0.363636363636364,0.363636363636364,0.363636363636364,0.0454545454545455,0.681818181818182,0.681818181818182,0.181818181818182,0,0,0.0454545454545455,0.227272727272727,0.0454545454545455,0,0,0,0.181818181818182,0.181818181818182,0.772727272727273,1,1,1,0.772727272727273,1,0.772727272727273,1,1,1,0.0454545454545455,1,1,0.772727272727273,1,1,0.772727272727273,1,0.772727272727273,1,0.681818181818182,0.772727272727273,1,0.772727272727273,1,1,1,1,1,0.772727272727273,0.772727272727273,0.772727272727273,1,0.772727272727273,1,1,0.0454545454545455,0.0454545454545455,0.0454545454545455,0.681818181818182,0.681818181818182,1,0.681818181818182,1,0.681818181818182,0.681818181818182,0.681818181818182,0.681818181818182,0.681818181818182,0.681818181818182,1,1,0.772727272727273,1,0.772727272727273,1,1,1,0.5,0.5,0.5,0.5,0.0454545454545455
"it_plain",0,0,0,0,0,0,0,0,0,0,0,0,0,0,0,0,0,0,0,0,0,0,0,0,0,0,0,0,0,0,0,0,0,0,0.0454545454545455,0.0454545454545455,0,0,0,0,0,0,0,0,0,0,0,0,0,0,0,0,0,0,0,0,0,0.363636363636364,0.363636363636364,0.363636363636364,0.363636363636364,0.0454545454545455,0.681818181818182,0.681818181818182,0.181818181818182,0,0,0.0454545454545455,0.227272727272727,0.0454545454545455,0,0,0,0.181818181818182,0.181818181818182,0.772727272727273,1,1,1,0.772727272727273,1,0.772727272727273,1,1,1,0.0454545454545455,1,1,0.772727272727273,1,1,0.772727272727273,1,0.772727272727273,1,0.681818181818182,0.772727272727273,1,0.772727272727273,1,1,1,1,1,0.772727272727273,0.772727272727273,0.772727272727273,1,0.772727272727273,1,1,0.0454545454545455,0.0454545454545455,0.0454545454545455,0.681818181818182,0.681818181818182,1,0.681818181818182,1,0.681818181818182,0.681818181818182,0.681818181818182,0.681818181818182,0.681818181818182,0.681818181818182,1,1,0.772727272727273,1,0.772727272727273,1,1,1,0.5,0.5,0.5,0.5,0.0454545454545455
"it_dum",0.954545454545455,0.954545454545455,0.954545454545455,0.954545454545455,0.954545454545455,0.954545454545455,0.954545454545455,0.954545454545455,0.954545454545455,0.954545454545455,0.954545454545455,0.954545454545455,0.954545454545455,0.954545454545455,0.954545454545455,0.954545454545455,0.954545454545455,0.954545454545455,0.954545454545455,0.954545454545455,0.954545454545455,0.954545454545455,0.954545454545455,0.954545454545455,0.954545454545455,0.954545454545455,0.954545454545455,0.954545454545455,0.954545454545455,0.954545454545455,0.954545454545455,0.954545454545455,0.954545454545455,0.954545454545455,1,1,0.954545454545455,0.954545454545455,0.954545454545455,0.954545454545455,0.954545454545455,0.954545454545455,0.954545454545455,0.954545454545455,0.954545454545455,0.954545454545455,0.954545454545455,0.954545454545455,0.954545454545455,0.954545454545455,0.954545454545455,0.954545454545455,0.954545454545455,0.954545454545455,0.954545454545455,0.954545454545455,0.954545454545455,0.681818181818182,0.681818181818182,0.681818181818182,0.681818181818182,1,0.363636363636364,0.363636363636364,0.863636363636364,0.954545454545455,0.954545454545455,1,0.727272727272727,1,0.954545454545455,0.954545454545455,0.954545454545455,0.863636363636364,0.863636363636364,0.272727272727273,0.0454545454545455,0.0454545454545455,0.0454545454545455,0.272727272727273,0.0454545454545455,0.272727272727273,0.0454545454545455,0.0454545454545455,0.0454545454545455,1,0.0454545454545455,0.0454545454545455,0.272727272727273,0.0454545454545455,0.0454545454545455,0.272727272727273,0.0454545454545455,0.272727272727273,0.0454545454545455,0.363636363636364,0.272727272727273,0.0454545454545455,0.272727272727273,0.0454545454545455,0.0454545454545455,0.0454545454545455,0.0454545454545455,0.0454545454545455,0.272727272727273,0.272727272727273,0.272727272727273,0.0454545454545455,0.272727272727273,0.0454545454545455,0.0454545454545455,1,1,1,0.363636363636364,0.363636363636364,0.0454545454545455,0.363636363636364,0.0454545454545455,0.363636363636364,0.363636363636364,0.363636363636364,0.363636363636364,0.363636363636364,0.363636363636364,0.0454545454545455,0.0454545454545455,0.272727272727273,0.0454545454545455,0.272727272727273,0.0454545454545455,0.0454545454545455,0.0454545454545455,0.545454545454545,0.545454545454545,0.545454545454545,0.545454545454545,1
"its",0,0,0,0,0,0,0,0,0,0,0,0,0,0,0,0,0,0,0,0,0,0,0,0,0,0,0,0,0,0,0,0,0,0,0.0454545454545455,0.0454545454545455,0,0,0,0,0,0,0,0,0,0,0,0,0,0,0,0,0,0,0,0,0,0.363636363636364,0.363636363636364,0.363636363636364,0.363636363636364,0.0454545454545455,0.681818181818182,0.681818181818182,0.181818181818182,0,0,0.0454545454545455,0.227272727272727,0.0454545454545455,0,0,0,0.181818181818182,0.181818181818182,0.772727272727273,1,1,1,0.772727272727273,1,0.772727272727273,1,1,1,0.0454545454545455,1,1,0.772727272727273,1,1,0.772727272727273,1,0.772727272727273,1,0.681818181818182,0.772727272727273,1,0.772727272727273,1,1,1,1,1,0.772727272727273,0.772727272727273,0.772727272727273,1,0.772727272727273,1,1,0.0454545454545455,0.0454545454545455,0.0454545454545455,0.681818181818182,0.681818181818182,1,0.681818181818182,1,0.681818181818182,0.681818181818182,0.681818181818182,0.681818181818182,0.681818181818182,0.681818181818182,1,1,0.772727272727273,1,0.772727272727273,1,1,1,0.5,0.5,0.5,0.5,0.0454545454545455
"itself",0,0,0,0,0,0,0,0,0,0,0,0,0,0,0,0,0,0,0,0,0,0,0,0,0,0,0,0,0,0,0,0,0,0,0.0454545454545455,0.0454545454545455,0,0,0,0,0,0,0,0,0,0,0,0,0,0,0,0,0,0,0,0,0,0.363636363636364,0.363636363636364,0.363636363636364,0.363636363636364,0.0454545454545455,0.681818181818182,0.681818181818182,0.181818181818182,0,0,0.0454545454545455,0.227272727272727,0.0454545454545455,0,0,0,0.181818181818182,0.181818181818182,0.772727272727273,1,1,1,0.772727272727273,1,0.772727272727273,1,1,1,0.0454545454545455,1,1,0.772727272727273,1,1,0.772727272727273,1,0.772727272727273,1,0.681818181818182,0.772727272727273,1,0.772727272727273,1,1,1,1,1,0.772727272727273,0.772727272727273,0.772727272727273,1,0.772727272727273,1,1,0.0454545454545455,0.0454545454545455,0.0454545454545455,0.681818181818182,0.681818181818182,1,0.681818181818182,1,0.681818181818182,0.681818181818182,0.681818181818182,0.681818181818182,0.681818181818182,0.681818181818182,1,1,0.772727272727273,1,0.772727272727273,1,1,1,0.5,0.5,0.5,0.5,0.0454545454545455
"I",0.227272727272727,0.227272727272727,0.227272727272727,0.227272727272727,0.227272727272727,0.227272727272727,0.227272727272727,0.227272727272727,0.227272727272727,0.227272727272727,0.227272727272727,0.227272727272727,0.227272727272727,0.227272727272727,0.227272727272727,0.227272727272727,0.227272727272727,0.227272727272727,0.227272727272727,0.227272727272727,0.227272727272727,0.227272727272727,0.227272727272727,0.227272727272727,0.227272727272727,0.227272727272727,0.227272727272727,0.227272727272727,0.227272727272727,0.227272727272727,0.227272727272727,0.227272727272727,0.227272727272727,0.227272727272727,0.272727272727273,0.272727272727273,0.227272727272727,0.227272727272727,0.227272727272727,0.227272727272727,0.227272727272727,0.227272727272727,0.227272727272727,0.227272727272727,0.227272727272727,0.227272727272727,0.227272727272727,0.227272727272727,0.227272727272727,0.227272727272727,0.227272727272727,0.227272727272727,0.227272727272727,0.227272727272727,0.227272727272727,0.227272727272727,0.227272727272727,0.136363636363636,0.136363636363636,0.136363636363636,0.136363636363636,0.272727272727273,0.909090909090909,0.909090909090909,0.409090909090909,0.227272727272727,0.227272727272727,0.272727272727273,0,0.272727272727273,0.227272727272727,0.227272727272727,0.227272727272727,0.409090909090909,0.409090909090909,1,0.772727272727273,0.772727272727273,0.772727272727273,1,0.772727272727273,1,0.772727272727273,0.772727272727273,0.772727272727273,0.272727272727273,0.772727272727273,0.772727272727273,1,0.772727272727273,0.772727272727273,1,0.772727272727273,0.545454545454545,0.772727272727273,0.909090909090909,1,0.772727272727273,1,0.772727272727273,0.772727272727273,0.772727272727273,0.772727272727273,0.772727272727273,1,1,1,0.772727272727273,1,0.772727272727273,0.772727272727273,0.272727272727273,0.272727272727273,0.272727272727273,0.909090909090909,0.909090909090909,0.772727272727273,0.909090909090909,0.772727272727273,0.909090909090909,0.909090909090909,0.909090909090909,0.909090909090909,0.909090909090909,0.909090909090909,0.772727272727273,0.772727272727273,1,0.772727272727273,1,0.772727272727273,0.772727272727273,0.772727272727273,0.272727272727273,0.272727272727273,0.272727272727273,0.272727272727273,0.272727272727273
"me",0,0,0,0,0,0,0,0,0,0,0,0,0,0,0,0,0,0,0,0,0,0,0,0,0,0,0,0,0,0,0,0,0,0,0.0454545454545455,0.0454545454545455,0,0,0,0,0,0,0,0,0,0,0,0,0,0,0,0,0,0,0,0,0,0.363636363636364,0.363636363636364,0.363636363636364,0.363636363636364,0.0454545454545455,0.681818181818182,0.681818181818182,0.181818181818182,0,0,0.0454545454545455,0.227272727272727,0.0454545454545455,0,0,0,0.181818181818182,0.181818181818182,0.772727272727273,1,1,1,0.772727272727273,1,0.772727272727273,1,1,1,0.0454545454545455,1,1,0.772727272727273,1,1,0.772727272727273,1,0.772727272727273,1,0.681818181818182,0.772727272727273,1,0.772727272727273,1,1,1,1,1,0.772727272727273,0.772727272727273,0.772727272727273,1,0.772727272727273,1,1,0.0454545454545455,0.0454545454545455,0.0454545454545455,0.681818181818182,0.681818181818182,1,0.681818181818182,1,0.681818181818182,0.681818181818182,0.681818181818182,0.681818181818182,0.681818181818182,0.681818181818182,1,1,0.772727272727273,1,0.772727272727273,1,1,1,0.5,0.5,0.5,0.5,0.0454545454545455
"mine",0,0,0,0,0,0,0,0,0,0,0,0,0,0,0,0,0,0,0,0,0,0,0,0,0,0,0,0,0,0,0,0,0,0,0.0454545454545455,0.0454545454545455,0,0,0,0,0,0,0,0,0,0,0,0,0,0,0,0,0,0,0,0,0,0.363636363636364,0.363636363636364,0.363636363636364,0.363636363636364,0.0454545454545455,0.681818181818182,0.681818181818182,0.181818181818182,0,0,0.0454545454545455,0.227272727272727,0.0454545454545455,0,0,0,0.181818181818182,0.181818181818182,0.772727272727273,1,1,1,0.772727272727273,1,0.772727272727273,1,1,1,0.0454545454545455,1,1,0.772727272727273,1,1,0.772727272727273,1,0.772727272727273,1,0.681818181818182,0.772727272727273,1,0.772727272727273,1,1,1,1,1,0.772727272727273,0.772727272727273,0.772727272727273,1,0.772727272727273,1,1,0.0454545454545455,0.0454545454545455,0.0454545454545455,0.681818181818182,0.681818181818182,1,0.681818181818182,1,0.681818181818182,0.681818181818182,0.681818181818182,0.681818181818182,0.681818181818182,0.681818181818182,1,1,0.772727272727273,1,0.772727272727273,1,1,1,0.5,0.5,0.5,0.5,0.0454545454545455
"my",0.227272727272727,0.227272727272727,0.227272727272727,0.227272727272727,0.227272727272727,0.227272727272727,0.227272727272727,0.227272727272727,0.227272727272727,0.227272727272727,0.227272727272727,0.227272727272727,0.227272727272727,0.227272727272727,0.227272727272727,0.227272727272727,0.227272727272727,0.227272727272727,0.227272727272727,0.227272727272727,0.227272727272727,0.227272727272727,0.227272727272727,0.227272727272727,0.227272727272727,0.227272727272727,0.227272727272727,0.227272727272727,0.227272727272727,0.227272727272727,0.227272727272727,0.227272727272727,0.227272727272727,0.227272727272727,0.272727272727273,0.272727272727273,0.227272727272727,0.227272727272727,0.227272727272727,0.227272727272727,0.227272727272727,0.227272727272727,0.227272727272727,0.227272727272727,0.227272727272727,0.227272727272727,0.227272727272727,0.227272727272727,0.227272727272727,0.227272727272727,0.227272727272727,0.227272727272727,0.227272727272727,0.227272727272727,0.227272727272727,0.227272727272727,0.227272727272727,0.136363636363636,0.136363636363636,0.136363636363636,0.136363636363636,0.272727272727273,0.909090909090909,0.909090909090909,0.409090909090909,0.227272727272727,0.227272727272727,0.272727272727273,0,0.272727272727273,0.227272727272727,0.227272727272727,0.227272727272727,0.409090909090909,0.409090909090909,1,0.772727272727273,0.772727272727273,0.772727272727273,1,0.772727272727273,1,0.772727272727273,0.772727272727273,0.772727272727273,0.272727272727273,0.772727272727273,0.772727272727273,1,0.772727272727273,0.772727272727273,1,0.772727272727273,0.545454545454545,0.772727272727273,0.909090909090909,1,0.772727272727273,1,0.772727272727273,0.772727272727273,0.772727272727273,0.772727272727273,0.772727272727273,1,1,1,0.772727272727273,1,0.772727272727273,0.772727272727273,0.272727272727273,0.272727272727273,0.272727272727273,0.909090909090909,0.909090909090909,0.772727272727273,0.909090909090909,0.772727272727273,0.909090909090909,0.909090909090909,0.909090909090909,0.909090909090909,0.909090909090909,0.909090909090909,0.772727272727273,0.772727272727273,1,0.772727272727273,1,0.772727272727273,0.772727272727273,0.772727272727273,0.272727272727273,0.272727272727273,0.272727272727273,0.272727272727273,0.272727272727273
"myself",0,0,0,0,0,0,0,0,0,0,0,0,0,0,0,0,0,0,0,0,0,0,0,0,0,0,0,0,0,0,0,0,0,0,0.0454545454545455,0.0454545454545455,0,0,0,0,0,0,0,0,0,0,0,0,0,0,0,0,0,0,0,0,0,0.363636363636364,0.363636363636364,0.363636363636364,0.363636363636364,0.0454545454545455,0.681818181818182,0.681818181818182,0.181818181818182,0,0,0.0454545454545455,0.227272727272727,0.0454545454545455,0,0,0,0.181818181818182,0.181818181818182,0.772727272727273,1,1,1,0.772727272727273,1,0.772727272727273,1,1,1,0.0454545454545455,1,1,0.772727272727273,1,1,0.772727272727273,1,0.772727272727273,1,0.681818181818182,0.772727272727273,1,0.772727272727273,1,1,1,1,1,0.772727272727273,0.772727272727273,0.772727272727273,1,0.772727272727273,1,1,0.0454545454545455,0.0454545454545455,0.0454545454545455,0.681818181818182,0.681818181818182,1,0.681818181818182,1,0.681818181818182,0.681818181818182,0.681818181818182,0.681818181818182,0.681818181818182,0.681818181818182,1,1,0.772727272727273,1,0.772727272727273,1,1,1,0.5,0.5,0.5,0.5,0.0454545454545455
"one_pron",0.227272727272727,0.227272727272727,0.227272727272727,0.227272727272727,0.227272727272727,0.227272727272727,0.227272727272727,0.227272727272727,0.227272727272727,0.227272727272727,0.227272727272727,0.227272727272727,0.227272727272727,0.227272727272727,0.227272727272727,0.227272727272727,0.227272727272727,0.227272727272727,0.227272727272727,0.227272727272727,0.227272727272727,0.227272727272727,0.227272727272727,0.227272727272727,0.227272727272727,0.227272727272727,0.227272727272727,0.227272727272727,0.227272727272727,0.227272727272727,0.227272727272727,0.227272727272727,0.227272727272727,0.227272727272727,0.272727272727273,0.272727272727273,0.227272727272727,0.227272727272727,0.227272727272727,0.227272727272727,0.227272727272727,0.227272727272727,0.227272727272727,0.227272727272727,0.227272727272727,0.227272727272727,0.227272727272727,0.227272727272727,0.227272727272727,0.227272727272727,0.227272727272727,0.227272727272727,0.227272727272727,0.227272727272727,0.227272727272727,0.227272727272727,0.227272727272727,0.590909090909091,0.590909090909091,0.590909090909091,0.590909090909091,0.272727272727273,0.454545454545455,0.454545454545455,0.409090909090909,0.227272727272727,0.227272727272727,0.272727272727273,0.454545454545455,0.272727272727273,0.227272727272727,0.227272727272727,0.227272727272727,0.409090909090909,0.409090909090909,0.545454545454545,0.772727272727273,0.772727272727273,0.772727272727273,0.545454545454545,0.772727272727273,0.545454545454545,0.772727272727273,0.772727272727273,0.772727272727273,0.272727272727273,0.772727272727273,0.772727272727273,0.545454545454545,0.772727272727273,0.772727272727273,0.545454545454545,0.772727272727273,1,0.772727272727273,0.454545454545455,0.545454545454545,0.772727272727273,0.545454545454545,0.772727272727273,0.772727272727273,0.772727272727273,0.772727272727273,0.772727272727273,0.545454545454545,0.545454545454545,0.545454545454545,0.772727272727273,0.545454545454545,0.772727272727273,0.772727272727273,0.272727272727273,0.272727272727273,0.272727272727273,0.454545454545455,0.454545454545455,0.772727272727273,0.454545454545455,0.772727272727273,0.454545454545455,0.454545454545455,0.454545454545455,0.454545454545455,0.454545454545455,0.454545454545455,0.772727272727273,0.772727272727273,0.545454545454545,0.772727272727273,0.545454545454545,0.772727272727273,0.772727272727273,0.772727272727273,0.727272727272727,0.727272727272727,0.727272727272727,0.727272727272727,0.272727272727273
"one_s",0,0,0,0,0,0,0,0,0,0,0,0,0,0,0,0,0,0,0,0,0,0,0,0,0,0,0,0,0,0,0,0,0,0,0.0454545454545455,0.0454545454545455,0,0,0,0,0,0,0,0,0,0,0,0,0,0,0,0,0,0,0,0,0,0.363636363636364,0.363636363636364,0.363636363636364,0.363636363636364,0.0454545454545455,0.681818181818182,0.681818181818182,0.181818181818182,0,0,0.0454545454545455,0.227272727272727,0.0454545454545455,0,0,0,0.181818181818182,0.181818181818182,0.772727272727273,1,1,1,0.772727272727273,1,0.772727272727273,1,1,1,0.0454545454545455,1,1,0.772727272727273,1,1,0.772727272727273,1,0.772727272727273,1,0.681818181818182,0.772727272727273,1,0.772727272727273,1,1,1,1,1,0.772727272727273,0.772727272727273,0.772727272727273,1,0.772727272727273,1,1,0.0454545454545455,0.0454545454545455,0.0454545454545455,0.681818181818182,0.681818181818182,1,0.681818181818182,1,0.681818181818182,0.681818181818182,0.681818181818182,0.681818181818182,0.681818181818182,0.681818181818182,1,1,0.772727272727273,1,0.772727272727273,1,1,1,0.5,0.5,0.5,0.5,0.0454545454545455
"oneself",0.318181818181818,0.318181818181818,0.318181818181818,0.318181818181818,0.318181818181818,0.318181818181818,0.318181818181818,0.318181818181818,0.318181818181818,0.318181818181818,0.318181818181818,0.318181818181818,0.318181818181818,0.318181818181818,0.318181818181818,0.318181818181818,0.318181818181818,0.318181818181818,0.318181818181818,0.318181818181818,0.318181818181818,0.318181818181818,0.318181818181818,0.318181818181818,0.318181818181818,0.318181818181818,0.318181818181818,0.318181818181818,0.318181818181818,0.318181818181818,0.318181818181818,0.318181818181818,0.318181818181818,0.318181818181818,0.363636363636364,0.363636363636364,0.318181818181818,0.318181818181818,0.318181818181818,0.318181818181818,0.318181818181818,0.318181818181818,0.318181818181818,0.318181818181818,0.318181818181818,0.318181818181818,0.318181818181818,0.318181818181818,0.318181818181818,0.318181818181818,0.318181818181818,0.318181818181818,0.318181818181818,0.318181818181818,0.318181818181818,0.318181818181818,0.318181818181818,0.0454545454545455,0.0454545454545455,0.0454545454545455,0.0454545454545455,0.363636363636364,1,1,0.5,0.318181818181818,0.318181818181818,0.363636363636364,0.0909090909090909,0.363636363636364,0.318181818181818,0.318181818181818,0.318181818181818,0.5,0.5,0.909090909090909,0.681818181818182,0.681818181818182,0.681818181818182,0.909090909090909,0.681818181818182,0.909090909090909,0.681818181818182,0.681818181818182,0.681818181818182,0.363636363636364,0.681818181818182,0.681818181818182,0.909090909090909,0.681818181818182,0.681818181818182,0.909090909090909,0.681818181818182,0.454545454545455,0.681818181818182,1,0.909090909090909,0.681818181818182,0.909090909090909,0.681818181818182,0.681818181818182,0.681818181818182,0.681818181818182,0.681818181818182,0.909090909090909,0.909090909090909,0.909090909090909,0.681818181818182,0.909090909090909,0.681818181818182,0.681818181818182,0.363636363636364,0.363636363636364,0.363636363636364,1,1,0.681818181818182,1,0.681818181818182,1,1,1,1,1,1,0.681818181818182,0.681818181818182,0.909090909090909,0.681818181818182,0.909090909090909,0.681818181818182,0.681818181818182,0.681818181818182,0.181818181818182,0.181818181818182,0.181818181818182,0.181818181818182,0.363636363636364
"their_sing",0.227272727272727,0.227272727272727,0.227272727272727,0.227272727272727,0.227272727272727,0.227272727272727,0.227272727272727,0.227272727272727,0.227272727272727,0.227272727272727,0.227272727272727,0.227272727272727,0.227272727272727,0.227272727272727,0.227272727272727,0.227272727272727,0.227272727272727,0.227272727272727,0.227272727272727,0.227272727272727,0.227272727272727,0.227272727272727,0.227272727272727,0.227272727272727,0.227272727272727,0.227272727272727,0.227272727272727,0.227272727272727,0.227272727272727,0.227272727272727,0.227272727272727,0.227272727272727,0.227272727272727,0.227272727272727,0.272727272727273,0.272727272727273,0.227272727272727,0.227272727272727,0.227272727272727,0.227272727272727,0.227272727272727,0.227272727272727,0.227272727272727,0.227272727272727,0.227272727272727,0.227272727272727,0.227272727272727,0.227272727272727,0.227272727272727,0.227272727272727,0.227272727272727,0.227272727272727,0.227272727272727,0.227272727272727,0.227272727272727,0.227272727272727,0.227272727272727,0.136363636363636,0.136363636363636,0.136363636363636,0.136363636363636,0.272727272727273,0.909090909090909,0.909090909090909,0.409090909090909,0.227272727272727,0.227272727272727,0.272727272727273,0,0.272727272727273,0.227272727272727,0.227272727272727,0.227272727272727,0.409090909090909,0.409090909090909,1,0.772727272727273,0.772727272727273,0.772727272727273,1,0.772727272727273,1,0.772727272727273,0.772727272727273,0.772727272727273,0.272727272727273,0.772727272727273,0.772727272727273,1,0.772727272727273,0.772727272727273,1,0.772727272727273,0.545454545454545,0.772727272727273,0.909090909090909,1,0.772727272727273,1,0.772727272727273,0.772727272727273,0.772727272727273,0.772727272727273,0.772727272727273,1,1,1,0.772727272727273,1,0.772727272727273,0.772727272727273,0.272727272727273,0.272727272727273,0.272727272727273,0.909090909090909,0.909090909090909,0.772727272727273,0.909090909090909,0.772727272727273,0.909090909090909,0.909090909090909,0.909090909090909,0.909090909090909,0.909090909090909,0.909090909090909,0.772727272727273,0.772727272727273,1,0.772727272727273,1,0.772727272727273,0.772727272727273,0.772727272727273,0.272727272727273,0.272727272727273,0.272727272727273,0.272727272727273,0.272727272727273
"theirs_sing",0,0,0,0,0,0,0,0,0,0,0,0,0,0,0,0,0,0,0,0,0,0,0,0,0,0,0,0,0,0,0,0,0,0,0.0454545454545455,0.0454545454545455,0,0,0,0,0,0,0,0,0,0,0,0,0,0,0,0,0,0,0,0,0,0.363636363636364,0.363636363636364,0.363636363636364,0.363636363636364,0.0454545454545455,0.681818181818182,0.681818181818182,0.181818181818182,0,0,0.0454545454545455,0.227272727272727,0.0454545454545455,0,0,0,0.181818181818182,0.181818181818182,0.772727272727273,1,1,1,0.772727272727273,1,0.772727272727273,1,1,1,0.0454545454545455,1,1,0.772727272727273,1,1,0.772727272727273,1,0.772727272727273,1,0.681818181818182,0.772727272727273,1,0.772727272727273,1,1,1,1,1,0.772727272727273,0.772727272727273,0.772727272727273,1,0.772727272727273,1,1,0.0454545454545455,0.0454545454545455,0.0454545454545455,0.681818181818182,0.681818181818182,1,0.681818181818182,1,0.681818181818182,0.681818181818182,0.681818181818182,0.681818181818182,0.681818181818182,0.681818181818182,1,1,0.772727272727273,1,0.772727272727273,1,1,1,0.5,0.5,0.5,0.5,0.0454545454545455
"their_plur",0.227272727272727,0.227272727272727,0.227272727272727,0.227272727272727,0.227272727272727,0.227272727272727,0.227272727272727,0.227272727272727,0.227272727272727,0.227272727272727,0.227272727272727,0.227272727272727,0.227272727272727,0.227272727272727,0.227272727272727,0.227272727272727,0.227272727272727,0.227272727272727,0.227272727272727,0.227272727272727,0.227272727272727,0.227272727272727,0.227272727272727,0.227272727272727,0.227272727272727,0.227272727272727,0.227272727272727,0.227272727272727,0.227272727272727,0.227272727272727,0.227272727272727,0.227272727272727,0.227272727272727,0.227272727272727,0.272727272727273,0.272727272727273,0.227272727272727,0.227272727272727,0.227272727272727,0.227272727272727,0.227272727272727,0.227272727272727,0.227272727272727,0.227272727272727,0.227272727272727,0.227272727272727,0.227272727272727,0.227272727272727,0.227272727272727,0.227272727272727,0.227272727272727,0.227272727272727,0.227272727272727,0.227272727272727,0.227272727272727,0.227272727272727,0.227272727272727,0.136363636363636,0.136363636363636,0.136363636363636,0.136363636363636,0.272727272727273,0.909090909090909,0.909090909090909,0.409090909090909,0.227272727272727,0.227272727272727,0.272727272727273,0,0.272727272727273,0.227272727272727,0.227272727272727,0.227272727272727,0.409090909090909,0.409090909090909,1,0.772727272727273,0.772727272727273,0.772727272727273,1,0.772727272727273,1,0.772727272727273,0.772727272727273,0.772727272727273,0.272727272727273,0.772727272727273,0.772727272727273,1,0.772727272727273,0.772727272727273,1,0.772727272727273,0.545454545454545,0.772727272727273,0.909090909090909,1,0.772727272727273,1,0.772727272727273,0.772727272727273,0.772727272727273,0.772727272727273,0.772727272727273,1,1,1,0.772727272727273,1,0.772727272727273,0.772727272727273,0.272727272727273,0.272727272727273,0.272727272727273,0.909090909090909,0.909090909090909,0.772727272727273,0.909090909090909,0.772727272727273,0.909090909090909,0.909090909090909,0.909090909090909,0.909090909090909,0.909090909090909,0.909090909090909,0.772727272727273,0.772727272727273,1,0.772727272727273,1,0.772727272727273,0.772727272727273,0.772727272727273,0.272727272727273,0.272727272727273,0.272727272727273,0.272727272727273,0.272727272727273
"theirs_plur",0,0,0,0,0,0,0,0,0,0,0,0,0,0,0,0,0,0,0,0,0,0,0,0,0,0,0,0,0,0,0,0,0,0,0.0454545454545455,0.0454545454545455,0,0,0,0,0,0,0,0,0,0,0,0,0,0,0,0,0,0,0,0,0,0.363636363636364,0.363636363636364,0.363636363636364,0.363636363636364,0.0454545454545455,0.681818181818182,0.681818181818182,0.181818181818182,0,0,0.0454545454545455,0.227272727272727,0.0454545454545455,0,0,0,0.181818181818182,0.181818181818182,0.772727272727273,1,1,1,0.772727272727273,1,0.772727272727273,1,1,1,0.0454545454545455,1,1,0.772727272727273,1,1,0.772727272727273,1,0.772727272727273,1,0.681818181818182,0.772727272727273,1,0.772727272727273,1,1,1,1,1,0.772727272727273,0.772727272727273,0.772727272727273,1,0.772727272727273,1,1,0.0454545454545455,0.0454545454545455,0.0454545454545455,0.681818181818182,0.681818181818182,1,0.681818181818182,1,0.681818181818182,0.681818181818182,0.681818181818182,0.681818181818182,0.681818181818182,0.681818181818182,1,1,0.772727272727273,1,0.772727272727273,1,1,1,0.5,0.5,0.5,0.5,0.0454545454545455
"them_sing",0,0,0,0,0,0,0,0,0,0,0,0,0,0,0,0,0,0,0,0,0,0,0,0,0,0,0,0,0,0,0,0,0,0,0.0454545454545455,0.0454545454545455,0,0,0,0,0,0,0,0,0,0,0,0,0,0,0,0,0,0,0,0,0,0.363636363636364,0.363636363636364,0.363636363636364,0.363636363636364,0.0454545454545455,0.681818181818182,0.681818181818182,0.181818181818182,0,0,0.0454545454545455,0.227272727272727,0.0454545454545455,0,0,0,0.181818181818182,0.181818181818182,0.772727272727273,1,1,1,0.772727272727273,1,0.772727272727273,1,1,1,0.0454545454545455,1,1,0.772727272727273,1,1,0.772727272727273,1,0.772727272727273,1,0.681818181818182,0.772727272727273,1,0.772727272727273,1,1,1,1,1,0.772727272727273,0.772727272727273,0.772727272727273,1,0.772727272727273,1,1,0.0454545454545455,0.0454545454545455,0.0454545454545455,0.681818181818182,0.681818181818182,1,0.681818181818182,1,0.681818181818182,0.681818181818182,0.681818181818182,0.681818181818182,0.681818181818182,0.681818181818182,1,1,0.772727272727273,1,0.772727272727273,1,1,1,0.5,0.5,0.5,0.5,0.0454545454545455
"them_plur",0,0,0,0,0,0,0,0,0,0,0,0,0,0,0,0,0,0,0,0,0,0,0,0,0,0,0,0,0,0,0,0,0,0,0.0454545454545455,0.0454545454545455,0,0,0,0,0,0,0,0,0,0,0,0,0,0,0,0,0,0,0,0,0,0.363636363636364,0.363636363636364,0.363636363636364,0.363636363636364,0.0454545454545455,0.681818181818182,0.681818181818182,0.181818181818182,0,0,0.0454545454545455,0.227272727272727,0.0454545454545455,0,0,0,0.181818181818182,0.181818181818182,0.772727272727273,1,1,1,0.772727272727273,1,0.772727272727273,1,1,1,0.0454545454545455,1,1,0.772727272727273,1,1,0.772727272727273,1,0.772727272727273,1,0.681818181818182,0.772727272727273,1,0.772727272727273,1,1,1,1,1,0.772727272727273,0.772727272727273,0.772727272727273,1,0.772727272727273,1,1,0.0454545454545455,0.0454545454545455,0.0454545454545455,0.681818181818182,0.681818181818182,1,0.681818181818182,1,0.681818181818182,0.681818181818182,0.681818181818182,0.681818181818182,0.681818181818182,0.681818181818182,1,1,0.772727272727273,1,0.772727272727273,1,1,1,0.5,0.5,0.5,0.5,0.0454545454545455
"themself",0,0,0,0,0,0,0,0,0,0,0,0,0,0,0,0,0,0,0,0,0,0,0,0,0,0,0,0,0,0,0,0,0,0,0.0454545454545455,0.0454545454545455,0,0,0,0,0,0,0,0,0,0,0,0,0,0,0,0,0,0,0,0,0,0.363636363636364,0.363636363636364,0.363636363636364,0.363636363636364,0.0454545454545455,0.681818181818182,0.681818181818182,0.181818181818182,0,0,0.0454545454545455,0.227272727272727,0.0454545454545455,0,0,0,0.181818181818182,0.181818181818182,0.772727272727273,1,1,1,0.772727272727273,1,0.772727272727273,1,1,1,0.0454545454545455,1,1,0.772727272727273,1,1,0.772727272727273,1,0.772727272727273,1,0.681818181818182,0.772727272727273,1,0.772727272727273,1,1,1,1,1,0.772727272727273,0.772727272727273,0.772727272727273,1,0.772727272727273,1,1,0.0454545454545455,0.0454545454545455,0.0454545454545455,0.681818181818182,0.681818181818182,1,0.681818181818182,1,0.681818181818182,0.681818181818182,0.681818181818182,0.681818181818182,0.681818181818182,0.681818181818182,1,1,0.772727272727273,1,0.772727272727273,1,1,1,0.5,0.5,0.5,0.5,0.0454545454545455
"themselves",0,0,0,0,0,0,0,0,0,0,0,0,0,0,0,0,0,0,0,0,0,0,0,0,0,0,0,0,0,0,0,0,0,0,0.0454545454545455,0.0454545454545455,0,0,0,0,0,0,0,0,0,0,0,0,0,0,0,0,0,0,0,0,0,0.363636363636364,0.363636363636364,0.363636363636364,0.363636363636364,0.0454545454545455,0.681818181818182,0.681818181818182,0.181818181818182,0,0,0.0454545454545455,0.227272727272727,0.0454545454545455,0,0,0,0.181818181818182,0.181818181818182,0.772727272727273,1,1,1,0.772727272727273,1,0.772727272727273,1,1,1,0.0454545454545455,1,1,0.772727272727273,1,1,0.772727272727273,1,0.772727272727273,1,0.681818181818182,0.772727272727273,1,0.772727272727273,1,1,1,1,1,0.772727272727273,0.772727272727273,0.772727272727273,1,0.772727272727273,1,1,0.0454545454545455,0.0454545454545455,0.0454545454545455,0.681818181818182,0.681818181818182,1,0.681818181818182,1,0.681818181818182,0.681818181818182,0.681818181818182,0.681818181818182,0.681818181818182,0.681818181818182,1,1,0.772727272727273,1,0.772727272727273,1,1,1,0.5,0.5,0.5,0.5,0.0454545454545455
"they_sing",0.227272727272727,0.227272727272727,0.227272727272727,0.227272727272727,0.227272727272727,0.227272727272727,0.227272727272727,0.227272727272727,0.227272727272727,0.227272727272727,0.227272727272727,0.227272727272727,0.227272727272727,0.227272727272727,0.227272727272727,0.227272727272727,0.227272727272727,0.227272727272727,0.227272727272727,0.227272727272727,0.227272727272727,0.227272727272727,0.227272727272727,0.227272727272727,0.227272727272727,0.227272727272727,0.227272727272727,0.227272727272727,0.227272727272727,0.227272727272727,0.227272727272727,0.227272727272727,0.227272727272727,0.227272727272727,0.272727272727273,0.272727272727273,0.227272727272727,0.227272727272727,0.227272727272727,0.227272727272727,0.227272727272727,0.227272727272727,0.227272727272727,0.227272727272727,0.227272727272727,0.227272727272727,0.227272727272727,0.227272727272727,0.227272727272727,0.227272727272727,0.227272727272727,0.227272727272727,0.227272727272727,0.227272727272727,0.227272727272727,0.227272727272727,0.227272727272727,0.136363636363636,0.136363636363636,0.136363636363636,0.136363636363636,0.272727272727273,0.909090909090909,0.909090909090909,0.409090909090909,0.227272727272727,0.227272727272727,0.272727272727273,0,0.272727272727273,0.227272727272727,0.227272727272727,0.227272727272727,0.409090909090909,0.409090909090909,1,0.772727272727273,0.772727272727273,0.772727272727273,1,0.772727272727273,1,0.772727272727273,0.772727272727273,0.772727272727273,0.272727272727273,0.772727272727273,0.772727272727273,1,0.772727272727273,0.772727272727273,1,0.772727272727273,0.545454545454545,0.772727272727273,0.909090909090909,1,0.772727272727273,1,0.772727272727273,0.772727272727273,0.772727272727273,0.772727272727273,0.772727272727273,1,1,1,0.772727272727273,1,0.772727272727273,0.772727272727273,0.272727272727273,0.272727272727273,0.272727272727273,0.909090909090909,0.909090909090909,0.772727272727273,0.909090909090909,0.772727272727273,0.909090909090909,0.909090909090909,0.909090909090909,0.909090909090909,0.909090909090909,0.909090909090909,0.772727272727273,0.772727272727273,1,0.772727272727273,1,0.772727272727273,0.772727272727273,0.772727272727273,0.272727272727273,0.272727272727273,0.272727272727273,0.272727272727273,0.272727272727273
"they_plur",0.227272727272727,0.227272727272727,0.227272727272727,0.227272727272727,0.227272727272727,0.227272727272727,0.227272727272727,0.227272727272727,0.227272727272727,0.227272727272727,0.227272727272727,0.227272727272727,0.227272727272727,0.227272727272727,0.227272727272727,0.227272727272727,0.227272727272727,0.227272727272727,0.227272727272727,0.227272727272727,0.227272727272727,0.227272727272727,0.227272727272727,0.227272727272727,0.227272727272727,0.227272727272727,0.227272727272727,0.227272727272727,0.227272727272727,0.227272727272727,0.227272727272727,0.227272727272727,0.227272727272727,0.227272727272727,0.272727272727273,0.272727272727273,0.227272727272727,0.227272727272727,0.227272727272727,0.227272727272727,0.227272727272727,0.227272727272727,0.227272727272727,0.227272727272727,0.227272727272727,0.227272727272727,0.227272727272727,0.227272727272727,0.227272727272727,0.227272727272727,0.227272727272727,0.227272727272727,0.227272727272727,0.227272727272727,0.227272727272727,0.227272727272727,0.227272727272727,0.136363636363636,0.136363636363636,0.136363636363636,0.136363636363636,0.272727272727273,0.909090909090909,0.909090909090909,0.409090909090909,0.227272727272727,0.227272727272727,0.272727272727273,0,0.272727272727273,0.227272727272727,0.227272727272727,0.227272727272727,0.409090909090909,0.409090909090909,1,0.772727272727273,0.772727272727273,0.772727272727273,1,0.772727272727273,1,0.772727272727273,0.772727272727273,0.772727272727273,0.272727272727273,0.772727272727273,0.772727272727273,1,0.772727272727273,0.772727272727273,1,0.772727272727273,0.545454545454545,0.772727272727273,0.909090909090909,1,0.772727272727273,1,0.772727272727273,0.772727272727273,0.772727272727273,0.772727272727273,0.772727272727273,1,1,1,0.772727272727273,1,0.772727272727273,0.772727272727273,0.272727272727273,0.272727272727273,0.272727272727273,0.909090909090909,0.909090909090909,0.772727272727273,0.909090909090909,0.772727272727273,0.909090909090909,0.909090909090909,0.909090909090909,0.909090909090909,0.909090909090909,0.909090909090909,0.772727272727273,0.772727272727273,1,0.772727272727273,1,0.772727272727273,0.772727272727273,0.772727272727273,0.272727272727273,0.272727272727273,0.272727272727273,0.272727272727273,0.272727272727273
"we_pron",0.227272727272727,0.227272727272727,0.227272727272727,0.227272727272727,0.227272727272727,0.227272727272727,0.227272727272727,0.227272727272727,0.227272727272727,0.227272727272727,0.227272727272727,0.227272727272727,0.227272727272727,0.227272727272727,0.227272727272727,0.227272727272727,0.227272727272727,0.227272727272727,0.227272727272727,0.227272727272727,0.227272727272727,0.227272727272727,0.227272727272727,0.227272727272727,0.227272727272727,0.227272727272727,0.227272727272727,0.227272727272727,0.227272727272727,0.227272727272727,0.227272727272727,0.227272727272727,0.227272727272727,0.227272727272727,0.272727272727273,0.272727272727273,0.227272727272727,0.227272727272727,0.227272727272727,0.227272727272727,0.227272727272727,0.227272727272727,0.227272727272727,0.227272727272727,0.227272727272727,0.227272727272727,0.227272727272727,0.227272727272727,0.227272727272727,0.227272727272727,0.227272727272727,0.227272727272727,0.227272727272727,0.227272727272727,0.227272727272727,0.227272727272727,0.227272727272727,0.136363636363636,0.136363636363636,0.136363636363636,0.136363636363636,0.272727272727273,0.909090909090909,0.909090909090909,0.409090909090909,0.227272727272727,0.227272727272727,0.272727272727273,0,0.272727272727273,0.227272727272727,0.227272727272727,0.227272727272727,0.409090909090909,0.409090909090909,1,0.772727272727273,0.772727272727273,0.772727272727273,1,0.772727272727273,1,0.772727272727273,0.772727272727273,0.772727272727273,0.272727272727273,0.772727272727273,0.772727272727273,1,0.772727272727273,0.772727272727273,1,0.772727272727273,0.545454545454545,0.772727272727273,0.909090909090909,1,0.772727272727273,1,0.772727272727273,0.772727272727273,0.772727272727273,0.772727272727273,0.772727272727273,1,1,1,0.772727272727273,1,0.772727272727273,0.772727272727273,0.272727272727273,0.272727272727273,0.272727272727273,0.909090909090909,0.909090909090909,0.772727272727273,0.909090909090909,0.772727272727273,0.909090909090909,0.909090909090909,0.909090909090909,0.909090909090909,0.909090909090909,0.909090909090909,0.772727272727273,0.772727272727273,1,0.772727272727273,1,0.772727272727273,0.772727272727273,0.772727272727273,0.272727272727273,0.272727272727273,0.272727272727273,0.272727272727273,0.272727272727273
"us_pron",0,0,0,0,0,0,0,0,0,0,0,0,0,0,0,0,0,0,0,0,0,0,0,0,0,0,0,0,0,0,0,0,0,0,0.0454545454545455,0.0454545454545455,0,0,0,0,0,0,0,0,0,0,0,0,0,0,0,0,0,0,0,0,0,0.363636363636364,0.363636363636364,0.363636363636364,0.363636363636364,0.0454545454545455,0.681818181818182,0.681818181818182,0.181818181818182,0,0,0.0454545454545455,0.227272727272727,0.0454545454545455,0,0,0,0.181818181818182,0.181818181818182,0.772727272727273,1,1,1,0.772727272727273,1,0.772727272727273,1,1,1,0.0454545454545455,1,1,0.772727272727273,1,1,0.772727272727273,1,0.772727272727273,1,0.681818181818182,0.772727272727273,1,0.772727272727273,1,1,1,1,1,0.772727272727273,0.772727272727273,0.772727272727273,1,0.772727272727273,1,1,0.0454545454545455,0.0454545454545455,0.0454545454545455,0.681818181818182,0.681818181818182,1,0.681818181818182,1,0.681818181818182,0.681818181818182,0.681818181818182,0.681818181818182,0.681818181818182,0.681818181818182,1,1,0.772727272727273,1,0.772727272727273,1,1,1,0.5,0.5,0.5,0.5,0.0454545454545455
"our",0.227272727272727,0.227272727272727,0.227272727272727,0.227272727272727,0.227272727272727,0.227272727272727,0.227272727272727,0.227272727272727,0.227272727272727,0.227272727272727,0.227272727272727,0.227272727272727,0.227272727272727,0.227272727272727,0.227272727272727,0.227272727272727,0.227272727272727,0.227272727272727,0.227272727272727,0.227272727272727,0.227272727272727,0.227272727272727,0.227272727272727,0.227272727272727,0.227272727272727,0.227272727272727,0.227272727272727,0.227272727272727,0.227272727272727,0.227272727272727,0.227272727272727,0.227272727272727,0.227272727272727,0.227272727272727,0.272727272727273,0.272727272727273,0.227272727272727,0.227272727272727,0.227272727272727,0.227272727272727,0.227272727272727,0.227272727272727,0.227272727272727,0.227272727272727,0.227272727272727,0.227272727272727,0.227272727272727,0.227272727272727,0.227272727272727,0.227272727272727,0.227272727272727,0.227272727272727,0.227272727272727,0.227272727272727,0.227272727272727,0.227272727272727,0.227272727272727,0.136363636363636,0.136363636363636,0.136363636363636,0.136363636363636,0.272727272727273,0.909090909090909,0.909090909090909,0.409090909090909,0.227272727272727,0.227272727272727,0.272727272727273,0,0.272727272727273,0.227272727272727,0.227272727272727,0.227272727272727,0.409090909090909,0.409090909090909,1,0.772727272727273,0.772727272727273,0.772727272727273,1,0.772727272727273,1,0.772727272727273,0.772727272727273,0.772727272727273,0.272727272727273,0.772727272727273,0.772727272727273,1,0.772727272727273,0.772727272727273,1,0.772727272727273,0.545454545454545,0.772727272727273,0.909090909090909,1,0.772727272727273,1,0.772727272727273,0.772727272727273,0.772727272727273,0.772727272727273,0.772727272727273,1,1,1,0.772727272727273,1,0.772727272727273,0.772727272727273,0.272727272727273,0.272727272727273,0.272727272727273,0.909090909090909,0.909090909090909,0.772727272727273,0.909090909090909,0.772727272727273,0.909090909090909,0.909090909090909,0.909090909090909,0.909090909090909,0.909090909090909,0.909090909090909,0.772727272727273,0.772727272727273,1,0.772727272727273,1,0.772727272727273,0.772727272727273,0.772727272727273,0.272727272727273,0.272727272727273,0.272727272727273,0.272727272727273,0.272727272727273
"ours",0,0,0,0,0,0,0,0,0,0,0,0,0,0,0,0,0,0,0,0,0,0,0,0,0,0,0,0,0,0,0,0,0,0,0.0454545454545455,0.0454545454545455,0,0,0,0,0,0,0,0,0,0,0,0,0,0,0,0,0,0,0,0,0,0.363636363636364,0.363636363636364,0.363636363636364,0.363636363636364,0.0454545454545455,0.681818181818182,0.681818181818182,0.181818181818182,0,0,0.0454545454545455,0.227272727272727,0.0454545454545455,0,0,0,0.181818181818182,0.181818181818182,0.772727272727273,1,1,1,0.772727272727273,1,0.772727272727273,1,1,1,0.0454545454545455,1,1,0.772727272727273,1,1,0.772727272727273,1,0.772727272727273,1,0.681818181818182,0.772727272727273,1,0.772727272727273,1,1,1,1,1,0.772727272727273,0.772727272727273,0.772727272727273,1,0.772727272727273,1,1,0.0454545454545455,0.0454545454545455,0.0454545454545455,0.681818181818182,0.681818181818182,1,0.681818181818182,1,0.681818181818182,0.681818181818182,0.681818181818182,0.681818181818182,0.681818181818182,0.681818181818182,1,1,0.772727272727273,1,0.772727272727273,1,1,1,0.5,0.5,0.5,0.5,0.0454545454545455
"ourselves",0,0,0,0,0,0,0,0,0,0,0,0,0,0,0,0,0,0,0,0,0,0,0,0,0,0,0,0,0,0,0,0,0,0,0.0454545454545455,0.0454545454545455,0,0,0,0,0,0,0,0,0,0,0,0,0,0,0,0,0,0,0,0,0,0.363636363636364,0.363636363636364,0.363636363636364,0.363636363636364,0.0454545454545455,0.681818181818182,0.681818181818182,0.181818181818182,0,0,0.0454545454545455,0.227272727272727,0.0454545454545455,0,0,0,0.181818181818182,0.181818181818182,0.772727272727273,1,1,1,0.772727272727273,1,0.772727272727273,1,1,1,0.0454545454545455,1,1,0.772727272727273,1,1,0.772727272727273,1,0.772727272727273,1,0.681818181818182,0.772727272727273,1,0.772727272727273,1,1,1,1,1,0.772727272727273,0.772727272727273,0.772727272727273,1,0.772727272727273,1,1,0.0454545454545455,0.0454545454545455,0.0454545454545455,0.681818181818182,0.681818181818182,1,0.681818181818182,1,0.681818181818182,0.681818181818182,0.681818181818182,0.681818181818182,0.681818181818182,0.681818181818182,1,1,0.772727272727273,1,0.772727272727273,1,1,1,0.5,0.5,0.5,0.5,0.0454545454545455
"what_pron",0.954545454545455,0.954545454545455,0.954545454545455,0.954545454545455,0.954545454545455,0.954545454545455,0.954545454545455,0.954545454545455,0.954545454545455,0.954545454545455,0.954545454545455,0.954545454545455,0.954545454545455,0.954545454545455,0.954545454545455,0.954545454545455,0.954545454545455,0.954545454545455,0.954545454545455,0.954545454545455,0.954545454545455,0.954545454545455,0.954545454545455,0.954545454545455,0.954545454545455,0.954545454545455,0.954545454545455,0.954545454545455,0.954545454545455,0.954545454545455,0.954545454545455,0.954545454545455,0.954545454545455,0.954545454545455,1,1,0.954545454545455,0.954545454545455,0.954545454545455,0.954545454545455,0.954545454545455,0.954545454545455,0.954545454545455,0.954545454545455,0.954545454545455,0.954545454545455,0.954545454545455,0.954545454545455,0.954545454545455,0.954545454545455,0.954545454545455,0.954545454545455,0.954545454545455,0.954545454545455,0.954545454545455,0.954545454545455,0.954545454545455,0.681818181818182,0.681818181818182,0.681818181818182,0.681818181818182,1,0.363636363636364,0.363636363636364,0.863636363636364,0.954545454545455,0.954545454545455,1,0.727272727272727,1,0.954545454545455,0.954545454545455,0.954545454545455,0.863636363636364,0.863636363636364,0.272727272727273,0.0454545454545455,0.0454545454545455,0.0454545454545455,0.272727272727273,0.0454545454545455,0.272727272727273,0.0454545454545455,0.0454545454545455,0.0454545454545455,1,0.0454545454545455,0.0454545454545455,0.272727272727273,0.0454545454545455,0.0454545454545455,0.272727272727273,0.0454545454545455,0.272727272727273,0.0454545454545455,0.363636363636364,0.272727272727273,0.0454545454545455,0.272727272727273,0.0454545454545455,0.0454545454545455,0.0454545454545455,0.0454545454545455,0.0454545454545455,0.272727272727273,0.272727272727273,0.272727272727273,0.0454545454545455,0.272727272727273,0.0454545454545455,0.0454545454545455,1,1,1,0.363636363636364,0.363636363636364,0.0454545454545455,0.363636363636364,0.0454545454545455,0.363636363636364,0.363636363636364,0.363636363636364,0.363636363636364,0.363636363636364,0.363636363636364,0.0454545454545455,0.0454545454545455,0.272727272727273,0.0454545454545455,0.272727272727273,0.0454545454545455,0.0454545454545455,0.0454545454545455,0.545454545454545,0.545454545454545,0.545454545454545,0.545454545454545,1
"whatever_pron",0.954545454545455,0.954545454545455,0.954545454545455,0.954545454545455,0.954545454545455,0.954545454545455,0.954545454545455,0.954545454545455,0.954545454545455,0.954545454545455,0.954545454545455,0.954545454545455,0.954545454545455,0.954545454545455,0.954545454545455,0.954545454545455,0.954545454545455,0.954545454545455,0.954545454545455,0.954545454545455,0.954545454545455,0.954545454545455,0.954545454545455,0.954545454545455,0.954545454545455,0.954545454545455,0.954545454545455,0.954545454545455,0.954545454545455,0.954545454545455,0.954545454545455,0.954545454545455,0.954545454545455,0.954545454545455,1,1,0.954545454545455,0.954545454545455,0.954545454545455,0.954545454545455,0.954545454545455,0.954545454545455,0.954545454545455,0.954545454545455,0.954545454545455,0.954545454545455,0.954545454545455,0.954545454545455,0.954545454545455,0.954545454545455,0.954545454545455,0.954545454545455,0.954545454545455,0.954545454545455,0.954545454545455,0.954545454545455,0.954545454545455,0.681818181818182,0.681818181818182,0.681818181818182,0.681818181818182,1,0.363636363636364,0.363636363636364,0.863636363636364,0.954545454545455,0.954545454545455,1,0.727272727272727,1,0.954545454545455,0.954545454545455,0.954545454545455,0.863636363636364,0.863636363636364,0.272727272727273,0.0454545454545455,0.0454545454545455,0.0454545454545455,0.272727272727273,0.0454545454545455,0.272727272727273,0.0454545454545455,0.0454545454545455,0.0454545454545455,1,0.0454545454545455,0.0454545454545455,0.272727272727273,0.0454545454545455,0.0454545454545455,0.272727272727273,0.0454545454545455,0.272727272727273,0.0454545454545455,0.363636363636364,0.272727272727273,0.0454545454545455,0.272727272727273,0.0454545454545455,0.0454545454545455,0.0454545454545455,0.0454545454545455,0.0454545454545455,0.272727272727273,0.272727272727273,0.272727272727273,0.0454545454545455,0.272727272727273,0.0454545454545455,0.0454545454545455,1,1,1,0.363636363636364,0.363636363636364,0.0454545454545455,0.363636363636364,0.0454545454545455,0.363636363636364,0.363636363636364,0.363636363636364,0.363636363636364,0.363636363636364,0.363636363636364,0.0454545454545455,0.0454545454545455,0.272727272727273,0.0454545454545455,0.272727272727273,0.0454545454545455,0.0454545454545455,0.0454545454545455,0.545454545454545,0.545454545454545,0.545454545454545,0.545454545454545,1
"which_rel_pron",0.954545454545455,0.954545454545455,0.954545454545455,0.954545454545455,0.954545454545455,0.954545454545455,0.954545454545455,0.954545454545455,0.954545454545455,0.954545454545455,0.954545454545455,0.954545454545455,0.954545454545455,0.954545454545455,0.954545454545455,0.954545454545455,0.954545454545455,0.954545454545455,0.954545454545455,0.954545454545455,0.954545454545455,0.954545454545455,0.954545454545455,0.954545454545455,0.954545454545455,0.954545454545455,0.954545454545455,0.954545454545455,0.954545454545455,0.954545454545455,0.954545454545455,0.954545454545455,0.954545454545455,0.954545454545455,1,1,0.954545454545455,0.954545454545455,0.954545454545455,0.954545454545455,0.954545454545455,0.954545454545455,0.954545454545455,0.954545454545455,0.954545454545455,0.954545454545455,0.954545454545455,0.954545454545455,0.954545454545455,0.954545454545455,0.954545454545455,0.954545454545455,0.954545454545455,0.954545454545455,0.954545454545455,0.954545454545455,0.954545454545455,0.681818181818182,0.681818181818182,0.681818181818182,0.681818181818182,1,0.363636363636364,0.363636363636364,0.863636363636364,0.954545454545455,0.954545454545455,1,0.727272727272727,1,0.954545454545455,0.954545454545455,0.954545454545455,0.863636363636364,0.863636363636364,0.272727272727273,0.0454545454545455,0.0454545454545455,0.0454545454545455,0.272727272727273,0.0454545454545455,0.272727272727273,0.0454545454545455,0.0454545454545455,0.0454545454545455,1,0.0454545454545455,0.0454545454545455,0.272727272727273,0.0454545454545455,0.0454545454545455,0.272727272727273,0.0454545454545455,0.272727272727273,0.0454545454545455,0.363636363636364,0.272727272727273,0.0454545454545455,0.272727272727273,0.0454545454545455,0.0454545454545455,0.0454545454545455,0.0454545454545455,0.0454545454545455,0.272727272727273,0.272727272727273,0.272727272727273,0.0454545454545455,0.272727272727273,0.0454545454545455,0.0454545454545455,1,1,1,0.363636363636364,0.363636363636364,0.0454545454545455,0.363636363636364,0.0454545454545455,0.363636363636364,0.363636363636364,0.363636363636364,0.363636363636364,0.363636363636364,0.363636363636364,0.0454545454545455,0.0454545454545455,0.272727272727273,0.0454545454545455,0.272727272727273,0.0454545454545455,0.0454545454545455,0.0454545454545455,0.545454545454545,0.545454545454545,0.545454545454545,0.545454545454545,1
"who_int",0.318181818181818,0.318181818181818,0.318181818181818,0.318181818181818,0.318181818181818,0.318181818181818,0.318181818181818,0.318181818181818,0.318181818181818,0.318181818181818,0.318181818181818,0.318181818181818,0.318181818181818,0.318181818181818,0.318181818181818,0.318181818181818,0.318181818181818,0.318181818181818,0.318181818181818,0.318181818181818,0.318181818181818,0.318181818181818,0.318181818181818,0.318181818181818,0.318181818181818,0.318181818181818,0.318181818181818,0.318181818181818,0.318181818181818,0.318181818181818,0.318181818181818,0.318181818181818,0.318181818181818,0.318181818181818,0.363636363636364,0.363636363636364,0.318181818181818,0.318181818181818,0.318181818181818,0.318181818181818,0.318181818181818,0.318181818181818,0.318181818181818,0.318181818181818,0.318181818181818,0.318181818181818,0.318181818181818,0.318181818181818,0.318181818181818,0.318181818181818,0.318181818181818,0.318181818181818,0.318181818181818,0.318181818181818,0.318181818181818,0.318181818181818,0.318181818181818,0.0454545454545455,0.0454545454545455,0.0454545454545455,0.0454545454545455,0.363636363636364,1,1,0.5,0.318181818181818,0.318181818181818,0.363636363636364,0.0909090909090909,0.363636363636364,0.318181818181818,0.318181818181818,0.318181818181818,0.5,0.5,0.909090909090909,0.681818181818182,0.681818181818182,0.681818181818182,0.909090909090909,0.681818181818182,0.909090909090909,0.681818181818182,0.681818181818182,0.681818181818182,0.363636363636364,0.681818181818182,0.681818181818182,0.909090909090909,0.681818181818182,0.681818181818182,0.909090909090909,0.681818181818182,0.454545454545455,0.681818181818182,1,0.909090909090909,0.681818181818182,0.909090909090909,0.681818181818182,0.681818181818182,0.681818181818182,0.681818181818182,0.681818181818182,0.909090909090909,0.909090909090909,0.909090909090909,0.681818181818182,0.909090909090909,0.681818181818182,0.681818181818182,0.363636363636364,0.363636363636364,0.363636363636364,1,1,0.681818181818182,1,0.681818181818182,1,1,1,1,1,1,0.681818181818182,0.681818181818182,0.909090909090909,0.681818181818182,0.909090909090909,0.681818181818182,0.681818181818182,0.681818181818182,0.181818181818182,0.181818181818182,0.181818181818182,0.181818181818182,0.363636363636364
"who_rel",0.318181818181818,0.318181818181818,0.318181818181818,0.318181818181818,0.318181818181818,0.318181818181818,0.318181818181818,0.318181818181818,0.318181818181818,0.318181818181818,0.318181818181818,0.318181818181818,0.318181818181818,0.318181818181818,0.318181818181818,0.318181818181818,0.318181818181818,0.318181818181818,0.318181818181818,0.318181818181818,0.318181818181818,0.318181818181818,0.318181818181818,0.318181818181818,0.318181818181818,0.318181818181818,0.318181818181818,0.318181818181818,0.318181818181818,0.318181818181818,0.318181818181818,0.318181818181818,0.318181818181818,0.318181818181818,0.363636363636364,0.363636363636364,0.318181818181818,0.318181818181818,0.318181818181818,0.318181818181818,0.318181818181818,0.318181818181818,0.318181818181818,0.318181818181818,0.318181818181818,0.318181818181818,0.318181818181818,0.318181818181818,0.318181818181818,0.318181818181818,0.318181818181818,0.318181818181818,0.318181818181818,0.318181818181818,0.318181818181818,0.318181818181818,0.318181818181818,0.0454545454545455,0.0454545454545455,0.0454545454545455,0.0454545454545455,0.363636363636364,1,1,0.5,0.318181818181818,0.318181818181818,0.363636363636364,0.0909090909090909,0.363636363636364,0.318181818181818,0.318181818181818,0.318181818181818,0.5,0.5,0.909090909090909,0.681818181818182,0.681818181818182,0.681818181818182,0.909090909090909,0.681818181818182,0.909090909090909,0.681818181818182,0.681818181818182,0.681818181818182,0.363636363636364,0.681818181818182,0.681818181818182,0.909090909090909,0.681818181818182,0.681818181818182,0.909090909090909,0.681818181818182,0.454545454545455,0.681818181818182,1,0.909090909090909,0.681818181818182,0.909090909090909,0.681818181818182,0.681818181818182,0.681818181818182,0.681818181818182,0.681818181818182,0.909090909090909,0.909090909090909,0.909090909090909,0.681818181818182,0.909090909090909,0.681818181818182,0.681818181818182,0.363636363636364,0.363636363636364,0.363636363636364,1,1,0.681818181818182,1,0.681818181818182,1,1,1,1,1,1,0.681818181818182,0.681818181818182,0.909090909090909,0.681818181818182,0.909090909090909,0.681818181818182,0.681818181818182,0.681818181818182,0.181818181818182,0.181818181818182,0.181818181818182,0.181818181818182,0.363636363636364
"whom_int",0,0,0,0,0,0,0,0,0,0,0,0,0,0,0,0,0,0,0,0,0,0,0,0,0,0,0,0,0,0,0,0,0,0,0.0454545454545455,0.0454545454545455,0,0,0,0,0,0,0,0,0,0,0,0,0,0,0,0,0,0,0,0,0,0.363636363636364,0.363636363636364,0.363636363636364,0.363636363636364,0.0454545454545455,0.681818181818182,0.681818181818182,0.181818181818182,0,0,0.0454545454545455,0.227272727272727,0.0454545454545455,0,0,0,0.181818181818182,0.181818181818182,0.772727272727273,1,1,1,0.772727272727273,1,0.772727272727273,1,1,1,0.0454545454545455,1,1,0.772727272727273,1,1,0.772727272727273,1,0.772727272727273,1,0.681818181818182,0.772727272727273,1,0.772727272727273,1,1,1,1,1,0.772727272727273,0.772727272727273,0.772727272727273,1,0.772727272727273,1,1,0.0454545454545455,0.0454545454545455,0.0454545454545455,0.681818181818182,0.681818181818182,1,0.681818181818182,1,0.681818181818182,0.681818181818182,0.681818181818182,0.681818181818182,0.681818181818182,0.681818181818182,1,1,0.772727272727273,1,0.772727272727273,1,1,1,0.5,0.5,0.5,0.5,0.0454545454545455
"whom_rel",0.318181818181818,0.318181818181818,0.318181818181818,0.318181818181818,0.318181818181818,0.318181818181818,0.318181818181818,0.318181818181818,0.318181818181818,0.318181818181818,0.318181818181818,0.318181818181818,0.318181818181818,0.318181818181818,0.318181818181818,0.318181818181818,0.318181818181818,0.318181818181818,0.318181818181818,0.318181818181818,0.318181818181818,0.318181818181818,0.318181818181818,0.318181818181818,0.318181818181818,0.318181818181818,0.318181818181818,0.318181818181818,0.318181818181818,0.318181818181818,0.318181818181818,0.318181818181818,0.318181818181818,0.318181818181818,0.363636363636364,0.363636363636364,0.318181818181818,0.318181818181818,0.318181818181818,0.318181818181818,0.318181818181818,0.318181818181818,0.318181818181818,0.318181818181818,0.318181818181818,0.318181818181818,0.318181818181818,0.318181818181818,0.318181818181818,0.318181818181818,0.318181818181818,0.318181818181818,0.318181818181818,0.318181818181818,0.318181818181818,0.318181818181818,0.318181818181818,0.0454545454545455,0.0454545454545455,0.0454545454545455,0.0454545454545455,0.363636363636364,1,1,0.5,0.318181818181818,0.318181818181818,0.363636363636364,0.0909090909090909,0.363636363636364,0.318181818181818,0.318181818181818,0.318181818181818,0.5,0.5,0.909090909090909,0.681818181818182,0.681818181818182,0.681818181818182,0.909090909090909,0.681818181818182,0.909090909090909,0.681818181818182,0.681818181818182,0.681818181818182,0.363636363636364,0.681818181818182,0.681818181818182,0.909090909090909,0.681818181818182,0.681818181818182,0.909090909090909,0.681818181818182,0.454545454545455,0.681818181818182,1,0.909090909090909,0.681818181818182,0.909090909090909,0.681818181818182,0.681818181818182,0.681818181818182,0.681818181818182,0.681818181818182,0.909090909090909,0.909090909090909,0.909090909090909,0.681818181818182,0.909090909090909,0.681818181818182,0.681818181818182,0.363636363636364,0.363636363636364,0.363636363636364,1,1,0.681818181818182,1,0.681818181818182,1,1,1,1,1,1,0.681818181818182,0.681818181818182,0.909090909090909,0.681818181818182,0.909090909090909,0.681818181818182,0.681818181818182,0.681818181818182,0.181818181818182,0.181818181818182,0.181818181818182,0.181818181818182,0.363636363636364
"whose_int",0,0,0,0,0,0,0,0,0,0,0,0,0,0,0,0,0,0,0,0,0,0,0,0,0,0,0,0,0,0,0,0,0,0,0.0454545454545455,0.0454545454545455,0,0,0,0,0,0,0,0,0,0,0,0,0,0,0,0,0,0,0,0,0,0.363636363636364,0.363636363636364,0.363636363636364,0.363636363636364,0.0454545454545455,0.681818181818182,0.681818181818182,0.181818181818182,0,0,0.0454545454545455,0.227272727272727,0.0454545454545455,0,0,0,0.181818181818182,0.181818181818182,0.772727272727273,1,1,1,0.772727272727273,1,0.772727272727273,1,1,1,0.0454545454545455,1,1,0.772727272727273,1,1,0.772727272727273,1,0.772727272727273,1,0.681818181818182,0.772727272727273,1,0.772727272727273,1,1,1,1,1,0.772727272727273,0.772727272727273,0.772727272727273,1,0.772727272727273,1,1,0.0454545454545455,0.0454545454545455,0.0454545454545455,0.681818181818182,0.681818181818182,1,0.681818181818182,1,0.681818181818182,0.681818181818182,0.681818181818182,0.681818181818182,0.681818181818182,0.681818181818182,1,1,0.772727272727273,1,0.772727272727273,1,1,1,0.5,0.5,0.5,0.5,0.0454545454545455
"whose_rel",0.318181818181818,0.318181818181818,0.318181818181818,0.318181818181818,0.318181818181818,0.318181818181818,0.318181818181818,0.318181818181818,0.318181818181818,0.318181818181818,0.318181818181818,0.318181818181818,0.318181818181818,0.318181818181818,0.318181818181818,0.318181818181818,0.318181818181818,0.318181818181818,0.318181818181818,0.318181818181818,0.318181818181818,0.318181818181818,0.318181818181818,0.318181818181818,0.318181818181818,0.318181818181818,0.318181818181818,0.318181818181818,0.318181818181818,0.318181818181818,0.318181818181818,0.318181818181818,0.318181818181818,0.318181818181818,0.363636363636364,0.363636363636364,0.318181818181818,0.318181818181818,0.318181818181818,0.318181818181818,0.318181818181818,0.318181818181818,0.318181818181818,0.318181818181818,0.318181818181818,0.318181818181818,0.318181818181818,0.318181818181818,0.318181818181818,0.318181818181818,0.318181818181818,0.318181818181818,0.318181818181818,0.318181818181818,0.318181818181818,0.318181818181818,0.318181818181818,0.0454545454545455,0.0454545454545455,0.0454545454545455,0.0454545454545455,0.363636363636364,1,1,0.5,0.318181818181818,0.318181818181818,0.363636363636364,0.0909090909090909,0.363636363636364,0.318181818181818,0.318181818181818,0.318181818181818,0.5,0.5,0.909090909090909,0.681818181818182,0.681818181818182,0.681818181818182,0.909090909090909,0.681818181818182,0.909090909090909,0.681818181818182,0.681818181818182,0.681818181818182,0.363636363636364,0.681818181818182,0.681818181818182,0.909090909090909,0.681818181818182,0.681818181818182,0.909090909090909,0.681818181818182,0.454545454545455,0.681818181818182,1,0.909090909090909,0.681818181818182,0.909090909090909,0.681818181818182,0.681818181818182,0.681818181818182,0.681818181818182,0.681818181818182,0.909090909090909,0.909090909090909,0.909090909090909,0.681818181818182,0.909090909090909,0.681818181818182,0.681818181818182,0.363636363636364,0.363636363636364,0.363636363636364,1,1,0.681818181818182,1,0.681818181818182,1,1,1,1,1,1,0.681818181818182,0.681818181818182,0.909090909090909,0.681818181818182,0.909090909090909,0.681818181818182,0.681818181818182,0.681818181818182,0.181818181818182,0.181818181818182,0.181818181818182,0.181818181818182,0.363636363636364
"whoever",0.318181818181818,0.318181818181818,0.318181818181818,0.318181818181818,0.318181818181818,0.318181818181818,0.318181818181818,0.318181818181818,0.318181818181818,0.318181818181818,0.318181818181818,0.318181818181818,0.318181818181818,0.318181818181818,0.318181818181818,0.318181818181818,0.318181818181818,0.318181818181818,0.318181818181818,0.318181818181818,0.318181818181818,0.318181818181818,0.318181818181818,0.318181818181818,0.318181818181818,0.318181818181818,0.318181818181818,0.318181818181818,0.318181818181818,0.318181818181818,0.318181818181818,0.318181818181818,0.318181818181818,0.318181818181818,0.363636363636364,0.363636363636364,0.318181818181818,0.318181818181818,0.318181818181818,0.318181818181818,0.318181818181818,0.318181818181818,0.318181818181818,0.318181818181818,0.318181818181818,0.318181818181818,0.318181818181818,0.318181818181818,0.318181818181818,0.318181818181818,0.318181818181818,0.318181818181818,0.318181818181818,0.318181818181818,0.318181818181818,0.318181818181818,0.318181818181818,0.0454545454545455,0.0454545454545455,0.0454545454545455,0.0454545454545455,0.363636363636364,1,1,0.5,0.318181818181818,0.318181818181818,0.363636363636364,0.0909090909090909,0.363636363636364,0.318181818181818,0.318181818181818,0.318181818181818,0.5,0.5,0.909090909090909,0.681818181818182,0.681818181818182,0.681818181818182,0.909090909090909,0.681818181818182,0.909090909090909,0.681818181818182,0.681818181818182,0.681818181818182,0.363636363636364,0.681818181818182,0.681818181818182,0.909090909090909,0.681818181818182,0.681818181818182,0.909090909090909,0.681818181818182,0.454545454545455,0.681818181818182,1,0.909090909090909,0.681818181818182,0.909090909090909,0.681818181818182,0.681818181818182,0.681818181818182,0.681818181818182,0.681818181818182,0.909090909090909,0.909090909090909,0.909090909090909,0.681818181818182,0.909090909090909,0.681818181818182,0.681818181818182,0.363636363636364,0.363636363636364,0.363636363636364,1,1,0.681818181818182,1,0.681818181818182,1,1,1,1,1,1,0.681818181818182,0.681818181818182,0.909090909090909,0.681818181818182,0.909090909090909,0.681818181818182,0.681818181818182,0.681818181818182,0.181818181818182,0.181818181818182,0.181818181818182,0.181818181818182,0.363636363636364
"whoever_s",0.318181818181818,0.318181818181818,0.318181818181818,0.318181818181818,0.318181818181818,0.318181818181818,0.318181818181818,0.318181818181818,0.318181818181818,0.318181818181818,0.318181818181818,0.318181818181818,0.318181818181818,0.318181818181818,0.318181818181818,0.318181818181818,0.318181818181818,0.318181818181818,0.318181818181818,0.318181818181818,0.318181818181818,0.318181818181818,0.318181818181818,0.318181818181818,0.318181818181818,0.318181818181818,0.318181818181818,0.318181818181818,0.318181818181818,0.318181818181818,0.318181818181818,0.318181818181818,0.318181818181818,0.318181818181818,0.363636363636364,0.363636363636364,0.318181818181818,0.318181818181818,0.318181818181818,0.318181818181818,0.318181818181818,0.318181818181818,0.318181818181818,0.318181818181818,0.318181818181818,0.318181818181818,0.318181818181818,0.318181818181818,0.318181818181818,0.318181818181818,0.318181818181818,0.318181818181818,0.318181818181818,0.318181818181818,0.318181818181818,0.318181818181818,0.318181818181818,0.0454545454545455,0.0454545454545455,0.0454545454545455,0.0454545454545455,0.363636363636364,1,1,0.5,0.318181818181818,0.318181818181818,0.363636363636364,0.0909090909090909,0.363636363636364,0.318181818181818,0.318181818181818,0.318181818181818,0.5,0.5,0.909090909090909,0.681818181818182,0.681818181818182,0.681818181818182,0.909090909090909,0.681818181818182,0.909090909090909,0.681818181818182,0.681818181818182,0.681818181818182,0.363636363636364,0.681818181818182,0.681818181818182,0.909090909090909,0.681818181818182,0.681818181818182,0.909090909090909,0.681818181818182,0.454545454545455,0.681818181818182,1,0.909090909090909,0.681818181818182,0.909090909090909,0.681818181818182,0.681818181818182,0.681818181818182,0.681818181818182,0.681818181818182,0.909090909090909,0.909090909090909,0.909090909090909,0.681818181818182,0.909090909090909,0.681818181818182,0.681818181818182,0.363636363636364,0.363636363636364,0.363636363636364,1,1,0.681818181818182,1,0.681818181818182,1,1,1,1,1,1,0.681818181818182,0.681818181818182,0.909090909090909,0.681818181818182,0.909090909090909,0.681818181818182,0.681818181818182,0.681818181818182,0.181818181818182,0.181818181818182,0.181818181818182,0.181818181818182,0.363636363636364
"whosever",0.318181818181818,0.318181818181818,0.318181818181818,0.318181818181818,0.318181818181818,0.318181818181818,0.318181818181818,0.318181818181818,0.318181818181818,0.318181818181818,0.318181818181818,0.318181818181818,0.318181818181818,0.318181818181818,0.318181818181818,0.318181818181818,0.318181818181818,0.318181818181818,0.318181818181818,0.318181818181818,0.318181818181818,0.318181818181818,0.318181818181818,0.318181818181818,0.318181818181818,0.318181818181818,0.318181818181818,0.318181818181818,0.318181818181818,0.318181818181818,0.318181818181818,0.318181818181818,0.318181818181818,0.318181818181818,0.363636363636364,0.363636363636364,0.318181818181818,0.318181818181818,0.318181818181818,0.318181818181818,0.318181818181818,0.318181818181818,0.318181818181818,0.318181818181818,0.318181818181818,0.318181818181818,0.318181818181818,0.318181818181818,0.318181818181818,0.318181818181818,0.318181818181818,0.318181818181818,0.318181818181818,0.318181818181818,0.318181818181818,0.318181818181818,0.318181818181818,0.0454545454545455,0.0454545454545455,0.0454545454545455,0.0454545454545455,0.363636363636364,1,1,0.5,0.318181818181818,0.318181818181818,0.363636363636364,0.0909090909090909,0.363636363636364,0.318181818181818,0.318181818181818,0.318181818181818,0.5,0.5,0.909090909090909,0.681818181818182,0.681818181818182,0.681818181818182,0.909090909090909,0.681818181818182,0.909090909090909,0.681818181818182,0.681818181818182,0.681818181818182,0.363636363636364,0.681818181818182,0.681818181818182,0.909090909090909,0.681818181818182,0.681818181818182,0.909090909090909,0.681818181818182,0.454545454545455,0.681818181818182,1,0.909090909090909,0.681818181818182,0.909090909090909,0.681818181818182,0.681818181818182,0.681818181818182,0.681818181818182,0.681818181818182,0.909090909090909,0.909090909090909,0.909090909090909,0.681818181818182,0.909090909090909,0.681818181818182,0.681818181818182,0.363636363636364,0.363636363636364,0.363636363636364,1,1,0.681818181818182,1,0.681818181818182,1,1,1,1,1,1,0.681818181818182,0.681818181818182,0.909090909090909,0.681818181818182,0.909090909090909,0.681818181818182,0.681818181818182,0.681818181818182,0.181818181818182,0.181818181818182,0.181818181818182,0.181818181818182,0.363636363636364
"whosoever",0.318181818181818,0.318181818181818,0.318181818181818,0.318181818181818,0.318181818181818,0.318181818181818,0.318181818181818,0.318181818181818,0.318181818181818,0.318181818181818,0.318181818181818,0.318181818181818,0.318181818181818,0.318181818181818,0.318181818181818,0.318181818181818,0.318181818181818,0.318181818181818,0.318181818181818,0.318181818181818,0.318181818181818,0.318181818181818,0.318181818181818,0.318181818181818,0.318181818181818,0.318181818181818,0.318181818181818,0.318181818181818,0.318181818181818,0.318181818181818,0.318181818181818,0.318181818181818,0.318181818181818,0.318181818181818,0.363636363636364,0.363636363636364,0.318181818181818,0.318181818181818,0.318181818181818,0.318181818181818,0.318181818181818,0.318181818181818,0.318181818181818,0.318181818181818,0.318181818181818,0.318181818181818,0.318181818181818,0.318181818181818,0.318181818181818,0.318181818181818,0.318181818181818,0.318181818181818,0.318181818181818,0.318181818181818,0.318181818181818,0.318181818181818,0.318181818181818,0.0454545454545455,0.0454545454545455,0.0454545454545455,0.0454545454545455,0.363636363636364,1,1,0.5,0.318181818181818,0.318181818181818,0.363636363636364,0.0909090909090909,0.363636363636364,0.318181818181818,0.318181818181818,0.318181818181818,0.5,0.5,0.909090909090909,0.681818181818182,0.681818181818182,0.681818181818182,0.909090909090909,0.681818181818182,0.909090909090909,0.681818181818182,0.681818181818182,0.681818181818182,0.363636363636364,0.681818181818182,0.681818181818182,0.909090909090909,0.681818181818182,0.681818181818182,0.909090909090909,0.681818181818182,0.454545454545455,0.681818181818182,1,0.909090909090909,0.681818181818182,0.909090909090909,0.681818181818182,0.681818181818182,0.681818181818182,0.681818181818182,0.681818181818182,0.909090909090909,0.909090909090909,0.909090909090909,0.681818181818182,0.909090909090909,0.681818181818182,0.681818181818182,0.363636363636364,0.363636363636364,0.363636363636364,1,1,0.681818181818182,1,0.681818181818182,1,1,1,1,1,1,0.681818181818182,0.681818181818182,0.909090909090909,0.681818181818182,0.909090909090909,0.681818181818182,0.681818181818182,0.681818181818182,0.181818181818182,0.181818181818182,0.181818181818182,0.181818181818182,0.363636363636364
"whosoever_s",0.318181818181818,0.318181818181818,0.318181818181818,0.318181818181818,0.318181818181818,0.318181818181818,0.318181818181818,0.318181818181818,0.318181818181818,0.318181818181818,0.318181818181818,0.318181818181818,0.318181818181818,0.318181818181818,0.318181818181818,0.318181818181818,0.318181818181818,0.318181818181818,0.318181818181818,0.318181818181818,0.318181818181818,0.318181818181818,0.318181818181818,0.318181818181818,0.318181818181818,0.318181818181818,0.318181818181818,0.318181818181818,0.318181818181818,0.318181818181818,0.318181818181818,0.318181818181818,0.318181818181818,0.318181818181818,0.363636363636364,0.363636363636364,0.318181818181818,0.318181818181818,0.318181818181818,0.318181818181818,0.318181818181818,0.318181818181818,0.318181818181818,0.318181818181818,0.318181818181818,0.318181818181818,0.318181818181818,0.318181818181818,0.318181818181818,0.318181818181818,0.318181818181818,0.318181818181818,0.318181818181818,0.318181818181818,0.318181818181818,0.318181818181818,0.318181818181818,0.0454545454545455,0.0454545454545455,0.0454545454545455,0.0454545454545455,0.363636363636364,1,1,0.5,0.318181818181818,0.318181818181818,0.363636363636364,0.0909090909090909,0.363636363636364,0.318181818181818,0.318181818181818,0.318181818181818,0.5,0.5,0.909090909090909,0.681818181818182,0.681818181818182,0.681818181818182,0.909090909090909,0.681818181818182,0.909090909090909,0.681818181818182,0.681818181818182,0.681818181818182,0.363636363636364,0.681818181818182,0.681818181818182,0.909090909090909,0.681818181818182,0.681818181818182,0.909090909090909,0.681818181818182,0.454545454545455,0.681818181818182,1,0.909090909090909,0.681818181818182,0.909090909090909,0.681818181818182,0.681818181818182,0.681818181818182,0.681818181818182,0.681818181818182,0.909090909090909,0.909090909090909,0.909090909090909,0.681818181818182,0.909090909090909,0.681818181818182,0.681818181818182,0.363636363636364,0.363636363636364,0.363636363636364,1,1,0.681818181818182,1,0.681818181818182,1,1,1,1,1,1,0.681818181818182,0.681818181818182,0.909090909090909,0.681818181818182,0.909090909090909,0.681818181818182,0.681818181818182,0.681818181818182,0.181818181818182,0.181818181818182,0.181818181818182,0.181818181818182,0.363636363636364
"you_pron_sing",0,0,0,0,0,0,0,0,0,0,0,0,0,0,0,0,0,0,0,0,0,0,0,0,0,0,0,0,0,0,0,0,0,0,0.0454545454545455,0.0454545454545455,0,0,0,0,0,0,0,0,0,0,0,0,0,0,0,0,0,0,0,0,0,0.363636363636364,0.363636363636364,0.363636363636364,0.363636363636364,0.0454545454545455,0.681818181818182,0.681818181818182,0.181818181818182,0,0,0.0454545454545455,0.227272727272727,0.0454545454545455,0,0,0,0.181818181818182,0.181818181818182,0.772727272727273,1,1,1,0.772727272727273,1,0.772727272727273,1,1,1,0.0454545454545455,1,1,0.772727272727273,1,1,0.772727272727273,1,0.772727272727273,1,0.681818181818182,0.772727272727273,1,0.772727272727273,1,1,1,1,1,0.772727272727273,0.772727272727273,0.772727272727273,1,0.772727272727273,1,1,0.0454545454545455,0.0454545454545455,0.0454545454545455,0.681818181818182,0.681818181818182,1,0.681818181818182,1,0.681818181818182,0.681818181818182,0.681818181818182,0.681818181818182,0.681818181818182,0.681818181818182,1,1,0.772727272727273,1,0.772727272727273,1,1,1,0.5,0.5,0.5,0.5,0.0454545454545455
"you_pron_plur",0,0,0,0,0,0,0,0,0,0,0,0,0,0,0,0,0,0,0,0,0,0,0,0,0,0,0,0,0,0,0,0,0,0,0.0454545454545455,0.0454545454545455,0,0,0,0,0,0,0,0,0,0,0,0,0,0,0,0,0,0,0,0,0,0.363636363636364,0.363636363636364,0.363636363636364,0.363636363636364,0.0454545454545455,0.681818181818182,0.681818181818182,0.181818181818182,0,0,0.0454545454545455,0.227272727272727,0.0454545454545455,0,0,0,0.181818181818182,0.181818181818182,0.772727272727273,1,1,1,0.772727272727273,1,0.772727272727273,1,1,1,0.0454545454545455,1,1,0.772727272727273,1,1,0.772727272727273,1,0.772727272727273,1,0.681818181818182,0.772727272727273,1,0.772727272727273,1,1,1,1,1,0.772727272727273,0.772727272727273,0.772727272727273,1,0.772727272727273,1,1,0.0454545454545455,0.0454545454545455,0.0454545454545455,0.681818181818182,0.681818181818182,1,0.681818181818182,1,0.681818181818182,0.681818181818182,0.681818181818182,0.681818181818182,0.681818181818182,0.681818181818182,1,1,0.772727272727273,1,0.772727272727273,1,1,1,0.5,0.5,0.5,0.5,0.0454545454545455
"your_sing",0.227272727272727,0.227272727272727,0.227272727272727,0.227272727272727,0.227272727272727,0.227272727272727,0.227272727272727,0.227272727272727,0.227272727272727,0.227272727272727,0.227272727272727,0.227272727272727,0.227272727272727,0.227272727272727,0.227272727272727,0.227272727272727,0.227272727272727,0.227272727272727,0.227272727272727,0.227272727272727,0.227272727272727,0.227272727272727,0.227272727272727,0.227272727272727,0.227272727272727,0.227272727272727,0.227272727272727,0.227272727272727,0.227272727272727,0.227272727272727,0.227272727272727,0.227272727272727,0.227272727272727,0.227272727272727,0.272727272727273,0.272727272727273,0.227272727272727,0.227272727272727,0.227272727272727,0.227272727272727,0.227272727272727,0.227272727272727,0.227272727272727,0.227272727272727,0.227272727272727,0.227272727272727,0.227272727272727,0.227272727272727,0.227272727272727,0.227272727272727,0.227272727272727,0.227272727272727,0.227272727272727,0.227272727272727,0.227272727272727,0.227272727272727,0.227272727272727,0.136363636363636,0.136363636363636,0.136363636363636,0.136363636363636,0.272727272727273,0.909090909090909,0.909090909090909,0.409090909090909,0.227272727272727,0.227272727272727,0.272727272727273,0,0.272727272727273,0.227272727272727,0.227272727272727,0.227272727272727,0.409090909090909,0.409090909090909,1,0.772727272727273,0.772727272727273,0.772727272727273,1,0.772727272727273,1,0.772727272727273,0.772727272727273,0.772727272727273,0.272727272727273,0.772727272727273,0.772727272727273,1,0.772727272727273,0.772727272727273,1,0.772727272727273,0.545454545454545,0.772727272727273,0.909090909090909,1,0.772727272727273,1,0.772727272727273,0.772727272727273,0.772727272727273,0.772727272727273,0.772727272727273,1,1,1,0.772727272727273,1,0.772727272727273,0.772727272727273,0.272727272727273,0.272727272727273,0.272727272727273,0.909090909090909,0.909090909090909,0.772727272727273,0.909090909090909,0.772727272727273,0.909090909090909,0.909090909090909,0.909090909090909,0.909090909090909,0.909090909090909,0.909090909090909,0.772727272727273,0.772727272727273,1,0.772727272727273,1,0.772727272727273,0.772727272727273,0.772727272727273,0.272727272727273,0.272727272727273,0.272727272727273,0.272727272727273,0.272727272727273
"yours_sing",0,0,0,0,0,0,0,0,0,0,0,0,0,0,0,0,0,0,0,0,0,0,0,0,0,0,0,0,0,0,0,0,0,0,0.0454545454545455,0.0454545454545455,0,0,0,0,0,0,0,0,0,0,0,0,0,0,0,0,0,0,0,0,0,0.363636363636364,0.363636363636364,0.363636363636364,0.363636363636364,0.0454545454545455,0.681818181818182,0.681818181818182,0.181818181818182,0,0,0.0454545454545455,0.227272727272727,0.0454545454545455,0,0,0,0.181818181818182,0.181818181818182,0.772727272727273,1,1,1,0.772727272727273,1,0.772727272727273,1,1,1,0.0454545454545455,1,1,0.772727272727273,1,1,0.772727272727273,1,0.772727272727273,1,0.681818181818182,0.772727272727273,1,0.772727272727273,1,1,1,1,1,0.772727272727273,0.772727272727273,0.772727272727273,1,0.772727272727273,1,1,0.0454545454545455,0.0454545454545455,0.0454545454545455,0.681818181818182,0.681818181818182,1,0.681818181818182,1,0.681818181818182,0.681818181818182,0.681818181818182,0.681818181818182,0.681818181818182,0.681818181818182,1,1,0.772727272727273,1,0.772727272727273,1,1,1,0.5,0.5,0.5,0.5,0.0454545454545455
"your_plur",0.227272727272727,0.227272727272727,0.227272727272727,0.227272727272727,0.227272727272727,0.227272727272727,0.227272727272727,0.227272727272727,0.227272727272727,0.227272727272727,0.227272727272727,0.227272727272727,0.227272727272727,0.227272727272727,0.227272727272727,0.227272727272727,0.227272727272727,0.227272727272727,0.227272727272727,0.227272727272727,0.227272727272727,0.227272727272727,0.227272727272727,0.227272727272727,0.227272727272727,0.227272727272727,0.227272727272727,0.227272727272727,0.227272727272727,0.227272727272727,0.227272727272727,0.227272727272727,0.227272727272727,0.227272727272727,0.272727272727273,0.272727272727273,0.227272727272727,0.227272727272727,0.227272727272727,0.227272727272727,0.227272727272727,0.227272727272727,0.227272727272727,0.227272727272727,0.227272727272727,0.227272727272727,0.227272727272727,0.227272727272727,0.227272727272727,0.227272727272727,0.227272727272727,0.227272727272727,0.227272727272727,0.227272727272727,0.227272727272727,0.227272727272727,0.227272727272727,0.136363636363636,0.136363636363636,0.136363636363636,0.136363636363636,0.272727272727273,0.909090909090909,0.909090909090909,0.409090909090909,0.227272727272727,0.227272727272727,0.272727272727273,0,0.272727272727273,0.227272727272727,0.227272727272727,0.227272727272727,0.409090909090909,0.409090909090909,1,0.772727272727273,0.772727272727273,0.772727272727273,1,0.772727272727273,1,0.772727272727273,0.772727272727273,0.772727272727273,0.272727272727273,0.772727272727273,0.772727272727273,1,0.772727272727273,0.772727272727273,1,0.772727272727273,0.545454545454545,0.772727272727273,0.909090909090909,1,0.772727272727273,1,0.772727272727273,0.772727272727273,0.772727272727273,0.772727272727273,0.772727272727273,1,1,1,0.772727272727273,1,0.772727272727273,0.772727272727273,0.272727272727273,0.272727272727273,0.272727272727273,0.909090909090909,0.909090909090909,0.772727272727273,0.909090909090909,0.772727272727273,0.909090909090909,0.909090909090909,0.909090909090909,0.909090909090909,0.909090909090909,0.909090909090909,0.772727272727273,0.772727272727273,1,0.772727272727273,1,0.772727272727273,0.772727272727273,0.772727272727273,0.272727272727273,0.272727272727273,0.272727272727273,0.272727272727273,0.272727272727273
"yours_plur",0,0,0,0,0,0,0,0,0,0,0,0,0,0,0,0,0,0,0,0,0,0,0,0,0,0,0,0,0,0,0,0,0,0,0.0454545454545455,0.0454545454545455,0,0,0,0,0,0,0,0,0,0,0,0,0,0,0,0,0,0,0,0,0,0.363636363636364,0.363636363636364,0.363636363636364,0.363636363636364,0.0454545454545455,0.681818181818182,0.681818181818182,0.181818181818182,0,0,0.0454545454545455,0.227272727272727,0.0454545454545455,0,0,0,0.181818181818182,0.181818181818182,0.772727272727273,1,1,1,0.772727272727273,1,0.772727272727273,1,1,1,0.0454545454545455,1,1,0.772727272727273,1,1,0.772727272727273,1,0.772727272727273,1,0.681818181818182,0.772727272727273,1,0.772727272727273,1,1,1,1,1,0.772727272727273,0.772727272727273,0.772727272727273,1,0.772727272727273,1,1,0.0454545454545455,0.0454545454545455,0.0454545454545455,0.681818181818182,0.681818181818182,1,0.681818181818182,1,0.681818181818182,0.681818181818182,0.681818181818182,0.681818181818182,0.681818181818182,0.681818181818182,1,1,0.772727272727273,1,0.772727272727273,1,1,1,0.5,0.5,0.5,0.5,0.0454545454545455
"yourself",0,0,0,0,0,0,0,0,0,0,0,0,0,0,0,0,0,0,0,0,0,0,0,0,0,0,0,0,0,0,0,0,0,0,0.0454545454545455,0.0454545454545455,0,0,0,0,0,0,0,0,0,0,0,0,0,0,0,0,0,0,0,0,0,0.363636363636364,0.363636363636364,0.363636363636364,0.363636363636364,0.0454545454545455,0.681818181818182,0.681818181818182,0.181818181818182,0,0,0.0454545454545455,0.227272727272727,0.0454545454545455,0,0,0,0.181818181818182,0.181818181818182,0.772727272727273,1,1,1,0.772727272727273,1,0.772727272727273,1,1,1,0.0454545454545455,1,1,0.772727272727273,1,1,0.772727272727273,1,0.772727272727273,1,0.681818181818182,0.772727272727273,1,0.772727272727273,1,1,1,1,1,0.772727272727273,0.772727272727273,0.772727272727273,1,0.772727272727273,1,1,0.0454545454545455,0.0454545454545455,0.0454545454545455,0.681818181818182,0.681818181818182,1,0.681818181818182,1,0.681818181818182,0.681818181818182,0.681818181818182,0.681818181818182,0.681818181818182,0.681818181818182,1,1,0.772727272727273,1,0.772727272727273,1,1,1,0.5,0.5,0.5,0.5,0.0454545454545455
"yourselves",0,0,0,0,0,0,0,0,0,0,0,0,0,0,0,0,0,0,0,0,0,0,0,0,0,0,0,0,0,0,0,0,0,0,0.0454545454545455,0.0454545454545455,0,0,0,0,0,0,0,0,0,0,0,0,0,0,0,0,0,0,0,0,0,0.363636363636364,0.363636363636364,0.363636363636364,0.363636363636364,0.0454545454545455,0.681818181818182,0.681818181818182,0.181818181818182,0,0,0.0454545454545455,0.227272727272727,0.0454545454545455,0,0,0,0.181818181818182,0.181818181818182,0.772727272727273,1,1,1,0.772727272727273,1,0.772727272727273,1,1,1,0.0454545454545455,1,1,0.772727272727273,1,1,0.772727272727273,1,0.772727272727273,1,0.681818181818182,0.772727272727273,1,0.772727272727273,1,1,1,1,1,0.772727272727273,0.772727272727273,0.772727272727273,1,0.772727272727273,1,1,0.0454545454545455,0.0454545454545455,0.0454545454545455,0.681818181818182,0.681818181818182,1,0.681818181818182,1,0.681818181818182,0.681818181818182,0.681818181818182,0.681818181818182,0.681818181818182,0.681818181818182,1,1,0.772727272727273,1,0.772727272727273,1,1,1,0.5,0.5,0.5,0.5,0.0454545454545455
"today",0.5,0.5,0.5,0.5,0.5,0.5,0.5,0.5,0.5,0.5,0.5,0.5,0.5,0.5,0.5,0.5,0.5,0.5,0.5,0.5,0.5,0.5,0.5,0.5,0.5,0.5,0.5,0.5,0.5,0.5,0.5,0.5,0.5,0.5,0.545454545454545,0.545454545454545,0.5,0.5,0.5,0.5,0.5,0.5,0.5,0.5,0.5,0.5,0.5,0.5,0.5,0.5,0.5,0.5,0.5,0.5,0.5,0.5,0.5,0.863636363636364,0.863636363636364,0.863636363636364,0.863636363636364,0.545454545454545,0.181818181818182,0.181818181818182,0.5,0.5,0.5,0.545454545454545,0.727272727272727,0.545454545454545,0.5,0.5,0.5,0.681818181818182,0.681818181818182,0.272727272727273,0.5,0.5,0.5,0.272727272727273,0.5,0.272727272727273,0.5,0.5,0.5,0.545454545454545,0.5,0.5,0.272727272727273,0.5,0.5,0.272727272727273,0.5,0.727272727272727,0.5,0.181818181818182,0.272727272727273,0.5,0.272727272727273,0.5,0.5,0.5,0.5,0.5,0.272727272727273,0.272727272727273,0.272727272727273,0.5,0.272727272727273,0.5,0.5,0.545454545454545,0.545454545454545,0.545454545454545,0.181818181818182,0.181818181818182,0.5,0.181818181818182,0.5,0.181818181818182,0.181818181818182,0.181818181818182,0.181818181818182,0.181818181818182,0.181818181818182,0.5,0.5,0.272727272727273,0.5,0.272727272727273,0.5,0.5,0.5,1,1,1,1,0.545454545454545
"tomorrow",0.5,0.5,0.5,0.5,0.5,0.5,0.5,0.5,0.5,0.5,0.5,0.5,0.5,0.5,0.5,0.5,0.5,0.5,0.5,0.5,0.5,0.5,0.5,0.5,0.5,0.5,0.5,0.5,0.5,0.5,0.5,0.5,0.5,0.5,0.545454545454545,0.545454545454545,0.5,0.5,0.5,0.5,0.5,0.5,0.5,0.5,0.5,0.5,0.5,0.5,0.5,0.5,0.5,0.5,0.5,0.5,0.5,0.5,0.5,0.863636363636364,0.863636363636364,0.863636363636364,0.863636363636364,0.545454545454545,0.181818181818182,0.181818181818182,0.5,0.5,0.5,0.545454545454545,0.727272727272727,0.545454545454545,0.5,0.5,0.5,0.681818181818182,0.681818181818182,0.272727272727273,0.5,0.5,0.5,0.272727272727273,0.5,0.272727272727273,0.5,0.5,0.5,0.545454545454545,0.5,0.5,0.272727272727273,0.5,0.5,0.272727272727273,0.5,0.727272727272727,0.5,0.181818181818182,0.272727272727273,0.5,0.272727272727273,0.5,0.5,0.5,0.5,0.5,0.272727272727273,0.272727272727273,0.272727272727273,0.5,0.272727272727273,0.5,0.5,0.545454545454545,0.545454545454545,0.545454545454545,0.181818181818182,0.181818181818182,0.5,0.181818181818182,0.5,0.181818181818182,0.181818181818182,0.181818181818182,0.181818181818182,0.181818181818182,0.181818181818182,0.5,0.5,0.272727272727273,0.5,0.272727272727273,0.5,0.5,0.5,1,1,1,1,0.545454545454545
"tonight",0.5,0.5,0.5,0.5,0.5,0.5,0.5,0.5,0.5,0.5,0.5,0.5,0.5,0.5,0.5,0.5,0.5,0.5,0.5,0.5,0.5,0.5,0.5,0.5,0.5,0.5,0.5,0.5,0.5,0.5,0.5,0.5,0.5,0.5,0.545454545454545,0.545454545454545,0.5,0.5,0.5,0.5,0.5,0.5,0.5,0.5,0.5,0.5,0.5,0.5,0.5,0.5,0.5,0.5,0.5,0.5,0.5,0.5,0.5,0.863636363636364,0.863636363636364,0.863636363636364,0.863636363636364,0.545454545454545,0.181818181818182,0.181818181818182,0.5,0.5,0.5,0.545454545454545,0.727272727272727,0.545454545454545,0.5,0.5,0.5,0.681818181818182,0.681818181818182,0.272727272727273,0.5,0.5,0.5,0.272727272727273,0.5,0.272727272727273,0.5,0.5,0.5,0.545454545454545,0.5,0.5,0.272727272727273,0.5,0.5,0.272727272727273,0.5,0.727272727272727,0.5,0.181818181818182,0.272727272727273,0.5,0.272727272727273,0.5,0.5,0.5,0.5,0.5,0.272727272727273,0.272727272727273,0.272727272727273,0.5,0.272727272727273,0.5,0.5,0.545454545454545,0.545454545454545,0.545454545454545,0.181818181818182,0.181818181818182,0.5,0.181818181818182,0.5,0.181818181818182,0.181818181818182,0.181818181818182,0.181818181818182,0.181818181818182,0.181818181818182,0.5,0.5,0.272727272727273,0.5,0.272727272727273,0.5,0.5,0.5,1,1,1,1,0.545454545454545
"yesterday",0.5,0.5,0.5,0.5,0.5,0.5,0.5,0.5,0.5,0.5,0.5,0.5,0.5,0.5,0.5,0.5,0.5,0.5,0.5,0.5,0.5,0.5,0.5,0.5,0.5,0.5,0.5,0.5,0.5,0.5,0.5,0.5,0.5,0.5,0.545454545454545,0.545454545454545,0.5,0.5,0.5,0.5,0.5,0.5,0.5,0.5,0.5,0.5,0.5,0.5,0.5,0.5,0.5,0.5,0.5,0.5,0.5,0.5,0.5,0.863636363636364,0.863636363636364,0.863636363636364,0.863636363636364,0.545454545454545,0.181818181818182,0.181818181818182,0.5,0.5,0.5,0.545454545454545,0.727272727272727,0.545454545454545,0.5,0.5,0.5,0.681818181818182,0.681818181818182,0.272727272727273,0.5,0.5,0.5,0.272727272727273,0.5,0.272727272727273,0.5,0.5,0.5,0.545454545454545,0.5,0.5,0.272727272727273,0.5,0.5,0.272727272727273,0.5,0.727272727272727,0.5,0.181818181818182,0.272727272727273,0.5,0.272727272727273,0.5,0.5,0.5,0.5,0.5,0.272727272727273,0.272727272727273,0.272727272727273,0.5,0.272727272727273,0.5,0.5,0.545454545454545,0.545454545454545,0.545454545454545,0.181818181818182,0.181818181818182,0.5,0.181818181818182,0.5,0.181818181818182,0.181818181818182,0.181818181818182,0.181818181818182,0.181818181818182,0.181818181818182,0.5,0.5,0.272727272727273,0.5,0.272727272727273,0.5,0.5,0.5,1,1,1,1,0.545454545454545
"there",0.954545454545455,0.954545454545455,0.954545454545455,0.954545454545455,0.954545454545455,0.954545454545455,0.954545454545455,0.954545454545455,0.954545454545455,0.954545454545455,0.954545454545455,0.954545454545455,0.954545454545455,0.954545454545455,0.954545454545455,0.954545454545455,0.954545454545455,0.954545454545455,0.954545454545455,0.954545454545455,0.954545454545455,0.954545454545455,0.954545454545455,0.954545454545455,0.954545454545455,0.954545454545455,0.954545454545455,0.954545454545455,0.954545454545455,0.954545454545455,0.954545454545455,0.954545454545455,0.954545454545455,0.954545454545455,1,1,0.954545454545455,0.954545454545455,0.954545454545455,0.954545454545455,0.954545454545455,0.954545454545455,0.954545454545455,0.954545454545455,0.954545454545455,0.954545454545455,0.954545454545455,0.954545454545455,0.954545454545455,0.954545454545455,0.954545454545455,0.954545454545455,0.954545454545455,0.954545454545455,0.954545454545455,0.954545454545455,0.954545454545455,0.681818181818182,0.681818181818182,0.681818181818182,0.681818181818182,1,0.363636363636364,0.363636363636364,0.863636363636364,0.954545454545455,0.954545454545455,1,0.727272727272727,1,0.954545454545455,0.954545454545455,0.954545454545455,0.863636363636364,0.863636363636364,0.272727272727273,0.0454545454545455,0.0454545454545455,0.0454545454545455,0.272727272727273,0.0454545454545455,0.272727272727273,0.0454545454545455,0.0454545454545455,0.0454545454545455,1,0.0454545454545455,0.0454545454545455,0.272727272727273,0.0454545454545455,0.0454545454545455,0.272727272727273,0.0454545454545455,0.272727272727273,0.0454545454545455,0.363636363636364,0.272727272727273,0.0454545454545455,0.272727272727273,0.0454545454545455,0.0454545454545455,0.0454545454545455,0.0454545454545455,0.0454545454545455,0.272727272727273,0.272727272727273,0.272727272727273,0.0454545454545455,0.272727272727273,0.0454545454545455,0.0454545454545455,1,1,1,0.363636363636364,0.363636363636364,0.0454545454545455,0.363636363636364,0.0454545454545455,0.363636363636364,0.363636363636364,0.363636363636364,0.363636363636364,0.363636363636364,0.363636363636364,0.0454545454545455,0.0454545454545455,0.272727272727273,0.0454545454545455,0.272727272727273,0.0454545454545455,0.0454545454545455,0.0454545454545455,0.545454545454545,0.545454545454545,0.545454545454545,0.545454545454545,1
