"word","a","a_certain","a_few","a_great_many","a_little","all","another","any","anybody","anyone","anything","anywhere","both","certain","each","either","enough","every","everybody","everyone","everything","everywhere","few","fewer","fewest","little","less","least","many","many_a","more","most","much","neither","last","next","no","none","nobody","no_one","nothing","nowhere","one_det","two_det","three_det","once","twice","thrice","several","some","somebody","someone","something","somewhere","somewhat","such","sufficient","that","these","this","those","the","us_det","we_det","you_det","what_det","whatever_det","which_rel_det","which_int_det","whichever_rel_det","whichever_int_det","zero_det","various_det","each_other","one_another","he","him","himself","his","she","her_acc","her_dep","hers","herself","it_plain","it_dum","its","itself","I","me","mine","my","myself","one_pron","one_s","oneself","their_sing","theirs_sing","their_plur","theirs_plur","them_sing","them_plur","themself","themselves","they_sing","they_plur","we_pron","us_pron","our","ours","ourselves","what_pron","whatever_pron","which_rel_pron","who_int","who_rel","whom_int","whom_rel","whose_int","whose_rel","whoever","whoever_s","whosever","whosoever","whosoever_s","you_pron_sing","you_pron_plur","your_sing","yours_sing","your_plur","yours_plur","yourself","yourselves","today","tomorrow","tonight","yesterday","there"
"a",1,1,1,1,1,1,1,0.986486486486487,0.986486486486487,0.986486486486487,0.986486486486487,0.986486486486487,1,1,1,1,1,1,1,1,1,1,1,1,1,1,1,1,1,1,1,1,1,1,0.959459459459459,0.959459459459459,1,1,1,1,1,1,1,1,1,0.986486486486487,0.986486486486487,0.945945945945946,1,1,1,1,1,1,1,1,1,0.527027027027027,0.527027027027027,0.527027027027027,0.527027027027027,0.878378378378378,0.72972972972973,0.72972972972973,0.72972972972973,0.959459459459459,0.959459459459459,0.959459459459459,0.959459459459459,0.959459459459459,0.959459459459459,1,1,0.662162162162162,0.662162162162162,0.554054054054054,0.391891891891892,0.391891891891892,0.364864864864865,0.554054054054054,0.391891891891892,0.486486486486487,0.364864864864865,0.391891891891892,0.391891891891892,0.716216216216216,0.364864864864865,0.391891891891892,0.554054054054054,0.391891891891892,0.364864864864865,0.486486486486487,0.391891891891892,0.445945945945946,0.364864864864865,0.594594594594595,0.45945945945946,0.337837837837838,0.45945945945946,0.337837837837838,0.364864864864865,0.364864864864865,0.364864864864865,0.364864864864865,0.513513513513513,0.513513513513513,0.554054054054054,0.391891891891892,0.486486486486487,0.364864864864865,0.391891891891892,0.675675675675676,0.675675675675676,0.675675675675676,0.608108108108108,0.608108108108108,0.5,0.608108108108108,0.5,0.608108108108108,0.608108108108108,0.608108108108108,0.608108108108108,0.608108108108108,0.608108108108108,0.391891891891892,0.391891891891892,0.486486486486487,0.364864864864865,0.486486486486487,0.364864864864865,0.391891891891892,0.391891891891892,0.445945945945946,0.445945945945946,0.445945945945946,0.445945945945946,0.621621621621622
"a_certain",1,1,1,1,1,1,1,0.986486486486487,0.986486486486487,0.986486486486487,0.986486486486487,0.986486486486487,1,1,1,1,1,1,1,1,1,1,1,1,1,1,1,1,1,1,1,1,1,1,0.959459459459459,0.959459459459459,1,1,1,1,1,1,1,1,1,0.986486486486487,0.986486486486487,0.945945945945946,1,1,1,1,1,1,1,1,1,0.527027027027027,0.527027027027027,0.527027027027027,0.527027027027027,0.878378378378378,0.72972972972973,0.72972972972973,0.72972972972973,0.959459459459459,0.959459459459459,0.959459459459459,0.959459459459459,0.959459459459459,0.959459459459459,1,1,0.662162162162162,0.662162162162162,0.554054054054054,0.391891891891892,0.391891891891892,0.364864864864865,0.554054054054054,0.391891891891892,0.486486486486487,0.364864864864865,0.391891891891892,0.391891891891892,0.716216216216216,0.364864864864865,0.391891891891892,0.554054054054054,0.391891891891892,0.364864864864865,0.486486486486487,0.391891891891892,0.445945945945946,0.364864864864865,0.594594594594595,0.45945945945946,0.337837837837838,0.45945945945946,0.337837837837838,0.364864864864865,0.364864864864865,0.364864864864865,0.364864864864865,0.513513513513513,0.513513513513513,0.554054054054054,0.391891891891892,0.486486486486487,0.364864864864865,0.391891891891892,0.675675675675676,0.675675675675676,0.675675675675676,0.608108108108108,0.608108108108108,0.5,0.608108108108108,0.5,0.608108108108108,0.608108108108108,0.608108108108108,0.608108108108108,0.608108108108108,0.608108108108108,0.391891891891892,0.391891891891892,0.486486486486487,0.364864864864865,0.486486486486487,0.364864864864865,0.391891891891892,0.391891891891892,0.445945945945946,0.445945945945946,0.445945945945946,0.445945945945946,0.621621621621622
"a_few",1,1,1,1,1,1,1,0.986486486486487,0.986486486486487,0.986486486486487,0.986486486486487,0.986486486486487,1,1,1,1,1,1,1,1,1,1,1,1,1,1,1,1,1,1,1,1,1,1,0.959459459459459,0.959459459459459,1,1,1,1,1,1,1,1,1,0.986486486486487,0.986486486486487,0.945945945945946,1,1,1,1,1,1,1,1,1,0.527027027027027,0.527027027027027,0.527027027027027,0.527027027027027,0.878378378378378,0.72972972972973,0.72972972972973,0.72972972972973,0.959459459459459,0.959459459459459,0.959459459459459,0.959459459459459,0.959459459459459,0.959459459459459,1,1,0.662162162162162,0.662162162162162,0.554054054054054,0.391891891891892,0.391891891891892,0.364864864864865,0.554054054054054,0.391891891891892,0.486486486486487,0.364864864864865,0.391891891891892,0.391891891891892,0.716216216216216,0.364864864864865,0.391891891891892,0.554054054054054,0.391891891891892,0.364864864864865,0.486486486486487,0.391891891891892,0.445945945945946,0.364864864864865,0.594594594594595,0.45945945945946,0.337837837837838,0.45945945945946,0.337837837837838,0.364864864864865,0.364864864864865,0.364864864864865,0.364864864864865,0.513513513513513,0.513513513513513,0.554054054054054,0.391891891891892,0.486486486486487,0.364864864864865,0.391891891891892,0.675675675675676,0.675675675675676,0.675675675675676,0.608108108108108,0.608108108108108,0.5,0.608108108108108,0.5,0.608108108108108,0.608108108108108,0.608108108108108,0.608108108108108,0.608108108108108,0.608108108108108,0.391891891891892,0.391891891891892,0.486486486486487,0.364864864864865,0.486486486486487,0.364864864864865,0.391891891891892,0.391891891891892,0.445945945945946,0.445945945945946,0.445945945945946,0.445945945945946,0.621621621621622
"a_great_many",1,1,1,1,1,1,1,0.986486486486487,0.986486486486487,0.986486486486487,0.986486486486487,0.986486486486487,1,1,1,1,1,1,1,1,1,1,1,1,1,1,1,1,1,1,1,1,1,1,0.959459459459459,0.959459459459459,1,1,1,1,1,1,1,1,1,0.986486486486487,0.986486486486487,0.945945945945946,1,1,1,1,1,1,1,1,1,0.527027027027027,0.527027027027027,0.527027027027027,0.527027027027027,0.878378378378378,0.72972972972973,0.72972972972973,0.72972972972973,0.959459459459459,0.959459459459459,0.959459459459459,0.959459459459459,0.959459459459459,0.959459459459459,1,1,0.662162162162162,0.662162162162162,0.554054054054054,0.391891891891892,0.391891891891892,0.364864864864865,0.554054054054054,0.391891891891892,0.486486486486487,0.364864864864865,0.391891891891892,0.391891891891892,0.716216216216216,0.364864864864865,0.391891891891892,0.554054054054054,0.391891891891892,0.364864864864865,0.486486486486487,0.391891891891892,0.445945945945946,0.364864864864865,0.594594594594595,0.45945945945946,0.337837837837838,0.45945945945946,0.337837837837838,0.364864864864865,0.364864864864865,0.364864864864865,0.364864864864865,0.513513513513513,0.513513513513513,0.554054054054054,0.391891891891892,0.486486486486487,0.364864864864865,0.391891891891892,0.675675675675676,0.675675675675676,0.675675675675676,0.608108108108108,0.608108108108108,0.5,0.608108108108108,0.5,0.608108108108108,0.608108108108108,0.608108108108108,0.608108108108108,0.608108108108108,0.608108108108108,0.391891891891892,0.391891891891892,0.486486486486487,0.364864864864865,0.486486486486487,0.364864864864865,0.391891891891892,0.391891891891892,0.445945945945946,0.445945945945946,0.445945945945946,0.445945945945946,0.621621621621622
"a_little",1,1,1,1,1,1,1,0.986486486486487,0.986486486486487,0.986486486486487,0.986486486486487,0.986486486486487,1,1,1,1,1,1,1,1,1,1,1,1,1,1,1,1,1,1,1,1,1,1,0.959459459459459,0.959459459459459,1,1,1,1,1,1,1,1,1,0.986486486486487,0.986486486486487,0.945945945945946,1,1,1,1,1,1,1,1,1,0.527027027027027,0.527027027027027,0.527027027027027,0.527027027027027,0.878378378378378,0.72972972972973,0.72972972972973,0.72972972972973,0.959459459459459,0.959459459459459,0.959459459459459,0.959459459459459,0.959459459459459,0.959459459459459,1,1,0.662162162162162,0.662162162162162,0.554054054054054,0.391891891891892,0.391891891891892,0.364864864864865,0.554054054054054,0.391891891891892,0.486486486486487,0.364864864864865,0.391891891891892,0.391891891891892,0.716216216216216,0.364864864864865,0.391891891891892,0.554054054054054,0.391891891891892,0.364864864864865,0.486486486486487,0.391891891891892,0.445945945945946,0.364864864864865,0.594594594594595,0.45945945945946,0.337837837837838,0.45945945945946,0.337837837837838,0.364864864864865,0.364864864864865,0.364864864864865,0.364864864864865,0.513513513513513,0.513513513513513,0.554054054054054,0.391891891891892,0.486486486486487,0.364864864864865,0.391891891891892,0.675675675675676,0.675675675675676,0.675675675675676,0.608108108108108,0.608108108108108,0.5,0.608108108108108,0.5,0.608108108108108,0.608108108108108,0.608108108108108,0.608108108108108,0.608108108108108,0.608108108108108,0.391891891891892,0.391891891891892,0.486486486486487,0.364864864864865,0.486486486486487,0.364864864864865,0.391891891891892,0.391891891891892,0.445945945945946,0.445945945945946,0.445945945945946,0.445945945945946,0.621621621621622
"all",1,1,1,1,1,1,1,0.986486486486487,0.986486486486487,0.986486486486487,0.986486486486487,0.986486486486487,1,1,1,1,1,1,1,1,1,1,1,1,1,1,1,1,1,1,1,1,1,1,0.959459459459459,0.959459459459459,1,1,1,1,1,1,1,1,1,0.986486486486487,0.986486486486487,0.945945945945946,1,1,1,1,1,1,1,1,1,0.527027027027027,0.527027027027027,0.527027027027027,0.527027027027027,0.878378378378378,0.72972972972973,0.72972972972973,0.72972972972973,0.959459459459459,0.959459459459459,0.959459459459459,0.959459459459459,0.959459459459459,0.959459459459459,1,1,0.662162162162162,0.662162162162162,0.554054054054054,0.391891891891892,0.391891891891892,0.364864864864865,0.554054054054054,0.391891891891892,0.486486486486487,0.364864864864865,0.391891891891892,0.391891891891892,0.716216216216216,0.364864864864865,0.391891891891892,0.554054054054054,0.391891891891892,0.364864864864865,0.486486486486487,0.391891891891892,0.445945945945946,0.364864864864865,0.594594594594595,0.45945945945946,0.337837837837838,0.45945945945946,0.337837837837838,0.364864864864865,0.364864864864865,0.364864864864865,0.364864864864865,0.513513513513513,0.513513513513513,0.554054054054054,0.391891891891892,0.486486486486487,0.364864864864865,0.391891891891892,0.675675675675676,0.675675675675676,0.675675675675676,0.608108108108108,0.608108108108108,0.5,0.608108108108108,0.5,0.608108108108108,0.608108108108108,0.608108108108108,0.608108108108108,0.608108108108108,0.608108108108108,0.391891891891892,0.391891891891892,0.486486486486487,0.364864864864865,0.486486486486487,0.364864864864865,0.391891891891892,0.391891891891892,0.445945945945946,0.445945945945946,0.445945945945946,0.445945945945946,0.621621621621622
"another",1,1,1,1,1,1,1,0.986486486486487,0.986486486486487,0.986486486486487,0.986486486486487,0.986486486486487,1,1,1,1,1,1,1,1,1,1,1,1,1,1,1,1,1,1,1,1,1,1,0.959459459459459,0.959459459459459,1,1,1,1,1,1,1,1,1,0.986486486486487,0.986486486486487,0.945945945945946,1,1,1,1,1,1,1,1,1,0.527027027027027,0.527027027027027,0.527027027027027,0.527027027027027,0.878378378378378,0.72972972972973,0.72972972972973,0.72972972972973,0.959459459459459,0.959459459459459,0.959459459459459,0.959459459459459,0.959459459459459,0.959459459459459,1,1,0.662162162162162,0.662162162162162,0.554054054054054,0.391891891891892,0.391891891891892,0.364864864864865,0.554054054054054,0.391891891891892,0.486486486486487,0.364864864864865,0.391891891891892,0.391891891891892,0.716216216216216,0.364864864864865,0.391891891891892,0.554054054054054,0.391891891891892,0.364864864864865,0.486486486486487,0.391891891891892,0.445945945945946,0.364864864864865,0.594594594594595,0.45945945945946,0.337837837837838,0.45945945945946,0.337837837837838,0.364864864864865,0.364864864864865,0.364864864864865,0.364864864864865,0.513513513513513,0.513513513513513,0.554054054054054,0.391891891891892,0.486486486486487,0.364864864864865,0.391891891891892,0.675675675675676,0.675675675675676,0.675675675675676,0.608108108108108,0.608108108108108,0.5,0.608108108108108,0.5,0.608108108108108,0.608108108108108,0.608108108108108,0.608108108108108,0.608108108108108,0.608108108108108,0.391891891891892,0.391891891891892,0.486486486486487,0.364864864864865,0.486486486486487,0.364864864864865,0.391891891891892,0.391891891891892,0.445945945945946,0.445945945945946,0.445945945945946,0.445945945945946,0.621621621621622
"any",0.986486486486487,0.986486486486487,0.986486486486487,0.986486486486487,0.986486486486487,0.986486486486487,0.986486486486487,1,1,1,1,1,0.986486486486487,0.986486486486487,0.986486486486487,0.986486486486487,0.986486486486487,0.986486486486487,0.986486486486487,0.986486486486487,0.986486486486487,0.986486486486487,0.986486486486487,0.986486486486487,0.986486486486487,0.986486486486487,0.986486486486487,0.986486486486487,0.986486486486487,0.986486486486487,0.986486486486487,0.986486486486487,0.986486486486487,0.986486486486487,0.972972972972973,0.972972972972973,0.986486486486487,0.986486486486487,0.986486486486487,0.986486486486487,0.986486486486487,0.986486486486487,0.986486486486487,0.986486486486487,0.986486486486487,1,1,0.959459459459459,0.986486486486487,0.986486486486487,0.986486486486487,0.986486486486487,0.986486486486487,0.986486486486487,0.986486486486487,0.986486486486487,0.986486486486487,0.540540540540541,0.540540540540541,0.540540540540541,0.540540540540541,0.891891891891892,0.743243243243243,0.743243243243243,0.743243243243243,0.972972972972973,0.972972972972973,0.972972972972973,0.972972972972973,0.972972972972973,0.972972972972973,0.986486486486487,0.986486486486487,0.648648648648649,0.648648648648649,0.567567567567568,0.405405405405405,0.405405405405405,0.378378378378378,0.567567567567568,0.405405405405405,0.5,0.378378378378378,0.405405405405405,0.405405405405405,0.72972972972973,0.378378378378378,0.405405405405405,0.567567567567568,0.405405405405405,0.378378378378378,0.5,0.405405405405405,0.45945945945946,0.378378378378378,0.608108108108108,0.472972972972973,0.351351351351351,0.472972972972973,0.351351351351351,0.378378378378378,0.378378378378378,0.378378378378378,0.378378378378378,0.527027027027027,0.527027027027027,0.567567567567568,0.405405405405405,0.5,0.378378378378378,0.405405405405405,0.689189189189189,0.689189189189189,0.689189189189189,0.621621621621622,0.621621621621622,0.513513513513513,0.621621621621622,0.513513513513513,0.621621621621622,0.621621621621622,0.621621621621622,0.621621621621622,0.621621621621622,0.621621621621622,0.405405405405405,0.405405405405405,0.5,0.378378378378378,0.5,0.378378378378378,0.405405405405405,0.405405405405405,0.45945945945946,0.45945945945946,0.45945945945946,0.45945945945946,0.635135135135135
"anybody",0.986486486486487,0.986486486486487,0.986486486486487,0.986486486486487,0.986486486486487,0.986486486486487,0.986486486486487,1,1,1,1,1,0.986486486486487,0.986486486486487,0.986486486486487,0.986486486486487,0.986486486486487,0.986486486486487,0.986486486486487,0.986486486486487,0.986486486486487,0.986486486486487,0.986486486486487,0.986486486486487,0.986486486486487,0.986486486486487,0.986486486486487,0.986486486486487,0.986486486486487,0.986486486486487,0.986486486486487,0.986486486486487,0.986486486486487,0.986486486486487,0.972972972972973,0.972972972972973,0.986486486486487,0.986486486486487,0.986486486486487,0.986486486486487,0.986486486486487,0.986486486486487,0.986486486486487,0.986486486486487,0.986486486486487,1,1,0.959459459459459,0.986486486486487,0.986486486486487,0.986486486486487,0.986486486486487,0.986486486486487,0.986486486486487,0.986486486486487,0.986486486486487,0.986486486486487,0.540540540540541,0.540540540540541,0.540540540540541,0.540540540540541,0.891891891891892,0.743243243243243,0.743243243243243,0.743243243243243,0.972972972972973,0.972972972972973,0.972972972972973,0.972972972972973,0.972972972972973,0.972972972972973,0.986486486486487,0.986486486486487,0.648648648648649,0.648648648648649,0.567567567567568,0.405405405405405,0.405405405405405,0.378378378378378,0.567567567567568,0.405405405405405,0.5,0.378378378378378,0.405405405405405,0.405405405405405,0.72972972972973,0.378378378378378,0.405405405405405,0.567567567567568,0.405405405405405,0.378378378378378,0.5,0.405405405405405,0.45945945945946,0.378378378378378,0.608108108108108,0.472972972972973,0.351351351351351,0.472972972972973,0.351351351351351,0.378378378378378,0.378378378378378,0.378378378378378,0.378378378378378,0.527027027027027,0.527027027027027,0.567567567567568,0.405405405405405,0.5,0.378378378378378,0.405405405405405,0.689189189189189,0.689189189189189,0.689189189189189,0.621621621621622,0.621621621621622,0.513513513513513,0.621621621621622,0.513513513513513,0.621621621621622,0.621621621621622,0.621621621621622,0.621621621621622,0.621621621621622,0.621621621621622,0.405405405405405,0.405405405405405,0.5,0.378378378378378,0.5,0.378378378378378,0.405405405405405,0.405405405405405,0.45945945945946,0.45945945945946,0.45945945945946,0.45945945945946,0.635135135135135
"anyone",0.986486486486487,0.986486486486487,0.986486486486487,0.986486486486487,0.986486486486487,0.986486486486487,0.986486486486487,1,1,1,1,1,0.986486486486487,0.986486486486487,0.986486486486487,0.986486486486487,0.986486486486487,0.986486486486487,0.986486486486487,0.986486486486487,0.986486486486487,0.986486486486487,0.986486486486487,0.986486486486487,0.986486486486487,0.986486486486487,0.986486486486487,0.986486486486487,0.986486486486487,0.986486486486487,0.986486486486487,0.986486486486487,0.986486486486487,0.986486486486487,0.972972972972973,0.972972972972973,0.986486486486487,0.986486486486487,0.986486486486487,0.986486486486487,0.986486486486487,0.986486486486487,0.986486486486487,0.986486486486487,0.986486486486487,1,1,0.959459459459459,0.986486486486487,0.986486486486487,0.986486486486487,0.986486486486487,0.986486486486487,0.986486486486487,0.986486486486487,0.986486486486487,0.986486486486487,0.540540540540541,0.540540540540541,0.540540540540541,0.540540540540541,0.891891891891892,0.743243243243243,0.743243243243243,0.743243243243243,0.972972972972973,0.972972972972973,0.972972972972973,0.972972972972973,0.972972972972973,0.972972972972973,0.986486486486487,0.986486486486487,0.648648648648649,0.648648648648649,0.567567567567568,0.405405405405405,0.405405405405405,0.378378378378378,0.567567567567568,0.405405405405405,0.5,0.378378378378378,0.405405405405405,0.405405405405405,0.72972972972973,0.378378378378378,0.405405405405405,0.567567567567568,0.405405405405405,0.378378378378378,0.5,0.405405405405405,0.45945945945946,0.378378378378378,0.608108108108108,0.472972972972973,0.351351351351351,0.472972972972973,0.351351351351351,0.378378378378378,0.378378378378378,0.378378378378378,0.378378378378378,0.527027027027027,0.527027027027027,0.567567567567568,0.405405405405405,0.5,0.378378378378378,0.405405405405405,0.689189189189189,0.689189189189189,0.689189189189189,0.621621621621622,0.621621621621622,0.513513513513513,0.621621621621622,0.513513513513513,0.621621621621622,0.621621621621622,0.621621621621622,0.621621621621622,0.621621621621622,0.621621621621622,0.405405405405405,0.405405405405405,0.5,0.378378378378378,0.5,0.378378378378378,0.405405405405405,0.405405405405405,0.45945945945946,0.45945945945946,0.45945945945946,0.45945945945946,0.635135135135135
"anything",0.986486486486487,0.986486486486487,0.986486486486487,0.986486486486487,0.986486486486487,0.986486486486487,0.986486486486487,1,1,1,1,1,0.986486486486487,0.986486486486487,0.986486486486487,0.986486486486487,0.986486486486487,0.986486486486487,0.986486486486487,0.986486486486487,0.986486486486487,0.986486486486487,0.986486486486487,0.986486486486487,0.986486486486487,0.986486486486487,0.986486486486487,0.986486486486487,0.986486486486487,0.986486486486487,0.986486486486487,0.986486486486487,0.986486486486487,0.986486486486487,0.972972972972973,0.972972972972973,0.986486486486487,0.986486486486487,0.986486486486487,0.986486486486487,0.986486486486487,0.986486486486487,0.986486486486487,0.986486486486487,0.986486486486487,1,1,0.959459459459459,0.986486486486487,0.986486486486487,0.986486486486487,0.986486486486487,0.986486486486487,0.986486486486487,0.986486486486487,0.986486486486487,0.986486486486487,0.540540540540541,0.540540540540541,0.540540540540541,0.540540540540541,0.891891891891892,0.743243243243243,0.743243243243243,0.743243243243243,0.972972972972973,0.972972972972973,0.972972972972973,0.972972972972973,0.972972972972973,0.972972972972973,0.986486486486487,0.986486486486487,0.648648648648649,0.648648648648649,0.567567567567568,0.405405405405405,0.405405405405405,0.378378378378378,0.567567567567568,0.405405405405405,0.5,0.378378378378378,0.405405405405405,0.405405405405405,0.72972972972973,0.378378378378378,0.405405405405405,0.567567567567568,0.405405405405405,0.378378378378378,0.5,0.405405405405405,0.45945945945946,0.378378378378378,0.608108108108108,0.472972972972973,0.351351351351351,0.472972972972973,0.351351351351351,0.378378378378378,0.378378378378378,0.378378378378378,0.378378378378378,0.527027027027027,0.527027027027027,0.567567567567568,0.405405405405405,0.5,0.378378378378378,0.405405405405405,0.689189189189189,0.689189189189189,0.689189189189189,0.621621621621622,0.621621621621622,0.513513513513513,0.621621621621622,0.513513513513513,0.621621621621622,0.621621621621622,0.621621621621622,0.621621621621622,0.621621621621622,0.621621621621622,0.405405405405405,0.405405405405405,0.5,0.378378378378378,0.5,0.378378378378378,0.405405405405405,0.405405405405405,0.45945945945946,0.45945945945946,0.45945945945946,0.45945945945946,0.635135135135135
"anywhere",0.986486486486487,0.986486486486487,0.986486486486487,0.986486486486487,0.986486486486487,0.986486486486487,0.986486486486487,1,1,1,1,1,0.986486486486487,0.986486486486487,0.986486486486487,0.986486486486487,0.986486486486487,0.986486486486487,0.986486486486487,0.986486486486487,0.986486486486487,0.986486486486487,0.986486486486487,0.986486486486487,0.986486486486487,0.986486486486487,0.986486486486487,0.986486486486487,0.986486486486487,0.986486486486487,0.986486486486487,0.986486486486487,0.986486486486487,0.986486486486487,0.972972972972973,0.972972972972973,0.986486486486487,0.986486486486487,0.986486486486487,0.986486486486487,0.986486486486487,0.986486486486487,0.986486486486487,0.986486486486487,0.986486486486487,1,1,0.959459459459459,0.986486486486487,0.986486486486487,0.986486486486487,0.986486486486487,0.986486486486487,0.986486486486487,0.986486486486487,0.986486486486487,0.986486486486487,0.540540540540541,0.540540540540541,0.540540540540541,0.540540540540541,0.891891891891892,0.743243243243243,0.743243243243243,0.743243243243243,0.972972972972973,0.972972972972973,0.972972972972973,0.972972972972973,0.972972972972973,0.972972972972973,0.986486486486487,0.986486486486487,0.648648648648649,0.648648648648649,0.567567567567568,0.405405405405405,0.405405405405405,0.378378378378378,0.567567567567568,0.405405405405405,0.5,0.378378378378378,0.405405405405405,0.405405405405405,0.72972972972973,0.378378378378378,0.405405405405405,0.567567567567568,0.405405405405405,0.378378378378378,0.5,0.405405405405405,0.45945945945946,0.378378378378378,0.608108108108108,0.472972972972973,0.351351351351351,0.472972972972973,0.351351351351351,0.378378378378378,0.378378378378378,0.378378378378378,0.378378378378378,0.527027027027027,0.527027027027027,0.567567567567568,0.405405405405405,0.5,0.378378378378378,0.405405405405405,0.689189189189189,0.689189189189189,0.689189189189189,0.621621621621622,0.621621621621622,0.513513513513513,0.621621621621622,0.513513513513513,0.621621621621622,0.621621621621622,0.621621621621622,0.621621621621622,0.621621621621622,0.621621621621622,0.405405405405405,0.405405405405405,0.5,0.378378378378378,0.5,0.378378378378378,0.405405405405405,0.405405405405405,0.45945945945946,0.45945945945946,0.45945945945946,0.45945945945946,0.635135135135135
"both",1,1,1,1,1,1,1,0.986486486486487,0.986486486486487,0.986486486486487,0.986486486486487,0.986486486486487,1,1,1,1,1,1,1,1,1,1,1,1,1,1,1,1,1,1,1,1,1,1,0.959459459459459,0.959459459459459,1,1,1,1,1,1,1,1,1,0.986486486486487,0.986486486486487,0.945945945945946,1,1,1,1,1,1,1,1,1,0.527027027027027,0.527027027027027,0.527027027027027,0.527027027027027,0.878378378378378,0.72972972972973,0.72972972972973,0.72972972972973,0.959459459459459,0.959459459459459,0.959459459459459,0.959459459459459,0.959459459459459,0.959459459459459,1,1,0.662162162162162,0.662162162162162,0.554054054054054,0.391891891891892,0.391891891891892,0.364864864864865,0.554054054054054,0.391891891891892,0.486486486486487,0.364864864864865,0.391891891891892,0.391891891891892,0.716216216216216,0.364864864864865,0.391891891891892,0.554054054054054,0.391891891891892,0.364864864864865,0.486486486486487,0.391891891891892,0.445945945945946,0.364864864864865,0.594594594594595,0.45945945945946,0.337837837837838,0.45945945945946,0.337837837837838,0.364864864864865,0.364864864864865,0.364864864864865,0.364864864864865,0.513513513513513,0.513513513513513,0.554054054054054,0.391891891891892,0.486486486486487,0.364864864864865,0.391891891891892,0.675675675675676,0.675675675675676,0.675675675675676,0.608108108108108,0.608108108108108,0.5,0.608108108108108,0.5,0.608108108108108,0.608108108108108,0.608108108108108,0.608108108108108,0.608108108108108,0.608108108108108,0.391891891891892,0.391891891891892,0.486486486486487,0.364864864864865,0.486486486486487,0.364864864864865,0.391891891891892,0.391891891891892,0.445945945945946,0.445945945945946,0.445945945945946,0.445945945945946,0.621621621621622
"certain",1,1,1,1,1,1,1,0.986486486486487,0.986486486486487,0.986486486486487,0.986486486486487,0.986486486486487,1,1,1,1,1,1,1,1,1,1,1,1,1,1,1,1,1,1,1,1,1,1,0.959459459459459,0.959459459459459,1,1,1,1,1,1,1,1,1,0.986486486486487,0.986486486486487,0.945945945945946,1,1,1,1,1,1,1,1,1,0.527027027027027,0.527027027027027,0.527027027027027,0.527027027027027,0.878378378378378,0.72972972972973,0.72972972972973,0.72972972972973,0.959459459459459,0.959459459459459,0.959459459459459,0.959459459459459,0.959459459459459,0.959459459459459,1,1,0.662162162162162,0.662162162162162,0.554054054054054,0.391891891891892,0.391891891891892,0.364864864864865,0.554054054054054,0.391891891891892,0.486486486486487,0.364864864864865,0.391891891891892,0.391891891891892,0.716216216216216,0.364864864864865,0.391891891891892,0.554054054054054,0.391891891891892,0.364864864864865,0.486486486486487,0.391891891891892,0.445945945945946,0.364864864864865,0.594594594594595,0.45945945945946,0.337837837837838,0.45945945945946,0.337837837837838,0.364864864864865,0.364864864864865,0.364864864864865,0.364864864864865,0.513513513513513,0.513513513513513,0.554054054054054,0.391891891891892,0.486486486486487,0.364864864864865,0.391891891891892,0.675675675675676,0.675675675675676,0.675675675675676,0.608108108108108,0.608108108108108,0.5,0.608108108108108,0.5,0.608108108108108,0.608108108108108,0.608108108108108,0.608108108108108,0.608108108108108,0.608108108108108,0.391891891891892,0.391891891891892,0.486486486486487,0.364864864864865,0.486486486486487,0.364864864864865,0.391891891891892,0.391891891891892,0.445945945945946,0.445945945945946,0.445945945945946,0.445945945945946,0.621621621621622
"each",1,1,1,1,1,1,1,0.986486486486487,0.986486486486487,0.986486486486487,0.986486486486487,0.986486486486487,1,1,1,1,1,1,1,1,1,1,1,1,1,1,1,1,1,1,1,1,1,1,0.959459459459459,0.959459459459459,1,1,1,1,1,1,1,1,1,0.986486486486487,0.986486486486487,0.945945945945946,1,1,1,1,1,1,1,1,1,0.527027027027027,0.527027027027027,0.527027027027027,0.527027027027027,0.878378378378378,0.72972972972973,0.72972972972973,0.72972972972973,0.959459459459459,0.959459459459459,0.959459459459459,0.959459459459459,0.959459459459459,0.959459459459459,1,1,0.662162162162162,0.662162162162162,0.554054054054054,0.391891891891892,0.391891891891892,0.364864864864865,0.554054054054054,0.391891891891892,0.486486486486487,0.364864864864865,0.391891891891892,0.391891891891892,0.716216216216216,0.364864864864865,0.391891891891892,0.554054054054054,0.391891891891892,0.364864864864865,0.486486486486487,0.391891891891892,0.445945945945946,0.364864864864865,0.594594594594595,0.45945945945946,0.337837837837838,0.45945945945946,0.337837837837838,0.364864864864865,0.364864864864865,0.364864864864865,0.364864864864865,0.513513513513513,0.513513513513513,0.554054054054054,0.391891891891892,0.486486486486487,0.364864864864865,0.391891891891892,0.675675675675676,0.675675675675676,0.675675675675676,0.608108108108108,0.608108108108108,0.5,0.608108108108108,0.5,0.608108108108108,0.608108108108108,0.608108108108108,0.608108108108108,0.608108108108108,0.608108108108108,0.391891891891892,0.391891891891892,0.486486486486487,0.364864864864865,0.486486486486487,0.364864864864865,0.391891891891892,0.391891891891892,0.445945945945946,0.445945945945946,0.445945945945946,0.445945945945946,0.621621621621622
"either",1,1,1,1,1,1,1,0.986486486486487,0.986486486486487,0.986486486486487,0.986486486486487,0.986486486486487,1,1,1,1,1,1,1,1,1,1,1,1,1,1,1,1,1,1,1,1,1,1,0.959459459459459,0.959459459459459,1,1,1,1,1,1,1,1,1,0.986486486486487,0.986486486486487,0.945945945945946,1,1,1,1,1,1,1,1,1,0.527027027027027,0.527027027027027,0.527027027027027,0.527027027027027,0.878378378378378,0.72972972972973,0.72972972972973,0.72972972972973,0.959459459459459,0.959459459459459,0.959459459459459,0.959459459459459,0.959459459459459,0.959459459459459,1,1,0.662162162162162,0.662162162162162,0.554054054054054,0.391891891891892,0.391891891891892,0.364864864864865,0.554054054054054,0.391891891891892,0.486486486486487,0.364864864864865,0.391891891891892,0.391891891891892,0.716216216216216,0.364864864864865,0.391891891891892,0.554054054054054,0.391891891891892,0.364864864864865,0.486486486486487,0.391891891891892,0.445945945945946,0.364864864864865,0.594594594594595,0.45945945945946,0.337837837837838,0.45945945945946,0.337837837837838,0.364864864864865,0.364864864864865,0.364864864864865,0.364864864864865,0.513513513513513,0.513513513513513,0.554054054054054,0.391891891891892,0.486486486486487,0.364864864864865,0.391891891891892,0.675675675675676,0.675675675675676,0.675675675675676,0.608108108108108,0.608108108108108,0.5,0.608108108108108,0.5,0.608108108108108,0.608108108108108,0.608108108108108,0.608108108108108,0.608108108108108,0.608108108108108,0.391891891891892,0.391891891891892,0.486486486486487,0.364864864864865,0.486486486486487,0.364864864864865,0.391891891891892,0.391891891891892,0.445945945945946,0.445945945945946,0.445945945945946,0.445945945945946,0.621621621621622
"enough",1,1,1,1,1,1,1,0.986486486486487,0.986486486486487,0.986486486486487,0.986486486486487,0.986486486486487,1,1,1,1,1,1,1,1,1,1,1,1,1,1,1,1,1,1,1,1,1,1,0.959459459459459,0.959459459459459,1,1,1,1,1,1,1,1,1,0.986486486486487,0.986486486486487,0.945945945945946,1,1,1,1,1,1,1,1,1,0.527027027027027,0.527027027027027,0.527027027027027,0.527027027027027,0.878378378378378,0.72972972972973,0.72972972972973,0.72972972972973,0.959459459459459,0.959459459459459,0.959459459459459,0.959459459459459,0.959459459459459,0.959459459459459,1,1,0.662162162162162,0.662162162162162,0.554054054054054,0.391891891891892,0.391891891891892,0.364864864864865,0.554054054054054,0.391891891891892,0.486486486486487,0.364864864864865,0.391891891891892,0.391891891891892,0.716216216216216,0.364864864864865,0.391891891891892,0.554054054054054,0.391891891891892,0.364864864864865,0.486486486486487,0.391891891891892,0.445945945945946,0.364864864864865,0.594594594594595,0.45945945945946,0.337837837837838,0.45945945945946,0.337837837837838,0.364864864864865,0.364864864864865,0.364864864864865,0.364864864864865,0.513513513513513,0.513513513513513,0.554054054054054,0.391891891891892,0.486486486486487,0.364864864864865,0.391891891891892,0.675675675675676,0.675675675675676,0.675675675675676,0.608108108108108,0.608108108108108,0.5,0.608108108108108,0.5,0.608108108108108,0.608108108108108,0.608108108108108,0.608108108108108,0.608108108108108,0.608108108108108,0.391891891891892,0.391891891891892,0.486486486486487,0.364864864864865,0.486486486486487,0.364864864864865,0.391891891891892,0.391891891891892,0.445945945945946,0.445945945945946,0.445945945945946,0.445945945945946,0.621621621621622
"every",1,1,1,1,1,1,1,0.986486486486487,0.986486486486487,0.986486486486487,0.986486486486487,0.986486486486487,1,1,1,1,1,1,1,1,1,1,1,1,1,1,1,1,1,1,1,1,1,1,0.959459459459459,0.959459459459459,1,1,1,1,1,1,1,1,1,0.986486486486487,0.986486486486487,0.945945945945946,1,1,1,1,1,1,1,1,1,0.527027027027027,0.527027027027027,0.527027027027027,0.527027027027027,0.878378378378378,0.72972972972973,0.72972972972973,0.72972972972973,0.959459459459459,0.959459459459459,0.959459459459459,0.959459459459459,0.959459459459459,0.959459459459459,1,1,0.662162162162162,0.662162162162162,0.554054054054054,0.391891891891892,0.391891891891892,0.364864864864865,0.554054054054054,0.391891891891892,0.486486486486487,0.364864864864865,0.391891891891892,0.391891891891892,0.716216216216216,0.364864864864865,0.391891891891892,0.554054054054054,0.391891891891892,0.364864864864865,0.486486486486487,0.391891891891892,0.445945945945946,0.364864864864865,0.594594594594595,0.45945945945946,0.337837837837838,0.45945945945946,0.337837837837838,0.364864864864865,0.364864864864865,0.364864864864865,0.364864864864865,0.513513513513513,0.513513513513513,0.554054054054054,0.391891891891892,0.486486486486487,0.364864864864865,0.391891891891892,0.675675675675676,0.675675675675676,0.675675675675676,0.608108108108108,0.608108108108108,0.5,0.608108108108108,0.5,0.608108108108108,0.608108108108108,0.608108108108108,0.608108108108108,0.608108108108108,0.608108108108108,0.391891891891892,0.391891891891892,0.486486486486487,0.364864864864865,0.486486486486487,0.364864864864865,0.391891891891892,0.391891891891892,0.445945945945946,0.445945945945946,0.445945945945946,0.445945945945946,0.621621621621622
"everybody",1,1,1,1,1,1,1,0.986486486486487,0.986486486486487,0.986486486486487,0.986486486486487,0.986486486486487,1,1,1,1,1,1,1,1,1,1,1,1,1,1,1,1,1,1,1,1,1,1,0.959459459459459,0.959459459459459,1,1,1,1,1,1,1,1,1,0.986486486486487,0.986486486486487,0.945945945945946,1,1,1,1,1,1,1,1,1,0.527027027027027,0.527027027027027,0.527027027027027,0.527027027027027,0.878378378378378,0.72972972972973,0.72972972972973,0.72972972972973,0.959459459459459,0.959459459459459,0.959459459459459,0.959459459459459,0.959459459459459,0.959459459459459,1,1,0.662162162162162,0.662162162162162,0.554054054054054,0.391891891891892,0.391891891891892,0.364864864864865,0.554054054054054,0.391891891891892,0.486486486486487,0.364864864864865,0.391891891891892,0.391891891891892,0.716216216216216,0.364864864864865,0.391891891891892,0.554054054054054,0.391891891891892,0.364864864864865,0.486486486486487,0.391891891891892,0.445945945945946,0.364864864864865,0.594594594594595,0.45945945945946,0.337837837837838,0.45945945945946,0.337837837837838,0.364864864864865,0.364864864864865,0.364864864864865,0.364864864864865,0.513513513513513,0.513513513513513,0.554054054054054,0.391891891891892,0.486486486486487,0.364864864864865,0.391891891891892,0.675675675675676,0.675675675675676,0.675675675675676,0.608108108108108,0.608108108108108,0.5,0.608108108108108,0.5,0.608108108108108,0.608108108108108,0.608108108108108,0.608108108108108,0.608108108108108,0.608108108108108,0.391891891891892,0.391891891891892,0.486486486486487,0.364864864864865,0.486486486486487,0.364864864864865,0.391891891891892,0.391891891891892,0.445945945945946,0.445945945945946,0.445945945945946,0.445945945945946,0.621621621621622
"everyone",1,1,1,1,1,1,1,0.986486486486487,0.986486486486487,0.986486486486487,0.986486486486487,0.986486486486487,1,1,1,1,1,1,1,1,1,1,1,1,1,1,1,1,1,1,1,1,1,1,0.959459459459459,0.959459459459459,1,1,1,1,1,1,1,1,1,0.986486486486487,0.986486486486487,0.945945945945946,1,1,1,1,1,1,1,1,1,0.527027027027027,0.527027027027027,0.527027027027027,0.527027027027027,0.878378378378378,0.72972972972973,0.72972972972973,0.72972972972973,0.959459459459459,0.959459459459459,0.959459459459459,0.959459459459459,0.959459459459459,0.959459459459459,1,1,0.662162162162162,0.662162162162162,0.554054054054054,0.391891891891892,0.391891891891892,0.364864864864865,0.554054054054054,0.391891891891892,0.486486486486487,0.364864864864865,0.391891891891892,0.391891891891892,0.716216216216216,0.364864864864865,0.391891891891892,0.554054054054054,0.391891891891892,0.364864864864865,0.486486486486487,0.391891891891892,0.445945945945946,0.364864864864865,0.594594594594595,0.45945945945946,0.337837837837838,0.45945945945946,0.337837837837838,0.364864864864865,0.364864864864865,0.364864864864865,0.364864864864865,0.513513513513513,0.513513513513513,0.554054054054054,0.391891891891892,0.486486486486487,0.364864864864865,0.391891891891892,0.675675675675676,0.675675675675676,0.675675675675676,0.608108108108108,0.608108108108108,0.5,0.608108108108108,0.5,0.608108108108108,0.608108108108108,0.608108108108108,0.608108108108108,0.608108108108108,0.608108108108108,0.391891891891892,0.391891891891892,0.486486486486487,0.364864864864865,0.486486486486487,0.364864864864865,0.391891891891892,0.391891891891892,0.445945945945946,0.445945945945946,0.445945945945946,0.445945945945946,0.621621621621622
"everything",1,1,1,1,1,1,1,0.986486486486487,0.986486486486487,0.986486486486487,0.986486486486487,0.986486486486487,1,1,1,1,1,1,1,1,1,1,1,1,1,1,1,1,1,1,1,1,1,1,0.959459459459459,0.959459459459459,1,1,1,1,1,1,1,1,1,0.986486486486487,0.986486486486487,0.945945945945946,1,1,1,1,1,1,1,1,1,0.527027027027027,0.527027027027027,0.527027027027027,0.527027027027027,0.878378378378378,0.72972972972973,0.72972972972973,0.72972972972973,0.959459459459459,0.959459459459459,0.959459459459459,0.959459459459459,0.959459459459459,0.959459459459459,1,1,0.662162162162162,0.662162162162162,0.554054054054054,0.391891891891892,0.391891891891892,0.364864864864865,0.554054054054054,0.391891891891892,0.486486486486487,0.364864864864865,0.391891891891892,0.391891891891892,0.716216216216216,0.364864864864865,0.391891891891892,0.554054054054054,0.391891891891892,0.364864864864865,0.486486486486487,0.391891891891892,0.445945945945946,0.364864864864865,0.594594594594595,0.45945945945946,0.337837837837838,0.45945945945946,0.337837837837838,0.364864864864865,0.364864864864865,0.364864864864865,0.364864864864865,0.513513513513513,0.513513513513513,0.554054054054054,0.391891891891892,0.486486486486487,0.364864864864865,0.391891891891892,0.675675675675676,0.675675675675676,0.675675675675676,0.608108108108108,0.608108108108108,0.5,0.608108108108108,0.5,0.608108108108108,0.608108108108108,0.608108108108108,0.608108108108108,0.608108108108108,0.608108108108108,0.391891891891892,0.391891891891892,0.486486486486487,0.364864864864865,0.486486486486487,0.364864864864865,0.391891891891892,0.391891891891892,0.445945945945946,0.445945945945946,0.445945945945946,0.445945945945946,0.621621621621622
"everywhere",1,1,1,1,1,1,1,0.986486486486487,0.986486486486487,0.986486486486487,0.986486486486487,0.986486486486487,1,1,1,1,1,1,1,1,1,1,1,1,1,1,1,1,1,1,1,1,1,1,0.959459459459459,0.959459459459459,1,1,1,1,1,1,1,1,1,0.986486486486487,0.986486486486487,0.945945945945946,1,1,1,1,1,1,1,1,1,0.527027027027027,0.527027027027027,0.527027027027027,0.527027027027027,0.878378378378378,0.72972972972973,0.72972972972973,0.72972972972973,0.959459459459459,0.959459459459459,0.959459459459459,0.959459459459459,0.959459459459459,0.959459459459459,1,1,0.662162162162162,0.662162162162162,0.554054054054054,0.391891891891892,0.391891891891892,0.364864864864865,0.554054054054054,0.391891891891892,0.486486486486487,0.364864864864865,0.391891891891892,0.391891891891892,0.716216216216216,0.364864864864865,0.391891891891892,0.554054054054054,0.391891891891892,0.364864864864865,0.486486486486487,0.391891891891892,0.445945945945946,0.364864864864865,0.594594594594595,0.45945945945946,0.337837837837838,0.45945945945946,0.337837837837838,0.364864864864865,0.364864864864865,0.364864864864865,0.364864864864865,0.513513513513513,0.513513513513513,0.554054054054054,0.391891891891892,0.486486486486487,0.364864864864865,0.391891891891892,0.675675675675676,0.675675675675676,0.675675675675676,0.608108108108108,0.608108108108108,0.5,0.608108108108108,0.5,0.608108108108108,0.608108108108108,0.608108108108108,0.608108108108108,0.608108108108108,0.608108108108108,0.391891891891892,0.391891891891892,0.486486486486487,0.364864864864865,0.486486486486487,0.364864864864865,0.391891891891892,0.391891891891892,0.445945945945946,0.445945945945946,0.445945945945946,0.445945945945946,0.621621621621622
"few",1,1,1,1,1,1,1,0.986486486486487,0.986486486486487,0.986486486486487,0.986486486486487,0.986486486486487,1,1,1,1,1,1,1,1,1,1,1,1,1,1,1,1,1,1,1,1,1,1,0.959459459459459,0.959459459459459,1,1,1,1,1,1,1,1,1,0.986486486486487,0.986486486486487,0.945945945945946,1,1,1,1,1,1,1,1,1,0.527027027027027,0.527027027027027,0.527027027027027,0.527027027027027,0.878378378378378,0.72972972972973,0.72972972972973,0.72972972972973,0.959459459459459,0.959459459459459,0.959459459459459,0.959459459459459,0.959459459459459,0.959459459459459,1,1,0.662162162162162,0.662162162162162,0.554054054054054,0.391891891891892,0.391891891891892,0.364864864864865,0.554054054054054,0.391891891891892,0.486486486486487,0.364864864864865,0.391891891891892,0.391891891891892,0.716216216216216,0.364864864864865,0.391891891891892,0.554054054054054,0.391891891891892,0.364864864864865,0.486486486486487,0.391891891891892,0.445945945945946,0.364864864864865,0.594594594594595,0.45945945945946,0.337837837837838,0.45945945945946,0.337837837837838,0.364864864864865,0.364864864864865,0.364864864864865,0.364864864864865,0.513513513513513,0.513513513513513,0.554054054054054,0.391891891891892,0.486486486486487,0.364864864864865,0.391891891891892,0.675675675675676,0.675675675675676,0.675675675675676,0.608108108108108,0.608108108108108,0.5,0.608108108108108,0.5,0.608108108108108,0.608108108108108,0.608108108108108,0.608108108108108,0.608108108108108,0.608108108108108,0.391891891891892,0.391891891891892,0.486486486486487,0.364864864864865,0.486486486486487,0.364864864864865,0.391891891891892,0.391891891891892,0.445945945945946,0.445945945945946,0.445945945945946,0.445945945945946,0.621621621621622
"fewer",1,1,1,1,1,1,1,0.986486486486487,0.986486486486487,0.986486486486487,0.986486486486487,0.986486486486487,1,1,1,1,1,1,1,1,1,1,1,1,1,1,1,1,1,1,1,1,1,1,0.959459459459459,0.959459459459459,1,1,1,1,1,1,1,1,1,0.986486486486487,0.986486486486487,0.945945945945946,1,1,1,1,1,1,1,1,1,0.527027027027027,0.527027027027027,0.527027027027027,0.527027027027027,0.878378378378378,0.72972972972973,0.72972972972973,0.72972972972973,0.959459459459459,0.959459459459459,0.959459459459459,0.959459459459459,0.959459459459459,0.959459459459459,1,1,0.662162162162162,0.662162162162162,0.554054054054054,0.391891891891892,0.391891891891892,0.364864864864865,0.554054054054054,0.391891891891892,0.486486486486487,0.364864864864865,0.391891891891892,0.391891891891892,0.716216216216216,0.364864864864865,0.391891891891892,0.554054054054054,0.391891891891892,0.364864864864865,0.486486486486487,0.391891891891892,0.445945945945946,0.364864864864865,0.594594594594595,0.45945945945946,0.337837837837838,0.45945945945946,0.337837837837838,0.364864864864865,0.364864864864865,0.364864864864865,0.364864864864865,0.513513513513513,0.513513513513513,0.554054054054054,0.391891891891892,0.486486486486487,0.364864864864865,0.391891891891892,0.675675675675676,0.675675675675676,0.675675675675676,0.608108108108108,0.608108108108108,0.5,0.608108108108108,0.5,0.608108108108108,0.608108108108108,0.608108108108108,0.608108108108108,0.608108108108108,0.608108108108108,0.391891891891892,0.391891891891892,0.486486486486487,0.364864864864865,0.486486486486487,0.364864864864865,0.391891891891892,0.391891891891892,0.445945945945946,0.445945945945946,0.445945945945946,0.445945945945946,0.621621621621622
"fewest",1,1,1,1,1,1,1,0.986486486486487,0.986486486486487,0.986486486486487,0.986486486486487,0.986486486486487,1,1,1,1,1,1,1,1,1,1,1,1,1,1,1,1,1,1,1,1,1,1,0.959459459459459,0.959459459459459,1,1,1,1,1,1,1,1,1,0.986486486486487,0.986486486486487,0.945945945945946,1,1,1,1,1,1,1,1,1,0.527027027027027,0.527027027027027,0.527027027027027,0.527027027027027,0.878378378378378,0.72972972972973,0.72972972972973,0.72972972972973,0.959459459459459,0.959459459459459,0.959459459459459,0.959459459459459,0.959459459459459,0.959459459459459,1,1,0.662162162162162,0.662162162162162,0.554054054054054,0.391891891891892,0.391891891891892,0.364864864864865,0.554054054054054,0.391891891891892,0.486486486486487,0.364864864864865,0.391891891891892,0.391891891891892,0.716216216216216,0.364864864864865,0.391891891891892,0.554054054054054,0.391891891891892,0.364864864864865,0.486486486486487,0.391891891891892,0.445945945945946,0.364864864864865,0.594594594594595,0.45945945945946,0.337837837837838,0.45945945945946,0.337837837837838,0.364864864864865,0.364864864864865,0.364864864864865,0.364864864864865,0.513513513513513,0.513513513513513,0.554054054054054,0.391891891891892,0.486486486486487,0.364864864864865,0.391891891891892,0.675675675675676,0.675675675675676,0.675675675675676,0.608108108108108,0.608108108108108,0.5,0.608108108108108,0.5,0.608108108108108,0.608108108108108,0.608108108108108,0.608108108108108,0.608108108108108,0.608108108108108,0.391891891891892,0.391891891891892,0.486486486486487,0.364864864864865,0.486486486486487,0.364864864864865,0.391891891891892,0.391891891891892,0.445945945945946,0.445945945945946,0.445945945945946,0.445945945945946,0.621621621621622
"little",1,1,1,1,1,1,1,0.986486486486487,0.986486486486487,0.986486486486487,0.986486486486487,0.986486486486487,1,1,1,1,1,1,1,1,1,1,1,1,1,1,1,1,1,1,1,1,1,1,0.959459459459459,0.959459459459459,1,1,1,1,1,1,1,1,1,0.986486486486487,0.986486486486487,0.945945945945946,1,1,1,1,1,1,1,1,1,0.527027027027027,0.527027027027027,0.527027027027027,0.527027027027027,0.878378378378378,0.72972972972973,0.72972972972973,0.72972972972973,0.959459459459459,0.959459459459459,0.959459459459459,0.959459459459459,0.959459459459459,0.959459459459459,1,1,0.662162162162162,0.662162162162162,0.554054054054054,0.391891891891892,0.391891891891892,0.364864864864865,0.554054054054054,0.391891891891892,0.486486486486487,0.364864864864865,0.391891891891892,0.391891891891892,0.716216216216216,0.364864864864865,0.391891891891892,0.554054054054054,0.391891891891892,0.364864864864865,0.486486486486487,0.391891891891892,0.445945945945946,0.364864864864865,0.594594594594595,0.45945945945946,0.337837837837838,0.45945945945946,0.337837837837838,0.364864864864865,0.364864864864865,0.364864864864865,0.364864864864865,0.513513513513513,0.513513513513513,0.554054054054054,0.391891891891892,0.486486486486487,0.364864864864865,0.391891891891892,0.675675675675676,0.675675675675676,0.675675675675676,0.608108108108108,0.608108108108108,0.5,0.608108108108108,0.5,0.608108108108108,0.608108108108108,0.608108108108108,0.608108108108108,0.608108108108108,0.608108108108108,0.391891891891892,0.391891891891892,0.486486486486487,0.364864864864865,0.486486486486487,0.364864864864865,0.391891891891892,0.391891891891892,0.445945945945946,0.445945945945946,0.445945945945946,0.445945945945946,0.621621621621622
"less",1,1,1,1,1,1,1,0.986486486486487,0.986486486486487,0.986486486486487,0.986486486486487,0.986486486486487,1,1,1,1,1,1,1,1,1,1,1,1,1,1,1,1,1,1,1,1,1,1,0.959459459459459,0.959459459459459,1,1,1,1,1,1,1,1,1,0.986486486486487,0.986486486486487,0.945945945945946,1,1,1,1,1,1,1,1,1,0.527027027027027,0.527027027027027,0.527027027027027,0.527027027027027,0.878378378378378,0.72972972972973,0.72972972972973,0.72972972972973,0.959459459459459,0.959459459459459,0.959459459459459,0.959459459459459,0.959459459459459,0.959459459459459,1,1,0.662162162162162,0.662162162162162,0.554054054054054,0.391891891891892,0.391891891891892,0.364864864864865,0.554054054054054,0.391891891891892,0.486486486486487,0.364864864864865,0.391891891891892,0.391891891891892,0.716216216216216,0.364864864864865,0.391891891891892,0.554054054054054,0.391891891891892,0.364864864864865,0.486486486486487,0.391891891891892,0.445945945945946,0.364864864864865,0.594594594594595,0.45945945945946,0.337837837837838,0.45945945945946,0.337837837837838,0.364864864864865,0.364864864864865,0.364864864864865,0.364864864864865,0.513513513513513,0.513513513513513,0.554054054054054,0.391891891891892,0.486486486486487,0.364864864864865,0.391891891891892,0.675675675675676,0.675675675675676,0.675675675675676,0.608108108108108,0.608108108108108,0.5,0.608108108108108,0.5,0.608108108108108,0.608108108108108,0.608108108108108,0.608108108108108,0.608108108108108,0.608108108108108,0.391891891891892,0.391891891891892,0.486486486486487,0.364864864864865,0.486486486486487,0.364864864864865,0.391891891891892,0.391891891891892,0.445945945945946,0.445945945945946,0.445945945945946,0.445945945945946,0.621621621621622
"least",1,1,1,1,1,1,1,0.986486486486487,0.986486486486487,0.986486486486487,0.986486486486487,0.986486486486487,1,1,1,1,1,1,1,1,1,1,1,1,1,1,1,1,1,1,1,1,1,1,0.959459459459459,0.959459459459459,1,1,1,1,1,1,1,1,1,0.986486486486487,0.986486486486487,0.945945945945946,1,1,1,1,1,1,1,1,1,0.527027027027027,0.527027027027027,0.527027027027027,0.527027027027027,0.878378378378378,0.72972972972973,0.72972972972973,0.72972972972973,0.959459459459459,0.959459459459459,0.959459459459459,0.959459459459459,0.959459459459459,0.959459459459459,1,1,0.662162162162162,0.662162162162162,0.554054054054054,0.391891891891892,0.391891891891892,0.364864864864865,0.554054054054054,0.391891891891892,0.486486486486487,0.364864864864865,0.391891891891892,0.391891891891892,0.716216216216216,0.364864864864865,0.391891891891892,0.554054054054054,0.391891891891892,0.364864864864865,0.486486486486487,0.391891891891892,0.445945945945946,0.364864864864865,0.594594594594595,0.45945945945946,0.337837837837838,0.45945945945946,0.337837837837838,0.364864864864865,0.364864864864865,0.364864864864865,0.364864864864865,0.513513513513513,0.513513513513513,0.554054054054054,0.391891891891892,0.486486486486487,0.364864864864865,0.391891891891892,0.675675675675676,0.675675675675676,0.675675675675676,0.608108108108108,0.608108108108108,0.5,0.608108108108108,0.5,0.608108108108108,0.608108108108108,0.608108108108108,0.608108108108108,0.608108108108108,0.608108108108108,0.391891891891892,0.391891891891892,0.486486486486487,0.364864864864865,0.486486486486487,0.364864864864865,0.391891891891892,0.391891891891892,0.445945945945946,0.445945945945946,0.445945945945946,0.445945945945946,0.621621621621622
"many",1,1,1,1,1,1,1,0.986486486486487,0.986486486486487,0.986486486486487,0.986486486486487,0.986486486486487,1,1,1,1,1,1,1,1,1,1,1,1,1,1,1,1,1,1,1,1,1,1,0.959459459459459,0.959459459459459,1,1,1,1,1,1,1,1,1,0.986486486486487,0.986486486486487,0.945945945945946,1,1,1,1,1,1,1,1,1,0.527027027027027,0.527027027027027,0.527027027027027,0.527027027027027,0.878378378378378,0.72972972972973,0.72972972972973,0.72972972972973,0.959459459459459,0.959459459459459,0.959459459459459,0.959459459459459,0.959459459459459,0.959459459459459,1,1,0.662162162162162,0.662162162162162,0.554054054054054,0.391891891891892,0.391891891891892,0.364864864864865,0.554054054054054,0.391891891891892,0.486486486486487,0.364864864864865,0.391891891891892,0.391891891891892,0.716216216216216,0.364864864864865,0.391891891891892,0.554054054054054,0.391891891891892,0.364864864864865,0.486486486486487,0.391891891891892,0.445945945945946,0.364864864864865,0.594594594594595,0.45945945945946,0.337837837837838,0.45945945945946,0.337837837837838,0.364864864864865,0.364864864864865,0.364864864864865,0.364864864864865,0.513513513513513,0.513513513513513,0.554054054054054,0.391891891891892,0.486486486486487,0.364864864864865,0.391891891891892,0.675675675675676,0.675675675675676,0.675675675675676,0.608108108108108,0.608108108108108,0.5,0.608108108108108,0.5,0.608108108108108,0.608108108108108,0.608108108108108,0.608108108108108,0.608108108108108,0.608108108108108,0.391891891891892,0.391891891891892,0.486486486486487,0.364864864864865,0.486486486486487,0.364864864864865,0.391891891891892,0.391891891891892,0.445945945945946,0.445945945945946,0.445945945945946,0.445945945945946,0.621621621621622
"many_a",1,1,1,1,1,1,1,0.986486486486487,0.986486486486487,0.986486486486487,0.986486486486487,0.986486486486487,1,1,1,1,1,1,1,1,1,1,1,1,1,1,1,1,1,1,1,1,1,1,0.959459459459459,0.959459459459459,1,1,1,1,1,1,1,1,1,0.986486486486487,0.986486486486487,0.945945945945946,1,1,1,1,1,1,1,1,1,0.527027027027027,0.527027027027027,0.527027027027027,0.527027027027027,0.878378378378378,0.72972972972973,0.72972972972973,0.72972972972973,0.959459459459459,0.959459459459459,0.959459459459459,0.959459459459459,0.959459459459459,0.959459459459459,1,1,0.662162162162162,0.662162162162162,0.554054054054054,0.391891891891892,0.391891891891892,0.364864864864865,0.554054054054054,0.391891891891892,0.486486486486487,0.364864864864865,0.391891891891892,0.391891891891892,0.716216216216216,0.364864864864865,0.391891891891892,0.554054054054054,0.391891891891892,0.364864864864865,0.486486486486487,0.391891891891892,0.445945945945946,0.364864864864865,0.594594594594595,0.45945945945946,0.337837837837838,0.45945945945946,0.337837837837838,0.364864864864865,0.364864864864865,0.364864864864865,0.364864864864865,0.513513513513513,0.513513513513513,0.554054054054054,0.391891891891892,0.486486486486487,0.364864864864865,0.391891891891892,0.675675675675676,0.675675675675676,0.675675675675676,0.608108108108108,0.608108108108108,0.5,0.608108108108108,0.5,0.608108108108108,0.608108108108108,0.608108108108108,0.608108108108108,0.608108108108108,0.608108108108108,0.391891891891892,0.391891891891892,0.486486486486487,0.364864864864865,0.486486486486487,0.364864864864865,0.391891891891892,0.391891891891892,0.445945945945946,0.445945945945946,0.445945945945946,0.445945945945946,0.621621621621622
"more",1,1,1,1,1,1,1,0.986486486486487,0.986486486486487,0.986486486486487,0.986486486486487,0.986486486486487,1,1,1,1,1,1,1,1,1,1,1,1,1,1,1,1,1,1,1,1,1,1,0.959459459459459,0.959459459459459,1,1,1,1,1,1,1,1,1,0.986486486486487,0.986486486486487,0.945945945945946,1,1,1,1,1,1,1,1,1,0.527027027027027,0.527027027027027,0.527027027027027,0.527027027027027,0.878378378378378,0.72972972972973,0.72972972972973,0.72972972972973,0.959459459459459,0.959459459459459,0.959459459459459,0.959459459459459,0.959459459459459,0.959459459459459,1,1,0.662162162162162,0.662162162162162,0.554054054054054,0.391891891891892,0.391891891891892,0.364864864864865,0.554054054054054,0.391891891891892,0.486486486486487,0.364864864864865,0.391891891891892,0.391891891891892,0.716216216216216,0.364864864864865,0.391891891891892,0.554054054054054,0.391891891891892,0.364864864864865,0.486486486486487,0.391891891891892,0.445945945945946,0.364864864864865,0.594594594594595,0.45945945945946,0.337837837837838,0.45945945945946,0.337837837837838,0.364864864864865,0.364864864864865,0.364864864864865,0.364864864864865,0.513513513513513,0.513513513513513,0.554054054054054,0.391891891891892,0.486486486486487,0.364864864864865,0.391891891891892,0.675675675675676,0.675675675675676,0.675675675675676,0.608108108108108,0.608108108108108,0.5,0.608108108108108,0.5,0.608108108108108,0.608108108108108,0.608108108108108,0.608108108108108,0.608108108108108,0.608108108108108,0.391891891891892,0.391891891891892,0.486486486486487,0.364864864864865,0.486486486486487,0.364864864864865,0.391891891891892,0.391891891891892,0.445945945945946,0.445945945945946,0.445945945945946,0.445945945945946,0.621621621621622
"most",1,1,1,1,1,1,1,0.986486486486487,0.986486486486487,0.986486486486487,0.986486486486487,0.986486486486487,1,1,1,1,1,1,1,1,1,1,1,1,1,1,1,1,1,1,1,1,1,1,0.959459459459459,0.959459459459459,1,1,1,1,1,1,1,1,1,0.986486486486487,0.986486486486487,0.945945945945946,1,1,1,1,1,1,1,1,1,0.527027027027027,0.527027027027027,0.527027027027027,0.527027027027027,0.878378378378378,0.72972972972973,0.72972972972973,0.72972972972973,0.959459459459459,0.959459459459459,0.959459459459459,0.959459459459459,0.959459459459459,0.959459459459459,1,1,0.662162162162162,0.662162162162162,0.554054054054054,0.391891891891892,0.391891891891892,0.364864864864865,0.554054054054054,0.391891891891892,0.486486486486487,0.364864864864865,0.391891891891892,0.391891891891892,0.716216216216216,0.364864864864865,0.391891891891892,0.554054054054054,0.391891891891892,0.364864864864865,0.486486486486487,0.391891891891892,0.445945945945946,0.364864864864865,0.594594594594595,0.45945945945946,0.337837837837838,0.45945945945946,0.337837837837838,0.364864864864865,0.364864864864865,0.364864864864865,0.364864864864865,0.513513513513513,0.513513513513513,0.554054054054054,0.391891891891892,0.486486486486487,0.364864864864865,0.391891891891892,0.675675675675676,0.675675675675676,0.675675675675676,0.608108108108108,0.608108108108108,0.5,0.608108108108108,0.5,0.608108108108108,0.608108108108108,0.608108108108108,0.608108108108108,0.608108108108108,0.608108108108108,0.391891891891892,0.391891891891892,0.486486486486487,0.364864864864865,0.486486486486487,0.364864864864865,0.391891891891892,0.391891891891892,0.445945945945946,0.445945945945946,0.445945945945946,0.445945945945946,0.621621621621622
"much",1,1,1,1,1,1,1,0.986486486486487,0.986486486486487,0.986486486486487,0.986486486486487,0.986486486486487,1,1,1,1,1,1,1,1,1,1,1,1,1,1,1,1,1,1,1,1,1,1,0.959459459459459,0.959459459459459,1,1,1,1,1,1,1,1,1,0.986486486486487,0.986486486486487,0.945945945945946,1,1,1,1,1,1,1,1,1,0.527027027027027,0.527027027027027,0.527027027027027,0.527027027027027,0.878378378378378,0.72972972972973,0.72972972972973,0.72972972972973,0.959459459459459,0.959459459459459,0.959459459459459,0.959459459459459,0.959459459459459,0.959459459459459,1,1,0.662162162162162,0.662162162162162,0.554054054054054,0.391891891891892,0.391891891891892,0.364864864864865,0.554054054054054,0.391891891891892,0.486486486486487,0.364864864864865,0.391891891891892,0.391891891891892,0.716216216216216,0.364864864864865,0.391891891891892,0.554054054054054,0.391891891891892,0.364864864864865,0.486486486486487,0.391891891891892,0.445945945945946,0.364864864864865,0.594594594594595,0.45945945945946,0.337837837837838,0.45945945945946,0.337837837837838,0.364864864864865,0.364864864864865,0.364864864864865,0.364864864864865,0.513513513513513,0.513513513513513,0.554054054054054,0.391891891891892,0.486486486486487,0.364864864864865,0.391891891891892,0.675675675675676,0.675675675675676,0.675675675675676,0.608108108108108,0.608108108108108,0.5,0.608108108108108,0.5,0.608108108108108,0.608108108108108,0.608108108108108,0.608108108108108,0.608108108108108,0.608108108108108,0.391891891891892,0.391891891891892,0.486486486486487,0.364864864864865,0.486486486486487,0.364864864864865,0.391891891891892,0.391891891891892,0.445945945945946,0.445945945945946,0.445945945945946,0.445945945945946,0.621621621621622
"neither",1,1,1,1,1,1,1,0.986486486486487,0.986486486486487,0.986486486486487,0.986486486486487,0.986486486486487,1,1,1,1,1,1,1,1,1,1,1,1,1,1,1,1,1,1,1,1,1,1,0.959459459459459,0.959459459459459,1,1,1,1,1,1,1,1,1,0.986486486486487,0.986486486486487,0.945945945945946,1,1,1,1,1,1,1,1,1,0.527027027027027,0.527027027027027,0.527027027027027,0.527027027027027,0.878378378378378,0.72972972972973,0.72972972972973,0.72972972972973,0.959459459459459,0.959459459459459,0.959459459459459,0.959459459459459,0.959459459459459,0.959459459459459,1,1,0.662162162162162,0.662162162162162,0.554054054054054,0.391891891891892,0.391891891891892,0.364864864864865,0.554054054054054,0.391891891891892,0.486486486486487,0.364864864864865,0.391891891891892,0.391891891891892,0.716216216216216,0.364864864864865,0.391891891891892,0.554054054054054,0.391891891891892,0.364864864864865,0.486486486486487,0.391891891891892,0.445945945945946,0.364864864864865,0.594594594594595,0.45945945945946,0.337837837837838,0.45945945945946,0.337837837837838,0.364864864864865,0.364864864864865,0.364864864864865,0.364864864864865,0.513513513513513,0.513513513513513,0.554054054054054,0.391891891891892,0.486486486486487,0.364864864864865,0.391891891891892,0.675675675675676,0.675675675675676,0.675675675675676,0.608108108108108,0.608108108108108,0.5,0.608108108108108,0.5,0.608108108108108,0.608108108108108,0.608108108108108,0.608108108108108,0.608108108108108,0.608108108108108,0.391891891891892,0.391891891891892,0.486486486486487,0.364864864864865,0.486486486486487,0.364864864864865,0.391891891891892,0.391891891891892,0.445945945945946,0.445945945945946,0.445945945945946,0.445945945945946,0.621621621621622
"last",0.959459459459459,0.959459459459459,0.959459459459459,0.959459459459459,0.959459459459459,0.959459459459459,0.959459459459459,0.972972972972973,0.972972972972973,0.972972972972973,0.972972972972973,0.972972972972973,0.959459459459459,0.959459459459459,0.959459459459459,0.959459459459459,0.959459459459459,0.959459459459459,0.959459459459459,0.959459459459459,0.959459459459459,0.959459459459459,0.959459459459459,0.959459459459459,0.959459459459459,0.959459459459459,0.959459459459459,0.959459459459459,0.959459459459459,0.959459459459459,0.959459459459459,0.959459459459459,0.959459459459459,0.959459459459459,1,1,0.959459459459459,0.959459459459459,0.959459459459459,0.959459459459459,0.959459459459459,0.959459459459459,0.959459459459459,0.959459459459459,0.959459459459459,0.972972972972973,0.972972972972973,0.932432432432432,0.959459459459459,0.959459459459459,0.959459459459459,0.959459459459459,0.959459459459459,0.959459459459459,0.959459459459459,0.959459459459459,0.959459459459459,0.513513513513513,0.513513513513513,0.513513513513513,0.513513513513513,0.918918918918919,0.716216216216216,0.716216216216216,0.716216216216216,0.945945945945946,0.945945945945946,0.945945945945946,0.945945945945946,0.945945945945946,0.945945945945946,0.959459459459459,0.959459459459459,0.621621621621622,0.621621621621622,0.540540540540541,0.378378378378378,0.378378378378378,0.351351351351351,0.540540540540541,0.378378378378378,0.472972972972973,0.351351351351351,0.378378378378378,0.378378378378378,0.756756756756757,0.351351351351351,0.378378378378378,0.540540540540541,0.378378378378378,0.351351351351351,0.472972972972973,0.378378378378378,0.432432432432432,0.351351351351351,0.581081081081081,0.445945945945946,0.324324324324324,0.445945945945946,0.324324324324324,0.351351351351351,0.351351351351351,0.351351351351351,0.351351351351351,0.5,0.5,0.540540540540541,0.378378378378378,0.472972972972973,0.351351351351351,0.378378378378378,0.662162162162162,0.662162162162162,0.662162162162162,0.594594594594595,0.594594594594595,0.486486486486487,0.594594594594595,0.486486486486487,0.594594594594595,0.594594594594595,0.594594594594595,0.594594594594595,0.594594594594595,0.594594594594595,0.378378378378378,0.378378378378378,0.472972972972973,0.351351351351351,0.472972972972973,0.351351351351351,0.378378378378378,0.378378378378378,0.432432432432432,0.432432432432432,0.432432432432432,0.432432432432432,0.662162162162162
"next",0.959459459459459,0.959459459459459,0.959459459459459,0.959459459459459,0.959459459459459,0.959459459459459,0.959459459459459,0.972972972972973,0.972972972972973,0.972972972972973,0.972972972972973,0.972972972972973,0.959459459459459,0.959459459459459,0.959459459459459,0.959459459459459,0.959459459459459,0.959459459459459,0.959459459459459,0.959459459459459,0.959459459459459,0.959459459459459,0.959459459459459,0.959459459459459,0.959459459459459,0.959459459459459,0.959459459459459,0.959459459459459,0.959459459459459,0.959459459459459,0.959459459459459,0.959459459459459,0.959459459459459,0.959459459459459,1,1,0.959459459459459,0.959459459459459,0.959459459459459,0.959459459459459,0.959459459459459,0.959459459459459,0.959459459459459,0.959459459459459,0.959459459459459,0.972972972972973,0.972972972972973,0.932432432432432,0.959459459459459,0.959459459459459,0.959459459459459,0.959459459459459,0.959459459459459,0.959459459459459,0.959459459459459,0.959459459459459,0.959459459459459,0.513513513513513,0.513513513513513,0.513513513513513,0.513513513513513,0.918918918918919,0.716216216216216,0.716216216216216,0.716216216216216,0.945945945945946,0.945945945945946,0.945945945945946,0.945945945945946,0.945945945945946,0.945945945945946,0.959459459459459,0.959459459459459,0.621621621621622,0.621621621621622,0.540540540540541,0.378378378378378,0.378378378378378,0.351351351351351,0.540540540540541,0.378378378378378,0.472972972972973,0.351351351351351,0.378378378378378,0.378378378378378,0.756756756756757,0.351351351351351,0.378378378378378,0.540540540540541,0.378378378378378,0.351351351351351,0.472972972972973,0.378378378378378,0.432432432432432,0.351351351351351,0.581081081081081,0.445945945945946,0.324324324324324,0.445945945945946,0.324324324324324,0.351351351351351,0.351351351351351,0.351351351351351,0.351351351351351,0.5,0.5,0.540540540540541,0.378378378378378,0.472972972972973,0.351351351351351,0.378378378378378,0.662162162162162,0.662162162162162,0.662162162162162,0.594594594594595,0.594594594594595,0.486486486486487,0.594594594594595,0.486486486486487,0.594594594594595,0.594594594594595,0.594594594594595,0.594594594594595,0.594594594594595,0.594594594594595,0.378378378378378,0.378378378378378,0.472972972972973,0.351351351351351,0.472972972972973,0.351351351351351,0.378378378378378,0.378378378378378,0.432432432432432,0.432432432432432,0.432432432432432,0.432432432432432,0.662162162162162
"no",1,1,1,1,1,1,1,0.986486486486487,0.986486486486487,0.986486486486487,0.986486486486487,0.986486486486487,1,1,1,1,1,1,1,1,1,1,1,1,1,1,1,1,1,1,1,1,1,1,0.959459459459459,0.959459459459459,1,1,1,1,1,1,1,1,1,0.986486486486487,0.986486486486487,0.945945945945946,1,1,1,1,1,1,1,1,1,0.527027027027027,0.527027027027027,0.527027027027027,0.527027027027027,0.878378378378378,0.72972972972973,0.72972972972973,0.72972972972973,0.959459459459459,0.959459459459459,0.959459459459459,0.959459459459459,0.959459459459459,0.959459459459459,1,1,0.662162162162162,0.662162162162162,0.554054054054054,0.391891891891892,0.391891891891892,0.364864864864865,0.554054054054054,0.391891891891892,0.486486486486487,0.364864864864865,0.391891891891892,0.391891891891892,0.716216216216216,0.364864864864865,0.391891891891892,0.554054054054054,0.391891891891892,0.364864864864865,0.486486486486487,0.391891891891892,0.445945945945946,0.364864864864865,0.594594594594595,0.45945945945946,0.337837837837838,0.45945945945946,0.337837837837838,0.364864864864865,0.364864864864865,0.364864864864865,0.364864864864865,0.513513513513513,0.513513513513513,0.554054054054054,0.391891891891892,0.486486486486487,0.364864864864865,0.391891891891892,0.675675675675676,0.675675675675676,0.675675675675676,0.608108108108108,0.608108108108108,0.5,0.608108108108108,0.5,0.608108108108108,0.608108108108108,0.608108108108108,0.608108108108108,0.608108108108108,0.608108108108108,0.391891891891892,0.391891891891892,0.486486486486487,0.364864864864865,0.486486486486487,0.364864864864865,0.391891891891892,0.391891891891892,0.445945945945946,0.445945945945946,0.445945945945946,0.445945945945946,0.621621621621622
"none",1,1,1,1,1,1,1,0.986486486486487,0.986486486486487,0.986486486486487,0.986486486486487,0.986486486486487,1,1,1,1,1,1,1,1,1,1,1,1,1,1,1,1,1,1,1,1,1,1,0.959459459459459,0.959459459459459,1,1,1,1,1,1,1,1,1,0.986486486486487,0.986486486486487,0.945945945945946,1,1,1,1,1,1,1,1,1,0.527027027027027,0.527027027027027,0.527027027027027,0.527027027027027,0.878378378378378,0.72972972972973,0.72972972972973,0.72972972972973,0.959459459459459,0.959459459459459,0.959459459459459,0.959459459459459,0.959459459459459,0.959459459459459,1,1,0.662162162162162,0.662162162162162,0.554054054054054,0.391891891891892,0.391891891891892,0.364864864864865,0.554054054054054,0.391891891891892,0.486486486486487,0.364864864864865,0.391891891891892,0.391891891891892,0.716216216216216,0.364864864864865,0.391891891891892,0.554054054054054,0.391891891891892,0.364864864864865,0.486486486486487,0.391891891891892,0.445945945945946,0.364864864864865,0.594594594594595,0.45945945945946,0.337837837837838,0.45945945945946,0.337837837837838,0.364864864864865,0.364864864864865,0.364864864864865,0.364864864864865,0.513513513513513,0.513513513513513,0.554054054054054,0.391891891891892,0.486486486486487,0.364864864864865,0.391891891891892,0.675675675675676,0.675675675675676,0.675675675675676,0.608108108108108,0.608108108108108,0.5,0.608108108108108,0.5,0.608108108108108,0.608108108108108,0.608108108108108,0.608108108108108,0.608108108108108,0.608108108108108,0.391891891891892,0.391891891891892,0.486486486486487,0.364864864864865,0.486486486486487,0.364864864864865,0.391891891891892,0.391891891891892,0.445945945945946,0.445945945945946,0.445945945945946,0.445945945945946,0.621621621621622
"nobody",1,1,1,1,1,1,1,0.986486486486487,0.986486486486487,0.986486486486487,0.986486486486487,0.986486486486487,1,1,1,1,1,1,1,1,1,1,1,1,1,1,1,1,1,1,1,1,1,1,0.959459459459459,0.959459459459459,1,1,1,1,1,1,1,1,1,0.986486486486487,0.986486486486487,0.945945945945946,1,1,1,1,1,1,1,1,1,0.527027027027027,0.527027027027027,0.527027027027027,0.527027027027027,0.878378378378378,0.72972972972973,0.72972972972973,0.72972972972973,0.959459459459459,0.959459459459459,0.959459459459459,0.959459459459459,0.959459459459459,0.959459459459459,1,1,0.662162162162162,0.662162162162162,0.554054054054054,0.391891891891892,0.391891891891892,0.364864864864865,0.554054054054054,0.391891891891892,0.486486486486487,0.364864864864865,0.391891891891892,0.391891891891892,0.716216216216216,0.364864864864865,0.391891891891892,0.554054054054054,0.391891891891892,0.364864864864865,0.486486486486487,0.391891891891892,0.445945945945946,0.364864864864865,0.594594594594595,0.45945945945946,0.337837837837838,0.45945945945946,0.337837837837838,0.364864864864865,0.364864864864865,0.364864864864865,0.364864864864865,0.513513513513513,0.513513513513513,0.554054054054054,0.391891891891892,0.486486486486487,0.364864864864865,0.391891891891892,0.675675675675676,0.675675675675676,0.675675675675676,0.608108108108108,0.608108108108108,0.5,0.608108108108108,0.5,0.608108108108108,0.608108108108108,0.608108108108108,0.608108108108108,0.608108108108108,0.608108108108108,0.391891891891892,0.391891891891892,0.486486486486487,0.364864864864865,0.486486486486487,0.364864864864865,0.391891891891892,0.391891891891892,0.445945945945946,0.445945945945946,0.445945945945946,0.445945945945946,0.621621621621622
"no_one",1,1,1,1,1,1,1,0.986486486486487,0.986486486486487,0.986486486486487,0.986486486486487,0.986486486486487,1,1,1,1,1,1,1,1,1,1,1,1,1,1,1,1,1,1,1,1,1,1,0.959459459459459,0.959459459459459,1,1,1,1,1,1,1,1,1,0.986486486486487,0.986486486486487,0.945945945945946,1,1,1,1,1,1,1,1,1,0.527027027027027,0.527027027027027,0.527027027027027,0.527027027027027,0.878378378378378,0.72972972972973,0.72972972972973,0.72972972972973,0.959459459459459,0.959459459459459,0.959459459459459,0.959459459459459,0.959459459459459,0.959459459459459,1,1,0.662162162162162,0.662162162162162,0.554054054054054,0.391891891891892,0.391891891891892,0.364864864864865,0.554054054054054,0.391891891891892,0.486486486486487,0.364864864864865,0.391891891891892,0.391891891891892,0.716216216216216,0.364864864864865,0.391891891891892,0.554054054054054,0.391891891891892,0.364864864864865,0.486486486486487,0.391891891891892,0.445945945945946,0.364864864864865,0.594594594594595,0.45945945945946,0.337837837837838,0.45945945945946,0.337837837837838,0.364864864864865,0.364864864864865,0.364864864864865,0.364864864864865,0.513513513513513,0.513513513513513,0.554054054054054,0.391891891891892,0.486486486486487,0.364864864864865,0.391891891891892,0.675675675675676,0.675675675675676,0.675675675675676,0.608108108108108,0.608108108108108,0.5,0.608108108108108,0.5,0.608108108108108,0.608108108108108,0.608108108108108,0.608108108108108,0.608108108108108,0.608108108108108,0.391891891891892,0.391891891891892,0.486486486486487,0.364864864864865,0.486486486486487,0.364864864864865,0.391891891891892,0.391891891891892,0.445945945945946,0.445945945945946,0.445945945945946,0.445945945945946,0.621621621621622
"nothing",1,1,1,1,1,1,1,0.986486486486487,0.986486486486487,0.986486486486487,0.986486486486487,0.986486486486487,1,1,1,1,1,1,1,1,1,1,1,1,1,1,1,1,1,1,1,1,1,1,0.959459459459459,0.959459459459459,1,1,1,1,1,1,1,1,1,0.986486486486487,0.986486486486487,0.945945945945946,1,1,1,1,1,1,1,1,1,0.527027027027027,0.527027027027027,0.527027027027027,0.527027027027027,0.878378378378378,0.72972972972973,0.72972972972973,0.72972972972973,0.959459459459459,0.959459459459459,0.959459459459459,0.959459459459459,0.959459459459459,0.959459459459459,1,1,0.662162162162162,0.662162162162162,0.554054054054054,0.391891891891892,0.391891891891892,0.364864864864865,0.554054054054054,0.391891891891892,0.486486486486487,0.364864864864865,0.391891891891892,0.391891891891892,0.716216216216216,0.364864864864865,0.391891891891892,0.554054054054054,0.391891891891892,0.364864864864865,0.486486486486487,0.391891891891892,0.445945945945946,0.364864864864865,0.594594594594595,0.45945945945946,0.337837837837838,0.45945945945946,0.337837837837838,0.364864864864865,0.364864864864865,0.364864864864865,0.364864864864865,0.513513513513513,0.513513513513513,0.554054054054054,0.391891891891892,0.486486486486487,0.364864864864865,0.391891891891892,0.675675675675676,0.675675675675676,0.675675675675676,0.608108108108108,0.608108108108108,0.5,0.608108108108108,0.5,0.608108108108108,0.608108108108108,0.608108108108108,0.608108108108108,0.608108108108108,0.608108108108108,0.391891891891892,0.391891891891892,0.486486486486487,0.364864864864865,0.486486486486487,0.364864864864865,0.391891891891892,0.391891891891892,0.445945945945946,0.445945945945946,0.445945945945946,0.445945945945946,0.621621621621622
"nowhere",1,1,1,1,1,1,1,0.986486486486487,0.986486486486487,0.986486486486487,0.986486486486487,0.986486486486487,1,1,1,1,1,1,1,1,1,1,1,1,1,1,1,1,1,1,1,1,1,1,0.959459459459459,0.959459459459459,1,1,1,1,1,1,1,1,1,0.986486486486487,0.986486486486487,0.945945945945946,1,1,1,1,1,1,1,1,1,0.527027027027027,0.527027027027027,0.527027027027027,0.527027027027027,0.878378378378378,0.72972972972973,0.72972972972973,0.72972972972973,0.959459459459459,0.959459459459459,0.959459459459459,0.959459459459459,0.959459459459459,0.959459459459459,1,1,0.662162162162162,0.662162162162162,0.554054054054054,0.391891891891892,0.391891891891892,0.364864864864865,0.554054054054054,0.391891891891892,0.486486486486487,0.364864864864865,0.391891891891892,0.391891891891892,0.716216216216216,0.364864864864865,0.391891891891892,0.554054054054054,0.391891891891892,0.364864864864865,0.486486486486487,0.391891891891892,0.445945945945946,0.364864864864865,0.594594594594595,0.45945945945946,0.337837837837838,0.45945945945946,0.337837837837838,0.364864864864865,0.364864864864865,0.364864864864865,0.364864864864865,0.513513513513513,0.513513513513513,0.554054054054054,0.391891891891892,0.486486486486487,0.364864864864865,0.391891891891892,0.675675675675676,0.675675675675676,0.675675675675676,0.608108108108108,0.608108108108108,0.5,0.608108108108108,0.5,0.608108108108108,0.608108108108108,0.608108108108108,0.608108108108108,0.608108108108108,0.608108108108108,0.391891891891892,0.391891891891892,0.486486486486487,0.364864864864865,0.486486486486487,0.364864864864865,0.391891891891892,0.391891891891892,0.445945945945946,0.445945945945946,0.445945945945946,0.445945945945946,0.621621621621622
"one_det",1,1,1,1,1,1,1,0.986486486486487,0.986486486486487,0.986486486486487,0.986486486486487,0.986486486486487,1,1,1,1,1,1,1,1,1,1,1,1,1,1,1,1,1,1,1,1,1,1,0.959459459459459,0.959459459459459,1,1,1,1,1,1,1,1,1,0.986486486486487,0.986486486486487,0.945945945945946,1,1,1,1,1,1,1,1,1,0.527027027027027,0.527027027027027,0.527027027027027,0.527027027027027,0.878378378378378,0.72972972972973,0.72972972972973,0.72972972972973,0.959459459459459,0.959459459459459,0.959459459459459,0.959459459459459,0.959459459459459,0.959459459459459,1,1,0.662162162162162,0.662162162162162,0.554054054054054,0.391891891891892,0.391891891891892,0.364864864864865,0.554054054054054,0.391891891891892,0.486486486486487,0.364864864864865,0.391891891891892,0.391891891891892,0.716216216216216,0.364864864864865,0.391891891891892,0.554054054054054,0.391891891891892,0.364864864864865,0.486486486486487,0.391891891891892,0.445945945945946,0.364864864864865,0.594594594594595,0.45945945945946,0.337837837837838,0.45945945945946,0.337837837837838,0.364864864864865,0.364864864864865,0.364864864864865,0.364864864864865,0.513513513513513,0.513513513513513,0.554054054054054,0.391891891891892,0.486486486486487,0.364864864864865,0.391891891891892,0.675675675675676,0.675675675675676,0.675675675675676,0.608108108108108,0.608108108108108,0.5,0.608108108108108,0.5,0.608108108108108,0.608108108108108,0.608108108108108,0.608108108108108,0.608108108108108,0.608108108108108,0.391891891891892,0.391891891891892,0.486486486486487,0.364864864864865,0.486486486486487,0.364864864864865,0.391891891891892,0.391891891891892,0.445945945945946,0.445945945945946,0.445945945945946,0.445945945945946,0.621621621621622
"two_det",1,1,1,1,1,1,1,0.986486486486487,0.986486486486487,0.986486486486487,0.986486486486487,0.986486486486487,1,1,1,1,1,1,1,1,1,1,1,1,1,1,1,1,1,1,1,1,1,1,0.959459459459459,0.959459459459459,1,1,1,1,1,1,1,1,1,0.986486486486487,0.986486486486487,0.945945945945946,1,1,1,1,1,1,1,1,1,0.527027027027027,0.527027027027027,0.527027027027027,0.527027027027027,0.878378378378378,0.72972972972973,0.72972972972973,0.72972972972973,0.959459459459459,0.959459459459459,0.959459459459459,0.959459459459459,0.959459459459459,0.959459459459459,1,1,0.662162162162162,0.662162162162162,0.554054054054054,0.391891891891892,0.391891891891892,0.364864864864865,0.554054054054054,0.391891891891892,0.486486486486487,0.364864864864865,0.391891891891892,0.391891891891892,0.716216216216216,0.364864864864865,0.391891891891892,0.554054054054054,0.391891891891892,0.364864864864865,0.486486486486487,0.391891891891892,0.445945945945946,0.364864864864865,0.594594594594595,0.45945945945946,0.337837837837838,0.45945945945946,0.337837837837838,0.364864864864865,0.364864864864865,0.364864864864865,0.364864864864865,0.513513513513513,0.513513513513513,0.554054054054054,0.391891891891892,0.486486486486487,0.364864864864865,0.391891891891892,0.675675675675676,0.675675675675676,0.675675675675676,0.608108108108108,0.608108108108108,0.5,0.608108108108108,0.5,0.608108108108108,0.608108108108108,0.608108108108108,0.608108108108108,0.608108108108108,0.608108108108108,0.391891891891892,0.391891891891892,0.486486486486487,0.364864864864865,0.486486486486487,0.364864864864865,0.391891891891892,0.391891891891892,0.445945945945946,0.445945945945946,0.445945945945946,0.445945945945946,0.621621621621622
"three_det",1,1,1,1,1,1,1,0.986486486486487,0.986486486486487,0.986486486486487,0.986486486486487,0.986486486486487,1,1,1,1,1,1,1,1,1,1,1,1,1,1,1,1,1,1,1,1,1,1,0.959459459459459,0.959459459459459,1,1,1,1,1,1,1,1,1,0.986486486486487,0.986486486486487,0.945945945945946,1,1,1,1,1,1,1,1,1,0.527027027027027,0.527027027027027,0.527027027027027,0.527027027027027,0.878378378378378,0.72972972972973,0.72972972972973,0.72972972972973,0.959459459459459,0.959459459459459,0.959459459459459,0.959459459459459,0.959459459459459,0.959459459459459,1,1,0.662162162162162,0.662162162162162,0.554054054054054,0.391891891891892,0.391891891891892,0.364864864864865,0.554054054054054,0.391891891891892,0.486486486486487,0.364864864864865,0.391891891891892,0.391891891891892,0.716216216216216,0.364864864864865,0.391891891891892,0.554054054054054,0.391891891891892,0.364864864864865,0.486486486486487,0.391891891891892,0.445945945945946,0.364864864864865,0.594594594594595,0.45945945945946,0.337837837837838,0.45945945945946,0.337837837837838,0.364864864864865,0.364864864864865,0.364864864864865,0.364864864864865,0.513513513513513,0.513513513513513,0.554054054054054,0.391891891891892,0.486486486486487,0.364864864864865,0.391891891891892,0.675675675675676,0.675675675675676,0.675675675675676,0.608108108108108,0.608108108108108,0.5,0.608108108108108,0.5,0.608108108108108,0.608108108108108,0.608108108108108,0.608108108108108,0.608108108108108,0.608108108108108,0.391891891891892,0.391891891891892,0.486486486486487,0.364864864864865,0.486486486486487,0.364864864864865,0.391891891891892,0.391891891891892,0.445945945945946,0.445945945945946,0.445945945945946,0.445945945945946,0.621621621621622
"once",0.986486486486487,0.986486486486487,0.986486486486487,0.986486486486487,0.986486486486487,0.986486486486487,0.986486486486487,1,1,1,1,1,0.986486486486487,0.986486486486487,0.986486486486487,0.986486486486487,0.986486486486487,0.986486486486487,0.986486486486487,0.986486486486487,0.986486486486487,0.986486486486487,0.986486486486487,0.986486486486487,0.986486486486487,0.986486486486487,0.986486486486487,0.986486486486487,0.986486486486487,0.986486486486487,0.986486486486487,0.986486486486487,0.986486486486487,0.986486486486487,0.972972972972973,0.972972972972973,0.986486486486487,0.986486486486487,0.986486486486487,0.986486486486487,0.986486486486487,0.986486486486487,0.986486486486487,0.986486486486487,0.986486486486487,1,1,0.959459459459459,0.986486486486487,0.986486486486487,0.986486486486487,0.986486486486487,0.986486486486487,0.986486486486487,0.986486486486487,0.986486486486487,0.986486486486487,0.540540540540541,0.540540540540541,0.540540540540541,0.540540540540541,0.891891891891892,0.743243243243243,0.743243243243243,0.743243243243243,0.972972972972973,0.972972972972973,0.972972972972973,0.972972972972973,0.972972972972973,0.972972972972973,0.986486486486487,0.986486486486487,0.648648648648649,0.648648648648649,0.567567567567568,0.405405405405405,0.405405405405405,0.378378378378378,0.567567567567568,0.405405405405405,0.5,0.378378378378378,0.405405405405405,0.405405405405405,0.72972972972973,0.378378378378378,0.405405405405405,0.567567567567568,0.405405405405405,0.378378378378378,0.5,0.405405405405405,0.45945945945946,0.378378378378378,0.608108108108108,0.472972972972973,0.351351351351351,0.472972972972973,0.351351351351351,0.378378378378378,0.378378378378378,0.378378378378378,0.378378378378378,0.527027027027027,0.527027027027027,0.567567567567568,0.405405405405405,0.5,0.378378378378378,0.405405405405405,0.689189189189189,0.689189189189189,0.689189189189189,0.621621621621622,0.621621621621622,0.513513513513513,0.621621621621622,0.513513513513513,0.621621621621622,0.621621621621622,0.621621621621622,0.621621621621622,0.621621621621622,0.621621621621622,0.405405405405405,0.405405405405405,0.5,0.378378378378378,0.5,0.378378378378378,0.405405405405405,0.405405405405405,0.45945945945946,0.45945945945946,0.45945945945946,0.45945945945946,0.635135135135135
"twice",0.986486486486487,0.986486486486487,0.986486486486487,0.986486486486487,0.986486486486487,0.986486486486487,0.986486486486487,1,1,1,1,1,0.986486486486487,0.986486486486487,0.986486486486487,0.986486486486487,0.986486486486487,0.986486486486487,0.986486486486487,0.986486486486487,0.986486486486487,0.986486486486487,0.986486486486487,0.986486486486487,0.986486486486487,0.986486486486487,0.986486486486487,0.986486486486487,0.986486486486487,0.986486486486487,0.986486486486487,0.986486486486487,0.986486486486487,0.986486486486487,0.972972972972973,0.972972972972973,0.986486486486487,0.986486486486487,0.986486486486487,0.986486486486487,0.986486486486487,0.986486486486487,0.986486486486487,0.986486486486487,0.986486486486487,1,1,0.959459459459459,0.986486486486487,0.986486486486487,0.986486486486487,0.986486486486487,0.986486486486487,0.986486486486487,0.986486486486487,0.986486486486487,0.986486486486487,0.540540540540541,0.540540540540541,0.540540540540541,0.540540540540541,0.891891891891892,0.743243243243243,0.743243243243243,0.743243243243243,0.972972972972973,0.972972972972973,0.972972972972973,0.972972972972973,0.972972972972973,0.972972972972973,0.986486486486487,0.986486486486487,0.648648648648649,0.648648648648649,0.567567567567568,0.405405405405405,0.405405405405405,0.378378378378378,0.567567567567568,0.405405405405405,0.5,0.378378378378378,0.405405405405405,0.405405405405405,0.72972972972973,0.378378378378378,0.405405405405405,0.567567567567568,0.405405405405405,0.378378378378378,0.5,0.405405405405405,0.45945945945946,0.378378378378378,0.608108108108108,0.472972972972973,0.351351351351351,0.472972972972973,0.351351351351351,0.378378378378378,0.378378378378378,0.378378378378378,0.378378378378378,0.527027027027027,0.527027027027027,0.567567567567568,0.405405405405405,0.5,0.378378378378378,0.405405405405405,0.689189189189189,0.689189189189189,0.689189189189189,0.621621621621622,0.621621621621622,0.513513513513513,0.621621621621622,0.513513513513513,0.621621621621622,0.621621621621622,0.621621621621622,0.621621621621622,0.621621621621622,0.621621621621622,0.405405405405405,0.405405405405405,0.5,0.378378378378378,0.5,0.378378378378378,0.405405405405405,0.405405405405405,0.45945945945946,0.45945945945946,0.45945945945946,0.45945945945946,0.635135135135135
"thrice",0.945945945945946,0.945945945945946,0.945945945945946,0.945945945945946,0.945945945945946,0.945945945945946,0.945945945945946,0.959459459459459,0.959459459459459,0.959459459459459,0.959459459459459,0.959459459459459,0.945945945945946,0.945945945945946,0.945945945945946,0.945945945945946,0.945945945945946,0.945945945945946,0.945945945945946,0.945945945945946,0.945945945945946,0.945945945945946,0.945945945945946,0.945945945945946,0.945945945945946,0.945945945945946,0.945945945945946,0.945945945945946,0.945945945945946,0.945945945945946,0.945945945945946,0.945945945945946,0.945945945945946,0.945945945945946,0.932432432432432,0.932432432432432,0.945945945945946,0.945945945945946,0.945945945945946,0.945945945945946,0.945945945945946,0.945945945945946,0.945945945945946,0.945945945945946,0.945945945945946,0.959459459459459,0.959459459459459,1,0.945945945945946,0.945945945945946,0.945945945945946,0.945945945945946,0.945945945945946,0.945945945945946,0.945945945945946,0.945945945945946,0.945945945945946,0.581081081081081,0.581081081081081,0.581081081081081,0.581081081081081,0.932432432432432,0.702702702702703,0.702702702702703,0.702702702702703,0.932432432432432,0.932432432432432,0.932432432432432,0.932432432432432,0.932432432432432,0.932432432432432,0.945945945945946,0.945945945945946,0.608108108108108,0.608108108108108,0.527027027027027,0.391891891891892,0.391891891891892,0.364864864864865,0.527027027027027,0.391891891891892,0.45945945945946,0.364864864864865,0.391891891891892,0.391891891891892,0.689189189189189,0.364864864864865,0.391891891891892,0.527027027027027,0.391891891891892,0.364864864864865,0.45945945945946,0.391891891891892,0.445945945945946,0.364864864864865,0.567567567567568,0.486486486486487,0.391891891891892,0.486486486486487,0.391891891891892,0.418918918918919,0.418918918918919,0.418918918918919,0.418918918918919,0.567567567567568,0.567567567567568,0.527027027027027,0.391891891891892,0.45945945945946,0.364864864864865,0.391891891891892,0.648648648648649,0.648648648648649,0.648648648648649,0.581081081081081,0.581081081081081,0.5,0.581081081081081,0.5,0.581081081081081,0.581081081081081,0.581081081081081,0.581081081081081,0.581081081081081,0.581081081081081,0.391891891891892,0.391891891891892,0.45945945945946,0.364864864864865,0.45945945945946,0.364864864864865,0.391891891891892,0.391891891891892,0.445945945945946,0.445945945945946,0.445945945945946,0.445945945945946,0.675675675675676
"several",1,1,1,1,1,1,1,0.986486486486487,0.986486486486487,0.986486486486487,0.986486486486487,0.986486486486487,1,1,1,1,1,1,1,1,1,1,1,1,1,1,1,1,1,1,1,1,1,1,0.959459459459459,0.959459459459459,1,1,1,1,1,1,1,1,1,0.986486486486487,0.986486486486487,0.945945945945946,1,1,1,1,1,1,1,1,1,0.527027027027027,0.527027027027027,0.527027027027027,0.527027027027027,0.878378378378378,0.72972972972973,0.72972972972973,0.72972972972973,0.959459459459459,0.959459459459459,0.959459459459459,0.959459459459459,0.959459459459459,0.959459459459459,1,1,0.662162162162162,0.662162162162162,0.554054054054054,0.391891891891892,0.391891891891892,0.364864864864865,0.554054054054054,0.391891891891892,0.486486486486487,0.364864864864865,0.391891891891892,0.391891891891892,0.716216216216216,0.364864864864865,0.391891891891892,0.554054054054054,0.391891891891892,0.364864864864865,0.486486486486487,0.391891891891892,0.445945945945946,0.364864864864865,0.594594594594595,0.45945945945946,0.337837837837838,0.45945945945946,0.337837837837838,0.364864864864865,0.364864864864865,0.364864864864865,0.364864864864865,0.513513513513513,0.513513513513513,0.554054054054054,0.391891891891892,0.486486486486487,0.364864864864865,0.391891891891892,0.675675675675676,0.675675675675676,0.675675675675676,0.608108108108108,0.608108108108108,0.5,0.608108108108108,0.5,0.608108108108108,0.608108108108108,0.608108108108108,0.608108108108108,0.608108108108108,0.608108108108108,0.391891891891892,0.391891891891892,0.486486486486487,0.364864864864865,0.486486486486487,0.364864864864865,0.391891891891892,0.391891891891892,0.445945945945946,0.445945945945946,0.445945945945946,0.445945945945946,0.621621621621622
"some",1,1,1,1,1,1,1,0.986486486486487,0.986486486486487,0.986486486486487,0.986486486486487,0.986486486486487,1,1,1,1,1,1,1,1,1,1,1,1,1,1,1,1,1,1,1,1,1,1,0.959459459459459,0.959459459459459,1,1,1,1,1,1,1,1,1,0.986486486486487,0.986486486486487,0.945945945945946,1,1,1,1,1,1,1,1,1,0.527027027027027,0.527027027027027,0.527027027027027,0.527027027027027,0.878378378378378,0.72972972972973,0.72972972972973,0.72972972972973,0.959459459459459,0.959459459459459,0.959459459459459,0.959459459459459,0.959459459459459,0.959459459459459,1,1,0.662162162162162,0.662162162162162,0.554054054054054,0.391891891891892,0.391891891891892,0.364864864864865,0.554054054054054,0.391891891891892,0.486486486486487,0.364864864864865,0.391891891891892,0.391891891891892,0.716216216216216,0.364864864864865,0.391891891891892,0.554054054054054,0.391891891891892,0.364864864864865,0.486486486486487,0.391891891891892,0.445945945945946,0.364864864864865,0.594594594594595,0.45945945945946,0.337837837837838,0.45945945945946,0.337837837837838,0.364864864864865,0.364864864864865,0.364864864864865,0.364864864864865,0.513513513513513,0.513513513513513,0.554054054054054,0.391891891891892,0.486486486486487,0.364864864864865,0.391891891891892,0.675675675675676,0.675675675675676,0.675675675675676,0.608108108108108,0.608108108108108,0.5,0.608108108108108,0.5,0.608108108108108,0.608108108108108,0.608108108108108,0.608108108108108,0.608108108108108,0.608108108108108,0.391891891891892,0.391891891891892,0.486486486486487,0.364864864864865,0.486486486486487,0.364864864864865,0.391891891891892,0.391891891891892,0.445945945945946,0.445945945945946,0.445945945945946,0.445945945945946,0.621621621621622
"somebody",1,1,1,1,1,1,1,0.986486486486487,0.986486486486487,0.986486486486487,0.986486486486487,0.986486486486487,1,1,1,1,1,1,1,1,1,1,1,1,1,1,1,1,1,1,1,1,1,1,0.959459459459459,0.959459459459459,1,1,1,1,1,1,1,1,1,0.986486486486487,0.986486486486487,0.945945945945946,1,1,1,1,1,1,1,1,1,0.527027027027027,0.527027027027027,0.527027027027027,0.527027027027027,0.878378378378378,0.72972972972973,0.72972972972973,0.72972972972973,0.959459459459459,0.959459459459459,0.959459459459459,0.959459459459459,0.959459459459459,0.959459459459459,1,1,0.662162162162162,0.662162162162162,0.554054054054054,0.391891891891892,0.391891891891892,0.364864864864865,0.554054054054054,0.391891891891892,0.486486486486487,0.364864864864865,0.391891891891892,0.391891891891892,0.716216216216216,0.364864864864865,0.391891891891892,0.554054054054054,0.391891891891892,0.364864864864865,0.486486486486487,0.391891891891892,0.445945945945946,0.364864864864865,0.594594594594595,0.45945945945946,0.337837837837838,0.45945945945946,0.337837837837838,0.364864864864865,0.364864864864865,0.364864864864865,0.364864864864865,0.513513513513513,0.513513513513513,0.554054054054054,0.391891891891892,0.486486486486487,0.364864864864865,0.391891891891892,0.675675675675676,0.675675675675676,0.675675675675676,0.608108108108108,0.608108108108108,0.5,0.608108108108108,0.5,0.608108108108108,0.608108108108108,0.608108108108108,0.608108108108108,0.608108108108108,0.608108108108108,0.391891891891892,0.391891891891892,0.486486486486487,0.364864864864865,0.486486486486487,0.364864864864865,0.391891891891892,0.391891891891892,0.445945945945946,0.445945945945946,0.445945945945946,0.445945945945946,0.621621621621622
"someone",1,1,1,1,1,1,1,0.986486486486487,0.986486486486487,0.986486486486487,0.986486486486487,0.986486486486487,1,1,1,1,1,1,1,1,1,1,1,1,1,1,1,1,1,1,1,1,1,1,0.959459459459459,0.959459459459459,1,1,1,1,1,1,1,1,1,0.986486486486487,0.986486486486487,0.945945945945946,1,1,1,1,1,1,1,1,1,0.527027027027027,0.527027027027027,0.527027027027027,0.527027027027027,0.878378378378378,0.72972972972973,0.72972972972973,0.72972972972973,0.959459459459459,0.959459459459459,0.959459459459459,0.959459459459459,0.959459459459459,0.959459459459459,1,1,0.662162162162162,0.662162162162162,0.554054054054054,0.391891891891892,0.391891891891892,0.364864864864865,0.554054054054054,0.391891891891892,0.486486486486487,0.364864864864865,0.391891891891892,0.391891891891892,0.716216216216216,0.364864864864865,0.391891891891892,0.554054054054054,0.391891891891892,0.364864864864865,0.486486486486487,0.391891891891892,0.445945945945946,0.364864864864865,0.594594594594595,0.45945945945946,0.337837837837838,0.45945945945946,0.337837837837838,0.364864864864865,0.364864864864865,0.364864864864865,0.364864864864865,0.513513513513513,0.513513513513513,0.554054054054054,0.391891891891892,0.486486486486487,0.364864864864865,0.391891891891892,0.675675675675676,0.675675675675676,0.675675675675676,0.608108108108108,0.608108108108108,0.5,0.608108108108108,0.5,0.608108108108108,0.608108108108108,0.608108108108108,0.608108108108108,0.608108108108108,0.608108108108108,0.391891891891892,0.391891891891892,0.486486486486487,0.364864864864865,0.486486486486487,0.364864864864865,0.391891891891892,0.391891891891892,0.445945945945946,0.445945945945946,0.445945945945946,0.445945945945946,0.621621621621622
"something",1,1,1,1,1,1,1,0.986486486486487,0.986486486486487,0.986486486486487,0.986486486486487,0.986486486486487,1,1,1,1,1,1,1,1,1,1,1,1,1,1,1,1,1,1,1,1,1,1,0.959459459459459,0.959459459459459,1,1,1,1,1,1,1,1,1,0.986486486486487,0.986486486486487,0.945945945945946,1,1,1,1,1,1,1,1,1,0.527027027027027,0.527027027027027,0.527027027027027,0.527027027027027,0.878378378378378,0.72972972972973,0.72972972972973,0.72972972972973,0.959459459459459,0.959459459459459,0.959459459459459,0.959459459459459,0.959459459459459,0.959459459459459,1,1,0.662162162162162,0.662162162162162,0.554054054054054,0.391891891891892,0.391891891891892,0.364864864864865,0.554054054054054,0.391891891891892,0.486486486486487,0.364864864864865,0.391891891891892,0.391891891891892,0.716216216216216,0.364864864864865,0.391891891891892,0.554054054054054,0.391891891891892,0.364864864864865,0.486486486486487,0.391891891891892,0.445945945945946,0.364864864864865,0.594594594594595,0.45945945945946,0.337837837837838,0.45945945945946,0.337837837837838,0.364864864864865,0.364864864864865,0.364864864864865,0.364864864864865,0.513513513513513,0.513513513513513,0.554054054054054,0.391891891891892,0.486486486486487,0.364864864864865,0.391891891891892,0.675675675675676,0.675675675675676,0.675675675675676,0.608108108108108,0.608108108108108,0.5,0.608108108108108,0.5,0.608108108108108,0.608108108108108,0.608108108108108,0.608108108108108,0.608108108108108,0.608108108108108,0.391891891891892,0.391891891891892,0.486486486486487,0.364864864864865,0.486486486486487,0.364864864864865,0.391891891891892,0.391891891891892,0.445945945945946,0.445945945945946,0.445945945945946,0.445945945945946,0.621621621621622
"somewhere",1,1,1,1,1,1,1,0.986486486486487,0.986486486486487,0.986486486486487,0.986486486486487,0.986486486486487,1,1,1,1,1,1,1,1,1,1,1,1,1,1,1,1,1,1,1,1,1,1,0.959459459459459,0.959459459459459,1,1,1,1,1,1,1,1,1,0.986486486486487,0.986486486486487,0.945945945945946,1,1,1,1,1,1,1,1,1,0.527027027027027,0.527027027027027,0.527027027027027,0.527027027027027,0.878378378378378,0.72972972972973,0.72972972972973,0.72972972972973,0.959459459459459,0.959459459459459,0.959459459459459,0.959459459459459,0.959459459459459,0.959459459459459,1,1,0.662162162162162,0.662162162162162,0.554054054054054,0.391891891891892,0.391891891891892,0.364864864864865,0.554054054054054,0.391891891891892,0.486486486486487,0.364864864864865,0.391891891891892,0.391891891891892,0.716216216216216,0.364864864864865,0.391891891891892,0.554054054054054,0.391891891891892,0.364864864864865,0.486486486486487,0.391891891891892,0.445945945945946,0.364864864864865,0.594594594594595,0.45945945945946,0.337837837837838,0.45945945945946,0.337837837837838,0.364864864864865,0.364864864864865,0.364864864864865,0.364864864864865,0.513513513513513,0.513513513513513,0.554054054054054,0.391891891891892,0.486486486486487,0.364864864864865,0.391891891891892,0.675675675675676,0.675675675675676,0.675675675675676,0.608108108108108,0.608108108108108,0.5,0.608108108108108,0.5,0.608108108108108,0.608108108108108,0.608108108108108,0.608108108108108,0.608108108108108,0.608108108108108,0.391891891891892,0.391891891891892,0.486486486486487,0.364864864864865,0.486486486486487,0.364864864864865,0.391891891891892,0.391891891891892,0.445945945945946,0.445945945945946,0.445945945945946,0.445945945945946,0.621621621621622
"somewhat",1,1,1,1,1,1,1,0.986486486486487,0.986486486486487,0.986486486486487,0.986486486486487,0.986486486486487,1,1,1,1,1,1,1,1,1,1,1,1,1,1,1,1,1,1,1,1,1,1,0.959459459459459,0.959459459459459,1,1,1,1,1,1,1,1,1,0.986486486486487,0.986486486486487,0.945945945945946,1,1,1,1,1,1,1,1,1,0.527027027027027,0.527027027027027,0.527027027027027,0.527027027027027,0.878378378378378,0.72972972972973,0.72972972972973,0.72972972972973,0.959459459459459,0.959459459459459,0.959459459459459,0.959459459459459,0.959459459459459,0.959459459459459,1,1,0.662162162162162,0.662162162162162,0.554054054054054,0.391891891891892,0.391891891891892,0.364864864864865,0.554054054054054,0.391891891891892,0.486486486486487,0.364864864864865,0.391891891891892,0.391891891891892,0.716216216216216,0.364864864864865,0.391891891891892,0.554054054054054,0.391891891891892,0.364864864864865,0.486486486486487,0.391891891891892,0.445945945945946,0.364864864864865,0.594594594594595,0.45945945945946,0.337837837837838,0.45945945945946,0.337837837837838,0.364864864864865,0.364864864864865,0.364864864864865,0.364864864864865,0.513513513513513,0.513513513513513,0.554054054054054,0.391891891891892,0.486486486486487,0.364864864864865,0.391891891891892,0.675675675675676,0.675675675675676,0.675675675675676,0.608108108108108,0.608108108108108,0.5,0.608108108108108,0.5,0.608108108108108,0.608108108108108,0.608108108108108,0.608108108108108,0.608108108108108,0.608108108108108,0.391891891891892,0.391891891891892,0.486486486486487,0.364864864864865,0.486486486486487,0.364864864864865,0.391891891891892,0.391891891891892,0.445945945945946,0.445945945945946,0.445945945945946,0.445945945945946,0.621621621621622
"such",1,1,1,1,1,1,1,0.986486486486487,0.986486486486487,0.986486486486487,0.986486486486487,0.986486486486487,1,1,1,1,1,1,1,1,1,1,1,1,1,1,1,1,1,1,1,1,1,1,0.959459459459459,0.959459459459459,1,1,1,1,1,1,1,1,1,0.986486486486487,0.986486486486487,0.945945945945946,1,1,1,1,1,1,1,1,1,0.527027027027027,0.527027027027027,0.527027027027027,0.527027027027027,0.878378378378378,0.72972972972973,0.72972972972973,0.72972972972973,0.959459459459459,0.959459459459459,0.959459459459459,0.959459459459459,0.959459459459459,0.959459459459459,1,1,0.662162162162162,0.662162162162162,0.554054054054054,0.391891891891892,0.391891891891892,0.364864864864865,0.554054054054054,0.391891891891892,0.486486486486487,0.364864864864865,0.391891891891892,0.391891891891892,0.716216216216216,0.364864864864865,0.391891891891892,0.554054054054054,0.391891891891892,0.364864864864865,0.486486486486487,0.391891891891892,0.445945945945946,0.364864864864865,0.594594594594595,0.45945945945946,0.337837837837838,0.45945945945946,0.337837837837838,0.364864864864865,0.364864864864865,0.364864864864865,0.364864864864865,0.513513513513513,0.513513513513513,0.554054054054054,0.391891891891892,0.486486486486487,0.364864864864865,0.391891891891892,0.675675675675676,0.675675675675676,0.675675675675676,0.608108108108108,0.608108108108108,0.5,0.608108108108108,0.5,0.608108108108108,0.608108108108108,0.608108108108108,0.608108108108108,0.608108108108108,0.608108108108108,0.391891891891892,0.391891891891892,0.486486486486487,0.364864864864865,0.486486486486487,0.364864864864865,0.391891891891892,0.391891891891892,0.445945945945946,0.445945945945946,0.445945945945946,0.445945945945946,0.621621621621622
"sufficient",1,1,1,1,1,1,1,0.986486486486487,0.986486486486487,0.986486486486487,0.986486486486487,0.986486486486487,1,1,1,1,1,1,1,1,1,1,1,1,1,1,1,1,1,1,1,1,1,1,0.959459459459459,0.959459459459459,1,1,1,1,1,1,1,1,1,0.986486486486487,0.986486486486487,0.945945945945946,1,1,1,1,1,1,1,1,1,0.527027027027027,0.527027027027027,0.527027027027027,0.527027027027027,0.878378378378378,0.72972972972973,0.72972972972973,0.72972972972973,0.959459459459459,0.959459459459459,0.959459459459459,0.959459459459459,0.959459459459459,0.959459459459459,1,1,0.662162162162162,0.662162162162162,0.554054054054054,0.391891891891892,0.391891891891892,0.364864864864865,0.554054054054054,0.391891891891892,0.486486486486487,0.364864864864865,0.391891891891892,0.391891891891892,0.716216216216216,0.364864864864865,0.391891891891892,0.554054054054054,0.391891891891892,0.364864864864865,0.486486486486487,0.391891891891892,0.445945945945946,0.364864864864865,0.594594594594595,0.45945945945946,0.337837837837838,0.45945945945946,0.337837837837838,0.364864864864865,0.364864864864865,0.364864864864865,0.364864864864865,0.513513513513513,0.513513513513513,0.554054054054054,0.391891891891892,0.486486486486487,0.364864864864865,0.391891891891892,0.675675675675676,0.675675675675676,0.675675675675676,0.608108108108108,0.608108108108108,0.5,0.608108108108108,0.5,0.608108108108108,0.608108108108108,0.608108108108108,0.608108108108108,0.608108108108108,0.608108108108108,0.391891891891892,0.391891891891892,0.486486486486487,0.364864864864865,0.486486486486487,0.364864864864865,0.391891891891892,0.391891891891892,0.445945945945946,0.445945945945946,0.445945945945946,0.445945945945946,0.621621621621622
"that",0.527027027027027,0.527027027027027,0.527027027027027,0.527027027027027,0.527027027027027,0.527027027027027,0.527027027027027,0.540540540540541,0.540540540540541,0.540540540540541,0.540540540540541,0.540540540540541,0.527027027027027,0.527027027027027,0.527027027027027,0.527027027027027,0.527027027027027,0.527027027027027,0.527027027027027,0.527027027027027,0.527027027027027,0.527027027027027,0.527027027027027,0.527027027027027,0.527027027027027,0.527027027027027,0.527027027027027,0.527027027027027,0.527027027027027,0.527027027027027,0.527027027027027,0.527027027027027,0.527027027027027,0.527027027027027,0.513513513513513,0.513513513513513,0.527027027027027,0.527027027027027,0.527027027027027,0.527027027027027,0.527027027027027,0.527027027027027,0.527027027027027,0.527027027027027,0.527027027027027,0.540540540540541,0.540540540540541,0.581081081081081,0.527027027027027,0.527027027027027,0.527027027027027,0.527027027027027,0.527027027027027,0.527027027027027,0.527027027027027,0.527027027027027,0.527027027027027,1,1,1,1,0.540540540540541,0.797297297297297,0.797297297297297,0.797297297297297,0.513513513513513,0.513513513513513,0.513513513513513,0.513513513513513,0.513513513513513,0.513513513513513,0.527027027027027,0.527027027027027,0.540540540540541,0.540540540540541,0.648648648648649,0.810810810810811,0.810810810810811,0.783783783783784,0.648648648648649,0.810810810810811,0.662162162162162,0.783783783783784,0.810810810810811,0.810810810810811,0.297297297297297,0.783783783783784,0.810810810810811,0.648648648648649,0.810810810810811,0.783783783783784,0.662162162162162,0.810810810810811,0.756756756756757,0.783783783783784,0.608108108108108,0.689189189189189,0.810810810810811,0.689189189189189,0.810810810810811,0.837837837837838,0.837837837837838,0.837837837837838,0.837837837837838,0.689189189189189,0.689189189189189,0.648648648648649,0.810810810810811,0.662162162162162,0.783783783783784,0.810810810810811,0.581081081081081,0.581081081081081,0.581081081081081,0.594594594594595,0.594594594594595,0.702702702702703,0.594594594594595,0.702702702702703,0.594594594594595,0.594594594594595,0.594594594594595,0.594594594594595,0.594594594594595,0.594594594594595,0.810810810810811,0.810810810810811,0.662162162162162,0.783783783783784,0.662162162162162,0.783783783783784,0.810810810810811,0.810810810810811,0.756756756756757,0.756756756756757,0.756756756756757,0.756756756756757,0.283783783783784
"these",0.527027027027027,0.527027027027027,0.527027027027027,0.527027027027027,0.527027027027027,0.527027027027027,0.527027027027027,0.540540540540541,0.540540540540541,0.540540540540541,0.540540540540541,0.540540540540541,0.527027027027027,0.527027027027027,0.527027027027027,0.527027027027027,0.527027027027027,0.527027027027027,0.527027027027027,0.527027027027027,0.527027027027027,0.527027027027027,0.527027027027027,0.527027027027027,0.527027027027027,0.527027027027027,0.527027027027027,0.527027027027027,0.527027027027027,0.527027027027027,0.527027027027027,0.527027027027027,0.527027027027027,0.527027027027027,0.513513513513513,0.513513513513513,0.527027027027027,0.527027027027027,0.527027027027027,0.527027027027027,0.527027027027027,0.527027027027027,0.527027027027027,0.527027027027027,0.527027027027027,0.540540540540541,0.540540540540541,0.581081081081081,0.527027027027027,0.527027027027027,0.527027027027027,0.527027027027027,0.527027027027027,0.527027027027027,0.527027027027027,0.527027027027027,0.527027027027027,1,1,1,1,0.540540540540541,0.797297297297297,0.797297297297297,0.797297297297297,0.513513513513513,0.513513513513513,0.513513513513513,0.513513513513513,0.513513513513513,0.513513513513513,0.527027027027027,0.527027027027027,0.540540540540541,0.540540540540541,0.648648648648649,0.810810810810811,0.810810810810811,0.783783783783784,0.648648648648649,0.810810810810811,0.662162162162162,0.783783783783784,0.810810810810811,0.810810810810811,0.297297297297297,0.783783783783784,0.810810810810811,0.648648648648649,0.810810810810811,0.783783783783784,0.662162162162162,0.810810810810811,0.756756756756757,0.783783783783784,0.608108108108108,0.689189189189189,0.810810810810811,0.689189189189189,0.810810810810811,0.837837837837838,0.837837837837838,0.837837837837838,0.837837837837838,0.689189189189189,0.689189189189189,0.648648648648649,0.810810810810811,0.662162162162162,0.783783783783784,0.810810810810811,0.581081081081081,0.581081081081081,0.581081081081081,0.594594594594595,0.594594594594595,0.702702702702703,0.594594594594595,0.702702702702703,0.594594594594595,0.594594594594595,0.594594594594595,0.594594594594595,0.594594594594595,0.594594594594595,0.810810810810811,0.810810810810811,0.662162162162162,0.783783783783784,0.662162162162162,0.783783783783784,0.810810810810811,0.810810810810811,0.756756756756757,0.756756756756757,0.756756756756757,0.756756756756757,0.283783783783784
"this",0.527027027027027,0.527027027027027,0.527027027027027,0.527027027027027,0.527027027027027,0.527027027027027,0.527027027027027,0.540540540540541,0.540540540540541,0.540540540540541,0.540540540540541,0.540540540540541,0.527027027027027,0.527027027027027,0.527027027027027,0.527027027027027,0.527027027027027,0.527027027027027,0.527027027027027,0.527027027027027,0.527027027027027,0.527027027027027,0.527027027027027,0.527027027027027,0.527027027027027,0.527027027027027,0.527027027027027,0.527027027027027,0.527027027027027,0.527027027027027,0.527027027027027,0.527027027027027,0.527027027027027,0.527027027027027,0.513513513513513,0.513513513513513,0.527027027027027,0.527027027027027,0.527027027027027,0.527027027027027,0.527027027027027,0.527027027027027,0.527027027027027,0.527027027027027,0.527027027027027,0.540540540540541,0.540540540540541,0.581081081081081,0.527027027027027,0.527027027027027,0.527027027027027,0.527027027027027,0.527027027027027,0.527027027027027,0.527027027027027,0.527027027027027,0.527027027027027,1,1,1,1,0.540540540540541,0.797297297297297,0.797297297297297,0.797297297297297,0.513513513513513,0.513513513513513,0.513513513513513,0.513513513513513,0.513513513513513,0.513513513513513,0.527027027027027,0.527027027027027,0.540540540540541,0.540540540540541,0.648648648648649,0.810810810810811,0.810810810810811,0.783783783783784,0.648648648648649,0.810810810810811,0.662162162162162,0.783783783783784,0.810810810810811,0.810810810810811,0.297297297297297,0.783783783783784,0.810810810810811,0.648648648648649,0.810810810810811,0.783783783783784,0.662162162162162,0.810810810810811,0.756756756756757,0.783783783783784,0.608108108108108,0.689189189189189,0.810810810810811,0.689189189189189,0.810810810810811,0.837837837837838,0.837837837837838,0.837837837837838,0.837837837837838,0.689189189189189,0.689189189189189,0.648648648648649,0.810810810810811,0.662162162162162,0.783783783783784,0.810810810810811,0.581081081081081,0.581081081081081,0.581081081081081,0.594594594594595,0.594594594594595,0.702702702702703,0.594594594594595,0.702702702702703,0.594594594594595,0.594594594594595,0.594594594594595,0.594594594594595,0.594594594594595,0.594594594594595,0.810810810810811,0.810810810810811,0.662162162162162,0.783783783783784,0.662162162162162,0.783783783783784,0.810810810810811,0.810810810810811,0.756756756756757,0.756756756756757,0.756756756756757,0.756756756756757,0.283783783783784
"those",0.527027027027027,0.527027027027027,0.527027027027027,0.527027027027027,0.527027027027027,0.527027027027027,0.527027027027027,0.540540540540541,0.540540540540541,0.540540540540541,0.540540540540541,0.540540540540541,0.527027027027027,0.527027027027027,0.527027027027027,0.527027027027027,0.527027027027027,0.527027027027027,0.527027027027027,0.527027027027027,0.527027027027027,0.527027027027027,0.527027027027027,0.527027027027027,0.527027027027027,0.527027027027027,0.527027027027027,0.527027027027027,0.527027027027027,0.527027027027027,0.527027027027027,0.527027027027027,0.527027027027027,0.527027027027027,0.513513513513513,0.513513513513513,0.527027027027027,0.527027027027027,0.527027027027027,0.527027027027027,0.527027027027027,0.527027027027027,0.527027027027027,0.527027027027027,0.527027027027027,0.540540540540541,0.540540540540541,0.581081081081081,0.527027027027027,0.527027027027027,0.527027027027027,0.527027027027027,0.527027027027027,0.527027027027027,0.527027027027027,0.527027027027027,0.527027027027027,1,1,1,1,0.540540540540541,0.797297297297297,0.797297297297297,0.797297297297297,0.513513513513513,0.513513513513513,0.513513513513513,0.513513513513513,0.513513513513513,0.513513513513513,0.527027027027027,0.527027027027027,0.540540540540541,0.540540540540541,0.648648648648649,0.810810810810811,0.810810810810811,0.783783783783784,0.648648648648649,0.810810810810811,0.662162162162162,0.783783783783784,0.810810810810811,0.810810810810811,0.297297297297297,0.783783783783784,0.810810810810811,0.648648648648649,0.810810810810811,0.783783783783784,0.662162162162162,0.810810810810811,0.756756756756757,0.783783783783784,0.608108108108108,0.689189189189189,0.810810810810811,0.689189189189189,0.810810810810811,0.837837837837838,0.837837837837838,0.837837837837838,0.837837837837838,0.689189189189189,0.689189189189189,0.648648648648649,0.810810810810811,0.662162162162162,0.783783783783784,0.810810810810811,0.581081081081081,0.581081081081081,0.581081081081081,0.594594594594595,0.594594594594595,0.702702702702703,0.594594594594595,0.702702702702703,0.594594594594595,0.594594594594595,0.594594594594595,0.594594594594595,0.594594594594595,0.594594594594595,0.810810810810811,0.810810810810811,0.662162162162162,0.783783783783784,0.662162162162162,0.783783783783784,0.810810810810811,0.810810810810811,0.756756756756757,0.756756756756757,0.756756756756757,0.756756756756757,0.283783783783784
"the",0.878378378378378,0.878378378378378,0.878378378378378,0.878378378378378,0.878378378378378,0.878378378378378,0.878378378378378,0.891891891891892,0.891891891891892,0.891891891891892,0.891891891891892,0.891891891891892,0.878378378378378,0.878378378378378,0.878378378378378,0.878378378378378,0.878378378378378,0.878378378378378,0.878378378378378,0.878378378378378,0.878378378378378,0.878378378378378,0.878378378378378,0.878378378378378,0.878378378378378,0.878378378378378,0.878378378378378,0.878378378378378,0.878378378378378,0.878378378378378,0.878378378378378,0.878378378378378,0.878378378378378,0.878378378378378,0.918918918918919,0.918918918918919,0.878378378378378,0.878378378378378,0.878378378378378,0.878378378378378,0.878378378378378,0.878378378378378,0.878378378378378,0.878378378378378,0.878378378378378,0.891891891891892,0.891891891891892,0.932432432432432,0.878378378378378,0.878378378378378,0.878378378378378,0.878378378378378,0.878378378378378,0.878378378378378,0.878378378378378,0.878378378378378,0.878378378378378,0.540540540540541,0.540540540540541,0.540540540540541,0.540540540540541,1,0.662162162162162,0.662162162162162,0.662162162162162,0.864864864864865,0.864864864864865,0.864864864864865,0.864864864864865,0.864864864864865,0.864864864864865,0.878378378378378,0.878378378378378,0.540540540540541,0.540540540540541,0.486486486486487,0.351351351351351,0.351351351351351,0.324324324324324,0.486486486486487,0.351351351351351,0.418918918918919,0.324324324324324,0.351351351351351,0.351351351351351,0.702702702702703,0.324324324324324,0.351351351351351,0.486486486486487,0.351351351351351,0.324324324324324,0.418918918918919,0.351351351351351,0.405405405405405,0.324324324324324,0.527027027027027,0.445945945945946,0.351351351351351,0.445945945945946,0.351351351351351,0.378378378378378,0.378378378378378,0.378378378378378,0.378378378378378,0.527027027027027,0.527027027027027,0.486486486486487,0.351351351351351,0.418918918918919,0.324324324324324,0.351351351351351,0.581081081081081,0.581081081081081,0.581081081081081,0.540540540540541,0.540540540540541,0.45945945945946,0.540540540540541,0.45945945945946,0.540540540540541,0.540540540540541,0.540540540540541,0.540540540540541,0.540540540540541,0.540540540540541,0.351351351351351,0.351351351351351,0.418918918918919,0.324324324324324,0.418918918918919,0.324324324324324,0.351351351351351,0.351351351351351,0.378378378378378,0.378378378378378,0.378378378378378,0.378378378378378,0.743243243243243
"us_det",0.72972972972973,0.72972972972973,0.72972972972973,0.72972972972973,0.72972972972973,0.72972972972973,0.72972972972973,0.743243243243243,0.743243243243243,0.743243243243243,0.743243243243243,0.743243243243243,0.72972972972973,0.72972972972973,0.72972972972973,0.72972972972973,0.72972972972973,0.72972972972973,0.72972972972973,0.72972972972973,0.72972972972973,0.72972972972973,0.72972972972973,0.72972972972973,0.72972972972973,0.72972972972973,0.72972972972973,0.72972972972973,0.72972972972973,0.72972972972973,0.72972972972973,0.72972972972973,0.72972972972973,0.72972972972973,0.716216216216216,0.716216216216216,0.72972972972973,0.72972972972973,0.72972972972973,0.72972972972973,0.72972972972973,0.72972972972973,0.72972972972973,0.72972972972973,0.72972972972973,0.743243243243243,0.743243243243243,0.702702702702703,0.72972972972973,0.72972972972973,0.72972972972973,0.72972972972973,0.72972972972973,0.72972972972973,0.72972972972973,0.72972972972973,0.72972972972973,0.797297297297297,0.797297297297297,0.797297297297297,0.797297297297297,0.662162162162162,1,1,1,0.716216216216216,0.716216216216216,0.716216216216216,0.716216216216216,0.716216216216216,0.716216216216216,0.72972972972973,0.72972972972973,0.743243243243243,0.743243243243243,0.824324324324324,0.662162162162162,0.662162162162162,0.635135135135135,0.824324324324324,0.662162162162162,0.756756756756757,0.635135135135135,0.662162162162162,0.662162162162162,0.5,0.635135135135135,0.662162162162162,0.824324324324324,0.662162162162162,0.635135135135135,0.756756756756757,0.662162162162162,0.608108108108108,0.635135135135135,0.810810810810811,0.72972972972973,0.608108108108108,0.72972972972973,0.608108108108108,0.635135135135135,0.635135135135135,0.635135135135135,0.635135135135135,0.783783783783784,0.783783783783784,0.824324324324324,0.662162162162162,0.756756756756757,0.635135135135135,0.662162162162162,0.783783783783784,0.783783783783784,0.783783783783784,0.797297297297297,0.797297297297297,0.689189189189189,0.797297297297297,0.689189189189189,0.797297297297297,0.797297297297297,0.797297297297297,0.797297297297297,0.797297297297297,0.797297297297297,0.662162162162162,0.662162162162162,0.756756756756757,0.635135135135135,0.756756756756757,0.635135135135135,0.662162162162162,0.662162162162162,0.608108108108108,0.608108108108108,0.608108108108108,0.608108108108108,0.405405405405405
"we_det",0.72972972972973,0.72972972972973,0.72972972972973,0.72972972972973,0.72972972972973,0.72972972972973,0.72972972972973,0.743243243243243,0.743243243243243,0.743243243243243,0.743243243243243,0.743243243243243,0.72972972972973,0.72972972972973,0.72972972972973,0.72972972972973,0.72972972972973,0.72972972972973,0.72972972972973,0.72972972972973,0.72972972972973,0.72972972972973,0.72972972972973,0.72972972972973,0.72972972972973,0.72972972972973,0.72972972972973,0.72972972972973,0.72972972972973,0.72972972972973,0.72972972972973,0.72972972972973,0.72972972972973,0.72972972972973,0.716216216216216,0.716216216216216,0.72972972972973,0.72972972972973,0.72972972972973,0.72972972972973,0.72972972972973,0.72972972972973,0.72972972972973,0.72972972972973,0.72972972972973,0.743243243243243,0.743243243243243,0.702702702702703,0.72972972972973,0.72972972972973,0.72972972972973,0.72972972972973,0.72972972972973,0.72972972972973,0.72972972972973,0.72972972972973,0.72972972972973,0.797297297297297,0.797297297297297,0.797297297297297,0.797297297297297,0.662162162162162,1,1,1,0.716216216216216,0.716216216216216,0.716216216216216,0.716216216216216,0.716216216216216,0.716216216216216,0.72972972972973,0.72972972972973,0.743243243243243,0.743243243243243,0.824324324324324,0.662162162162162,0.662162162162162,0.635135135135135,0.824324324324324,0.662162162162162,0.756756756756757,0.635135135135135,0.662162162162162,0.662162162162162,0.5,0.635135135135135,0.662162162162162,0.824324324324324,0.662162162162162,0.635135135135135,0.756756756756757,0.662162162162162,0.608108108108108,0.635135135135135,0.810810810810811,0.72972972972973,0.608108108108108,0.72972972972973,0.608108108108108,0.635135135135135,0.635135135135135,0.635135135135135,0.635135135135135,0.783783783783784,0.783783783783784,0.824324324324324,0.662162162162162,0.756756756756757,0.635135135135135,0.662162162162162,0.783783783783784,0.783783783783784,0.783783783783784,0.797297297297297,0.797297297297297,0.689189189189189,0.797297297297297,0.689189189189189,0.797297297297297,0.797297297297297,0.797297297297297,0.797297297297297,0.797297297297297,0.797297297297297,0.662162162162162,0.662162162162162,0.756756756756757,0.635135135135135,0.756756756756757,0.635135135135135,0.662162162162162,0.662162162162162,0.608108108108108,0.608108108108108,0.608108108108108,0.608108108108108,0.405405405405405
"you_det",0.72972972972973,0.72972972972973,0.72972972972973,0.72972972972973,0.72972972972973,0.72972972972973,0.72972972972973,0.743243243243243,0.743243243243243,0.743243243243243,0.743243243243243,0.743243243243243,0.72972972972973,0.72972972972973,0.72972972972973,0.72972972972973,0.72972972972973,0.72972972972973,0.72972972972973,0.72972972972973,0.72972972972973,0.72972972972973,0.72972972972973,0.72972972972973,0.72972972972973,0.72972972972973,0.72972972972973,0.72972972972973,0.72972972972973,0.72972972972973,0.72972972972973,0.72972972972973,0.72972972972973,0.72972972972973,0.716216216216216,0.716216216216216,0.72972972972973,0.72972972972973,0.72972972972973,0.72972972972973,0.72972972972973,0.72972972972973,0.72972972972973,0.72972972972973,0.72972972972973,0.743243243243243,0.743243243243243,0.702702702702703,0.72972972972973,0.72972972972973,0.72972972972973,0.72972972972973,0.72972972972973,0.72972972972973,0.72972972972973,0.72972972972973,0.72972972972973,0.797297297297297,0.797297297297297,0.797297297297297,0.797297297297297,0.662162162162162,1,1,1,0.716216216216216,0.716216216216216,0.716216216216216,0.716216216216216,0.716216216216216,0.716216216216216,0.72972972972973,0.72972972972973,0.743243243243243,0.743243243243243,0.824324324324324,0.662162162162162,0.662162162162162,0.635135135135135,0.824324324324324,0.662162162162162,0.756756756756757,0.635135135135135,0.662162162162162,0.662162162162162,0.5,0.635135135135135,0.662162162162162,0.824324324324324,0.662162162162162,0.635135135135135,0.756756756756757,0.662162162162162,0.608108108108108,0.635135135135135,0.810810810810811,0.72972972972973,0.608108108108108,0.72972972972973,0.608108108108108,0.635135135135135,0.635135135135135,0.635135135135135,0.635135135135135,0.783783783783784,0.783783783783784,0.824324324324324,0.662162162162162,0.756756756756757,0.635135135135135,0.662162162162162,0.783783783783784,0.783783783783784,0.783783783783784,0.797297297297297,0.797297297297297,0.689189189189189,0.797297297297297,0.689189189189189,0.797297297297297,0.797297297297297,0.797297297297297,0.797297297297297,0.797297297297297,0.797297297297297,0.662162162162162,0.662162162162162,0.756756756756757,0.635135135135135,0.756756756756757,0.635135135135135,0.662162162162162,0.662162162162162,0.608108108108108,0.608108108108108,0.608108108108108,0.608108108108108,0.405405405405405
"what_det",0.959459459459459,0.959459459459459,0.959459459459459,0.959459459459459,0.959459459459459,0.959459459459459,0.959459459459459,0.972972972972973,0.972972972972973,0.972972972972973,0.972972972972973,0.972972972972973,0.959459459459459,0.959459459459459,0.959459459459459,0.959459459459459,0.959459459459459,0.959459459459459,0.959459459459459,0.959459459459459,0.959459459459459,0.959459459459459,0.959459459459459,0.959459459459459,0.959459459459459,0.959459459459459,0.959459459459459,0.959459459459459,0.959459459459459,0.959459459459459,0.959459459459459,0.959459459459459,0.959459459459459,0.959459459459459,0.945945945945946,0.945945945945946,0.959459459459459,0.959459459459459,0.959459459459459,0.959459459459459,0.959459459459459,0.959459459459459,0.959459459459459,0.959459459459459,0.959459459459459,0.972972972972973,0.972972972972973,0.932432432432432,0.959459459459459,0.959459459459459,0.959459459459459,0.959459459459459,0.959459459459459,0.959459459459459,0.959459459459459,0.959459459459459,0.959459459459459,0.513513513513513,0.513513513513513,0.513513513513513,0.513513513513513,0.864864864864865,0.716216216216216,0.716216216216216,0.716216216216216,1,1,1,1,1,1,0.959459459459459,0.959459459459459,0.621621621621622,0.621621621621622,0.540540540540541,0.378378378378378,0.378378378378378,0.351351351351351,0.540540540540541,0.378378378378378,0.472972972972973,0.351351351351351,0.378378378378378,0.378378378378378,0.702702702702703,0.351351351351351,0.378378378378378,0.540540540540541,0.378378378378378,0.351351351351351,0.472972972972973,0.378378378378378,0.432432432432432,0.351351351351351,0.581081081081081,0.445945945945946,0.324324324324324,0.445945945945946,0.324324324324324,0.351351351351351,0.351351351351351,0.351351351351351,0.351351351351351,0.5,0.5,0.540540540540541,0.378378378378378,0.472972972972973,0.351351351351351,0.378378378378378,0.716216216216216,0.716216216216216,0.716216216216216,0.594594594594595,0.594594594594595,0.486486486486487,0.594594594594595,0.486486486486487,0.594594594594595,0.594594594594595,0.594594594594595,0.594594594594595,0.594594594594595,0.594594594594595,0.378378378378378,0.378378378378378,0.472972972972973,0.351351351351351,0.472972972972973,0.351351351351351,0.378378378378378,0.378378378378378,0.432432432432432,0.432432432432432,0.432432432432432,0.432432432432432,0.608108108108108
"whatever_det",0.959459459459459,0.959459459459459,0.959459459459459,0.959459459459459,0.959459459459459,0.959459459459459,0.959459459459459,0.972972972972973,0.972972972972973,0.972972972972973,0.972972972972973,0.972972972972973,0.959459459459459,0.959459459459459,0.959459459459459,0.959459459459459,0.959459459459459,0.959459459459459,0.959459459459459,0.959459459459459,0.959459459459459,0.959459459459459,0.959459459459459,0.959459459459459,0.959459459459459,0.959459459459459,0.959459459459459,0.959459459459459,0.959459459459459,0.959459459459459,0.959459459459459,0.959459459459459,0.959459459459459,0.959459459459459,0.945945945945946,0.945945945945946,0.959459459459459,0.959459459459459,0.959459459459459,0.959459459459459,0.959459459459459,0.959459459459459,0.959459459459459,0.959459459459459,0.959459459459459,0.972972972972973,0.972972972972973,0.932432432432432,0.959459459459459,0.959459459459459,0.959459459459459,0.959459459459459,0.959459459459459,0.959459459459459,0.959459459459459,0.959459459459459,0.959459459459459,0.513513513513513,0.513513513513513,0.513513513513513,0.513513513513513,0.864864864864865,0.716216216216216,0.716216216216216,0.716216216216216,1,1,1,1,1,1,0.959459459459459,0.959459459459459,0.621621621621622,0.621621621621622,0.540540540540541,0.378378378378378,0.378378378378378,0.351351351351351,0.540540540540541,0.378378378378378,0.472972972972973,0.351351351351351,0.378378378378378,0.378378378378378,0.702702702702703,0.351351351351351,0.378378378378378,0.540540540540541,0.378378378378378,0.351351351351351,0.472972972972973,0.378378378378378,0.432432432432432,0.351351351351351,0.581081081081081,0.445945945945946,0.324324324324324,0.445945945945946,0.324324324324324,0.351351351351351,0.351351351351351,0.351351351351351,0.351351351351351,0.5,0.5,0.540540540540541,0.378378378378378,0.472972972972973,0.351351351351351,0.378378378378378,0.716216216216216,0.716216216216216,0.716216216216216,0.594594594594595,0.594594594594595,0.486486486486487,0.594594594594595,0.486486486486487,0.594594594594595,0.594594594594595,0.594594594594595,0.594594594594595,0.594594594594595,0.594594594594595,0.378378378378378,0.378378378378378,0.472972972972973,0.351351351351351,0.472972972972973,0.351351351351351,0.378378378378378,0.378378378378378,0.432432432432432,0.432432432432432,0.432432432432432,0.432432432432432,0.608108108108108
"which_rel_det",0.959459459459459,0.959459459459459,0.959459459459459,0.959459459459459,0.959459459459459,0.959459459459459,0.959459459459459,0.972972972972973,0.972972972972973,0.972972972972973,0.972972972972973,0.972972972972973,0.959459459459459,0.959459459459459,0.959459459459459,0.959459459459459,0.959459459459459,0.959459459459459,0.959459459459459,0.959459459459459,0.959459459459459,0.959459459459459,0.959459459459459,0.959459459459459,0.959459459459459,0.959459459459459,0.959459459459459,0.959459459459459,0.959459459459459,0.959459459459459,0.959459459459459,0.959459459459459,0.959459459459459,0.959459459459459,0.945945945945946,0.945945945945946,0.959459459459459,0.959459459459459,0.959459459459459,0.959459459459459,0.959459459459459,0.959459459459459,0.959459459459459,0.959459459459459,0.959459459459459,0.972972972972973,0.972972972972973,0.932432432432432,0.959459459459459,0.959459459459459,0.959459459459459,0.959459459459459,0.959459459459459,0.959459459459459,0.959459459459459,0.959459459459459,0.959459459459459,0.513513513513513,0.513513513513513,0.513513513513513,0.513513513513513,0.864864864864865,0.716216216216216,0.716216216216216,0.716216216216216,1,1,1,1,1,1,0.959459459459459,0.959459459459459,0.621621621621622,0.621621621621622,0.540540540540541,0.378378378378378,0.378378378378378,0.351351351351351,0.540540540540541,0.378378378378378,0.472972972972973,0.351351351351351,0.378378378378378,0.378378378378378,0.702702702702703,0.351351351351351,0.378378378378378,0.540540540540541,0.378378378378378,0.351351351351351,0.472972972972973,0.378378378378378,0.432432432432432,0.351351351351351,0.581081081081081,0.445945945945946,0.324324324324324,0.445945945945946,0.324324324324324,0.351351351351351,0.351351351351351,0.351351351351351,0.351351351351351,0.5,0.5,0.540540540540541,0.378378378378378,0.472972972972973,0.351351351351351,0.378378378378378,0.716216216216216,0.716216216216216,0.716216216216216,0.594594594594595,0.594594594594595,0.486486486486487,0.594594594594595,0.486486486486487,0.594594594594595,0.594594594594595,0.594594594594595,0.594594594594595,0.594594594594595,0.594594594594595,0.378378378378378,0.378378378378378,0.472972972972973,0.351351351351351,0.472972972972973,0.351351351351351,0.378378378378378,0.378378378378378,0.432432432432432,0.432432432432432,0.432432432432432,0.432432432432432,0.608108108108108
"which_int_det",0.959459459459459,0.959459459459459,0.959459459459459,0.959459459459459,0.959459459459459,0.959459459459459,0.959459459459459,0.972972972972973,0.972972972972973,0.972972972972973,0.972972972972973,0.972972972972973,0.959459459459459,0.959459459459459,0.959459459459459,0.959459459459459,0.959459459459459,0.959459459459459,0.959459459459459,0.959459459459459,0.959459459459459,0.959459459459459,0.959459459459459,0.959459459459459,0.959459459459459,0.959459459459459,0.959459459459459,0.959459459459459,0.959459459459459,0.959459459459459,0.959459459459459,0.959459459459459,0.959459459459459,0.959459459459459,0.945945945945946,0.945945945945946,0.959459459459459,0.959459459459459,0.959459459459459,0.959459459459459,0.959459459459459,0.959459459459459,0.959459459459459,0.959459459459459,0.959459459459459,0.972972972972973,0.972972972972973,0.932432432432432,0.959459459459459,0.959459459459459,0.959459459459459,0.959459459459459,0.959459459459459,0.959459459459459,0.959459459459459,0.959459459459459,0.959459459459459,0.513513513513513,0.513513513513513,0.513513513513513,0.513513513513513,0.864864864864865,0.716216216216216,0.716216216216216,0.716216216216216,1,1,1,1,1,1,0.959459459459459,0.959459459459459,0.621621621621622,0.621621621621622,0.540540540540541,0.378378378378378,0.378378378378378,0.351351351351351,0.540540540540541,0.378378378378378,0.472972972972973,0.351351351351351,0.378378378378378,0.378378378378378,0.702702702702703,0.351351351351351,0.378378378378378,0.540540540540541,0.378378378378378,0.351351351351351,0.472972972972973,0.378378378378378,0.432432432432432,0.351351351351351,0.581081081081081,0.445945945945946,0.324324324324324,0.445945945945946,0.324324324324324,0.351351351351351,0.351351351351351,0.351351351351351,0.351351351351351,0.5,0.5,0.540540540540541,0.378378378378378,0.472972972972973,0.351351351351351,0.378378378378378,0.716216216216216,0.716216216216216,0.716216216216216,0.594594594594595,0.594594594594595,0.486486486486487,0.594594594594595,0.486486486486487,0.594594594594595,0.594594594594595,0.594594594594595,0.594594594594595,0.594594594594595,0.594594594594595,0.378378378378378,0.378378378378378,0.472972972972973,0.351351351351351,0.472972972972973,0.351351351351351,0.378378378378378,0.378378378378378,0.432432432432432,0.432432432432432,0.432432432432432,0.432432432432432,0.608108108108108
"whichever_rel_det",0.959459459459459,0.959459459459459,0.959459459459459,0.959459459459459,0.959459459459459,0.959459459459459,0.959459459459459,0.972972972972973,0.972972972972973,0.972972972972973,0.972972972972973,0.972972972972973,0.959459459459459,0.959459459459459,0.959459459459459,0.959459459459459,0.959459459459459,0.959459459459459,0.959459459459459,0.959459459459459,0.959459459459459,0.959459459459459,0.959459459459459,0.959459459459459,0.959459459459459,0.959459459459459,0.959459459459459,0.959459459459459,0.959459459459459,0.959459459459459,0.959459459459459,0.959459459459459,0.959459459459459,0.959459459459459,0.945945945945946,0.945945945945946,0.959459459459459,0.959459459459459,0.959459459459459,0.959459459459459,0.959459459459459,0.959459459459459,0.959459459459459,0.959459459459459,0.959459459459459,0.972972972972973,0.972972972972973,0.932432432432432,0.959459459459459,0.959459459459459,0.959459459459459,0.959459459459459,0.959459459459459,0.959459459459459,0.959459459459459,0.959459459459459,0.959459459459459,0.513513513513513,0.513513513513513,0.513513513513513,0.513513513513513,0.864864864864865,0.716216216216216,0.716216216216216,0.716216216216216,1,1,1,1,1,1,0.959459459459459,0.959459459459459,0.621621621621622,0.621621621621622,0.540540540540541,0.378378378378378,0.378378378378378,0.351351351351351,0.540540540540541,0.378378378378378,0.472972972972973,0.351351351351351,0.378378378378378,0.378378378378378,0.702702702702703,0.351351351351351,0.378378378378378,0.540540540540541,0.378378378378378,0.351351351351351,0.472972972972973,0.378378378378378,0.432432432432432,0.351351351351351,0.581081081081081,0.445945945945946,0.324324324324324,0.445945945945946,0.324324324324324,0.351351351351351,0.351351351351351,0.351351351351351,0.351351351351351,0.5,0.5,0.540540540540541,0.378378378378378,0.472972972972973,0.351351351351351,0.378378378378378,0.716216216216216,0.716216216216216,0.716216216216216,0.594594594594595,0.594594594594595,0.486486486486487,0.594594594594595,0.486486486486487,0.594594594594595,0.594594594594595,0.594594594594595,0.594594594594595,0.594594594594595,0.594594594594595,0.378378378378378,0.378378378378378,0.472972972972973,0.351351351351351,0.472972972972973,0.351351351351351,0.378378378378378,0.378378378378378,0.432432432432432,0.432432432432432,0.432432432432432,0.432432432432432,0.608108108108108
"whichever_int_det",0.959459459459459,0.959459459459459,0.959459459459459,0.959459459459459,0.959459459459459,0.959459459459459,0.959459459459459,0.972972972972973,0.972972972972973,0.972972972972973,0.972972972972973,0.972972972972973,0.959459459459459,0.959459459459459,0.959459459459459,0.959459459459459,0.959459459459459,0.959459459459459,0.959459459459459,0.959459459459459,0.959459459459459,0.959459459459459,0.959459459459459,0.959459459459459,0.959459459459459,0.959459459459459,0.959459459459459,0.959459459459459,0.959459459459459,0.959459459459459,0.959459459459459,0.959459459459459,0.959459459459459,0.959459459459459,0.945945945945946,0.945945945945946,0.959459459459459,0.959459459459459,0.959459459459459,0.959459459459459,0.959459459459459,0.959459459459459,0.959459459459459,0.959459459459459,0.959459459459459,0.972972972972973,0.972972972972973,0.932432432432432,0.959459459459459,0.959459459459459,0.959459459459459,0.959459459459459,0.959459459459459,0.959459459459459,0.959459459459459,0.959459459459459,0.959459459459459,0.513513513513513,0.513513513513513,0.513513513513513,0.513513513513513,0.864864864864865,0.716216216216216,0.716216216216216,0.716216216216216,1,1,1,1,1,1,0.959459459459459,0.959459459459459,0.621621621621622,0.621621621621622,0.540540540540541,0.378378378378378,0.378378378378378,0.351351351351351,0.540540540540541,0.378378378378378,0.472972972972973,0.351351351351351,0.378378378378378,0.378378378378378,0.702702702702703,0.351351351351351,0.378378378378378,0.540540540540541,0.378378378378378,0.351351351351351,0.472972972972973,0.378378378378378,0.432432432432432,0.351351351351351,0.581081081081081,0.445945945945946,0.324324324324324,0.445945945945946,0.324324324324324,0.351351351351351,0.351351351351351,0.351351351351351,0.351351351351351,0.5,0.5,0.540540540540541,0.378378378378378,0.472972972972973,0.351351351351351,0.378378378378378,0.716216216216216,0.716216216216216,0.716216216216216,0.594594594594595,0.594594594594595,0.486486486486487,0.594594594594595,0.486486486486487,0.594594594594595,0.594594594594595,0.594594594594595,0.594594594594595,0.594594594594595,0.594594594594595,0.378378378378378,0.378378378378378,0.472972972972973,0.351351351351351,0.472972972972973,0.351351351351351,0.378378378378378,0.378378378378378,0.432432432432432,0.432432432432432,0.432432432432432,0.432432432432432,0.608108108108108
"zero_det",1,1,1,1,1,1,1,0.986486486486487,0.986486486486487,0.986486486486487,0.986486486486487,0.986486486486487,1,1,1,1,1,1,1,1,1,1,1,1,1,1,1,1,1,1,1,1,1,1,0.959459459459459,0.959459459459459,1,1,1,1,1,1,1,1,1,0.986486486486487,0.986486486486487,0.945945945945946,1,1,1,1,1,1,1,1,1,0.527027027027027,0.527027027027027,0.527027027027027,0.527027027027027,0.878378378378378,0.72972972972973,0.72972972972973,0.72972972972973,0.959459459459459,0.959459459459459,0.959459459459459,0.959459459459459,0.959459459459459,0.959459459459459,1,1,0.662162162162162,0.662162162162162,0.554054054054054,0.391891891891892,0.391891891891892,0.364864864864865,0.554054054054054,0.391891891891892,0.486486486486487,0.364864864864865,0.391891891891892,0.391891891891892,0.716216216216216,0.364864864864865,0.391891891891892,0.554054054054054,0.391891891891892,0.364864864864865,0.486486486486487,0.391891891891892,0.445945945945946,0.364864864864865,0.594594594594595,0.45945945945946,0.337837837837838,0.45945945945946,0.337837837837838,0.364864864864865,0.364864864864865,0.364864864864865,0.364864864864865,0.513513513513513,0.513513513513513,0.554054054054054,0.391891891891892,0.486486486486487,0.364864864864865,0.391891891891892,0.675675675675676,0.675675675675676,0.675675675675676,0.608108108108108,0.608108108108108,0.5,0.608108108108108,0.5,0.608108108108108,0.608108108108108,0.608108108108108,0.608108108108108,0.608108108108108,0.608108108108108,0.391891891891892,0.391891891891892,0.486486486486487,0.364864864864865,0.486486486486487,0.364864864864865,0.391891891891892,0.391891891891892,0.445945945945946,0.445945945945946,0.445945945945946,0.445945945945946,0.621621621621622
"various_det",1,1,1,1,1,1,1,0.986486486486487,0.986486486486487,0.986486486486487,0.986486486486487,0.986486486486487,1,1,1,1,1,1,1,1,1,1,1,1,1,1,1,1,1,1,1,1,1,1,0.959459459459459,0.959459459459459,1,1,1,1,1,1,1,1,1,0.986486486486487,0.986486486486487,0.945945945945946,1,1,1,1,1,1,1,1,1,0.527027027027027,0.527027027027027,0.527027027027027,0.527027027027027,0.878378378378378,0.72972972972973,0.72972972972973,0.72972972972973,0.959459459459459,0.959459459459459,0.959459459459459,0.959459459459459,0.959459459459459,0.959459459459459,1,1,0.662162162162162,0.662162162162162,0.554054054054054,0.391891891891892,0.391891891891892,0.364864864864865,0.554054054054054,0.391891891891892,0.486486486486487,0.364864864864865,0.391891891891892,0.391891891891892,0.716216216216216,0.364864864864865,0.391891891891892,0.554054054054054,0.391891891891892,0.364864864864865,0.486486486486487,0.391891891891892,0.445945945945946,0.364864864864865,0.594594594594595,0.45945945945946,0.337837837837838,0.45945945945946,0.337837837837838,0.364864864864865,0.364864864864865,0.364864864864865,0.364864864864865,0.513513513513513,0.513513513513513,0.554054054054054,0.391891891891892,0.486486486486487,0.364864864864865,0.391891891891892,0.675675675675676,0.675675675675676,0.675675675675676,0.608108108108108,0.608108108108108,0.5,0.608108108108108,0.5,0.608108108108108,0.608108108108108,0.608108108108108,0.608108108108108,0.608108108108108,0.608108108108108,0.391891891891892,0.391891891891892,0.486486486486487,0.364864864864865,0.486486486486487,0.364864864864865,0.391891891891892,0.391891891891892,0.445945945945946,0.445945945945946,0.445945945945946,0.445945945945946,0.621621621621622
"each_other",0.662162162162162,0.662162162162162,0.662162162162162,0.662162162162162,0.662162162162162,0.662162162162162,0.662162162162162,0.648648648648649,0.648648648648649,0.648648648648649,0.648648648648649,0.648648648648649,0.662162162162162,0.662162162162162,0.662162162162162,0.662162162162162,0.662162162162162,0.662162162162162,0.662162162162162,0.662162162162162,0.662162162162162,0.662162162162162,0.662162162162162,0.662162162162162,0.662162162162162,0.662162162162162,0.662162162162162,0.662162162162162,0.662162162162162,0.662162162162162,0.662162162162162,0.662162162162162,0.662162162162162,0.662162162162162,0.621621621621622,0.621621621621622,0.662162162162162,0.662162162162162,0.662162162162162,0.662162162162162,0.662162162162162,0.662162162162162,0.662162162162162,0.662162162162162,0.662162162162162,0.648648648648649,0.648648648648649,0.608108108108108,0.662162162162162,0.662162162162162,0.662162162162162,0.662162162162162,0.662162162162162,0.662162162162162,0.662162162162162,0.662162162162162,0.662162162162162,0.540540540540541,0.540540540540541,0.540540540540541,0.540540540540541,0.540540540540541,0.743243243243243,0.743243243243243,0.743243243243243,0.621621621621622,0.621621621621622,0.621621621621622,0.621621621621622,0.621621621621622,0.621621621621622,0.662162162162162,0.662162162162162,1,1,0.891891891891892,0.72972972972973,0.72972972972973,0.702702702702703,0.891891891891892,0.72972972972973,0.824324324324324,0.702702702702703,0.72972972972973,0.72972972972973,0.378378378378378,0.702702702702703,0.72972972972973,0.891891891891892,0.72972972972973,0.702702702702703,0.824324324324324,0.72972972972973,0.756756756756757,0.702702702702703,0.932432432432432,0.797297297297297,0.675675675675676,0.797297297297297,0.675675675675676,0.702702702702703,0.702702702702703,0.702702702702703,0.702702702702703,0.851351351351351,0.851351351351351,0.891891891891892,0.72972972972973,0.824324324324324,0.702702702702703,0.72972972972973,0.905405405405405,0.905405405405405,0.905405405405405,0.945945945945946,0.945945945945946,0.837837837837838,0.945945945945946,0.837837837837838,0.945945945945946,0.945945945945946,0.945945945945946,0.945945945945946,0.945945945945946,0.945945945945946,0.72972972972973,0.72972972972973,0.824324324324324,0.702702702702703,0.824324324324324,0.702702702702703,0.72972972972973,0.72972972972973,0.783783783783784,0.783783783783784,0.783783783783784,0.783783783783784,0.283783783783784
"one_another",0.662162162162162,0.662162162162162,0.662162162162162,0.662162162162162,0.662162162162162,0.662162162162162,0.662162162162162,0.648648648648649,0.648648648648649,0.648648648648649,0.648648648648649,0.648648648648649,0.662162162162162,0.662162162162162,0.662162162162162,0.662162162162162,0.662162162162162,0.662162162162162,0.662162162162162,0.662162162162162,0.662162162162162,0.662162162162162,0.662162162162162,0.662162162162162,0.662162162162162,0.662162162162162,0.662162162162162,0.662162162162162,0.662162162162162,0.662162162162162,0.662162162162162,0.662162162162162,0.662162162162162,0.662162162162162,0.621621621621622,0.621621621621622,0.662162162162162,0.662162162162162,0.662162162162162,0.662162162162162,0.662162162162162,0.662162162162162,0.662162162162162,0.662162162162162,0.662162162162162,0.648648648648649,0.648648648648649,0.608108108108108,0.662162162162162,0.662162162162162,0.662162162162162,0.662162162162162,0.662162162162162,0.662162162162162,0.662162162162162,0.662162162162162,0.662162162162162,0.540540540540541,0.540540540540541,0.540540540540541,0.540540540540541,0.540540540540541,0.743243243243243,0.743243243243243,0.743243243243243,0.621621621621622,0.621621621621622,0.621621621621622,0.621621621621622,0.621621621621622,0.621621621621622,0.662162162162162,0.662162162162162,1,1,0.891891891891892,0.72972972972973,0.72972972972973,0.702702702702703,0.891891891891892,0.72972972972973,0.824324324324324,0.702702702702703,0.72972972972973,0.72972972972973,0.378378378378378,0.702702702702703,0.72972972972973,0.891891891891892,0.72972972972973,0.702702702702703,0.824324324324324,0.72972972972973,0.756756756756757,0.702702702702703,0.932432432432432,0.797297297297297,0.675675675675676,0.797297297297297,0.675675675675676,0.702702702702703,0.702702702702703,0.702702702702703,0.702702702702703,0.851351351351351,0.851351351351351,0.891891891891892,0.72972972972973,0.824324324324324,0.702702702702703,0.72972972972973,0.905405405405405,0.905405405405405,0.905405405405405,0.945945945945946,0.945945945945946,0.837837837837838,0.945945945945946,0.837837837837838,0.945945945945946,0.945945945945946,0.945945945945946,0.945945945945946,0.945945945945946,0.945945945945946,0.72972972972973,0.72972972972973,0.824324324324324,0.702702702702703,0.824324324324324,0.702702702702703,0.72972972972973,0.72972972972973,0.783783783783784,0.783783783783784,0.783783783783784,0.783783783783784,0.283783783783784
"he",0.554054054054054,0.554054054054054,0.554054054054054,0.554054054054054,0.554054054054054,0.554054054054054,0.554054054054054,0.567567567567568,0.567567567567568,0.567567567567568,0.567567567567568,0.567567567567568,0.554054054054054,0.554054054054054,0.554054054054054,0.554054054054054,0.554054054054054,0.554054054054054,0.554054054054054,0.554054054054054,0.554054054054054,0.554054054054054,0.554054054054054,0.554054054054054,0.554054054054054,0.554054054054054,0.554054054054054,0.554054054054054,0.554054054054054,0.554054054054054,0.554054054054054,0.554054054054054,0.554054054054054,0.554054054054054,0.540540540540541,0.540540540540541,0.554054054054054,0.554054054054054,0.554054054054054,0.554054054054054,0.554054054054054,0.554054054054054,0.554054054054054,0.554054054054054,0.554054054054054,0.567567567567568,0.567567567567568,0.527027027027027,0.554054054054054,0.554054054054054,0.554054054054054,0.554054054054054,0.554054054054054,0.554054054054054,0.554054054054054,0.554054054054054,0.554054054054054,0.648648648648649,0.648648648648649,0.648648648648649,0.648648648648649,0.486486486486487,0.824324324324324,0.824324324324324,0.824324324324324,0.540540540540541,0.540540540540541,0.540540540540541,0.540540540540541,0.540540540540541,0.540540540540541,0.554054054054054,0.554054054054054,0.891891891891892,0.891891891891892,1,0.837837837837838,0.837837837837838,0.810810810810811,1,0.837837837837838,0.932432432432432,0.810810810810811,0.837837837837838,0.837837837837838,0.324324324324324,0.810810810810811,0.837837837837838,1,0.837837837837838,0.810810810810811,0.932432432432432,0.837837837837838,0.783783783783784,0.810810810810811,0.959459459459459,0.905405405405405,0.783783783783784,0.905405405405405,0.783783783783784,0.810810810810811,0.810810810810811,0.810810810810811,0.810810810810811,0.959459459459459,0.959459459459459,1,0.837837837837838,0.932432432432432,0.810810810810811,0.837837837837838,0.824324324324324,0.824324324324324,0.824324324324324,0.945945945945946,0.945945945945946,0.837837837837838,0.945945945945946,0.837837837837838,0.945945945945946,0.945945945945946,0.945945945945946,0.945945945945946,0.945945945945946,0.945945945945946,0.837837837837838,0.837837837837838,0.932432432432432,0.810810810810811,0.932432432432432,0.810810810810811,0.837837837837838,0.837837837837838,0.783783783783784,0.783783783783784,0.783783783783784,0.783783783783784,0.22972972972973
"him",0.391891891891892,0.391891891891892,0.391891891891892,0.391891891891892,0.391891891891892,0.391891891891892,0.391891891891892,0.405405405405405,0.405405405405405,0.405405405405405,0.405405405405405,0.405405405405405,0.391891891891892,0.391891891891892,0.391891891891892,0.391891891891892,0.391891891891892,0.391891891891892,0.391891891891892,0.391891891891892,0.391891891891892,0.391891891891892,0.391891891891892,0.391891891891892,0.391891891891892,0.391891891891892,0.391891891891892,0.391891891891892,0.391891891891892,0.391891891891892,0.391891891891892,0.391891891891892,0.391891891891892,0.391891891891892,0.378378378378378,0.378378378378378,0.391891891891892,0.391891891891892,0.391891891891892,0.391891891891892,0.391891891891892,0.391891891891892,0.391891891891892,0.391891891891892,0.391891891891892,0.405405405405405,0.405405405405405,0.391891891891892,0.391891891891892,0.391891891891892,0.391891891891892,0.391891891891892,0.391891891891892,0.391891891891892,0.391891891891892,0.391891891891892,0.391891891891892,0.810810810810811,0.810810810810811,0.810810810810811,0.810810810810811,0.351351351351351,0.662162162162162,0.662162162162162,0.662162162162162,0.378378378378378,0.378378378378378,0.378378378378378,0.378378378378378,0.378378378378378,0.378378378378378,0.391891891891892,0.391891891891892,0.72972972972973,0.72972972972973,0.837837837837838,1,1,0.972972972972973,0.837837837837838,1,0.851351351351351,0.972972972972973,1,1,0.162162162162162,0.972972972972973,1,0.837837837837838,1,0.972972972972973,0.851351351351351,1,0.945945945945946,0.972972972972973,0.797297297297297,0.824324324324324,0.945945945945946,0.824324324324324,0.945945945945946,0.972972972972973,0.972972972972973,0.972972972972973,0.972972972972973,0.824324324324324,0.824324324324324,0.837837837837838,1,0.851351351351351,0.972972972972973,1,0.662162162162162,0.662162162162162,0.662162162162162,0.783783783783784,0.783783783783784,0.891891891891892,0.783783783783784,0.891891891891892,0.783783783783784,0.783783783783784,0.783783783783784,0.783783783783784,0.783783783783784,0.783783783783784,1,1,0.851351351351351,0.972972972972973,0.851351351351351,0.972972972972973,1,1,0.945945945945946,0.945945945945946,0.945945945945946,0.945945945945946,0.0945945945945946
"himself",0.391891891891892,0.391891891891892,0.391891891891892,0.391891891891892,0.391891891891892,0.391891891891892,0.391891891891892,0.405405405405405,0.405405405405405,0.405405405405405,0.405405405405405,0.405405405405405,0.391891891891892,0.391891891891892,0.391891891891892,0.391891891891892,0.391891891891892,0.391891891891892,0.391891891891892,0.391891891891892,0.391891891891892,0.391891891891892,0.391891891891892,0.391891891891892,0.391891891891892,0.391891891891892,0.391891891891892,0.391891891891892,0.391891891891892,0.391891891891892,0.391891891891892,0.391891891891892,0.391891891891892,0.391891891891892,0.378378378378378,0.378378378378378,0.391891891891892,0.391891891891892,0.391891891891892,0.391891891891892,0.391891891891892,0.391891891891892,0.391891891891892,0.391891891891892,0.391891891891892,0.405405405405405,0.405405405405405,0.391891891891892,0.391891891891892,0.391891891891892,0.391891891891892,0.391891891891892,0.391891891891892,0.391891891891892,0.391891891891892,0.391891891891892,0.391891891891892,0.810810810810811,0.810810810810811,0.810810810810811,0.810810810810811,0.351351351351351,0.662162162162162,0.662162162162162,0.662162162162162,0.378378378378378,0.378378378378378,0.378378378378378,0.378378378378378,0.378378378378378,0.378378378378378,0.391891891891892,0.391891891891892,0.72972972972973,0.72972972972973,0.837837837837838,1,1,0.972972972972973,0.837837837837838,1,0.851351351351351,0.972972972972973,1,1,0.162162162162162,0.972972972972973,1,0.837837837837838,1,0.972972972972973,0.851351351351351,1,0.945945945945946,0.972972972972973,0.797297297297297,0.824324324324324,0.945945945945946,0.824324324324324,0.945945945945946,0.972972972972973,0.972972972972973,0.972972972972973,0.972972972972973,0.824324324324324,0.824324324324324,0.837837837837838,1,0.851351351351351,0.972972972972973,1,0.662162162162162,0.662162162162162,0.662162162162162,0.783783783783784,0.783783783783784,0.891891891891892,0.783783783783784,0.891891891891892,0.783783783783784,0.783783783783784,0.783783783783784,0.783783783783784,0.783783783783784,0.783783783783784,1,1,0.851351351351351,0.972972972972973,0.851351351351351,0.972972972972973,1,1,0.945945945945946,0.945945945945946,0.945945945945946,0.945945945945946,0.0945945945945946
"his",0.364864864864865,0.364864864864865,0.364864864864865,0.364864864864865,0.364864864864865,0.364864864864865,0.364864864864865,0.378378378378378,0.378378378378378,0.378378378378378,0.378378378378378,0.378378378378378,0.364864864864865,0.364864864864865,0.364864864864865,0.364864864864865,0.364864864864865,0.364864864864865,0.364864864864865,0.364864864864865,0.364864864864865,0.364864864864865,0.364864864864865,0.364864864864865,0.364864864864865,0.364864864864865,0.364864864864865,0.364864864864865,0.364864864864865,0.364864864864865,0.364864864864865,0.364864864864865,0.364864864864865,0.364864864864865,0.351351351351351,0.351351351351351,0.364864864864865,0.364864864864865,0.364864864864865,0.364864864864865,0.364864864864865,0.364864864864865,0.364864864864865,0.364864864864865,0.364864864864865,0.378378378378378,0.378378378378378,0.364864864864865,0.364864864864865,0.364864864864865,0.364864864864865,0.364864864864865,0.364864864864865,0.364864864864865,0.364864864864865,0.364864864864865,0.364864864864865,0.783783783783784,0.783783783783784,0.783783783783784,0.783783783783784,0.324324324324324,0.635135135135135,0.635135135135135,0.635135135135135,0.351351351351351,0.351351351351351,0.351351351351351,0.351351351351351,0.351351351351351,0.351351351351351,0.364864864864865,0.364864864864865,0.702702702702703,0.702702702702703,0.810810810810811,0.972972972972973,0.972972972972973,1,0.810810810810811,0.972972972972973,0.878378378378378,1,0.972972972972973,0.972972972972973,0.135135135135135,1,0.972972972972973,0.810810810810811,0.972972972972973,1,0.878378378378378,0.972972972972973,0.918918918918919,1,0.77027027027027,0.851351351351351,0.972972972972973,0.851351351351351,0.972972972972973,0.945945945945946,0.945945945945946,0.945945945945946,0.945945945945946,0.797297297297297,0.797297297297297,0.810810810810811,0.972972972972973,0.878378378378378,1,0.972972972972973,0.635135135135135,0.635135135135135,0.635135135135135,0.756756756756757,0.756756756756757,0.864864864864865,0.756756756756757,0.864864864864865,0.756756756756757,0.756756756756757,0.756756756756757,0.756756756756757,0.756756756756757,0.756756756756757,0.972972972972973,0.972972972972973,0.878378378378378,1,0.878378378378378,1,0.972972972972973,0.972972972972973,0.918918918918919,0.918918918918919,0.918918918918919,0.918918918918919,0.0675675675675676
"she",0.554054054054054,0.554054054054054,0.554054054054054,0.554054054054054,0.554054054054054,0.554054054054054,0.554054054054054,0.567567567567568,0.567567567567568,0.567567567567568,0.567567567567568,0.567567567567568,0.554054054054054,0.554054054054054,0.554054054054054,0.554054054054054,0.554054054054054,0.554054054054054,0.554054054054054,0.554054054054054,0.554054054054054,0.554054054054054,0.554054054054054,0.554054054054054,0.554054054054054,0.554054054054054,0.554054054054054,0.554054054054054,0.554054054054054,0.554054054054054,0.554054054054054,0.554054054054054,0.554054054054054,0.554054054054054,0.540540540540541,0.540540540540541,0.554054054054054,0.554054054054054,0.554054054054054,0.554054054054054,0.554054054054054,0.554054054054054,0.554054054054054,0.554054054054054,0.554054054054054,0.567567567567568,0.567567567567568,0.527027027027027,0.554054054054054,0.554054054054054,0.554054054054054,0.554054054054054,0.554054054054054,0.554054054054054,0.554054054054054,0.554054054054054,0.554054054054054,0.648648648648649,0.648648648648649,0.648648648648649,0.648648648648649,0.486486486486487,0.824324324324324,0.824324324324324,0.824324324324324,0.540540540540541,0.540540540540541,0.540540540540541,0.540540540540541,0.540540540540541,0.540540540540541,0.554054054054054,0.554054054054054,0.891891891891892,0.891891891891892,1,0.837837837837838,0.837837837837838,0.810810810810811,1,0.837837837837838,0.932432432432432,0.810810810810811,0.837837837837838,0.837837837837838,0.324324324324324,0.810810810810811,0.837837837837838,1,0.837837837837838,0.810810810810811,0.932432432432432,0.837837837837838,0.783783783783784,0.810810810810811,0.959459459459459,0.905405405405405,0.783783783783784,0.905405405405405,0.783783783783784,0.810810810810811,0.810810810810811,0.810810810810811,0.810810810810811,0.959459459459459,0.959459459459459,1,0.837837837837838,0.932432432432432,0.810810810810811,0.837837837837838,0.824324324324324,0.824324324324324,0.824324324324324,0.945945945945946,0.945945945945946,0.837837837837838,0.945945945945946,0.837837837837838,0.945945945945946,0.945945945945946,0.945945945945946,0.945945945945946,0.945945945945946,0.945945945945946,0.837837837837838,0.837837837837838,0.932432432432432,0.810810810810811,0.932432432432432,0.810810810810811,0.837837837837838,0.837837837837838,0.783783783783784,0.783783783783784,0.783783783783784,0.783783783783784,0.22972972972973
"her_acc",0.391891891891892,0.391891891891892,0.391891891891892,0.391891891891892,0.391891891891892,0.391891891891892,0.391891891891892,0.405405405405405,0.405405405405405,0.405405405405405,0.405405405405405,0.405405405405405,0.391891891891892,0.391891891891892,0.391891891891892,0.391891891891892,0.391891891891892,0.391891891891892,0.391891891891892,0.391891891891892,0.391891891891892,0.391891891891892,0.391891891891892,0.391891891891892,0.391891891891892,0.391891891891892,0.391891891891892,0.391891891891892,0.391891891891892,0.391891891891892,0.391891891891892,0.391891891891892,0.391891891891892,0.391891891891892,0.378378378378378,0.378378378378378,0.391891891891892,0.391891891891892,0.391891891891892,0.391891891891892,0.391891891891892,0.391891891891892,0.391891891891892,0.391891891891892,0.391891891891892,0.405405405405405,0.405405405405405,0.391891891891892,0.391891891891892,0.391891891891892,0.391891891891892,0.391891891891892,0.391891891891892,0.391891891891892,0.391891891891892,0.391891891891892,0.391891891891892,0.810810810810811,0.810810810810811,0.810810810810811,0.810810810810811,0.351351351351351,0.662162162162162,0.662162162162162,0.662162162162162,0.378378378378378,0.378378378378378,0.378378378378378,0.378378378378378,0.378378378378378,0.378378378378378,0.391891891891892,0.391891891891892,0.72972972972973,0.72972972972973,0.837837837837838,1,1,0.972972972972973,0.837837837837838,1,0.851351351351351,0.972972972972973,1,1,0.162162162162162,0.972972972972973,1,0.837837837837838,1,0.972972972972973,0.851351351351351,1,0.945945945945946,0.972972972972973,0.797297297297297,0.824324324324324,0.945945945945946,0.824324324324324,0.945945945945946,0.972972972972973,0.972972972972973,0.972972972972973,0.972972972972973,0.824324324324324,0.824324324324324,0.837837837837838,1,0.851351351351351,0.972972972972973,1,0.662162162162162,0.662162162162162,0.662162162162162,0.783783783783784,0.783783783783784,0.891891891891892,0.783783783783784,0.891891891891892,0.783783783783784,0.783783783783784,0.783783783783784,0.783783783783784,0.783783783783784,0.783783783783784,1,1,0.851351351351351,0.972972972972973,0.851351351351351,0.972972972972973,1,1,0.945945945945946,0.945945945945946,0.945945945945946,0.945945945945946,0.0945945945945946
"her_dep",0.486486486486487,0.486486486486487,0.486486486486487,0.486486486486487,0.486486486486487,0.486486486486487,0.486486486486487,0.5,0.5,0.5,0.5,0.5,0.486486486486487,0.486486486486487,0.486486486486487,0.486486486486487,0.486486486486487,0.486486486486487,0.486486486486487,0.486486486486487,0.486486486486487,0.486486486486487,0.486486486486487,0.486486486486487,0.486486486486487,0.486486486486487,0.486486486486487,0.486486486486487,0.486486486486487,0.486486486486487,0.486486486486487,0.486486486486487,0.486486486486487,0.486486486486487,0.472972972972973,0.472972972972973,0.486486486486487,0.486486486486487,0.486486486486487,0.486486486486487,0.486486486486487,0.486486486486487,0.486486486486487,0.486486486486487,0.486486486486487,0.5,0.5,0.45945945945946,0.486486486486487,0.486486486486487,0.486486486486487,0.486486486486487,0.486486486486487,0.486486486486487,0.486486486486487,0.486486486486487,0.486486486486487,0.662162162162162,0.662162162162162,0.662162162162162,0.662162162162162,0.418918918918919,0.756756756756757,0.756756756756757,0.756756756756757,0.472972972972973,0.472972972972973,0.472972972972973,0.472972972972973,0.472972972972973,0.472972972972973,0.486486486486487,0.486486486486487,0.824324324324324,0.824324324324324,0.932432432432432,0.851351351351351,0.851351351351351,0.878378378378378,0.932432432432432,0.851351351351351,1,0.878378378378378,0.851351351351351,0.851351351351351,0.256756756756757,0.878378378378378,0.851351351351351,0.932432432432432,0.851351351351351,0.878378378378378,1,0.851351351351351,0.797297297297297,0.878378378378378,0.891891891891892,0.972972972972973,0.851351351351351,0.972972972972973,0.851351351351351,0.824324324324324,0.824324324324324,0.824324324324324,0.824324324324324,0.891891891891892,0.891891891891892,0.932432432432432,0.851351351351351,1,0.878378378378378,0.851351351351351,0.756756756756757,0.756756756756757,0.756756756756757,0.878378378378378,0.878378378378378,0.77027027027027,0.878378378378378,0.77027027027027,0.878378378378378,0.878378378378378,0.878378378378378,0.878378378378378,0.878378378378378,0.878378378378378,0.851351351351351,0.851351351351351,1,0.878378378378378,1,0.878378378378378,0.851351351351351,0.851351351351351,0.797297297297297,0.797297297297297,0.797297297297297,0.797297297297297,0.162162162162162
"hers",0.364864864864865,0.364864864864865,0.364864864864865,0.364864864864865,0.364864864864865,0.364864864864865,0.364864864864865,0.378378378378378,0.378378378378378,0.378378378378378,0.378378378378378,0.378378378378378,0.364864864864865,0.364864864864865,0.364864864864865,0.364864864864865,0.364864864864865,0.364864864864865,0.364864864864865,0.364864864864865,0.364864864864865,0.364864864864865,0.364864864864865,0.364864864864865,0.364864864864865,0.364864864864865,0.364864864864865,0.364864864864865,0.364864864864865,0.364864864864865,0.364864864864865,0.364864864864865,0.364864864864865,0.364864864864865,0.351351351351351,0.351351351351351,0.364864864864865,0.364864864864865,0.364864864864865,0.364864864864865,0.364864864864865,0.364864864864865,0.364864864864865,0.364864864864865,0.364864864864865,0.378378378378378,0.378378378378378,0.364864864864865,0.364864864864865,0.364864864864865,0.364864864864865,0.364864864864865,0.364864864864865,0.364864864864865,0.364864864864865,0.364864864864865,0.364864864864865,0.783783783783784,0.783783783783784,0.783783783783784,0.783783783783784,0.324324324324324,0.635135135135135,0.635135135135135,0.635135135135135,0.351351351351351,0.351351351351351,0.351351351351351,0.351351351351351,0.351351351351351,0.351351351351351,0.364864864864865,0.364864864864865,0.702702702702703,0.702702702702703,0.810810810810811,0.972972972972973,0.972972972972973,1,0.810810810810811,0.972972972972973,0.878378378378378,1,0.972972972972973,0.972972972972973,0.135135135135135,1,0.972972972972973,0.810810810810811,0.972972972972973,1,0.878378378378378,0.972972972972973,0.918918918918919,1,0.77027027027027,0.851351351351351,0.972972972972973,0.851351351351351,0.972972972972973,0.945945945945946,0.945945945945946,0.945945945945946,0.945945945945946,0.797297297297297,0.797297297297297,0.810810810810811,0.972972972972973,0.878378378378378,1,0.972972972972973,0.635135135135135,0.635135135135135,0.635135135135135,0.756756756756757,0.756756756756757,0.864864864864865,0.756756756756757,0.864864864864865,0.756756756756757,0.756756756756757,0.756756756756757,0.756756756756757,0.756756756756757,0.756756756756757,0.972972972972973,0.972972972972973,0.878378378378378,1,0.878378378378378,1,0.972972972972973,0.972972972972973,0.918918918918919,0.918918918918919,0.918918918918919,0.918918918918919,0.0675675675675676
"herself",0.391891891891892,0.391891891891892,0.391891891891892,0.391891891891892,0.391891891891892,0.391891891891892,0.391891891891892,0.405405405405405,0.405405405405405,0.405405405405405,0.405405405405405,0.405405405405405,0.391891891891892,0.391891891891892,0.391891891891892,0.391891891891892,0.391891891891892,0.391891891891892,0.391891891891892,0.391891891891892,0.391891891891892,0.391891891891892,0.391891891891892,0.391891891891892,0.391891891891892,0.391891891891892,0.391891891891892,0.391891891891892,0.391891891891892,0.391891891891892,0.391891891891892,0.391891891891892,0.391891891891892,0.391891891891892,0.378378378378378,0.378378378378378,0.391891891891892,0.391891891891892,0.391891891891892,0.391891891891892,0.391891891891892,0.391891891891892,0.391891891891892,0.391891891891892,0.391891891891892,0.405405405405405,0.405405405405405,0.391891891891892,0.391891891891892,0.391891891891892,0.391891891891892,0.391891891891892,0.391891891891892,0.391891891891892,0.391891891891892,0.391891891891892,0.391891891891892,0.810810810810811,0.810810810810811,0.810810810810811,0.810810810810811,0.351351351351351,0.662162162162162,0.662162162162162,0.662162162162162,0.378378378378378,0.378378378378378,0.378378378378378,0.378378378378378,0.378378378378378,0.378378378378378,0.391891891891892,0.391891891891892,0.72972972972973,0.72972972972973,0.837837837837838,1,1,0.972972972972973,0.837837837837838,1,0.851351351351351,0.972972972972973,1,1,0.162162162162162,0.972972972972973,1,0.837837837837838,1,0.972972972972973,0.851351351351351,1,0.945945945945946,0.972972972972973,0.797297297297297,0.824324324324324,0.945945945945946,0.824324324324324,0.945945945945946,0.972972972972973,0.972972972972973,0.972972972972973,0.972972972972973,0.824324324324324,0.824324324324324,0.837837837837838,1,0.851351351351351,0.972972972972973,1,0.662162162162162,0.662162162162162,0.662162162162162,0.783783783783784,0.783783783783784,0.891891891891892,0.783783783783784,0.891891891891892,0.783783783783784,0.783783783783784,0.783783783783784,0.783783783783784,0.783783783783784,0.783783783783784,1,1,0.851351351351351,0.972972972972973,0.851351351351351,0.972972972972973,1,1,0.945945945945946,0.945945945945946,0.945945945945946,0.945945945945946,0.0945945945945946
"it_plain",0.391891891891892,0.391891891891892,0.391891891891892,0.391891891891892,0.391891891891892,0.391891891891892,0.391891891891892,0.405405405405405,0.405405405405405,0.405405405405405,0.405405405405405,0.405405405405405,0.391891891891892,0.391891891891892,0.391891891891892,0.391891891891892,0.391891891891892,0.391891891891892,0.391891891891892,0.391891891891892,0.391891891891892,0.391891891891892,0.391891891891892,0.391891891891892,0.391891891891892,0.391891891891892,0.391891891891892,0.391891891891892,0.391891891891892,0.391891891891892,0.391891891891892,0.391891891891892,0.391891891891892,0.391891891891892,0.378378378378378,0.378378378378378,0.391891891891892,0.391891891891892,0.391891891891892,0.391891891891892,0.391891891891892,0.391891891891892,0.391891891891892,0.391891891891892,0.391891891891892,0.405405405405405,0.405405405405405,0.391891891891892,0.391891891891892,0.391891891891892,0.391891891891892,0.391891891891892,0.391891891891892,0.391891891891892,0.391891891891892,0.391891891891892,0.391891891891892,0.810810810810811,0.810810810810811,0.810810810810811,0.810810810810811,0.351351351351351,0.662162162162162,0.662162162162162,0.662162162162162,0.378378378378378,0.378378378378378,0.378378378378378,0.378378378378378,0.378378378378378,0.378378378378378,0.391891891891892,0.391891891891892,0.72972972972973,0.72972972972973,0.837837837837838,1,1,0.972972972972973,0.837837837837838,1,0.851351351351351,0.972972972972973,1,1,0.162162162162162,0.972972972972973,1,0.837837837837838,1,0.972972972972973,0.851351351351351,1,0.945945945945946,0.972972972972973,0.797297297297297,0.824324324324324,0.945945945945946,0.824324324324324,0.945945945945946,0.972972972972973,0.972972972972973,0.972972972972973,0.972972972972973,0.824324324324324,0.824324324324324,0.837837837837838,1,0.851351351351351,0.972972972972973,1,0.662162162162162,0.662162162162162,0.662162162162162,0.783783783783784,0.783783783783784,0.891891891891892,0.783783783783784,0.891891891891892,0.783783783783784,0.783783783783784,0.783783783783784,0.783783783783784,0.783783783783784,0.783783783783784,1,1,0.851351351351351,0.972972972972973,0.851351351351351,0.972972972972973,1,1,0.945945945945946,0.945945945945946,0.945945945945946,0.945945945945946,0.0945945945945946
"it_dum",0.716216216216216,0.716216216216216,0.716216216216216,0.716216216216216,0.716216216216216,0.716216216216216,0.716216216216216,0.72972972972973,0.72972972972973,0.72972972972973,0.72972972972973,0.72972972972973,0.716216216216216,0.716216216216216,0.716216216216216,0.716216216216216,0.716216216216216,0.716216216216216,0.716216216216216,0.716216216216216,0.716216216216216,0.716216216216216,0.716216216216216,0.716216216216216,0.716216216216216,0.716216216216216,0.716216216216216,0.716216216216216,0.716216216216216,0.716216216216216,0.716216216216216,0.716216216216216,0.716216216216216,0.716216216216216,0.756756756756757,0.756756756756757,0.716216216216216,0.716216216216216,0.716216216216216,0.716216216216216,0.716216216216216,0.716216216216216,0.716216216216216,0.716216216216216,0.716216216216216,0.72972972972973,0.72972972972973,0.689189189189189,0.716216216216216,0.716216216216216,0.716216216216216,0.716216216216216,0.716216216216216,0.716216216216216,0.716216216216216,0.716216216216216,0.716216216216216,0.297297297297297,0.297297297297297,0.297297297297297,0.297297297297297,0.702702702702703,0.5,0.5,0.5,0.702702702702703,0.702702702702703,0.702702702702703,0.702702702702703,0.702702702702703,0.702702702702703,0.716216216216216,0.716216216216216,0.378378378378378,0.378378378378378,0.324324324324324,0.162162162162162,0.162162162162162,0.135135135135135,0.324324324324324,0.162162162162162,0.256756756756757,0.135135135135135,0.162162162162162,0.162162162162162,1,0.135135135135135,0.162162162162162,0.324324324324324,0.162162162162162,0.135135135135135,0.256756756756757,0.162162162162162,0.216216216216216,0.135135135135135,0.364864864864865,0.22972972972973,0.108108108108108,0.22972972972973,0.108108108108108,0.135135135135135,0.135135135135135,0.135135135135135,0.135135135135135,0.283783783783784,0.283783783783784,0.324324324324324,0.162162162162162,0.256756756756757,0.135135135135135,0.162162162162162,0.418918918918919,0.418918918918919,0.418918918918919,0.378378378378378,0.378378378378378,0.27027027027027,0.378378378378378,0.27027027027027,0.378378378378378,0.378378378378378,0.378378378378378,0.378378378378378,0.378378378378378,0.378378378378378,0.162162162162162,0.162162162162162,0.256756756756757,0.135135135135135,0.256756756756757,0.135135135135135,0.162162162162162,0.162162162162162,0.189189189189189,0.189189189189189,0.189189189189189,0.189189189189189,0.905405405405405
"its",0.364864864864865,0.364864864864865,0.364864864864865,0.364864864864865,0.364864864864865,0.364864864864865,0.364864864864865,0.378378378378378,0.378378378378378,0.378378378378378,0.378378378378378,0.378378378378378,0.364864864864865,0.364864864864865,0.364864864864865,0.364864864864865,0.364864864864865,0.364864864864865,0.364864864864865,0.364864864864865,0.364864864864865,0.364864864864865,0.364864864864865,0.364864864864865,0.364864864864865,0.364864864864865,0.364864864864865,0.364864864864865,0.364864864864865,0.364864864864865,0.364864864864865,0.364864864864865,0.364864864864865,0.364864864864865,0.351351351351351,0.351351351351351,0.364864864864865,0.364864864864865,0.364864864864865,0.364864864864865,0.364864864864865,0.364864864864865,0.364864864864865,0.364864864864865,0.364864864864865,0.378378378378378,0.378378378378378,0.364864864864865,0.364864864864865,0.364864864864865,0.364864864864865,0.364864864864865,0.364864864864865,0.364864864864865,0.364864864864865,0.364864864864865,0.364864864864865,0.783783783783784,0.783783783783784,0.783783783783784,0.783783783783784,0.324324324324324,0.635135135135135,0.635135135135135,0.635135135135135,0.351351351351351,0.351351351351351,0.351351351351351,0.351351351351351,0.351351351351351,0.351351351351351,0.364864864864865,0.364864864864865,0.702702702702703,0.702702702702703,0.810810810810811,0.972972972972973,0.972972972972973,1,0.810810810810811,0.972972972972973,0.878378378378378,1,0.972972972972973,0.972972972972973,0.135135135135135,1,0.972972972972973,0.810810810810811,0.972972972972973,1,0.878378378378378,0.972972972972973,0.918918918918919,1,0.77027027027027,0.851351351351351,0.972972972972973,0.851351351351351,0.972972972972973,0.945945945945946,0.945945945945946,0.945945945945946,0.945945945945946,0.797297297297297,0.797297297297297,0.810810810810811,0.972972972972973,0.878378378378378,1,0.972972972972973,0.635135135135135,0.635135135135135,0.635135135135135,0.756756756756757,0.756756756756757,0.864864864864865,0.756756756756757,0.864864864864865,0.756756756756757,0.756756756756757,0.756756756756757,0.756756756756757,0.756756756756757,0.756756756756757,0.972972972972973,0.972972972972973,0.878378378378378,1,0.878378378378378,1,0.972972972972973,0.972972972972973,0.918918918918919,0.918918918918919,0.918918918918919,0.918918918918919,0.0675675675675676
"itself",0.391891891891892,0.391891891891892,0.391891891891892,0.391891891891892,0.391891891891892,0.391891891891892,0.391891891891892,0.405405405405405,0.405405405405405,0.405405405405405,0.405405405405405,0.405405405405405,0.391891891891892,0.391891891891892,0.391891891891892,0.391891891891892,0.391891891891892,0.391891891891892,0.391891891891892,0.391891891891892,0.391891891891892,0.391891891891892,0.391891891891892,0.391891891891892,0.391891891891892,0.391891891891892,0.391891891891892,0.391891891891892,0.391891891891892,0.391891891891892,0.391891891891892,0.391891891891892,0.391891891891892,0.391891891891892,0.378378378378378,0.378378378378378,0.391891891891892,0.391891891891892,0.391891891891892,0.391891891891892,0.391891891891892,0.391891891891892,0.391891891891892,0.391891891891892,0.391891891891892,0.405405405405405,0.405405405405405,0.391891891891892,0.391891891891892,0.391891891891892,0.391891891891892,0.391891891891892,0.391891891891892,0.391891891891892,0.391891891891892,0.391891891891892,0.391891891891892,0.810810810810811,0.810810810810811,0.810810810810811,0.810810810810811,0.351351351351351,0.662162162162162,0.662162162162162,0.662162162162162,0.378378378378378,0.378378378378378,0.378378378378378,0.378378378378378,0.378378378378378,0.378378378378378,0.391891891891892,0.391891891891892,0.72972972972973,0.72972972972973,0.837837837837838,1,1,0.972972972972973,0.837837837837838,1,0.851351351351351,0.972972972972973,1,1,0.162162162162162,0.972972972972973,1,0.837837837837838,1,0.972972972972973,0.851351351351351,1,0.945945945945946,0.972972972972973,0.797297297297297,0.824324324324324,0.945945945945946,0.824324324324324,0.945945945945946,0.972972972972973,0.972972972972973,0.972972972972973,0.972972972972973,0.824324324324324,0.824324324324324,0.837837837837838,1,0.851351351351351,0.972972972972973,1,0.662162162162162,0.662162162162162,0.662162162162162,0.783783783783784,0.783783783783784,0.891891891891892,0.783783783783784,0.891891891891892,0.783783783783784,0.783783783783784,0.783783783783784,0.783783783783784,0.783783783783784,0.783783783783784,1,1,0.851351351351351,0.972972972972973,0.851351351351351,0.972972972972973,1,1,0.945945945945946,0.945945945945946,0.945945945945946,0.945945945945946,0.0945945945945946
"I",0.554054054054054,0.554054054054054,0.554054054054054,0.554054054054054,0.554054054054054,0.554054054054054,0.554054054054054,0.567567567567568,0.567567567567568,0.567567567567568,0.567567567567568,0.567567567567568,0.554054054054054,0.554054054054054,0.554054054054054,0.554054054054054,0.554054054054054,0.554054054054054,0.554054054054054,0.554054054054054,0.554054054054054,0.554054054054054,0.554054054054054,0.554054054054054,0.554054054054054,0.554054054054054,0.554054054054054,0.554054054054054,0.554054054054054,0.554054054054054,0.554054054054054,0.554054054054054,0.554054054054054,0.554054054054054,0.540540540540541,0.540540540540541,0.554054054054054,0.554054054054054,0.554054054054054,0.554054054054054,0.554054054054054,0.554054054054054,0.554054054054054,0.554054054054054,0.554054054054054,0.567567567567568,0.567567567567568,0.527027027027027,0.554054054054054,0.554054054054054,0.554054054054054,0.554054054054054,0.554054054054054,0.554054054054054,0.554054054054054,0.554054054054054,0.554054054054054,0.648648648648649,0.648648648648649,0.648648648648649,0.648648648648649,0.486486486486487,0.824324324324324,0.824324324324324,0.824324324324324,0.540540540540541,0.540540540540541,0.540540540540541,0.540540540540541,0.540540540540541,0.540540540540541,0.554054054054054,0.554054054054054,0.891891891891892,0.891891891891892,1,0.837837837837838,0.837837837837838,0.810810810810811,1,0.837837837837838,0.932432432432432,0.810810810810811,0.837837837837838,0.837837837837838,0.324324324324324,0.810810810810811,0.837837837837838,1,0.837837837837838,0.810810810810811,0.932432432432432,0.837837837837838,0.783783783783784,0.810810810810811,0.959459459459459,0.905405405405405,0.783783783783784,0.905405405405405,0.783783783783784,0.810810810810811,0.810810810810811,0.810810810810811,0.810810810810811,0.959459459459459,0.959459459459459,1,0.837837837837838,0.932432432432432,0.810810810810811,0.837837837837838,0.824324324324324,0.824324324324324,0.824324324324324,0.945945945945946,0.945945945945946,0.837837837837838,0.945945945945946,0.837837837837838,0.945945945945946,0.945945945945946,0.945945945945946,0.945945945945946,0.945945945945946,0.945945945945946,0.837837837837838,0.837837837837838,0.932432432432432,0.810810810810811,0.932432432432432,0.810810810810811,0.837837837837838,0.837837837837838,0.783783783783784,0.783783783783784,0.783783783783784,0.783783783783784,0.22972972972973
"me",0.391891891891892,0.391891891891892,0.391891891891892,0.391891891891892,0.391891891891892,0.391891891891892,0.391891891891892,0.405405405405405,0.405405405405405,0.405405405405405,0.405405405405405,0.405405405405405,0.391891891891892,0.391891891891892,0.391891891891892,0.391891891891892,0.391891891891892,0.391891891891892,0.391891891891892,0.391891891891892,0.391891891891892,0.391891891891892,0.391891891891892,0.391891891891892,0.391891891891892,0.391891891891892,0.391891891891892,0.391891891891892,0.391891891891892,0.391891891891892,0.391891891891892,0.391891891891892,0.391891891891892,0.391891891891892,0.378378378378378,0.378378378378378,0.391891891891892,0.391891891891892,0.391891891891892,0.391891891891892,0.391891891891892,0.391891891891892,0.391891891891892,0.391891891891892,0.391891891891892,0.405405405405405,0.405405405405405,0.391891891891892,0.391891891891892,0.391891891891892,0.391891891891892,0.391891891891892,0.391891891891892,0.391891891891892,0.391891891891892,0.391891891891892,0.391891891891892,0.810810810810811,0.810810810810811,0.810810810810811,0.810810810810811,0.351351351351351,0.662162162162162,0.662162162162162,0.662162162162162,0.378378378378378,0.378378378378378,0.378378378378378,0.378378378378378,0.378378378378378,0.378378378378378,0.391891891891892,0.391891891891892,0.72972972972973,0.72972972972973,0.837837837837838,1,1,0.972972972972973,0.837837837837838,1,0.851351351351351,0.972972972972973,1,1,0.162162162162162,0.972972972972973,1,0.837837837837838,1,0.972972972972973,0.851351351351351,1,0.945945945945946,0.972972972972973,0.797297297297297,0.824324324324324,0.945945945945946,0.824324324324324,0.945945945945946,0.972972972972973,0.972972972972973,0.972972972972973,0.972972972972973,0.824324324324324,0.824324324324324,0.837837837837838,1,0.851351351351351,0.972972972972973,1,0.662162162162162,0.662162162162162,0.662162162162162,0.783783783783784,0.783783783783784,0.891891891891892,0.783783783783784,0.891891891891892,0.783783783783784,0.783783783783784,0.783783783783784,0.783783783783784,0.783783783783784,0.783783783783784,1,1,0.851351351351351,0.972972972972973,0.851351351351351,0.972972972972973,1,1,0.945945945945946,0.945945945945946,0.945945945945946,0.945945945945946,0.0945945945945946
"mine",0.364864864864865,0.364864864864865,0.364864864864865,0.364864864864865,0.364864864864865,0.364864864864865,0.364864864864865,0.378378378378378,0.378378378378378,0.378378378378378,0.378378378378378,0.378378378378378,0.364864864864865,0.364864864864865,0.364864864864865,0.364864864864865,0.364864864864865,0.364864864864865,0.364864864864865,0.364864864864865,0.364864864864865,0.364864864864865,0.364864864864865,0.364864864864865,0.364864864864865,0.364864864864865,0.364864864864865,0.364864864864865,0.364864864864865,0.364864864864865,0.364864864864865,0.364864864864865,0.364864864864865,0.364864864864865,0.351351351351351,0.351351351351351,0.364864864864865,0.364864864864865,0.364864864864865,0.364864864864865,0.364864864864865,0.364864864864865,0.364864864864865,0.364864864864865,0.364864864864865,0.378378378378378,0.378378378378378,0.364864864864865,0.364864864864865,0.364864864864865,0.364864864864865,0.364864864864865,0.364864864864865,0.364864864864865,0.364864864864865,0.364864864864865,0.364864864864865,0.783783783783784,0.783783783783784,0.783783783783784,0.783783783783784,0.324324324324324,0.635135135135135,0.635135135135135,0.635135135135135,0.351351351351351,0.351351351351351,0.351351351351351,0.351351351351351,0.351351351351351,0.351351351351351,0.364864864864865,0.364864864864865,0.702702702702703,0.702702702702703,0.810810810810811,0.972972972972973,0.972972972972973,1,0.810810810810811,0.972972972972973,0.878378378378378,1,0.972972972972973,0.972972972972973,0.135135135135135,1,0.972972972972973,0.810810810810811,0.972972972972973,1,0.878378378378378,0.972972972972973,0.918918918918919,1,0.77027027027027,0.851351351351351,0.972972972972973,0.851351351351351,0.972972972972973,0.945945945945946,0.945945945945946,0.945945945945946,0.945945945945946,0.797297297297297,0.797297297297297,0.810810810810811,0.972972972972973,0.878378378378378,1,0.972972972972973,0.635135135135135,0.635135135135135,0.635135135135135,0.756756756756757,0.756756756756757,0.864864864864865,0.756756756756757,0.864864864864865,0.756756756756757,0.756756756756757,0.756756756756757,0.756756756756757,0.756756756756757,0.756756756756757,0.972972972972973,0.972972972972973,0.878378378378378,1,0.878378378378378,1,0.972972972972973,0.972972972972973,0.918918918918919,0.918918918918919,0.918918918918919,0.918918918918919,0.0675675675675676
"my",0.486486486486487,0.486486486486487,0.486486486486487,0.486486486486487,0.486486486486487,0.486486486486487,0.486486486486487,0.5,0.5,0.5,0.5,0.5,0.486486486486487,0.486486486486487,0.486486486486487,0.486486486486487,0.486486486486487,0.486486486486487,0.486486486486487,0.486486486486487,0.486486486486487,0.486486486486487,0.486486486486487,0.486486486486487,0.486486486486487,0.486486486486487,0.486486486486487,0.486486486486487,0.486486486486487,0.486486486486487,0.486486486486487,0.486486486486487,0.486486486486487,0.486486486486487,0.472972972972973,0.472972972972973,0.486486486486487,0.486486486486487,0.486486486486487,0.486486486486487,0.486486486486487,0.486486486486487,0.486486486486487,0.486486486486487,0.486486486486487,0.5,0.5,0.45945945945946,0.486486486486487,0.486486486486487,0.486486486486487,0.486486486486487,0.486486486486487,0.486486486486487,0.486486486486487,0.486486486486487,0.486486486486487,0.662162162162162,0.662162162162162,0.662162162162162,0.662162162162162,0.418918918918919,0.756756756756757,0.756756756756757,0.756756756756757,0.472972972972973,0.472972972972973,0.472972972972973,0.472972972972973,0.472972972972973,0.472972972972973,0.486486486486487,0.486486486486487,0.824324324324324,0.824324324324324,0.932432432432432,0.851351351351351,0.851351351351351,0.878378378378378,0.932432432432432,0.851351351351351,1,0.878378378378378,0.851351351351351,0.851351351351351,0.256756756756757,0.878378378378378,0.851351351351351,0.932432432432432,0.851351351351351,0.878378378378378,1,0.851351351351351,0.797297297297297,0.878378378378378,0.891891891891892,0.972972972972973,0.851351351351351,0.972972972972973,0.851351351351351,0.824324324324324,0.824324324324324,0.824324324324324,0.824324324324324,0.891891891891892,0.891891891891892,0.932432432432432,0.851351351351351,1,0.878378378378378,0.851351351351351,0.756756756756757,0.756756756756757,0.756756756756757,0.878378378378378,0.878378378378378,0.77027027027027,0.878378378378378,0.77027027027027,0.878378378378378,0.878378378378378,0.878378378378378,0.878378378378378,0.878378378378378,0.878378378378378,0.851351351351351,0.851351351351351,1,0.878378378378378,1,0.878378378378378,0.851351351351351,0.851351351351351,0.797297297297297,0.797297297297297,0.797297297297297,0.797297297297297,0.162162162162162
"myself",0.391891891891892,0.391891891891892,0.391891891891892,0.391891891891892,0.391891891891892,0.391891891891892,0.391891891891892,0.405405405405405,0.405405405405405,0.405405405405405,0.405405405405405,0.405405405405405,0.391891891891892,0.391891891891892,0.391891891891892,0.391891891891892,0.391891891891892,0.391891891891892,0.391891891891892,0.391891891891892,0.391891891891892,0.391891891891892,0.391891891891892,0.391891891891892,0.391891891891892,0.391891891891892,0.391891891891892,0.391891891891892,0.391891891891892,0.391891891891892,0.391891891891892,0.391891891891892,0.391891891891892,0.391891891891892,0.378378378378378,0.378378378378378,0.391891891891892,0.391891891891892,0.391891891891892,0.391891891891892,0.391891891891892,0.391891891891892,0.391891891891892,0.391891891891892,0.391891891891892,0.405405405405405,0.405405405405405,0.391891891891892,0.391891891891892,0.391891891891892,0.391891891891892,0.391891891891892,0.391891891891892,0.391891891891892,0.391891891891892,0.391891891891892,0.391891891891892,0.810810810810811,0.810810810810811,0.810810810810811,0.810810810810811,0.351351351351351,0.662162162162162,0.662162162162162,0.662162162162162,0.378378378378378,0.378378378378378,0.378378378378378,0.378378378378378,0.378378378378378,0.378378378378378,0.391891891891892,0.391891891891892,0.72972972972973,0.72972972972973,0.837837837837838,1,1,0.972972972972973,0.837837837837838,1,0.851351351351351,0.972972972972973,1,1,0.162162162162162,0.972972972972973,1,0.837837837837838,1,0.972972972972973,0.851351351351351,1,0.945945945945946,0.972972972972973,0.797297297297297,0.824324324324324,0.945945945945946,0.824324324324324,0.945945945945946,0.972972972972973,0.972972972972973,0.972972972972973,0.972972972972973,0.824324324324324,0.824324324324324,0.837837837837838,1,0.851351351351351,0.972972972972973,1,0.662162162162162,0.662162162162162,0.662162162162162,0.783783783783784,0.783783783783784,0.891891891891892,0.783783783783784,0.891891891891892,0.783783783783784,0.783783783783784,0.783783783783784,0.783783783783784,0.783783783783784,0.783783783783784,1,1,0.851351351351351,0.972972972972973,0.851351351351351,0.972972972972973,1,1,0.945945945945946,0.945945945945946,0.945945945945946,0.945945945945946,0.0945945945945946
"one_pron",0.445945945945946,0.445945945945946,0.445945945945946,0.445945945945946,0.445945945945946,0.445945945945946,0.445945945945946,0.45945945945946,0.45945945945946,0.45945945945946,0.45945945945946,0.45945945945946,0.445945945945946,0.445945945945946,0.445945945945946,0.445945945945946,0.445945945945946,0.445945945945946,0.445945945945946,0.445945945945946,0.445945945945946,0.445945945945946,0.445945945945946,0.445945945945946,0.445945945945946,0.445945945945946,0.445945945945946,0.445945945945946,0.445945945945946,0.445945945945946,0.445945945945946,0.445945945945946,0.445945945945946,0.445945945945946,0.432432432432432,0.432432432432432,0.445945945945946,0.445945945945946,0.445945945945946,0.445945945945946,0.445945945945946,0.445945945945946,0.445945945945946,0.445945945945946,0.445945945945946,0.45945945945946,0.45945945945946,0.445945945945946,0.445945945945946,0.445945945945946,0.445945945945946,0.445945945945946,0.445945945945946,0.445945945945946,0.445945945945946,0.445945945945946,0.445945945945946,0.756756756756757,0.756756756756757,0.756756756756757,0.756756756756757,0.405405405405405,0.608108108108108,0.608108108108108,0.608108108108108,0.432432432432432,0.432432432432432,0.432432432432432,0.432432432432432,0.432432432432432,0.432432432432432,0.445945945945946,0.445945945945946,0.756756756756757,0.756756756756757,0.783783783783784,0.945945945945946,0.945945945945946,0.918918918918919,0.783783783783784,0.945945945945946,0.797297297297297,0.918918918918919,0.945945945945946,0.945945945945946,0.216216216216216,0.918918918918919,0.945945945945946,0.783783783783784,0.945945945945946,0.918918918918919,0.797297297297297,0.945945945945946,1,0.918918918918919,0.743243243243243,0.77027027027027,0.891891891891892,0.77027027027027,0.891891891891892,0.918918918918919,0.918918918918919,0.918918918918919,0.918918918918919,0.77027027027027,0.77027027027027,0.783783783783784,0.945945945945946,0.797297297297297,0.918918918918919,0.945945945945946,0.689189189189189,0.689189189189189,0.689189189189189,0.810810810810811,0.810810810810811,0.918918918918919,0.810810810810811,0.918918918918919,0.810810810810811,0.810810810810811,0.810810810810811,0.810810810810811,0.810810810810811,0.810810810810811,0.945945945945946,0.945945945945946,0.797297297297297,0.918918918918919,0.797297297297297,0.918918918918919,0.945945945945946,0.945945945945946,0.972972972972973,0.972972972972973,0.972972972972973,0.972972972972973,0.148648648648649
"one_s",0.364864864864865,0.364864864864865,0.364864864864865,0.364864864864865,0.364864864864865,0.364864864864865,0.364864864864865,0.378378378378378,0.378378378378378,0.378378378378378,0.378378378378378,0.378378378378378,0.364864864864865,0.364864864864865,0.364864864864865,0.364864864864865,0.364864864864865,0.364864864864865,0.364864864864865,0.364864864864865,0.364864864864865,0.364864864864865,0.364864864864865,0.364864864864865,0.364864864864865,0.364864864864865,0.364864864864865,0.364864864864865,0.364864864864865,0.364864864864865,0.364864864864865,0.364864864864865,0.364864864864865,0.364864864864865,0.351351351351351,0.351351351351351,0.364864864864865,0.364864864864865,0.364864864864865,0.364864864864865,0.364864864864865,0.364864864864865,0.364864864864865,0.364864864864865,0.364864864864865,0.378378378378378,0.378378378378378,0.364864864864865,0.364864864864865,0.364864864864865,0.364864864864865,0.364864864864865,0.364864864864865,0.364864864864865,0.364864864864865,0.364864864864865,0.364864864864865,0.783783783783784,0.783783783783784,0.783783783783784,0.783783783783784,0.324324324324324,0.635135135135135,0.635135135135135,0.635135135135135,0.351351351351351,0.351351351351351,0.351351351351351,0.351351351351351,0.351351351351351,0.351351351351351,0.364864864864865,0.364864864864865,0.702702702702703,0.702702702702703,0.810810810810811,0.972972972972973,0.972972972972973,1,0.810810810810811,0.972972972972973,0.878378378378378,1,0.972972972972973,0.972972972972973,0.135135135135135,1,0.972972972972973,0.810810810810811,0.972972972972973,1,0.878378378378378,0.972972972972973,0.918918918918919,1,0.77027027027027,0.851351351351351,0.972972972972973,0.851351351351351,0.972972972972973,0.945945945945946,0.945945945945946,0.945945945945946,0.945945945945946,0.797297297297297,0.797297297297297,0.810810810810811,0.972972972972973,0.878378378378378,1,0.972972972972973,0.635135135135135,0.635135135135135,0.635135135135135,0.756756756756757,0.756756756756757,0.864864864864865,0.756756756756757,0.864864864864865,0.756756756756757,0.756756756756757,0.756756756756757,0.756756756756757,0.756756756756757,0.756756756756757,0.972972972972973,0.972972972972973,0.878378378378378,1,0.878378378378378,1,0.972972972972973,0.972972972972973,0.918918918918919,0.918918918918919,0.918918918918919,0.918918918918919,0.0675675675675676
"oneself",0.594594594594595,0.594594594594595,0.594594594594595,0.594594594594595,0.594594594594595,0.594594594594595,0.594594594594595,0.608108108108108,0.608108108108108,0.608108108108108,0.608108108108108,0.608108108108108,0.594594594594595,0.594594594594595,0.594594594594595,0.594594594594595,0.594594594594595,0.594594594594595,0.594594594594595,0.594594594594595,0.594594594594595,0.594594594594595,0.594594594594595,0.594594594594595,0.594594594594595,0.594594594594595,0.594594594594595,0.594594594594595,0.594594594594595,0.594594594594595,0.594594594594595,0.594594594594595,0.594594594594595,0.594594594594595,0.581081081081081,0.581081081081081,0.594594594594595,0.594594594594595,0.594594594594595,0.594594594594595,0.594594594594595,0.594594594594595,0.594594594594595,0.594594594594595,0.594594594594595,0.608108108108108,0.608108108108108,0.567567567567568,0.594594594594595,0.594594594594595,0.594594594594595,0.594594594594595,0.594594594594595,0.594594594594595,0.594594594594595,0.594594594594595,0.594594594594595,0.608108108108108,0.608108108108108,0.608108108108108,0.608108108108108,0.527027027027027,0.810810810810811,0.810810810810811,0.810810810810811,0.581081081081081,0.581081081081081,0.581081081081081,0.581081081081081,0.581081081081081,0.581081081081081,0.594594594594595,0.594594594594595,0.932432432432432,0.932432432432432,0.959459459459459,0.797297297297297,0.797297297297297,0.77027027027027,0.959459459459459,0.797297297297297,0.891891891891892,0.77027027027027,0.797297297297297,0.797297297297297,0.364864864864865,0.77027027027027,0.797297297297297,0.959459459459459,0.797297297297297,0.77027027027027,0.891891891891892,0.797297297297297,0.743243243243243,0.77027027027027,1,0.864864864864865,0.743243243243243,0.864864864864865,0.743243243243243,0.77027027027027,0.77027027027027,0.77027027027027,0.77027027027027,0.918918918918919,0.918918918918919,0.959459459459459,0.797297297297297,0.891891891891892,0.77027027027027,0.797297297297297,0.864864864864865,0.864864864864865,0.864864864864865,0.932432432432432,0.932432432432432,0.824324324324324,0.932432432432432,0.824324324324324,0.932432432432432,0.932432432432432,0.932432432432432,0.932432432432432,0.932432432432432,0.932432432432432,0.797297297297297,0.797297297297297,0.891891891891892,0.77027027027027,0.891891891891892,0.77027027027027,0.797297297297297,0.797297297297297,0.743243243243243,0.743243243243243,0.743243243243243,0.743243243243243,0.27027027027027
"their_sing",0.45945945945946,0.45945945945946,0.45945945945946,0.45945945945946,0.45945945945946,0.45945945945946,0.45945945945946,0.472972972972973,0.472972972972973,0.472972972972973,0.472972972972973,0.472972972972973,0.45945945945946,0.45945945945946,0.45945945945946,0.45945945945946,0.45945945945946,0.45945945945946,0.45945945945946,0.45945945945946,0.45945945945946,0.45945945945946,0.45945945945946,0.45945945945946,0.45945945945946,0.45945945945946,0.45945945945946,0.45945945945946,0.45945945945946,0.45945945945946,0.45945945945946,0.45945945945946,0.45945945945946,0.45945945945946,0.445945945945946,0.445945945945946,0.45945945945946,0.45945945945946,0.45945945945946,0.45945945945946,0.45945945945946,0.45945945945946,0.45945945945946,0.45945945945946,0.45945945945946,0.472972972972973,0.472972972972973,0.486486486486487,0.45945945945946,0.45945945945946,0.45945945945946,0.45945945945946,0.45945945945946,0.45945945945946,0.45945945945946,0.45945945945946,0.45945945945946,0.689189189189189,0.689189189189189,0.689189189189189,0.689189189189189,0.445945945945946,0.72972972972973,0.72972972972973,0.72972972972973,0.445945945945946,0.445945945945946,0.445945945945946,0.445945945945946,0.445945945945946,0.445945945945946,0.45945945945946,0.45945945945946,0.797297297297297,0.797297297297297,0.905405405405405,0.824324324324324,0.824324324324324,0.851351351351351,0.905405405405405,0.824324324324324,0.972972972972973,0.851351351351351,0.824324324324324,0.824324324324324,0.22972972972973,0.851351351351351,0.824324324324324,0.905405405405405,0.824324324324324,0.851351351351351,0.972972972972973,0.824324324324324,0.77027027027027,0.851351351351351,0.864864864864865,1,0.878378378378378,1,0.878378378378378,0.851351351351351,0.851351351351351,0.851351351351351,0.851351351351351,0.918918918918919,0.918918918918919,0.905405405405405,0.824324324324324,0.972972972972973,0.851351351351351,0.824324324324324,0.72972972972973,0.72972972972973,0.72972972972973,0.851351351351351,0.851351351351351,0.743243243243243,0.851351351351351,0.743243243243243,0.851351351351351,0.851351351351351,0.851351351351351,0.851351351351351,0.851351351351351,0.851351351351351,0.824324324324324,0.824324324324324,0.972972972972973,0.851351351351351,0.972972972972973,0.851351351351351,0.824324324324324,0.824324324324324,0.77027027027027,0.77027027027027,0.77027027027027,0.77027027027027,0.189189189189189
"theirs_sing",0.337837837837838,0.337837837837838,0.337837837837838,0.337837837837838,0.337837837837838,0.337837837837838,0.337837837837838,0.351351351351351,0.351351351351351,0.351351351351351,0.351351351351351,0.351351351351351,0.337837837837838,0.337837837837838,0.337837837837838,0.337837837837838,0.337837837837838,0.337837837837838,0.337837837837838,0.337837837837838,0.337837837837838,0.337837837837838,0.337837837837838,0.337837837837838,0.337837837837838,0.337837837837838,0.337837837837838,0.337837837837838,0.337837837837838,0.337837837837838,0.337837837837838,0.337837837837838,0.337837837837838,0.337837837837838,0.324324324324324,0.324324324324324,0.337837837837838,0.337837837837838,0.337837837837838,0.337837837837838,0.337837837837838,0.337837837837838,0.337837837837838,0.337837837837838,0.337837837837838,0.351351351351351,0.351351351351351,0.391891891891892,0.337837837837838,0.337837837837838,0.337837837837838,0.337837837837838,0.337837837837838,0.337837837837838,0.337837837837838,0.337837837837838,0.337837837837838,0.810810810810811,0.810810810810811,0.810810810810811,0.810810810810811,0.351351351351351,0.608108108108108,0.608108108108108,0.608108108108108,0.324324324324324,0.324324324324324,0.324324324324324,0.324324324324324,0.324324324324324,0.324324324324324,0.337837837837838,0.337837837837838,0.675675675675676,0.675675675675676,0.783783783783784,0.945945945945946,0.945945945945946,0.972972972972973,0.783783783783784,0.945945945945946,0.851351351351351,0.972972972972973,0.945945945945946,0.945945945945946,0.108108108108108,0.972972972972973,0.945945945945946,0.783783783783784,0.945945945945946,0.972972972972973,0.851351351351351,0.945945945945946,0.891891891891892,0.972972972972973,0.743243243243243,0.878378378378378,1,0.878378378378378,1,0.972972972972973,0.972972972972973,0.972972972972973,0.972972972972973,0.824324324324324,0.824324324324324,0.783783783783784,0.945945945945946,0.851351351351351,0.972972972972973,0.945945945945946,0.608108108108108,0.608108108108108,0.608108108108108,0.72972972972973,0.72972972972973,0.837837837837838,0.72972972972973,0.837837837837838,0.72972972972973,0.72972972972973,0.72972972972973,0.72972972972973,0.72972972972973,0.72972972972973,0.945945945945946,0.945945945945946,0.851351351351351,0.972972972972973,0.851351351351351,0.972972972972973,0.945945945945946,0.945945945945946,0.891891891891892,0.891891891891892,0.891891891891892,0.891891891891892,0.0945945945945946
"their_plur",0.45945945945946,0.45945945945946,0.45945945945946,0.45945945945946,0.45945945945946,0.45945945945946,0.45945945945946,0.472972972972973,0.472972972972973,0.472972972972973,0.472972972972973,0.472972972972973,0.45945945945946,0.45945945945946,0.45945945945946,0.45945945945946,0.45945945945946,0.45945945945946,0.45945945945946,0.45945945945946,0.45945945945946,0.45945945945946,0.45945945945946,0.45945945945946,0.45945945945946,0.45945945945946,0.45945945945946,0.45945945945946,0.45945945945946,0.45945945945946,0.45945945945946,0.45945945945946,0.45945945945946,0.45945945945946,0.445945945945946,0.445945945945946,0.45945945945946,0.45945945945946,0.45945945945946,0.45945945945946,0.45945945945946,0.45945945945946,0.45945945945946,0.45945945945946,0.45945945945946,0.472972972972973,0.472972972972973,0.486486486486487,0.45945945945946,0.45945945945946,0.45945945945946,0.45945945945946,0.45945945945946,0.45945945945946,0.45945945945946,0.45945945945946,0.45945945945946,0.689189189189189,0.689189189189189,0.689189189189189,0.689189189189189,0.445945945945946,0.72972972972973,0.72972972972973,0.72972972972973,0.445945945945946,0.445945945945946,0.445945945945946,0.445945945945946,0.445945945945946,0.445945945945946,0.45945945945946,0.45945945945946,0.797297297297297,0.797297297297297,0.905405405405405,0.824324324324324,0.824324324324324,0.851351351351351,0.905405405405405,0.824324324324324,0.972972972972973,0.851351351351351,0.824324324324324,0.824324324324324,0.22972972972973,0.851351351351351,0.824324324324324,0.905405405405405,0.824324324324324,0.851351351351351,0.972972972972973,0.824324324324324,0.77027027027027,0.851351351351351,0.864864864864865,1,0.878378378378378,1,0.878378378378378,0.851351351351351,0.851351351351351,0.851351351351351,0.851351351351351,0.918918918918919,0.918918918918919,0.905405405405405,0.824324324324324,0.972972972972973,0.851351351351351,0.824324324324324,0.72972972972973,0.72972972972973,0.72972972972973,0.851351351351351,0.851351351351351,0.743243243243243,0.851351351351351,0.743243243243243,0.851351351351351,0.851351351351351,0.851351351351351,0.851351351351351,0.851351351351351,0.851351351351351,0.824324324324324,0.824324324324324,0.972972972972973,0.851351351351351,0.972972972972973,0.851351351351351,0.824324324324324,0.824324324324324,0.77027027027027,0.77027027027027,0.77027027027027,0.77027027027027,0.189189189189189
"theirs_plur",0.337837837837838,0.337837837837838,0.337837837837838,0.337837837837838,0.337837837837838,0.337837837837838,0.337837837837838,0.351351351351351,0.351351351351351,0.351351351351351,0.351351351351351,0.351351351351351,0.337837837837838,0.337837837837838,0.337837837837838,0.337837837837838,0.337837837837838,0.337837837837838,0.337837837837838,0.337837837837838,0.337837837837838,0.337837837837838,0.337837837837838,0.337837837837838,0.337837837837838,0.337837837837838,0.337837837837838,0.337837837837838,0.337837837837838,0.337837837837838,0.337837837837838,0.337837837837838,0.337837837837838,0.337837837837838,0.324324324324324,0.324324324324324,0.337837837837838,0.337837837837838,0.337837837837838,0.337837837837838,0.337837837837838,0.337837837837838,0.337837837837838,0.337837837837838,0.337837837837838,0.351351351351351,0.351351351351351,0.391891891891892,0.337837837837838,0.337837837837838,0.337837837837838,0.337837837837838,0.337837837837838,0.337837837837838,0.337837837837838,0.337837837837838,0.337837837837838,0.810810810810811,0.810810810810811,0.810810810810811,0.810810810810811,0.351351351351351,0.608108108108108,0.608108108108108,0.608108108108108,0.324324324324324,0.324324324324324,0.324324324324324,0.324324324324324,0.324324324324324,0.324324324324324,0.337837837837838,0.337837837837838,0.675675675675676,0.675675675675676,0.783783783783784,0.945945945945946,0.945945945945946,0.972972972972973,0.783783783783784,0.945945945945946,0.851351351351351,0.972972972972973,0.945945945945946,0.945945945945946,0.108108108108108,0.972972972972973,0.945945945945946,0.783783783783784,0.945945945945946,0.972972972972973,0.851351351351351,0.945945945945946,0.891891891891892,0.972972972972973,0.743243243243243,0.878378378378378,1,0.878378378378378,1,0.972972972972973,0.972972972972973,0.972972972972973,0.972972972972973,0.824324324324324,0.824324324324324,0.783783783783784,0.945945945945946,0.851351351351351,0.972972972972973,0.945945945945946,0.608108108108108,0.608108108108108,0.608108108108108,0.72972972972973,0.72972972972973,0.837837837837838,0.72972972972973,0.837837837837838,0.72972972972973,0.72972972972973,0.72972972972973,0.72972972972973,0.72972972972973,0.72972972972973,0.945945945945946,0.945945945945946,0.851351351351351,0.972972972972973,0.851351351351351,0.972972972972973,0.945945945945946,0.945945945945946,0.891891891891892,0.891891891891892,0.891891891891892,0.891891891891892,0.0945945945945946
"them_sing",0.364864864864865,0.364864864864865,0.364864864864865,0.364864864864865,0.364864864864865,0.364864864864865,0.364864864864865,0.378378378378378,0.378378378378378,0.378378378378378,0.378378378378378,0.378378378378378,0.364864864864865,0.364864864864865,0.364864864864865,0.364864864864865,0.364864864864865,0.364864864864865,0.364864864864865,0.364864864864865,0.364864864864865,0.364864864864865,0.364864864864865,0.364864864864865,0.364864864864865,0.364864864864865,0.364864864864865,0.364864864864865,0.364864864864865,0.364864864864865,0.364864864864865,0.364864864864865,0.364864864864865,0.364864864864865,0.351351351351351,0.351351351351351,0.364864864864865,0.364864864864865,0.364864864864865,0.364864864864865,0.364864864864865,0.364864864864865,0.364864864864865,0.364864864864865,0.364864864864865,0.378378378378378,0.378378378378378,0.418918918918919,0.364864864864865,0.364864864864865,0.364864864864865,0.364864864864865,0.364864864864865,0.364864864864865,0.364864864864865,0.364864864864865,0.364864864864865,0.837837837837838,0.837837837837838,0.837837837837838,0.837837837837838,0.378378378378378,0.635135135135135,0.635135135135135,0.635135135135135,0.351351351351351,0.351351351351351,0.351351351351351,0.351351351351351,0.351351351351351,0.351351351351351,0.364864864864865,0.364864864864865,0.702702702702703,0.702702702702703,0.810810810810811,0.972972972972973,0.972972972972973,0.945945945945946,0.810810810810811,0.972972972972973,0.824324324324324,0.945945945945946,0.972972972972973,0.972972972972973,0.135135135135135,0.945945945945946,0.972972972972973,0.810810810810811,0.972972972972973,0.945945945945946,0.824324324324324,0.972972972972973,0.918918918918919,0.945945945945946,0.77027027027027,0.851351351351351,0.972972972972973,0.851351351351351,0.972972972972973,1,1,1,1,0.851351351351351,0.851351351351351,0.810810810810811,0.972972972972973,0.824324324324324,0.945945945945946,0.972972972972973,0.635135135135135,0.635135135135135,0.635135135135135,0.756756756756757,0.756756756756757,0.864864864864865,0.756756756756757,0.864864864864865,0.756756756756757,0.756756756756757,0.756756756756757,0.756756756756757,0.756756756756757,0.756756756756757,0.972972972972973,0.972972972972973,0.824324324324324,0.945945945945946,0.824324324324324,0.945945945945946,0.972972972972973,0.972972972972973,0.918918918918919,0.918918918918919,0.918918918918919,0.918918918918919,0.121621621621622
"them_plur",0.364864864864865,0.364864864864865,0.364864864864865,0.364864864864865,0.364864864864865,0.364864864864865,0.364864864864865,0.378378378378378,0.378378378378378,0.378378378378378,0.378378378378378,0.378378378378378,0.364864864864865,0.364864864864865,0.364864864864865,0.364864864864865,0.364864864864865,0.364864864864865,0.364864864864865,0.364864864864865,0.364864864864865,0.364864864864865,0.364864864864865,0.364864864864865,0.364864864864865,0.364864864864865,0.364864864864865,0.364864864864865,0.364864864864865,0.364864864864865,0.364864864864865,0.364864864864865,0.364864864864865,0.364864864864865,0.351351351351351,0.351351351351351,0.364864864864865,0.364864864864865,0.364864864864865,0.364864864864865,0.364864864864865,0.364864864864865,0.364864864864865,0.364864864864865,0.364864864864865,0.378378378378378,0.378378378378378,0.418918918918919,0.364864864864865,0.364864864864865,0.364864864864865,0.364864864864865,0.364864864864865,0.364864864864865,0.364864864864865,0.364864864864865,0.364864864864865,0.837837837837838,0.837837837837838,0.837837837837838,0.837837837837838,0.378378378378378,0.635135135135135,0.635135135135135,0.635135135135135,0.351351351351351,0.351351351351351,0.351351351351351,0.351351351351351,0.351351351351351,0.351351351351351,0.364864864864865,0.364864864864865,0.702702702702703,0.702702702702703,0.810810810810811,0.972972972972973,0.972972972972973,0.945945945945946,0.810810810810811,0.972972972972973,0.824324324324324,0.945945945945946,0.972972972972973,0.972972972972973,0.135135135135135,0.945945945945946,0.972972972972973,0.810810810810811,0.972972972972973,0.945945945945946,0.824324324324324,0.972972972972973,0.918918918918919,0.945945945945946,0.77027027027027,0.851351351351351,0.972972972972973,0.851351351351351,0.972972972972973,1,1,1,1,0.851351351351351,0.851351351351351,0.810810810810811,0.972972972972973,0.824324324324324,0.945945945945946,0.972972972972973,0.635135135135135,0.635135135135135,0.635135135135135,0.756756756756757,0.756756756756757,0.864864864864865,0.756756756756757,0.864864864864865,0.756756756756757,0.756756756756757,0.756756756756757,0.756756756756757,0.756756756756757,0.756756756756757,0.972972972972973,0.972972972972973,0.824324324324324,0.945945945945946,0.824324324324324,0.945945945945946,0.972972972972973,0.972972972972973,0.918918918918919,0.918918918918919,0.918918918918919,0.918918918918919,0.121621621621622
"themself",0.364864864864865,0.364864864864865,0.364864864864865,0.364864864864865,0.364864864864865,0.364864864864865,0.364864864864865,0.378378378378378,0.378378378378378,0.378378378378378,0.378378378378378,0.378378378378378,0.364864864864865,0.364864864864865,0.364864864864865,0.364864864864865,0.364864864864865,0.364864864864865,0.364864864864865,0.364864864864865,0.364864864864865,0.364864864864865,0.364864864864865,0.364864864864865,0.364864864864865,0.364864864864865,0.364864864864865,0.364864864864865,0.364864864864865,0.364864864864865,0.364864864864865,0.364864864864865,0.364864864864865,0.364864864864865,0.351351351351351,0.351351351351351,0.364864864864865,0.364864864864865,0.364864864864865,0.364864864864865,0.364864864864865,0.364864864864865,0.364864864864865,0.364864864864865,0.364864864864865,0.378378378378378,0.378378378378378,0.418918918918919,0.364864864864865,0.364864864864865,0.364864864864865,0.364864864864865,0.364864864864865,0.364864864864865,0.364864864864865,0.364864864864865,0.364864864864865,0.837837837837838,0.837837837837838,0.837837837837838,0.837837837837838,0.378378378378378,0.635135135135135,0.635135135135135,0.635135135135135,0.351351351351351,0.351351351351351,0.351351351351351,0.351351351351351,0.351351351351351,0.351351351351351,0.364864864864865,0.364864864864865,0.702702702702703,0.702702702702703,0.810810810810811,0.972972972972973,0.972972972972973,0.945945945945946,0.810810810810811,0.972972972972973,0.824324324324324,0.945945945945946,0.972972972972973,0.972972972972973,0.135135135135135,0.945945945945946,0.972972972972973,0.810810810810811,0.972972972972973,0.945945945945946,0.824324324324324,0.972972972972973,0.918918918918919,0.945945945945946,0.77027027027027,0.851351351351351,0.972972972972973,0.851351351351351,0.972972972972973,1,1,1,1,0.851351351351351,0.851351351351351,0.810810810810811,0.972972972972973,0.824324324324324,0.945945945945946,0.972972972972973,0.635135135135135,0.635135135135135,0.635135135135135,0.756756756756757,0.756756756756757,0.864864864864865,0.756756756756757,0.864864864864865,0.756756756756757,0.756756756756757,0.756756756756757,0.756756756756757,0.756756756756757,0.756756756756757,0.972972972972973,0.972972972972973,0.824324324324324,0.945945945945946,0.824324324324324,0.945945945945946,0.972972972972973,0.972972972972973,0.918918918918919,0.918918918918919,0.918918918918919,0.918918918918919,0.121621621621622
"themselves",0.364864864864865,0.364864864864865,0.364864864864865,0.364864864864865,0.364864864864865,0.364864864864865,0.364864864864865,0.378378378378378,0.378378378378378,0.378378378378378,0.378378378378378,0.378378378378378,0.364864864864865,0.364864864864865,0.364864864864865,0.364864864864865,0.364864864864865,0.364864864864865,0.364864864864865,0.364864864864865,0.364864864864865,0.364864864864865,0.364864864864865,0.364864864864865,0.364864864864865,0.364864864864865,0.364864864864865,0.364864864864865,0.364864864864865,0.364864864864865,0.364864864864865,0.364864864864865,0.364864864864865,0.364864864864865,0.351351351351351,0.351351351351351,0.364864864864865,0.364864864864865,0.364864864864865,0.364864864864865,0.364864864864865,0.364864864864865,0.364864864864865,0.364864864864865,0.364864864864865,0.378378378378378,0.378378378378378,0.418918918918919,0.364864864864865,0.364864864864865,0.364864864864865,0.364864864864865,0.364864864864865,0.364864864864865,0.364864864864865,0.364864864864865,0.364864864864865,0.837837837837838,0.837837837837838,0.837837837837838,0.837837837837838,0.378378378378378,0.635135135135135,0.635135135135135,0.635135135135135,0.351351351351351,0.351351351351351,0.351351351351351,0.351351351351351,0.351351351351351,0.351351351351351,0.364864864864865,0.364864864864865,0.702702702702703,0.702702702702703,0.810810810810811,0.972972972972973,0.972972972972973,0.945945945945946,0.810810810810811,0.972972972972973,0.824324324324324,0.945945945945946,0.972972972972973,0.972972972972973,0.135135135135135,0.945945945945946,0.972972972972973,0.810810810810811,0.972972972972973,0.945945945945946,0.824324324324324,0.972972972972973,0.918918918918919,0.945945945945946,0.77027027027027,0.851351351351351,0.972972972972973,0.851351351351351,0.972972972972973,1,1,1,1,0.851351351351351,0.851351351351351,0.810810810810811,0.972972972972973,0.824324324324324,0.945945945945946,0.972972972972973,0.635135135135135,0.635135135135135,0.635135135135135,0.756756756756757,0.756756756756757,0.864864864864865,0.756756756756757,0.864864864864865,0.756756756756757,0.756756756756757,0.756756756756757,0.756756756756757,0.756756756756757,0.756756756756757,0.972972972972973,0.972972972972973,0.824324324324324,0.945945945945946,0.824324324324324,0.945945945945946,0.972972972972973,0.972972972972973,0.918918918918919,0.918918918918919,0.918918918918919,0.918918918918919,0.121621621621622
"they_sing",0.513513513513513,0.513513513513513,0.513513513513513,0.513513513513513,0.513513513513513,0.513513513513513,0.513513513513513,0.527027027027027,0.527027027027027,0.527027027027027,0.527027027027027,0.527027027027027,0.513513513513513,0.513513513513513,0.513513513513513,0.513513513513513,0.513513513513513,0.513513513513513,0.513513513513513,0.513513513513513,0.513513513513513,0.513513513513513,0.513513513513513,0.513513513513513,0.513513513513513,0.513513513513513,0.513513513513513,0.513513513513513,0.513513513513513,0.513513513513513,0.513513513513513,0.513513513513513,0.513513513513513,0.513513513513513,0.5,0.5,0.513513513513513,0.513513513513513,0.513513513513513,0.513513513513513,0.513513513513513,0.513513513513513,0.513513513513513,0.513513513513513,0.513513513513513,0.527027027027027,0.527027027027027,0.567567567567568,0.513513513513513,0.513513513513513,0.513513513513513,0.513513513513513,0.513513513513513,0.513513513513513,0.513513513513513,0.513513513513513,0.513513513513513,0.689189189189189,0.689189189189189,0.689189189189189,0.689189189189189,0.527027027027027,0.783783783783784,0.783783783783784,0.783783783783784,0.5,0.5,0.5,0.5,0.5,0.5,0.513513513513513,0.513513513513513,0.851351351351351,0.851351351351351,0.959459459459459,0.824324324324324,0.824324324324324,0.797297297297297,0.959459459459459,0.824324324324324,0.891891891891892,0.797297297297297,0.824324324324324,0.824324324324324,0.283783783783784,0.797297297297297,0.824324324324324,0.959459459459459,0.824324324324324,0.797297297297297,0.891891891891892,0.824324324324324,0.77027027027027,0.797297297297297,0.918918918918919,0.918918918918919,0.824324324324324,0.918918918918919,0.824324324324324,0.851351351351351,0.851351351351351,0.851351351351351,0.851351351351351,1,1,0.959459459459459,0.824324324324324,0.891891891891892,0.797297297297297,0.824324324324324,0.783783783783784,0.783783783783784,0.783783783783784,0.905405405405405,0.905405405405405,0.824324324324324,0.905405405405405,0.824324324324324,0.905405405405405,0.905405405405405,0.905405405405405,0.905405405405405,0.905405405405405,0.905405405405405,0.824324324324324,0.824324324324324,0.891891891891892,0.797297297297297,0.891891891891892,0.797297297297297,0.824324324324324,0.824324324324324,0.77027027027027,0.77027027027027,0.77027027027027,0.77027027027027,0.27027027027027
"they_plur",0.513513513513513,0.513513513513513,0.513513513513513,0.513513513513513,0.513513513513513,0.513513513513513,0.513513513513513,0.527027027027027,0.527027027027027,0.527027027027027,0.527027027027027,0.527027027027027,0.513513513513513,0.513513513513513,0.513513513513513,0.513513513513513,0.513513513513513,0.513513513513513,0.513513513513513,0.513513513513513,0.513513513513513,0.513513513513513,0.513513513513513,0.513513513513513,0.513513513513513,0.513513513513513,0.513513513513513,0.513513513513513,0.513513513513513,0.513513513513513,0.513513513513513,0.513513513513513,0.513513513513513,0.513513513513513,0.5,0.5,0.513513513513513,0.513513513513513,0.513513513513513,0.513513513513513,0.513513513513513,0.513513513513513,0.513513513513513,0.513513513513513,0.513513513513513,0.527027027027027,0.527027027027027,0.567567567567568,0.513513513513513,0.513513513513513,0.513513513513513,0.513513513513513,0.513513513513513,0.513513513513513,0.513513513513513,0.513513513513513,0.513513513513513,0.689189189189189,0.689189189189189,0.689189189189189,0.689189189189189,0.527027027027027,0.783783783783784,0.783783783783784,0.783783783783784,0.5,0.5,0.5,0.5,0.5,0.5,0.513513513513513,0.513513513513513,0.851351351351351,0.851351351351351,0.959459459459459,0.824324324324324,0.824324324324324,0.797297297297297,0.959459459459459,0.824324324324324,0.891891891891892,0.797297297297297,0.824324324324324,0.824324324324324,0.283783783783784,0.797297297297297,0.824324324324324,0.959459459459459,0.824324324324324,0.797297297297297,0.891891891891892,0.824324324324324,0.77027027027027,0.797297297297297,0.918918918918919,0.918918918918919,0.824324324324324,0.918918918918919,0.824324324324324,0.851351351351351,0.851351351351351,0.851351351351351,0.851351351351351,1,1,0.959459459459459,0.824324324324324,0.891891891891892,0.797297297297297,0.824324324324324,0.783783783783784,0.783783783783784,0.783783783783784,0.905405405405405,0.905405405405405,0.824324324324324,0.905405405405405,0.824324324324324,0.905405405405405,0.905405405405405,0.905405405405405,0.905405405405405,0.905405405405405,0.905405405405405,0.824324324324324,0.824324324324324,0.891891891891892,0.797297297297297,0.891891891891892,0.797297297297297,0.824324324324324,0.824324324324324,0.77027027027027,0.77027027027027,0.77027027027027,0.77027027027027,0.27027027027027
"we_pron",0.554054054054054,0.554054054054054,0.554054054054054,0.554054054054054,0.554054054054054,0.554054054054054,0.554054054054054,0.567567567567568,0.567567567567568,0.567567567567568,0.567567567567568,0.567567567567568,0.554054054054054,0.554054054054054,0.554054054054054,0.554054054054054,0.554054054054054,0.554054054054054,0.554054054054054,0.554054054054054,0.554054054054054,0.554054054054054,0.554054054054054,0.554054054054054,0.554054054054054,0.554054054054054,0.554054054054054,0.554054054054054,0.554054054054054,0.554054054054054,0.554054054054054,0.554054054054054,0.554054054054054,0.554054054054054,0.540540540540541,0.540540540540541,0.554054054054054,0.554054054054054,0.554054054054054,0.554054054054054,0.554054054054054,0.554054054054054,0.554054054054054,0.554054054054054,0.554054054054054,0.567567567567568,0.567567567567568,0.527027027027027,0.554054054054054,0.554054054054054,0.554054054054054,0.554054054054054,0.554054054054054,0.554054054054054,0.554054054054054,0.554054054054054,0.554054054054054,0.648648648648649,0.648648648648649,0.648648648648649,0.648648648648649,0.486486486486487,0.824324324324324,0.824324324324324,0.824324324324324,0.540540540540541,0.540540540540541,0.540540540540541,0.540540540540541,0.540540540540541,0.540540540540541,0.554054054054054,0.554054054054054,0.891891891891892,0.891891891891892,1,0.837837837837838,0.837837837837838,0.810810810810811,1,0.837837837837838,0.932432432432432,0.810810810810811,0.837837837837838,0.837837837837838,0.324324324324324,0.810810810810811,0.837837837837838,1,0.837837837837838,0.810810810810811,0.932432432432432,0.837837837837838,0.783783783783784,0.810810810810811,0.959459459459459,0.905405405405405,0.783783783783784,0.905405405405405,0.783783783783784,0.810810810810811,0.810810810810811,0.810810810810811,0.810810810810811,0.959459459459459,0.959459459459459,1,0.837837837837838,0.932432432432432,0.810810810810811,0.837837837837838,0.824324324324324,0.824324324324324,0.824324324324324,0.945945945945946,0.945945945945946,0.837837837837838,0.945945945945946,0.837837837837838,0.945945945945946,0.945945945945946,0.945945945945946,0.945945945945946,0.945945945945946,0.945945945945946,0.837837837837838,0.837837837837838,0.932432432432432,0.810810810810811,0.932432432432432,0.810810810810811,0.837837837837838,0.837837837837838,0.783783783783784,0.783783783783784,0.783783783783784,0.783783783783784,0.22972972972973
"us_pron",0.391891891891892,0.391891891891892,0.391891891891892,0.391891891891892,0.391891891891892,0.391891891891892,0.391891891891892,0.405405405405405,0.405405405405405,0.405405405405405,0.405405405405405,0.405405405405405,0.391891891891892,0.391891891891892,0.391891891891892,0.391891891891892,0.391891891891892,0.391891891891892,0.391891891891892,0.391891891891892,0.391891891891892,0.391891891891892,0.391891891891892,0.391891891891892,0.391891891891892,0.391891891891892,0.391891891891892,0.391891891891892,0.391891891891892,0.391891891891892,0.391891891891892,0.391891891891892,0.391891891891892,0.391891891891892,0.378378378378378,0.378378378378378,0.391891891891892,0.391891891891892,0.391891891891892,0.391891891891892,0.391891891891892,0.391891891891892,0.391891891891892,0.391891891891892,0.391891891891892,0.405405405405405,0.405405405405405,0.391891891891892,0.391891891891892,0.391891891891892,0.391891891891892,0.391891891891892,0.391891891891892,0.391891891891892,0.391891891891892,0.391891891891892,0.391891891891892,0.810810810810811,0.810810810810811,0.810810810810811,0.810810810810811,0.351351351351351,0.662162162162162,0.662162162162162,0.662162162162162,0.378378378378378,0.378378378378378,0.378378378378378,0.378378378378378,0.378378378378378,0.378378378378378,0.391891891891892,0.391891891891892,0.72972972972973,0.72972972972973,0.837837837837838,1,1,0.972972972972973,0.837837837837838,1,0.851351351351351,0.972972972972973,1,1,0.162162162162162,0.972972972972973,1,0.837837837837838,1,0.972972972972973,0.851351351351351,1,0.945945945945946,0.972972972972973,0.797297297297297,0.824324324324324,0.945945945945946,0.824324324324324,0.945945945945946,0.972972972972973,0.972972972972973,0.972972972972973,0.972972972972973,0.824324324324324,0.824324324324324,0.837837837837838,1,0.851351351351351,0.972972972972973,1,0.662162162162162,0.662162162162162,0.662162162162162,0.783783783783784,0.783783783783784,0.891891891891892,0.783783783783784,0.891891891891892,0.783783783783784,0.783783783783784,0.783783783783784,0.783783783783784,0.783783783783784,0.783783783783784,1,1,0.851351351351351,0.972972972972973,0.851351351351351,0.972972972972973,1,1,0.945945945945946,0.945945945945946,0.945945945945946,0.945945945945946,0.0945945945945946
"our",0.486486486486487,0.486486486486487,0.486486486486487,0.486486486486487,0.486486486486487,0.486486486486487,0.486486486486487,0.5,0.5,0.5,0.5,0.5,0.486486486486487,0.486486486486487,0.486486486486487,0.486486486486487,0.486486486486487,0.486486486486487,0.486486486486487,0.486486486486487,0.486486486486487,0.486486486486487,0.486486486486487,0.486486486486487,0.486486486486487,0.486486486486487,0.486486486486487,0.486486486486487,0.486486486486487,0.486486486486487,0.486486486486487,0.486486486486487,0.486486486486487,0.486486486486487,0.472972972972973,0.472972972972973,0.486486486486487,0.486486486486487,0.486486486486487,0.486486486486487,0.486486486486487,0.486486486486487,0.486486486486487,0.486486486486487,0.486486486486487,0.5,0.5,0.45945945945946,0.486486486486487,0.486486486486487,0.486486486486487,0.486486486486487,0.486486486486487,0.486486486486487,0.486486486486487,0.486486486486487,0.486486486486487,0.662162162162162,0.662162162162162,0.662162162162162,0.662162162162162,0.418918918918919,0.756756756756757,0.756756756756757,0.756756756756757,0.472972972972973,0.472972972972973,0.472972972972973,0.472972972972973,0.472972972972973,0.472972972972973,0.486486486486487,0.486486486486487,0.824324324324324,0.824324324324324,0.932432432432432,0.851351351351351,0.851351351351351,0.878378378378378,0.932432432432432,0.851351351351351,1,0.878378378378378,0.851351351351351,0.851351351351351,0.256756756756757,0.878378378378378,0.851351351351351,0.932432432432432,0.851351351351351,0.878378378378378,1,0.851351351351351,0.797297297297297,0.878378378378378,0.891891891891892,0.972972972972973,0.851351351351351,0.972972972972973,0.851351351351351,0.824324324324324,0.824324324324324,0.824324324324324,0.824324324324324,0.891891891891892,0.891891891891892,0.932432432432432,0.851351351351351,1,0.878378378378378,0.851351351351351,0.756756756756757,0.756756756756757,0.756756756756757,0.878378378378378,0.878378378378378,0.77027027027027,0.878378378378378,0.77027027027027,0.878378378378378,0.878378378378378,0.878378378378378,0.878378378378378,0.878378378378378,0.878378378378378,0.851351351351351,0.851351351351351,1,0.878378378378378,1,0.878378378378378,0.851351351351351,0.851351351351351,0.797297297297297,0.797297297297297,0.797297297297297,0.797297297297297,0.162162162162162
"ours",0.364864864864865,0.364864864864865,0.364864864864865,0.364864864864865,0.364864864864865,0.364864864864865,0.364864864864865,0.378378378378378,0.378378378378378,0.378378378378378,0.378378378378378,0.378378378378378,0.364864864864865,0.364864864864865,0.364864864864865,0.364864864864865,0.364864864864865,0.364864864864865,0.364864864864865,0.364864864864865,0.364864864864865,0.364864864864865,0.364864864864865,0.364864864864865,0.364864864864865,0.364864864864865,0.364864864864865,0.364864864864865,0.364864864864865,0.364864864864865,0.364864864864865,0.364864864864865,0.364864864864865,0.364864864864865,0.351351351351351,0.351351351351351,0.364864864864865,0.364864864864865,0.364864864864865,0.364864864864865,0.364864864864865,0.364864864864865,0.364864864864865,0.364864864864865,0.364864864864865,0.378378378378378,0.378378378378378,0.364864864864865,0.364864864864865,0.364864864864865,0.364864864864865,0.364864864864865,0.364864864864865,0.364864864864865,0.364864864864865,0.364864864864865,0.364864864864865,0.783783783783784,0.783783783783784,0.783783783783784,0.783783783783784,0.324324324324324,0.635135135135135,0.635135135135135,0.635135135135135,0.351351351351351,0.351351351351351,0.351351351351351,0.351351351351351,0.351351351351351,0.351351351351351,0.364864864864865,0.364864864864865,0.702702702702703,0.702702702702703,0.810810810810811,0.972972972972973,0.972972972972973,1,0.810810810810811,0.972972972972973,0.878378378378378,1,0.972972972972973,0.972972972972973,0.135135135135135,1,0.972972972972973,0.810810810810811,0.972972972972973,1,0.878378378378378,0.972972972972973,0.918918918918919,1,0.77027027027027,0.851351351351351,0.972972972972973,0.851351351351351,0.972972972972973,0.945945945945946,0.945945945945946,0.945945945945946,0.945945945945946,0.797297297297297,0.797297297297297,0.810810810810811,0.972972972972973,0.878378378378378,1,0.972972972972973,0.635135135135135,0.635135135135135,0.635135135135135,0.756756756756757,0.756756756756757,0.864864864864865,0.756756756756757,0.864864864864865,0.756756756756757,0.756756756756757,0.756756756756757,0.756756756756757,0.756756756756757,0.756756756756757,0.972972972972973,0.972972972972973,0.878378378378378,1,0.878378378378378,1,0.972972972972973,0.972972972972973,0.918918918918919,0.918918918918919,0.918918918918919,0.918918918918919,0.0675675675675676
"ourselves",0.391891891891892,0.391891891891892,0.391891891891892,0.391891891891892,0.391891891891892,0.391891891891892,0.391891891891892,0.405405405405405,0.405405405405405,0.405405405405405,0.405405405405405,0.405405405405405,0.391891891891892,0.391891891891892,0.391891891891892,0.391891891891892,0.391891891891892,0.391891891891892,0.391891891891892,0.391891891891892,0.391891891891892,0.391891891891892,0.391891891891892,0.391891891891892,0.391891891891892,0.391891891891892,0.391891891891892,0.391891891891892,0.391891891891892,0.391891891891892,0.391891891891892,0.391891891891892,0.391891891891892,0.391891891891892,0.378378378378378,0.378378378378378,0.391891891891892,0.391891891891892,0.391891891891892,0.391891891891892,0.391891891891892,0.391891891891892,0.391891891891892,0.391891891891892,0.391891891891892,0.405405405405405,0.405405405405405,0.391891891891892,0.391891891891892,0.391891891891892,0.391891891891892,0.391891891891892,0.391891891891892,0.391891891891892,0.391891891891892,0.391891891891892,0.391891891891892,0.810810810810811,0.810810810810811,0.810810810810811,0.810810810810811,0.351351351351351,0.662162162162162,0.662162162162162,0.662162162162162,0.378378378378378,0.378378378378378,0.378378378378378,0.378378378378378,0.378378378378378,0.378378378378378,0.391891891891892,0.391891891891892,0.72972972972973,0.72972972972973,0.837837837837838,1,1,0.972972972972973,0.837837837837838,1,0.851351351351351,0.972972972972973,1,1,0.162162162162162,0.972972972972973,1,0.837837837837838,1,0.972972972972973,0.851351351351351,1,0.945945945945946,0.972972972972973,0.797297297297297,0.824324324324324,0.945945945945946,0.824324324324324,0.945945945945946,0.972972972972973,0.972972972972973,0.972972972972973,0.972972972972973,0.824324324324324,0.824324324324324,0.837837837837838,1,0.851351351351351,0.972972972972973,1,0.662162162162162,0.662162162162162,0.662162162162162,0.783783783783784,0.783783783783784,0.891891891891892,0.783783783783784,0.891891891891892,0.783783783783784,0.783783783783784,0.783783783783784,0.783783783783784,0.783783783783784,0.783783783783784,1,1,0.851351351351351,0.972972972972973,0.851351351351351,0.972972972972973,1,1,0.945945945945946,0.945945945945946,0.945945945945946,0.945945945945946,0.0945945945945946
"what_pron",0.675675675675676,0.675675675675676,0.675675675675676,0.675675675675676,0.675675675675676,0.675675675675676,0.675675675675676,0.689189189189189,0.689189189189189,0.689189189189189,0.689189189189189,0.689189189189189,0.675675675675676,0.675675675675676,0.675675675675676,0.675675675675676,0.675675675675676,0.675675675675676,0.675675675675676,0.675675675675676,0.675675675675676,0.675675675675676,0.675675675675676,0.675675675675676,0.675675675675676,0.675675675675676,0.675675675675676,0.675675675675676,0.675675675675676,0.675675675675676,0.675675675675676,0.675675675675676,0.675675675675676,0.675675675675676,0.662162162162162,0.662162162162162,0.675675675675676,0.675675675675676,0.675675675675676,0.675675675675676,0.675675675675676,0.675675675675676,0.675675675675676,0.675675675675676,0.675675675675676,0.689189189189189,0.689189189189189,0.648648648648649,0.675675675675676,0.675675675675676,0.675675675675676,0.675675675675676,0.675675675675676,0.675675675675676,0.675675675675676,0.675675675675676,0.675675675675676,0.581081081081081,0.581081081081081,0.581081081081081,0.581081081081081,0.581081081081081,0.783783783783784,0.783783783783784,0.783783783783784,0.716216216216216,0.716216216216216,0.716216216216216,0.716216216216216,0.716216216216216,0.716216216216216,0.675675675675676,0.675675675675676,0.905405405405405,0.905405405405405,0.824324324324324,0.662162162162162,0.662162162162162,0.635135135135135,0.824324324324324,0.662162162162162,0.756756756756757,0.635135135135135,0.662162162162162,0.662162162162162,0.418918918918919,0.635135135135135,0.662162162162162,0.824324324324324,0.662162162162162,0.635135135135135,0.756756756756757,0.662162162162162,0.689189189189189,0.635135135135135,0.864864864864865,0.72972972972973,0.608108108108108,0.72972972972973,0.608108108108108,0.635135135135135,0.635135135135135,0.635135135135135,0.635135135135135,0.783783783783784,0.783783783783784,0.824324324324324,0.662162162162162,0.756756756756757,0.635135135135135,0.662162162162162,1,1,1,0.878378378378378,0.878378378378378,0.77027027027027,0.878378378378378,0.77027027027027,0.878378378378378,0.878378378378378,0.878378378378378,0.878378378378378,0.878378378378378,0.878378378378378,0.662162162162162,0.662162162162162,0.756756756756757,0.635135135135135,0.756756756756757,0.635135135135135,0.662162162162162,0.662162162162162,0.716216216216216,0.716216216216216,0.716216216216216,0.716216216216216,0.324324324324324
"whatever_pron",0.675675675675676,0.675675675675676,0.675675675675676,0.675675675675676,0.675675675675676,0.675675675675676,0.675675675675676,0.689189189189189,0.689189189189189,0.689189189189189,0.689189189189189,0.689189189189189,0.675675675675676,0.675675675675676,0.675675675675676,0.675675675675676,0.675675675675676,0.675675675675676,0.675675675675676,0.675675675675676,0.675675675675676,0.675675675675676,0.675675675675676,0.675675675675676,0.675675675675676,0.675675675675676,0.675675675675676,0.675675675675676,0.675675675675676,0.675675675675676,0.675675675675676,0.675675675675676,0.675675675675676,0.675675675675676,0.662162162162162,0.662162162162162,0.675675675675676,0.675675675675676,0.675675675675676,0.675675675675676,0.675675675675676,0.675675675675676,0.675675675675676,0.675675675675676,0.675675675675676,0.689189189189189,0.689189189189189,0.648648648648649,0.675675675675676,0.675675675675676,0.675675675675676,0.675675675675676,0.675675675675676,0.675675675675676,0.675675675675676,0.675675675675676,0.675675675675676,0.581081081081081,0.581081081081081,0.581081081081081,0.581081081081081,0.581081081081081,0.783783783783784,0.783783783783784,0.783783783783784,0.716216216216216,0.716216216216216,0.716216216216216,0.716216216216216,0.716216216216216,0.716216216216216,0.675675675675676,0.675675675675676,0.905405405405405,0.905405405405405,0.824324324324324,0.662162162162162,0.662162162162162,0.635135135135135,0.824324324324324,0.662162162162162,0.756756756756757,0.635135135135135,0.662162162162162,0.662162162162162,0.418918918918919,0.635135135135135,0.662162162162162,0.824324324324324,0.662162162162162,0.635135135135135,0.756756756756757,0.662162162162162,0.689189189189189,0.635135135135135,0.864864864864865,0.72972972972973,0.608108108108108,0.72972972972973,0.608108108108108,0.635135135135135,0.635135135135135,0.635135135135135,0.635135135135135,0.783783783783784,0.783783783783784,0.824324324324324,0.662162162162162,0.756756756756757,0.635135135135135,0.662162162162162,1,1,1,0.878378378378378,0.878378378378378,0.77027027027027,0.878378378378378,0.77027027027027,0.878378378378378,0.878378378378378,0.878378378378378,0.878378378378378,0.878378378378378,0.878378378378378,0.662162162162162,0.662162162162162,0.756756756756757,0.635135135135135,0.756756756756757,0.635135135135135,0.662162162162162,0.662162162162162,0.716216216216216,0.716216216216216,0.716216216216216,0.716216216216216,0.324324324324324
"which_rel_pron",0.675675675675676,0.675675675675676,0.675675675675676,0.675675675675676,0.675675675675676,0.675675675675676,0.675675675675676,0.689189189189189,0.689189189189189,0.689189189189189,0.689189189189189,0.689189189189189,0.675675675675676,0.675675675675676,0.675675675675676,0.675675675675676,0.675675675675676,0.675675675675676,0.675675675675676,0.675675675675676,0.675675675675676,0.675675675675676,0.675675675675676,0.675675675675676,0.675675675675676,0.675675675675676,0.675675675675676,0.675675675675676,0.675675675675676,0.675675675675676,0.675675675675676,0.675675675675676,0.675675675675676,0.675675675675676,0.662162162162162,0.662162162162162,0.675675675675676,0.675675675675676,0.675675675675676,0.675675675675676,0.675675675675676,0.675675675675676,0.675675675675676,0.675675675675676,0.675675675675676,0.689189189189189,0.689189189189189,0.648648648648649,0.675675675675676,0.675675675675676,0.675675675675676,0.675675675675676,0.675675675675676,0.675675675675676,0.675675675675676,0.675675675675676,0.675675675675676,0.581081081081081,0.581081081081081,0.581081081081081,0.581081081081081,0.581081081081081,0.783783783783784,0.783783783783784,0.783783783783784,0.716216216216216,0.716216216216216,0.716216216216216,0.716216216216216,0.716216216216216,0.716216216216216,0.675675675675676,0.675675675675676,0.905405405405405,0.905405405405405,0.824324324324324,0.662162162162162,0.662162162162162,0.635135135135135,0.824324324324324,0.662162162162162,0.756756756756757,0.635135135135135,0.662162162162162,0.662162162162162,0.418918918918919,0.635135135135135,0.662162162162162,0.824324324324324,0.662162162162162,0.635135135135135,0.756756756756757,0.662162162162162,0.689189189189189,0.635135135135135,0.864864864864865,0.72972972972973,0.608108108108108,0.72972972972973,0.608108108108108,0.635135135135135,0.635135135135135,0.635135135135135,0.635135135135135,0.783783783783784,0.783783783783784,0.824324324324324,0.662162162162162,0.756756756756757,0.635135135135135,0.662162162162162,1,1,1,0.878378378378378,0.878378378378378,0.77027027027027,0.878378378378378,0.77027027027027,0.878378378378378,0.878378378378378,0.878378378378378,0.878378378378378,0.878378378378378,0.878378378378378,0.662162162162162,0.662162162162162,0.756756756756757,0.635135135135135,0.756756756756757,0.635135135135135,0.662162162162162,0.662162162162162,0.716216216216216,0.716216216216216,0.716216216216216,0.716216216216216,0.324324324324324
"who_int",0.608108108108108,0.608108108108108,0.608108108108108,0.608108108108108,0.608108108108108,0.608108108108108,0.608108108108108,0.621621621621622,0.621621621621622,0.621621621621622,0.621621621621622,0.621621621621622,0.608108108108108,0.608108108108108,0.608108108108108,0.608108108108108,0.608108108108108,0.608108108108108,0.608108108108108,0.608108108108108,0.608108108108108,0.608108108108108,0.608108108108108,0.608108108108108,0.608108108108108,0.608108108108108,0.608108108108108,0.608108108108108,0.608108108108108,0.608108108108108,0.608108108108108,0.608108108108108,0.608108108108108,0.608108108108108,0.594594594594595,0.594594594594595,0.608108108108108,0.608108108108108,0.608108108108108,0.608108108108108,0.608108108108108,0.608108108108108,0.608108108108108,0.608108108108108,0.608108108108108,0.621621621621622,0.621621621621622,0.581081081081081,0.608108108108108,0.608108108108108,0.608108108108108,0.608108108108108,0.608108108108108,0.608108108108108,0.608108108108108,0.608108108108108,0.608108108108108,0.594594594594595,0.594594594594595,0.594594594594595,0.594594594594595,0.540540540540541,0.797297297297297,0.797297297297297,0.797297297297297,0.594594594594595,0.594594594594595,0.594594594594595,0.594594594594595,0.594594594594595,0.594594594594595,0.608108108108108,0.608108108108108,0.945945945945946,0.945945945945946,0.945945945945946,0.783783783783784,0.783783783783784,0.756756756756757,0.945945945945946,0.783783783783784,0.878378378378378,0.756756756756757,0.783783783783784,0.783783783783784,0.378378378378378,0.756756756756757,0.783783783783784,0.945945945945946,0.783783783783784,0.756756756756757,0.878378378378378,0.783783783783784,0.810810810810811,0.756756756756757,0.932432432432432,0.851351351351351,0.72972972972973,0.851351351351351,0.72972972972973,0.756756756756757,0.756756756756757,0.756756756756757,0.756756756756757,0.905405405405405,0.905405405405405,0.945945945945946,0.783783783783784,0.878378378378378,0.756756756756757,0.783783783783784,0.878378378378378,0.878378378378378,0.878378378378378,1,1,0.891891891891892,1,0.891891891891892,1,1,1,1,1,1,0.783783783783784,0.783783783783784,0.878378378378378,0.756756756756757,0.878378378378378,0.756756756756757,0.783783783783784,0.783783783783784,0.810810810810811,0.810810810810811,0.810810810810811,0.810810810810811,0.283783783783784
"who_rel",0.608108108108108,0.608108108108108,0.608108108108108,0.608108108108108,0.608108108108108,0.608108108108108,0.608108108108108,0.621621621621622,0.621621621621622,0.621621621621622,0.621621621621622,0.621621621621622,0.608108108108108,0.608108108108108,0.608108108108108,0.608108108108108,0.608108108108108,0.608108108108108,0.608108108108108,0.608108108108108,0.608108108108108,0.608108108108108,0.608108108108108,0.608108108108108,0.608108108108108,0.608108108108108,0.608108108108108,0.608108108108108,0.608108108108108,0.608108108108108,0.608108108108108,0.608108108108108,0.608108108108108,0.608108108108108,0.594594594594595,0.594594594594595,0.608108108108108,0.608108108108108,0.608108108108108,0.608108108108108,0.608108108108108,0.608108108108108,0.608108108108108,0.608108108108108,0.608108108108108,0.621621621621622,0.621621621621622,0.581081081081081,0.608108108108108,0.608108108108108,0.608108108108108,0.608108108108108,0.608108108108108,0.608108108108108,0.608108108108108,0.608108108108108,0.608108108108108,0.594594594594595,0.594594594594595,0.594594594594595,0.594594594594595,0.540540540540541,0.797297297297297,0.797297297297297,0.797297297297297,0.594594594594595,0.594594594594595,0.594594594594595,0.594594594594595,0.594594594594595,0.594594594594595,0.608108108108108,0.608108108108108,0.945945945945946,0.945945945945946,0.945945945945946,0.783783783783784,0.783783783783784,0.756756756756757,0.945945945945946,0.783783783783784,0.878378378378378,0.756756756756757,0.783783783783784,0.783783783783784,0.378378378378378,0.756756756756757,0.783783783783784,0.945945945945946,0.783783783783784,0.756756756756757,0.878378378378378,0.783783783783784,0.810810810810811,0.756756756756757,0.932432432432432,0.851351351351351,0.72972972972973,0.851351351351351,0.72972972972973,0.756756756756757,0.756756756756757,0.756756756756757,0.756756756756757,0.905405405405405,0.905405405405405,0.945945945945946,0.783783783783784,0.878378378378378,0.756756756756757,0.783783783783784,0.878378378378378,0.878378378378378,0.878378378378378,1,1,0.891891891891892,1,0.891891891891892,1,1,1,1,1,1,0.783783783783784,0.783783783783784,0.878378378378378,0.756756756756757,0.878378378378378,0.756756756756757,0.783783783783784,0.783783783783784,0.810810810810811,0.810810810810811,0.810810810810811,0.810810810810811,0.283783783783784
"whom_int",0.5,0.5,0.5,0.5,0.5,0.5,0.5,0.513513513513513,0.513513513513513,0.513513513513513,0.513513513513513,0.513513513513513,0.5,0.5,0.5,0.5,0.5,0.5,0.5,0.5,0.5,0.5,0.5,0.5,0.5,0.5,0.5,0.5,0.5,0.5,0.5,0.5,0.5,0.5,0.486486486486487,0.486486486486487,0.5,0.5,0.5,0.5,0.5,0.5,0.5,0.5,0.5,0.513513513513513,0.513513513513513,0.5,0.5,0.5,0.5,0.5,0.5,0.5,0.5,0.5,0.5,0.702702702702703,0.702702702702703,0.702702702702703,0.702702702702703,0.45945945945946,0.689189189189189,0.689189189189189,0.689189189189189,0.486486486486487,0.486486486486487,0.486486486486487,0.486486486486487,0.486486486486487,0.486486486486487,0.5,0.5,0.837837837837838,0.837837837837838,0.837837837837838,0.891891891891892,0.891891891891892,0.864864864864865,0.837837837837838,0.891891891891892,0.77027027027027,0.864864864864865,0.891891891891892,0.891891891891892,0.27027027027027,0.864864864864865,0.891891891891892,0.837837837837838,0.891891891891892,0.864864864864865,0.77027027027027,0.891891891891892,0.918918918918919,0.864864864864865,0.824324324324324,0.743243243243243,0.837837837837838,0.743243243243243,0.837837837837838,0.864864864864865,0.864864864864865,0.864864864864865,0.864864864864865,0.824324324324324,0.824324324324324,0.837837837837838,0.891891891891892,0.77027027027027,0.864864864864865,0.891891891891892,0.77027027027027,0.77027027027027,0.77027027027027,0.891891891891892,0.891891891891892,1,0.891891891891892,1,0.891891891891892,0.891891891891892,0.891891891891892,0.891891891891892,0.891891891891892,0.891891891891892,0.891891891891892,0.891891891891892,0.77027027027027,0.864864864864865,0.77027027027027,0.864864864864865,0.891891891891892,0.891891891891892,0.918918918918919,0.918918918918919,0.918918918918919,0.918918918918919,0.202702702702703
"whom_rel",0.608108108108108,0.608108108108108,0.608108108108108,0.608108108108108,0.608108108108108,0.608108108108108,0.608108108108108,0.621621621621622,0.621621621621622,0.621621621621622,0.621621621621622,0.621621621621622,0.608108108108108,0.608108108108108,0.608108108108108,0.608108108108108,0.608108108108108,0.608108108108108,0.608108108108108,0.608108108108108,0.608108108108108,0.608108108108108,0.608108108108108,0.608108108108108,0.608108108108108,0.608108108108108,0.608108108108108,0.608108108108108,0.608108108108108,0.608108108108108,0.608108108108108,0.608108108108108,0.608108108108108,0.608108108108108,0.594594594594595,0.594594594594595,0.608108108108108,0.608108108108108,0.608108108108108,0.608108108108108,0.608108108108108,0.608108108108108,0.608108108108108,0.608108108108108,0.608108108108108,0.621621621621622,0.621621621621622,0.581081081081081,0.608108108108108,0.608108108108108,0.608108108108108,0.608108108108108,0.608108108108108,0.608108108108108,0.608108108108108,0.608108108108108,0.608108108108108,0.594594594594595,0.594594594594595,0.594594594594595,0.594594594594595,0.540540540540541,0.797297297297297,0.797297297297297,0.797297297297297,0.594594594594595,0.594594594594595,0.594594594594595,0.594594594594595,0.594594594594595,0.594594594594595,0.608108108108108,0.608108108108108,0.945945945945946,0.945945945945946,0.945945945945946,0.783783783783784,0.783783783783784,0.756756756756757,0.945945945945946,0.783783783783784,0.878378378378378,0.756756756756757,0.783783783783784,0.783783783783784,0.378378378378378,0.756756756756757,0.783783783783784,0.945945945945946,0.783783783783784,0.756756756756757,0.878378378378378,0.783783783783784,0.810810810810811,0.756756756756757,0.932432432432432,0.851351351351351,0.72972972972973,0.851351351351351,0.72972972972973,0.756756756756757,0.756756756756757,0.756756756756757,0.756756756756757,0.905405405405405,0.905405405405405,0.945945945945946,0.783783783783784,0.878378378378378,0.756756756756757,0.783783783783784,0.878378378378378,0.878378378378378,0.878378378378378,1,1,0.891891891891892,1,0.891891891891892,1,1,1,1,1,1,0.783783783783784,0.783783783783784,0.878378378378378,0.756756756756757,0.878378378378378,0.756756756756757,0.783783783783784,0.783783783783784,0.810810810810811,0.810810810810811,0.810810810810811,0.810810810810811,0.283783783783784
"whose_int",0.5,0.5,0.5,0.5,0.5,0.5,0.5,0.513513513513513,0.513513513513513,0.513513513513513,0.513513513513513,0.513513513513513,0.5,0.5,0.5,0.5,0.5,0.5,0.5,0.5,0.5,0.5,0.5,0.5,0.5,0.5,0.5,0.5,0.5,0.5,0.5,0.5,0.5,0.5,0.486486486486487,0.486486486486487,0.5,0.5,0.5,0.5,0.5,0.5,0.5,0.5,0.5,0.513513513513513,0.513513513513513,0.5,0.5,0.5,0.5,0.5,0.5,0.5,0.5,0.5,0.5,0.702702702702703,0.702702702702703,0.702702702702703,0.702702702702703,0.45945945945946,0.689189189189189,0.689189189189189,0.689189189189189,0.486486486486487,0.486486486486487,0.486486486486487,0.486486486486487,0.486486486486487,0.486486486486487,0.5,0.5,0.837837837837838,0.837837837837838,0.837837837837838,0.891891891891892,0.891891891891892,0.864864864864865,0.837837837837838,0.891891891891892,0.77027027027027,0.864864864864865,0.891891891891892,0.891891891891892,0.27027027027027,0.864864864864865,0.891891891891892,0.837837837837838,0.891891891891892,0.864864864864865,0.77027027027027,0.891891891891892,0.918918918918919,0.864864864864865,0.824324324324324,0.743243243243243,0.837837837837838,0.743243243243243,0.837837837837838,0.864864864864865,0.864864864864865,0.864864864864865,0.864864864864865,0.824324324324324,0.824324324324324,0.837837837837838,0.891891891891892,0.77027027027027,0.864864864864865,0.891891891891892,0.77027027027027,0.77027027027027,0.77027027027027,0.891891891891892,0.891891891891892,1,0.891891891891892,1,0.891891891891892,0.891891891891892,0.891891891891892,0.891891891891892,0.891891891891892,0.891891891891892,0.891891891891892,0.891891891891892,0.77027027027027,0.864864864864865,0.77027027027027,0.864864864864865,0.891891891891892,0.891891891891892,0.918918918918919,0.918918918918919,0.918918918918919,0.918918918918919,0.202702702702703
"whose_rel",0.608108108108108,0.608108108108108,0.608108108108108,0.608108108108108,0.608108108108108,0.608108108108108,0.608108108108108,0.621621621621622,0.621621621621622,0.621621621621622,0.621621621621622,0.621621621621622,0.608108108108108,0.608108108108108,0.608108108108108,0.608108108108108,0.608108108108108,0.608108108108108,0.608108108108108,0.608108108108108,0.608108108108108,0.608108108108108,0.608108108108108,0.608108108108108,0.608108108108108,0.608108108108108,0.608108108108108,0.608108108108108,0.608108108108108,0.608108108108108,0.608108108108108,0.608108108108108,0.608108108108108,0.608108108108108,0.594594594594595,0.594594594594595,0.608108108108108,0.608108108108108,0.608108108108108,0.608108108108108,0.608108108108108,0.608108108108108,0.608108108108108,0.608108108108108,0.608108108108108,0.621621621621622,0.621621621621622,0.581081081081081,0.608108108108108,0.608108108108108,0.608108108108108,0.608108108108108,0.608108108108108,0.608108108108108,0.608108108108108,0.608108108108108,0.608108108108108,0.594594594594595,0.594594594594595,0.594594594594595,0.594594594594595,0.540540540540541,0.797297297297297,0.797297297297297,0.797297297297297,0.594594594594595,0.594594594594595,0.594594594594595,0.594594594594595,0.594594594594595,0.594594594594595,0.608108108108108,0.608108108108108,0.945945945945946,0.945945945945946,0.945945945945946,0.783783783783784,0.783783783783784,0.756756756756757,0.945945945945946,0.783783783783784,0.878378378378378,0.756756756756757,0.783783783783784,0.783783783783784,0.378378378378378,0.756756756756757,0.783783783783784,0.945945945945946,0.783783783783784,0.756756756756757,0.878378378378378,0.783783783783784,0.810810810810811,0.756756756756757,0.932432432432432,0.851351351351351,0.72972972972973,0.851351351351351,0.72972972972973,0.756756756756757,0.756756756756757,0.756756756756757,0.756756756756757,0.905405405405405,0.905405405405405,0.945945945945946,0.783783783783784,0.878378378378378,0.756756756756757,0.783783783783784,0.878378378378378,0.878378378378378,0.878378378378378,1,1,0.891891891891892,1,0.891891891891892,1,1,1,1,1,1,0.783783783783784,0.783783783783784,0.878378378378378,0.756756756756757,0.878378378378378,0.756756756756757,0.783783783783784,0.783783783783784,0.810810810810811,0.810810810810811,0.810810810810811,0.810810810810811,0.283783783783784
"whoever",0.608108108108108,0.608108108108108,0.608108108108108,0.608108108108108,0.608108108108108,0.608108108108108,0.608108108108108,0.621621621621622,0.621621621621622,0.621621621621622,0.621621621621622,0.621621621621622,0.608108108108108,0.608108108108108,0.608108108108108,0.608108108108108,0.608108108108108,0.608108108108108,0.608108108108108,0.608108108108108,0.608108108108108,0.608108108108108,0.608108108108108,0.608108108108108,0.608108108108108,0.608108108108108,0.608108108108108,0.608108108108108,0.608108108108108,0.608108108108108,0.608108108108108,0.608108108108108,0.608108108108108,0.608108108108108,0.594594594594595,0.594594594594595,0.608108108108108,0.608108108108108,0.608108108108108,0.608108108108108,0.608108108108108,0.608108108108108,0.608108108108108,0.608108108108108,0.608108108108108,0.621621621621622,0.621621621621622,0.581081081081081,0.608108108108108,0.608108108108108,0.608108108108108,0.608108108108108,0.608108108108108,0.608108108108108,0.608108108108108,0.608108108108108,0.608108108108108,0.594594594594595,0.594594594594595,0.594594594594595,0.594594594594595,0.540540540540541,0.797297297297297,0.797297297297297,0.797297297297297,0.594594594594595,0.594594594594595,0.594594594594595,0.594594594594595,0.594594594594595,0.594594594594595,0.608108108108108,0.608108108108108,0.945945945945946,0.945945945945946,0.945945945945946,0.783783783783784,0.783783783783784,0.756756756756757,0.945945945945946,0.783783783783784,0.878378378378378,0.756756756756757,0.783783783783784,0.783783783783784,0.378378378378378,0.756756756756757,0.783783783783784,0.945945945945946,0.783783783783784,0.756756756756757,0.878378378378378,0.783783783783784,0.810810810810811,0.756756756756757,0.932432432432432,0.851351351351351,0.72972972972973,0.851351351351351,0.72972972972973,0.756756756756757,0.756756756756757,0.756756756756757,0.756756756756757,0.905405405405405,0.905405405405405,0.945945945945946,0.783783783783784,0.878378378378378,0.756756756756757,0.783783783783784,0.878378378378378,0.878378378378378,0.878378378378378,1,1,0.891891891891892,1,0.891891891891892,1,1,1,1,1,1,0.783783783783784,0.783783783783784,0.878378378378378,0.756756756756757,0.878378378378378,0.756756756756757,0.783783783783784,0.783783783783784,0.810810810810811,0.810810810810811,0.810810810810811,0.810810810810811,0.283783783783784
"whoever_s",0.608108108108108,0.608108108108108,0.608108108108108,0.608108108108108,0.608108108108108,0.608108108108108,0.608108108108108,0.621621621621622,0.621621621621622,0.621621621621622,0.621621621621622,0.621621621621622,0.608108108108108,0.608108108108108,0.608108108108108,0.608108108108108,0.608108108108108,0.608108108108108,0.608108108108108,0.608108108108108,0.608108108108108,0.608108108108108,0.608108108108108,0.608108108108108,0.608108108108108,0.608108108108108,0.608108108108108,0.608108108108108,0.608108108108108,0.608108108108108,0.608108108108108,0.608108108108108,0.608108108108108,0.608108108108108,0.594594594594595,0.594594594594595,0.608108108108108,0.608108108108108,0.608108108108108,0.608108108108108,0.608108108108108,0.608108108108108,0.608108108108108,0.608108108108108,0.608108108108108,0.621621621621622,0.621621621621622,0.581081081081081,0.608108108108108,0.608108108108108,0.608108108108108,0.608108108108108,0.608108108108108,0.608108108108108,0.608108108108108,0.608108108108108,0.608108108108108,0.594594594594595,0.594594594594595,0.594594594594595,0.594594594594595,0.540540540540541,0.797297297297297,0.797297297297297,0.797297297297297,0.594594594594595,0.594594594594595,0.594594594594595,0.594594594594595,0.594594594594595,0.594594594594595,0.608108108108108,0.608108108108108,0.945945945945946,0.945945945945946,0.945945945945946,0.783783783783784,0.783783783783784,0.756756756756757,0.945945945945946,0.783783783783784,0.878378378378378,0.756756756756757,0.783783783783784,0.783783783783784,0.378378378378378,0.756756756756757,0.783783783783784,0.945945945945946,0.783783783783784,0.756756756756757,0.878378378378378,0.783783783783784,0.810810810810811,0.756756756756757,0.932432432432432,0.851351351351351,0.72972972972973,0.851351351351351,0.72972972972973,0.756756756756757,0.756756756756757,0.756756756756757,0.756756756756757,0.905405405405405,0.905405405405405,0.945945945945946,0.783783783783784,0.878378378378378,0.756756756756757,0.783783783783784,0.878378378378378,0.878378378378378,0.878378378378378,1,1,0.891891891891892,1,0.891891891891892,1,1,1,1,1,1,0.783783783783784,0.783783783783784,0.878378378378378,0.756756756756757,0.878378378378378,0.756756756756757,0.783783783783784,0.783783783783784,0.810810810810811,0.810810810810811,0.810810810810811,0.810810810810811,0.283783783783784
"whosever",0.608108108108108,0.608108108108108,0.608108108108108,0.608108108108108,0.608108108108108,0.608108108108108,0.608108108108108,0.621621621621622,0.621621621621622,0.621621621621622,0.621621621621622,0.621621621621622,0.608108108108108,0.608108108108108,0.608108108108108,0.608108108108108,0.608108108108108,0.608108108108108,0.608108108108108,0.608108108108108,0.608108108108108,0.608108108108108,0.608108108108108,0.608108108108108,0.608108108108108,0.608108108108108,0.608108108108108,0.608108108108108,0.608108108108108,0.608108108108108,0.608108108108108,0.608108108108108,0.608108108108108,0.608108108108108,0.594594594594595,0.594594594594595,0.608108108108108,0.608108108108108,0.608108108108108,0.608108108108108,0.608108108108108,0.608108108108108,0.608108108108108,0.608108108108108,0.608108108108108,0.621621621621622,0.621621621621622,0.581081081081081,0.608108108108108,0.608108108108108,0.608108108108108,0.608108108108108,0.608108108108108,0.608108108108108,0.608108108108108,0.608108108108108,0.608108108108108,0.594594594594595,0.594594594594595,0.594594594594595,0.594594594594595,0.540540540540541,0.797297297297297,0.797297297297297,0.797297297297297,0.594594594594595,0.594594594594595,0.594594594594595,0.594594594594595,0.594594594594595,0.594594594594595,0.608108108108108,0.608108108108108,0.945945945945946,0.945945945945946,0.945945945945946,0.783783783783784,0.783783783783784,0.756756756756757,0.945945945945946,0.783783783783784,0.878378378378378,0.756756756756757,0.783783783783784,0.783783783783784,0.378378378378378,0.756756756756757,0.783783783783784,0.945945945945946,0.783783783783784,0.756756756756757,0.878378378378378,0.783783783783784,0.810810810810811,0.756756756756757,0.932432432432432,0.851351351351351,0.72972972972973,0.851351351351351,0.72972972972973,0.756756756756757,0.756756756756757,0.756756756756757,0.756756756756757,0.905405405405405,0.905405405405405,0.945945945945946,0.783783783783784,0.878378378378378,0.756756756756757,0.783783783783784,0.878378378378378,0.878378378378378,0.878378378378378,1,1,0.891891891891892,1,0.891891891891892,1,1,1,1,1,1,0.783783783783784,0.783783783783784,0.878378378378378,0.756756756756757,0.878378378378378,0.756756756756757,0.783783783783784,0.783783783783784,0.810810810810811,0.810810810810811,0.810810810810811,0.810810810810811,0.283783783783784
"whosoever",0.608108108108108,0.608108108108108,0.608108108108108,0.608108108108108,0.608108108108108,0.608108108108108,0.608108108108108,0.621621621621622,0.621621621621622,0.621621621621622,0.621621621621622,0.621621621621622,0.608108108108108,0.608108108108108,0.608108108108108,0.608108108108108,0.608108108108108,0.608108108108108,0.608108108108108,0.608108108108108,0.608108108108108,0.608108108108108,0.608108108108108,0.608108108108108,0.608108108108108,0.608108108108108,0.608108108108108,0.608108108108108,0.608108108108108,0.608108108108108,0.608108108108108,0.608108108108108,0.608108108108108,0.608108108108108,0.594594594594595,0.594594594594595,0.608108108108108,0.608108108108108,0.608108108108108,0.608108108108108,0.608108108108108,0.608108108108108,0.608108108108108,0.608108108108108,0.608108108108108,0.621621621621622,0.621621621621622,0.581081081081081,0.608108108108108,0.608108108108108,0.608108108108108,0.608108108108108,0.608108108108108,0.608108108108108,0.608108108108108,0.608108108108108,0.608108108108108,0.594594594594595,0.594594594594595,0.594594594594595,0.594594594594595,0.540540540540541,0.797297297297297,0.797297297297297,0.797297297297297,0.594594594594595,0.594594594594595,0.594594594594595,0.594594594594595,0.594594594594595,0.594594594594595,0.608108108108108,0.608108108108108,0.945945945945946,0.945945945945946,0.945945945945946,0.783783783783784,0.783783783783784,0.756756756756757,0.945945945945946,0.783783783783784,0.878378378378378,0.756756756756757,0.783783783783784,0.783783783783784,0.378378378378378,0.756756756756757,0.783783783783784,0.945945945945946,0.783783783783784,0.756756756756757,0.878378378378378,0.783783783783784,0.810810810810811,0.756756756756757,0.932432432432432,0.851351351351351,0.72972972972973,0.851351351351351,0.72972972972973,0.756756756756757,0.756756756756757,0.756756756756757,0.756756756756757,0.905405405405405,0.905405405405405,0.945945945945946,0.783783783783784,0.878378378378378,0.756756756756757,0.783783783783784,0.878378378378378,0.878378378378378,0.878378378378378,1,1,0.891891891891892,1,0.891891891891892,1,1,1,1,1,1,0.783783783783784,0.783783783783784,0.878378378378378,0.756756756756757,0.878378378378378,0.756756756756757,0.783783783783784,0.783783783783784,0.810810810810811,0.810810810810811,0.810810810810811,0.810810810810811,0.283783783783784
"whosoever_s",0.608108108108108,0.608108108108108,0.608108108108108,0.608108108108108,0.608108108108108,0.608108108108108,0.608108108108108,0.621621621621622,0.621621621621622,0.621621621621622,0.621621621621622,0.621621621621622,0.608108108108108,0.608108108108108,0.608108108108108,0.608108108108108,0.608108108108108,0.608108108108108,0.608108108108108,0.608108108108108,0.608108108108108,0.608108108108108,0.608108108108108,0.608108108108108,0.608108108108108,0.608108108108108,0.608108108108108,0.608108108108108,0.608108108108108,0.608108108108108,0.608108108108108,0.608108108108108,0.608108108108108,0.608108108108108,0.594594594594595,0.594594594594595,0.608108108108108,0.608108108108108,0.608108108108108,0.608108108108108,0.608108108108108,0.608108108108108,0.608108108108108,0.608108108108108,0.608108108108108,0.621621621621622,0.621621621621622,0.581081081081081,0.608108108108108,0.608108108108108,0.608108108108108,0.608108108108108,0.608108108108108,0.608108108108108,0.608108108108108,0.608108108108108,0.608108108108108,0.594594594594595,0.594594594594595,0.594594594594595,0.594594594594595,0.540540540540541,0.797297297297297,0.797297297297297,0.797297297297297,0.594594594594595,0.594594594594595,0.594594594594595,0.594594594594595,0.594594594594595,0.594594594594595,0.608108108108108,0.608108108108108,0.945945945945946,0.945945945945946,0.945945945945946,0.783783783783784,0.783783783783784,0.756756756756757,0.945945945945946,0.783783783783784,0.878378378378378,0.756756756756757,0.783783783783784,0.783783783783784,0.378378378378378,0.756756756756757,0.783783783783784,0.945945945945946,0.783783783783784,0.756756756756757,0.878378378378378,0.783783783783784,0.810810810810811,0.756756756756757,0.932432432432432,0.851351351351351,0.72972972972973,0.851351351351351,0.72972972972973,0.756756756756757,0.756756756756757,0.756756756756757,0.756756756756757,0.905405405405405,0.905405405405405,0.945945945945946,0.783783783783784,0.878378378378378,0.756756756756757,0.783783783783784,0.878378378378378,0.878378378378378,0.878378378378378,1,1,0.891891891891892,1,0.891891891891892,1,1,1,1,1,1,0.783783783783784,0.783783783783784,0.878378378378378,0.756756756756757,0.878378378378378,0.756756756756757,0.783783783783784,0.783783783783784,0.810810810810811,0.810810810810811,0.810810810810811,0.810810810810811,0.283783783783784
"you_pron_sing",0.391891891891892,0.391891891891892,0.391891891891892,0.391891891891892,0.391891891891892,0.391891891891892,0.391891891891892,0.405405405405405,0.405405405405405,0.405405405405405,0.405405405405405,0.405405405405405,0.391891891891892,0.391891891891892,0.391891891891892,0.391891891891892,0.391891891891892,0.391891891891892,0.391891891891892,0.391891891891892,0.391891891891892,0.391891891891892,0.391891891891892,0.391891891891892,0.391891891891892,0.391891891891892,0.391891891891892,0.391891891891892,0.391891891891892,0.391891891891892,0.391891891891892,0.391891891891892,0.391891891891892,0.391891891891892,0.378378378378378,0.378378378378378,0.391891891891892,0.391891891891892,0.391891891891892,0.391891891891892,0.391891891891892,0.391891891891892,0.391891891891892,0.391891891891892,0.391891891891892,0.405405405405405,0.405405405405405,0.391891891891892,0.391891891891892,0.391891891891892,0.391891891891892,0.391891891891892,0.391891891891892,0.391891891891892,0.391891891891892,0.391891891891892,0.391891891891892,0.810810810810811,0.810810810810811,0.810810810810811,0.810810810810811,0.351351351351351,0.662162162162162,0.662162162162162,0.662162162162162,0.378378378378378,0.378378378378378,0.378378378378378,0.378378378378378,0.378378378378378,0.378378378378378,0.391891891891892,0.391891891891892,0.72972972972973,0.72972972972973,0.837837837837838,1,1,0.972972972972973,0.837837837837838,1,0.851351351351351,0.972972972972973,1,1,0.162162162162162,0.972972972972973,1,0.837837837837838,1,0.972972972972973,0.851351351351351,1,0.945945945945946,0.972972972972973,0.797297297297297,0.824324324324324,0.945945945945946,0.824324324324324,0.945945945945946,0.972972972972973,0.972972972972973,0.972972972972973,0.972972972972973,0.824324324324324,0.824324324324324,0.837837837837838,1,0.851351351351351,0.972972972972973,1,0.662162162162162,0.662162162162162,0.662162162162162,0.783783783783784,0.783783783783784,0.891891891891892,0.783783783783784,0.891891891891892,0.783783783783784,0.783783783783784,0.783783783783784,0.783783783783784,0.783783783783784,0.783783783783784,1,1,0.851351351351351,0.972972972972973,0.851351351351351,0.972972972972973,1,1,0.945945945945946,0.945945945945946,0.945945945945946,0.945945945945946,0.0945945945945946
"you_pron_plur",0.391891891891892,0.391891891891892,0.391891891891892,0.391891891891892,0.391891891891892,0.391891891891892,0.391891891891892,0.405405405405405,0.405405405405405,0.405405405405405,0.405405405405405,0.405405405405405,0.391891891891892,0.391891891891892,0.391891891891892,0.391891891891892,0.391891891891892,0.391891891891892,0.391891891891892,0.391891891891892,0.391891891891892,0.391891891891892,0.391891891891892,0.391891891891892,0.391891891891892,0.391891891891892,0.391891891891892,0.391891891891892,0.391891891891892,0.391891891891892,0.391891891891892,0.391891891891892,0.391891891891892,0.391891891891892,0.378378378378378,0.378378378378378,0.391891891891892,0.391891891891892,0.391891891891892,0.391891891891892,0.391891891891892,0.391891891891892,0.391891891891892,0.391891891891892,0.391891891891892,0.405405405405405,0.405405405405405,0.391891891891892,0.391891891891892,0.391891891891892,0.391891891891892,0.391891891891892,0.391891891891892,0.391891891891892,0.391891891891892,0.391891891891892,0.391891891891892,0.810810810810811,0.810810810810811,0.810810810810811,0.810810810810811,0.351351351351351,0.662162162162162,0.662162162162162,0.662162162162162,0.378378378378378,0.378378378378378,0.378378378378378,0.378378378378378,0.378378378378378,0.378378378378378,0.391891891891892,0.391891891891892,0.72972972972973,0.72972972972973,0.837837837837838,1,1,0.972972972972973,0.837837837837838,1,0.851351351351351,0.972972972972973,1,1,0.162162162162162,0.972972972972973,1,0.837837837837838,1,0.972972972972973,0.851351351351351,1,0.945945945945946,0.972972972972973,0.797297297297297,0.824324324324324,0.945945945945946,0.824324324324324,0.945945945945946,0.972972972972973,0.972972972972973,0.972972972972973,0.972972972972973,0.824324324324324,0.824324324324324,0.837837837837838,1,0.851351351351351,0.972972972972973,1,0.662162162162162,0.662162162162162,0.662162162162162,0.783783783783784,0.783783783783784,0.891891891891892,0.783783783783784,0.891891891891892,0.783783783783784,0.783783783783784,0.783783783783784,0.783783783783784,0.783783783783784,0.783783783783784,1,1,0.851351351351351,0.972972972972973,0.851351351351351,0.972972972972973,1,1,0.945945945945946,0.945945945945946,0.945945945945946,0.945945945945946,0.0945945945945946
"your_sing",0.486486486486487,0.486486486486487,0.486486486486487,0.486486486486487,0.486486486486487,0.486486486486487,0.486486486486487,0.5,0.5,0.5,0.5,0.5,0.486486486486487,0.486486486486487,0.486486486486487,0.486486486486487,0.486486486486487,0.486486486486487,0.486486486486487,0.486486486486487,0.486486486486487,0.486486486486487,0.486486486486487,0.486486486486487,0.486486486486487,0.486486486486487,0.486486486486487,0.486486486486487,0.486486486486487,0.486486486486487,0.486486486486487,0.486486486486487,0.486486486486487,0.486486486486487,0.472972972972973,0.472972972972973,0.486486486486487,0.486486486486487,0.486486486486487,0.486486486486487,0.486486486486487,0.486486486486487,0.486486486486487,0.486486486486487,0.486486486486487,0.5,0.5,0.45945945945946,0.486486486486487,0.486486486486487,0.486486486486487,0.486486486486487,0.486486486486487,0.486486486486487,0.486486486486487,0.486486486486487,0.486486486486487,0.662162162162162,0.662162162162162,0.662162162162162,0.662162162162162,0.418918918918919,0.756756756756757,0.756756756756757,0.756756756756757,0.472972972972973,0.472972972972973,0.472972972972973,0.472972972972973,0.472972972972973,0.472972972972973,0.486486486486487,0.486486486486487,0.824324324324324,0.824324324324324,0.932432432432432,0.851351351351351,0.851351351351351,0.878378378378378,0.932432432432432,0.851351351351351,1,0.878378378378378,0.851351351351351,0.851351351351351,0.256756756756757,0.878378378378378,0.851351351351351,0.932432432432432,0.851351351351351,0.878378378378378,1,0.851351351351351,0.797297297297297,0.878378378378378,0.891891891891892,0.972972972972973,0.851351351351351,0.972972972972973,0.851351351351351,0.824324324324324,0.824324324324324,0.824324324324324,0.824324324324324,0.891891891891892,0.891891891891892,0.932432432432432,0.851351351351351,1,0.878378378378378,0.851351351351351,0.756756756756757,0.756756756756757,0.756756756756757,0.878378378378378,0.878378378378378,0.77027027027027,0.878378378378378,0.77027027027027,0.878378378378378,0.878378378378378,0.878378378378378,0.878378378378378,0.878378378378378,0.878378378378378,0.851351351351351,0.851351351351351,1,0.878378378378378,1,0.878378378378378,0.851351351351351,0.851351351351351,0.797297297297297,0.797297297297297,0.797297297297297,0.797297297297297,0.162162162162162
"yours_sing",0.364864864864865,0.364864864864865,0.364864864864865,0.364864864864865,0.364864864864865,0.364864864864865,0.364864864864865,0.378378378378378,0.378378378378378,0.378378378378378,0.378378378378378,0.378378378378378,0.364864864864865,0.364864864864865,0.364864864864865,0.364864864864865,0.364864864864865,0.364864864864865,0.364864864864865,0.364864864864865,0.364864864864865,0.364864864864865,0.364864864864865,0.364864864864865,0.364864864864865,0.364864864864865,0.364864864864865,0.364864864864865,0.364864864864865,0.364864864864865,0.364864864864865,0.364864864864865,0.364864864864865,0.364864864864865,0.351351351351351,0.351351351351351,0.364864864864865,0.364864864864865,0.364864864864865,0.364864864864865,0.364864864864865,0.364864864864865,0.364864864864865,0.364864864864865,0.364864864864865,0.378378378378378,0.378378378378378,0.364864864864865,0.364864864864865,0.364864864864865,0.364864864864865,0.364864864864865,0.364864864864865,0.364864864864865,0.364864864864865,0.364864864864865,0.364864864864865,0.783783783783784,0.783783783783784,0.783783783783784,0.783783783783784,0.324324324324324,0.635135135135135,0.635135135135135,0.635135135135135,0.351351351351351,0.351351351351351,0.351351351351351,0.351351351351351,0.351351351351351,0.351351351351351,0.364864864864865,0.364864864864865,0.702702702702703,0.702702702702703,0.810810810810811,0.972972972972973,0.972972972972973,1,0.810810810810811,0.972972972972973,0.878378378378378,1,0.972972972972973,0.972972972972973,0.135135135135135,1,0.972972972972973,0.810810810810811,0.972972972972973,1,0.878378378378378,0.972972972972973,0.918918918918919,1,0.77027027027027,0.851351351351351,0.972972972972973,0.851351351351351,0.972972972972973,0.945945945945946,0.945945945945946,0.945945945945946,0.945945945945946,0.797297297297297,0.797297297297297,0.810810810810811,0.972972972972973,0.878378378378378,1,0.972972972972973,0.635135135135135,0.635135135135135,0.635135135135135,0.756756756756757,0.756756756756757,0.864864864864865,0.756756756756757,0.864864864864865,0.756756756756757,0.756756756756757,0.756756756756757,0.756756756756757,0.756756756756757,0.756756756756757,0.972972972972973,0.972972972972973,0.878378378378378,1,0.878378378378378,1,0.972972972972973,0.972972972972973,0.918918918918919,0.918918918918919,0.918918918918919,0.918918918918919,0.0675675675675676
"your_plur",0.486486486486487,0.486486486486487,0.486486486486487,0.486486486486487,0.486486486486487,0.486486486486487,0.486486486486487,0.5,0.5,0.5,0.5,0.5,0.486486486486487,0.486486486486487,0.486486486486487,0.486486486486487,0.486486486486487,0.486486486486487,0.486486486486487,0.486486486486487,0.486486486486487,0.486486486486487,0.486486486486487,0.486486486486487,0.486486486486487,0.486486486486487,0.486486486486487,0.486486486486487,0.486486486486487,0.486486486486487,0.486486486486487,0.486486486486487,0.486486486486487,0.486486486486487,0.472972972972973,0.472972972972973,0.486486486486487,0.486486486486487,0.486486486486487,0.486486486486487,0.486486486486487,0.486486486486487,0.486486486486487,0.486486486486487,0.486486486486487,0.5,0.5,0.45945945945946,0.486486486486487,0.486486486486487,0.486486486486487,0.486486486486487,0.486486486486487,0.486486486486487,0.486486486486487,0.486486486486487,0.486486486486487,0.662162162162162,0.662162162162162,0.662162162162162,0.662162162162162,0.418918918918919,0.756756756756757,0.756756756756757,0.756756756756757,0.472972972972973,0.472972972972973,0.472972972972973,0.472972972972973,0.472972972972973,0.472972972972973,0.486486486486487,0.486486486486487,0.824324324324324,0.824324324324324,0.932432432432432,0.851351351351351,0.851351351351351,0.878378378378378,0.932432432432432,0.851351351351351,1,0.878378378378378,0.851351351351351,0.851351351351351,0.256756756756757,0.878378378378378,0.851351351351351,0.932432432432432,0.851351351351351,0.878378378378378,1,0.851351351351351,0.797297297297297,0.878378378378378,0.891891891891892,0.972972972972973,0.851351351351351,0.972972972972973,0.851351351351351,0.824324324324324,0.824324324324324,0.824324324324324,0.824324324324324,0.891891891891892,0.891891891891892,0.932432432432432,0.851351351351351,1,0.878378378378378,0.851351351351351,0.756756756756757,0.756756756756757,0.756756756756757,0.878378378378378,0.878378378378378,0.77027027027027,0.878378378378378,0.77027027027027,0.878378378378378,0.878378378378378,0.878378378378378,0.878378378378378,0.878378378378378,0.878378378378378,0.851351351351351,0.851351351351351,1,0.878378378378378,1,0.878378378378378,0.851351351351351,0.851351351351351,0.797297297297297,0.797297297297297,0.797297297297297,0.797297297297297,0.162162162162162
"yours_plur",0.364864864864865,0.364864864864865,0.364864864864865,0.364864864864865,0.364864864864865,0.364864864864865,0.364864864864865,0.378378378378378,0.378378378378378,0.378378378378378,0.378378378378378,0.378378378378378,0.364864864864865,0.364864864864865,0.364864864864865,0.364864864864865,0.364864864864865,0.364864864864865,0.364864864864865,0.364864864864865,0.364864864864865,0.364864864864865,0.364864864864865,0.364864864864865,0.364864864864865,0.364864864864865,0.364864864864865,0.364864864864865,0.364864864864865,0.364864864864865,0.364864864864865,0.364864864864865,0.364864864864865,0.364864864864865,0.351351351351351,0.351351351351351,0.364864864864865,0.364864864864865,0.364864864864865,0.364864864864865,0.364864864864865,0.364864864864865,0.364864864864865,0.364864864864865,0.364864864864865,0.378378378378378,0.378378378378378,0.364864864864865,0.364864864864865,0.364864864864865,0.364864864864865,0.364864864864865,0.364864864864865,0.364864864864865,0.364864864864865,0.364864864864865,0.364864864864865,0.783783783783784,0.783783783783784,0.783783783783784,0.783783783783784,0.324324324324324,0.635135135135135,0.635135135135135,0.635135135135135,0.351351351351351,0.351351351351351,0.351351351351351,0.351351351351351,0.351351351351351,0.351351351351351,0.364864864864865,0.364864864864865,0.702702702702703,0.702702702702703,0.810810810810811,0.972972972972973,0.972972972972973,1,0.810810810810811,0.972972972972973,0.878378378378378,1,0.972972972972973,0.972972972972973,0.135135135135135,1,0.972972972972973,0.810810810810811,0.972972972972973,1,0.878378378378378,0.972972972972973,0.918918918918919,1,0.77027027027027,0.851351351351351,0.972972972972973,0.851351351351351,0.972972972972973,0.945945945945946,0.945945945945946,0.945945945945946,0.945945945945946,0.797297297297297,0.797297297297297,0.810810810810811,0.972972972972973,0.878378378378378,1,0.972972972972973,0.635135135135135,0.635135135135135,0.635135135135135,0.756756756756757,0.756756756756757,0.864864864864865,0.756756756756757,0.864864864864865,0.756756756756757,0.756756756756757,0.756756756756757,0.756756756756757,0.756756756756757,0.756756756756757,0.972972972972973,0.972972972972973,0.878378378378378,1,0.878378378378378,1,0.972972972972973,0.972972972972973,0.918918918918919,0.918918918918919,0.918918918918919,0.918918918918919,0.0675675675675676
"yourself",0.391891891891892,0.391891891891892,0.391891891891892,0.391891891891892,0.391891891891892,0.391891891891892,0.391891891891892,0.405405405405405,0.405405405405405,0.405405405405405,0.405405405405405,0.405405405405405,0.391891891891892,0.391891891891892,0.391891891891892,0.391891891891892,0.391891891891892,0.391891891891892,0.391891891891892,0.391891891891892,0.391891891891892,0.391891891891892,0.391891891891892,0.391891891891892,0.391891891891892,0.391891891891892,0.391891891891892,0.391891891891892,0.391891891891892,0.391891891891892,0.391891891891892,0.391891891891892,0.391891891891892,0.391891891891892,0.378378378378378,0.378378378378378,0.391891891891892,0.391891891891892,0.391891891891892,0.391891891891892,0.391891891891892,0.391891891891892,0.391891891891892,0.391891891891892,0.391891891891892,0.405405405405405,0.405405405405405,0.391891891891892,0.391891891891892,0.391891891891892,0.391891891891892,0.391891891891892,0.391891891891892,0.391891891891892,0.391891891891892,0.391891891891892,0.391891891891892,0.810810810810811,0.810810810810811,0.810810810810811,0.810810810810811,0.351351351351351,0.662162162162162,0.662162162162162,0.662162162162162,0.378378378378378,0.378378378378378,0.378378378378378,0.378378378378378,0.378378378378378,0.378378378378378,0.391891891891892,0.391891891891892,0.72972972972973,0.72972972972973,0.837837837837838,1,1,0.972972972972973,0.837837837837838,1,0.851351351351351,0.972972972972973,1,1,0.162162162162162,0.972972972972973,1,0.837837837837838,1,0.972972972972973,0.851351351351351,1,0.945945945945946,0.972972972972973,0.797297297297297,0.824324324324324,0.945945945945946,0.824324324324324,0.945945945945946,0.972972972972973,0.972972972972973,0.972972972972973,0.972972972972973,0.824324324324324,0.824324324324324,0.837837837837838,1,0.851351351351351,0.972972972972973,1,0.662162162162162,0.662162162162162,0.662162162162162,0.783783783783784,0.783783783783784,0.891891891891892,0.783783783783784,0.891891891891892,0.783783783783784,0.783783783783784,0.783783783783784,0.783783783783784,0.783783783783784,0.783783783783784,1,1,0.851351351351351,0.972972972972973,0.851351351351351,0.972972972972973,1,1,0.945945945945946,0.945945945945946,0.945945945945946,0.945945945945946,0.0945945945945946
"yourselves",0.391891891891892,0.391891891891892,0.391891891891892,0.391891891891892,0.391891891891892,0.391891891891892,0.391891891891892,0.405405405405405,0.405405405405405,0.405405405405405,0.405405405405405,0.405405405405405,0.391891891891892,0.391891891891892,0.391891891891892,0.391891891891892,0.391891891891892,0.391891891891892,0.391891891891892,0.391891891891892,0.391891891891892,0.391891891891892,0.391891891891892,0.391891891891892,0.391891891891892,0.391891891891892,0.391891891891892,0.391891891891892,0.391891891891892,0.391891891891892,0.391891891891892,0.391891891891892,0.391891891891892,0.391891891891892,0.378378378378378,0.378378378378378,0.391891891891892,0.391891891891892,0.391891891891892,0.391891891891892,0.391891891891892,0.391891891891892,0.391891891891892,0.391891891891892,0.391891891891892,0.405405405405405,0.405405405405405,0.391891891891892,0.391891891891892,0.391891891891892,0.391891891891892,0.391891891891892,0.391891891891892,0.391891891891892,0.391891891891892,0.391891891891892,0.391891891891892,0.810810810810811,0.810810810810811,0.810810810810811,0.810810810810811,0.351351351351351,0.662162162162162,0.662162162162162,0.662162162162162,0.378378378378378,0.378378378378378,0.378378378378378,0.378378378378378,0.378378378378378,0.378378378378378,0.391891891891892,0.391891891891892,0.72972972972973,0.72972972972973,0.837837837837838,1,1,0.972972972972973,0.837837837837838,1,0.851351351351351,0.972972972972973,1,1,0.162162162162162,0.972972972972973,1,0.837837837837838,1,0.972972972972973,0.851351351351351,1,0.945945945945946,0.972972972972973,0.797297297297297,0.824324324324324,0.945945945945946,0.824324324324324,0.945945945945946,0.972972972972973,0.972972972972973,0.972972972972973,0.972972972972973,0.824324324324324,0.824324324324324,0.837837837837838,1,0.851351351351351,0.972972972972973,1,0.662162162162162,0.662162162162162,0.662162162162162,0.783783783783784,0.783783783783784,0.891891891891892,0.783783783783784,0.891891891891892,0.783783783783784,0.783783783783784,0.783783783783784,0.783783783783784,0.783783783783784,0.783783783783784,1,1,0.851351351351351,0.972972972972973,0.851351351351351,0.972972972972973,1,1,0.945945945945946,0.945945945945946,0.945945945945946,0.945945945945946,0.0945945945945946
"today",0.445945945945946,0.445945945945946,0.445945945945946,0.445945945945946,0.445945945945946,0.445945945945946,0.445945945945946,0.45945945945946,0.45945945945946,0.45945945945946,0.45945945945946,0.45945945945946,0.445945945945946,0.445945945945946,0.445945945945946,0.445945945945946,0.445945945945946,0.445945945945946,0.445945945945946,0.445945945945946,0.445945945945946,0.445945945945946,0.445945945945946,0.445945945945946,0.445945945945946,0.445945945945946,0.445945945945946,0.445945945945946,0.445945945945946,0.445945945945946,0.445945945945946,0.445945945945946,0.445945945945946,0.445945945945946,0.432432432432432,0.432432432432432,0.445945945945946,0.445945945945946,0.445945945945946,0.445945945945946,0.445945945945946,0.445945945945946,0.445945945945946,0.445945945945946,0.445945945945946,0.45945945945946,0.45945945945946,0.445945945945946,0.445945945945946,0.445945945945946,0.445945945945946,0.445945945945946,0.445945945945946,0.445945945945946,0.445945945945946,0.445945945945946,0.445945945945946,0.756756756756757,0.756756756756757,0.756756756756757,0.756756756756757,0.378378378378378,0.608108108108108,0.608108108108108,0.608108108108108,0.432432432432432,0.432432432432432,0.432432432432432,0.432432432432432,0.432432432432432,0.432432432432432,0.445945945945946,0.445945945945946,0.783783783783784,0.783783783783784,0.783783783783784,0.945945945945946,0.945945945945946,0.918918918918919,0.783783783783784,0.945945945945946,0.797297297297297,0.918918918918919,0.945945945945946,0.945945945945946,0.189189189189189,0.918918918918919,0.945945945945946,0.783783783783784,0.945945945945946,0.918918918918919,0.797297297297297,0.945945945945946,0.972972972972973,0.918918918918919,0.743243243243243,0.77027027027027,0.891891891891892,0.77027027027027,0.891891891891892,0.918918918918919,0.918918918918919,0.918918918918919,0.918918918918919,0.77027027027027,0.77027027027027,0.783783783783784,0.945945945945946,0.797297297297297,0.918918918918919,0.945945945945946,0.716216216216216,0.716216216216216,0.716216216216216,0.810810810810811,0.810810810810811,0.918918918918919,0.810810810810811,0.918918918918919,0.810810810810811,0.810810810810811,0.810810810810811,0.810810810810811,0.810810810810811,0.810810810810811,0.945945945945946,0.945945945945946,0.797297297297297,0.918918918918919,0.797297297297297,0.918918918918919,0.945945945945946,0.945945945945946,1,1,1,1,0.121621621621622
"tomorrow",0.445945945945946,0.445945945945946,0.445945945945946,0.445945945945946,0.445945945945946,0.445945945945946,0.445945945945946,0.45945945945946,0.45945945945946,0.45945945945946,0.45945945945946,0.45945945945946,0.445945945945946,0.445945945945946,0.445945945945946,0.445945945945946,0.445945945945946,0.445945945945946,0.445945945945946,0.445945945945946,0.445945945945946,0.445945945945946,0.445945945945946,0.445945945945946,0.445945945945946,0.445945945945946,0.445945945945946,0.445945945945946,0.445945945945946,0.445945945945946,0.445945945945946,0.445945945945946,0.445945945945946,0.445945945945946,0.432432432432432,0.432432432432432,0.445945945945946,0.445945945945946,0.445945945945946,0.445945945945946,0.445945945945946,0.445945945945946,0.445945945945946,0.445945945945946,0.445945945945946,0.45945945945946,0.45945945945946,0.445945945945946,0.445945945945946,0.445945945945946,0.445945945945946,0.445945945945946,0.445945945945946,0.445945945945946,0.445945945945946,0.445945945945946,0.445945945945946,0.756756756756757,0.756756756756757,0.756756756756757,0.756756756756757,0.378378378378378,0.608108108108108,0.608108108108108,0.608108108108108,0.432432432432432,0.432432432432432,0.432432432432432,0.432432432432432,0.432432432432432,0.432432432432432,0.445945945945946,0.445945945945946,0.783783783783784,0.783783783783784,0.783783783783784,0.945945945945946,0.945945945945946,0.918918918918919,0.783783783783784,0.945945945945946,0.797297297297297,0.918918918918919,0.945945945945946,0.945945945945946,0.189189189189189,0.918918918918919,0.945945945945946,0.783783783783784,0.945945945945946,0.918918918918919,0.797297297297297,0.945945945945946,0.972972972972973,0.918918918918919,0.743243243243243,0.77027027027027,0.891891891891892,0.77027027027027,0.891891891891892,0.918918918918919,0.918918918918919,0.918918918918919,0.918918918918919,0.77027027027027,0.77027027027027,0.783783783783784,0.945945945945946,0.797297297297297,0.918918918918919,0.945945945945946,0.716216216216216,0.716216216216216,0.716216216216216,0.810810810810811,0.810810810810811,0.918918918918919,0.810810810810811,0.918918918918919,0.810810810810811,0.810810810810811,0.810810810810811,0.810810810810811,0.810810810810811,0.810810810810811,0.945945945945946,0.945945945945946,0.797297297297297,0.918918918918919,0.797297297297297,0.918918918918919,0.945945945945946,0.945945945945946,1,1,1,1,0.121621621621622
"tonight",0.445945945945946,0.445945945945946,0.445945945945946,0.445945945945946,0.445945945945946,0.445945945945946,0.445945945945946,0.45945945945946,0.45945945945946,0.45945945945946,0.45945945945946,0.45945945945946,0.445945945945946,0.445945945945946,0.445945945945946,0.445945945945946,0.445945945945946,0.445945945945946,0.445945945945946,0.445945945945946,0.445945945945946,0.445945945945946,0.445945945945946,0.445945945945946,0.445945945945946,0.445945945945946,0.445945945945946,0.445945945945946,0.445945945945946,0.445945945945946,0.445945945945946,0.445945945945946,0.445945945945946,0.445945945945946,0.432432432432432,0.432432432432432,0.445945945945946,0.445945945945946,0.445945945945946,0.445945945945946,0.445945945945946,0.445945945945946,0.445945945945946,0.445945945945946,0.445945945945946,0.45945945945946,0.45945945945946,0.445945945945946,0.445945945945946,0.445945945945946,0.445945945945946,0.445945945945946,0.445945945945946,0.445945945945946,0.445945945945946,0.445945945945946,0.445945945945946,0.756756756756757,0.756756756756757,0.756756756756757,0.756756756756757,0.378378378378378,0.608108108108108,0.608108108108108,0.608108108108108,0.432432432432432,0.432432432432432,0.432432432432432,0.432432432432432,0.432432432432432,0.432432432432432,0.445945945945946,0.445945945945946,0.783783783783784,0.783783783783784,0.783783783783784,0.945945945945946,0.945945945945946,0.918918918918919,0.783783783783784,0.945945945945946,0.797297297297297,0.918918918918919,0.945945945945946,0.945945945945946,0.189189189189189,0.918918918918919,0.945945945945946,0.783783783783784,0.945945945945946,0.918918918918919,0.797297297297297,0.945945945945946,0.972972972972973,0.918918918918919,0.743243243243243,0.77027027027027,0.891891891891892,0.77027027027027,0.891891891891892,0.918918918918919,0.918918918918919,0.918918918918919,0.918918918918919,0.77027027027027,0.77027027027027,0.783783783783784,0.945945945945946,0.797297297297297,0.918918918918919,0.945945945945946,0.716216216216216,0.716216216216216,0.716216216216216,0.810810810810811,0.810810810810811,0.918918918918919,0.810810810810811,0.918918918918919,0.810810810810811,0.810810810810811,0.810810810810811,0.810810810810811,0.810810810810811,0.810810810810811,0.945945945945946,0.945945945945946,0.797297297297297,0.918918918918919,0.797297297297297,0.918918918918919,0.945945945945946,0.945945945945946,1,1,1,1,0.121621621621622
"yesterday",0.445945945945946,0.445945945945946,0.445945945945946,0.445945945945946,0.445945945945946,0.445945945945946,0.445945945945946,0.45945945945946,0.45945945945946,0.45945945945946,0.45945945945946,0.45945945945946,0.445945945945946,0.445945945945946,0.445945945945946,0.445945945945946,0.445945945945946,0.445945945945946,0.445945945945946,0.445945945945946,0.445945945945946,0.445945945945946,0.445945945945946,0.445945945945946,0.445945945945946,0.445945945945946,0.445945945945946,0.445945945945946,0.445945945945946,0.445945945945946,0.445945945945946,0.445945945945946,0.445945945945946,0.445945945945946,0.432432432432432,0.432432432432432,0.445945945945946,0.445945945945946,0.445945945945946,0.445945945945946,0.445945945945946,0.445945945945946,0.445945945945946,0.445945945945946,0.445945945945946,0.45945945945946,0.45945945945946,0.445945945945946,0.445945945945946,0.445945945945946,0.445945945945946,0.445945945945946,0.445945945945946,0.445945945945946,0.445945945945946,0.445945945945946,0.445945945945946,0.756756756756757,0.756756756756757,0.756756756756757,0.756756756756757,0.378378378378378,0.608108108108108,0.608108108108108,0.608108108108108,0.432432432432432,0.432432432432432,0.432432432432432,0.432432432432432,0.432432432432432,0.432432432432432,0.445945945945946,0.445945945945946,0.783783783783784,0.783783783783784,0.783783783783784,0.945945945945946,0.945945945945946,0.918918918918919,0.783783783783784,0.945945945945946,0.797297297297297,0.918918918918919,0.945945945945946,0.945945945945946,0.189189189189189,0.918918918918919,0.945945945945946,0.783783783783784,0.945945945945946,0.918918918918919,0.797297297297297,0.945945945945946,0.972972972972973,0.918918918918919,0.743243243243243,0.77027027027027,0.891891891891892,0.77027027027027,0.891891891891892,0.918918918918919,0.918918918918919,0.918918918918919,0.918918918918919,0.77027027027027,0.77027027027027,0.783783783783784,0.945945945945946,0.797297297297297,0.918918918918919,0.945945945945946,0.716216216216216,0.716216216216216,0.716216216216216,0.810810810810811,0.810810810810811,0.918918918918919,0.810810810810811,0.918918918918919,0.810810810810811,0.810810810810811,0.810810810810811,0.810810810810811,0.810810810810811,0.810810810810811,0.945945945945946,0.945945945945946,0.797297297297297,0.918918918918919,0.797297297297297,0.918918918918919,0.945945945945946,0.945945945945946,1,1,1,1,0.121621621621622
"there",0.621621621621622,0.621621621621622,0.621621621621622,0.621621621621622,0.621621621621622,0.621621621621622,0.621621621621622,0.635135135135135,0.635135135135135,0.635135135135135,0.635135135135135,0.635135135135135,0.621621621621622,0.621621621621622,0.621621621621622,0.621621621621622,0.621621621621622,0.621621621621622,0.621621621621622,0.621621621621622,0.621621621621622,0.621621621621622,0.621621621621622,0.621621621621622,0.621621621621622,0.621621621621622,0.621621621621622,0.621621621621622,0.621621621621622,0.621621621621622,0.621621621621622,0.621621621621622,0.621621621621622,0.621621621621622,0.662162162162162,0.662162162162162,0.621621621621622,0.621621621621622,0.621621621621622,0.621621621621622,0.621621621621622,0.621621621621622,0.621621621621622,0.621621621621622,0.621621621621622,0.635135135135135,0.635135135135135,0.675675675675676,0.621621621621622,0.621621621621622,0.621621621621622,0.621621621621622,0.621621621621622,0.621621621621622,0.621621621621622,0.621621621621622,0.621621621621622,0.283783783783784,0.283783783783784,0.283783783783784,0.283783783783784,0.743243243243243,0.405405405405405,0.405405405405405,0.405405405405405,0.608108108108108,0.608108108108108,0.608108108108108,0.608108108108108,0.608108108108108,0.608108108108108,0.621621621621622,0.621621621621622,0.283783783783784,0.283783783783784,0.22972972972973,0.0945945945945946,0.0945945945945946,0.0675675675675676,0.22972972972973,0.0945945945945946,0.162162162162162,0.0675675675675676,0.0945945945945946,0.0945945945945946,0.905405405405405,0.0675675675675676,0.0945945945945946,0.22972972972973,0.0945945945945946,0.0675675675675676,0.162162162162162,0.0945945945945946,0.148648648648649,0.0675675675675676,0.27027027027027,0.189189189189189,0.0945945945945946,0.189189189189189,0.0945945945945946,0.121621621621622,0.121621621621622,0.121621621621622,0.121621621621622,0.27027027027027,0.27027027027027,0.22972972972973,0.0945945945945946,0.162162162162162,0.0675675675675676,0.0945945945945946,0.324324324324324,0.324324324324324,0.324324324324324,0.283783783783784,0.283783783783784,0.202702702702703,0.283783783783784,0.202702702702703,0.283783783783784,0.283783783783784,0.283783783783784,0.283783783783784,0.283783783783784,0.283783783783784,0.0945945945945946,0.0945945945945946,0.162162162162162,0.0675675675675676,0.162162162162162,0.0675675675675676,0.0945945945945946,0.0945945945945946,0.121621621621622,0.121621621621622,0.121621621621622,0.121621621621622,1
