"word","a","a_certain","a_few","a_great_many","a_little","all","another","any","anybody","anyone","anything","anywhere","both","certain","each","either","enough","every","everybody","everyone","everything","everywhere","few","fewer","fewest","little","less","least","many","many_a","more","most","much","neither","last","next","no","none","nobody","no_one","nothing","nowhere","one_det","two_det","three_det","once","twice","thrice","several","some","somebody","someone","something","somewhere","somewhat","such","sufficient","that","these","this","those","the","us_det","we_det","you_det","what_det","whatever_det","which_rel_det","which_int_det","whichever_rel_det","whichever_int_det","zero_det","various_det","each_other","one_another","he","him","himself","his","she","her_acc","her_dep","hers","herself","it_plain","it_dum","its","itself","I","me","mine","my","myself","one_pron","one_s","oneself","their_sing","theirs_sing","their_plur","theirs_plur","them_sing","them_plur","themself","themselves","they_sing","they_plur","we_pron","us_pron","our","ours","ourselves","what_pron","whatever_pron","which_rel_pron","who_int","who_rel","whom_int","whom_rel","whose_int","whose_rel","whoever","whoever_s","whosever","whosoever","whosoever_s","you_pron_sing","you_pron_plur","your_sing","yours_sing","your_plur","yours_plur","yourself","yourselves","today","tomorrow","tonight","yesterday","there"
"a",1,1,1,1,1,0.945945945945946,1,1,0.837837837837838,0.837837837837838,0.864864864864865,0.972972972972973,1,1,1,1,0.945945945945946,1,0.675675675675676,0.675675675675676,0.986486486486487,0.986486486486487,1,1,1,1,1,1,1,1,1,1,1,1,0.891891891891892,0.891891891891892,1,1,1,1,1,1,1,1,1,1,1,1,1,1,1,1,1,1,1,1,1,0.391891891891892,0.243243243243243,0.216216216216216,0.243243243243243,0.986486486486487,0.405405405405405,0.297297297297297,0.648648648648649,1,1,0.986486486486487,0.783783783783784,0.986486486486487,1,1,1,0.851351351351351,0.851351351351351,0.108108108108108,0,0.0135135135135135,0,0.108108108108108,0,0.135135135135135,0,0.0135135135135135,0.027027027027027,0.486486486486487,0,0.121621621621622,0.108108108108108,0,0,0.135135135135135,0,0.243243243243243,0,0.554054054054054,0.135135135135135,0,0.135135135135135,0,0,0,0.0945945945945946,0.0135135135135135,0.108108108108108,0.148648648648649,0.135135135135135,0,0.135135135135135,0,0,0.945945945945946,1,1,0.351351351351351,0.45945945945946,0,0.432432432432432,0.027027027027027,0.621621621621622,0.351351351351351,0.45945945945946,0.45945945945946,0.351351351351351,0.45945945945946,0,0,0.135135135135135,0,0.135135135135135,0,0,0,0.243243243243243,0.243243243243243,0.243243243243243,0.243243243243243,1
"a_certain",1,1,1,1,1,0.945945945945946,1,1,0.837837837837838,0.837837837837838,0.864864864864865,0.972972972972973,1,1,1,1,0.945945945945946,1,0.675675675675676,0.675675675675676,0.986486486486487,0.986486486486487,1,1,1,1,1,1,1,1,1,1,1,1,0.891891891891892,0.891891891891892,1,1,1,1,1,1,1,1,1,1,1,1,1,1,1,1,1,1,1,1,1,0.391891891891892,0.243243243243243,0.216216216216216,0.243243243243243,0.986486486486487,0.405405405405405,0.297297297297297,0.648648648648649,1,1,0.986486486486487,0.783783783783784,0.986486486486487,1,1,1,0.851351351351351,0.851351351351351,0.108108108108108,0,0.0135135135135135,0,0.108108108108108,0,0.135135135135135,0,0.0135135135135135,0.027027027027027,0.486486486486487,0,0.121621621621622,0.108108108108108,0,0,0.135135135135135,0,0.243243243243243,0,0.554054054054054,0.135135135135135,0,0.135135135135135,0,0,0,0.0945945945945946,0.0135135135135135,0.108108108108108,0.148648648648649,0.135135135135135,0,0.135135135135135,0,0,0.945945945945946,1,1,0.351351351351351,0.45945945945946,0,0.432432432432432,0.027027027027027,0.621621621621622,0.351351351351351,0.45945945945946,0.45945945945946,0.351351351351351,0.45945945945946,0,0,0.135135135135135,0,0.135135135135135,0,0,0,0.243243243243243,0.243243243243243,0.243243243243243,0.243243243243243,1
"a_few",1,1,1,1,1,0.945945945945946,1,1,0.837837837837838,0.837837837837838,0.864864864864865,0.972972972972973,1,1,1,1,0.945945945945946,1,0.675675675675676,0.675675675675676,0.986486486486487,0.986486486486487,1,1,1,1,1,1,1,1,1,1,1,1,0.891891891891892,0.891891891891892,1,1,1,1,1,1,1,1,1,1,1,1,1,1,1,1,1,1,1,1,1,0.391891891891892,0.243243243243243,0.216216216216216,0.243243243243243,0.986486486486487,0.405405405405405,0.297297297297297,0.648648648648649,1,1,0.986486486486487,0.783783783783784,0.986486486486487,1,1,1,0.851351351351351,0.851351351351351,0.108108108108108,0,0.0135135135135135,0,0.108108108108108,0,0.135135135135135,0,0.0135135135135135,0.027027027027027,0.486486486486487,0,0.121621621621622,0.108108108108108,0,0,0.135135135135135,0,0.243243243243243,0,0.554054054054054,0.135135135135135,0,0.135135135135135,0,0,0,0.0945945945945946,0.0135135135135135,0.108108108108108,0.148648648648649,0.135135135135135,0,0.135135135135135,0,0,0.945945945945946,1,1,0.351351351351351,0.45945945945946,0,0.432432432432432,0.027027027027027,0.621621621621622,0.351351351351351,0.45945945945946,0.45945945945946,0.351351351351351,0.45945945945946,0,0,0.135135135135135,0,0.135135135135135,0,0,0,0.243243243243243,0.243243243243243,0.243243243243243,0.243243243243243,1
"a_great_many",1,1,1,1,1,0.945945945945946,1,1,0.837837837837838,0.837837837837838,0.864864864864865,0.972972972972973,1,1,1,1,0.945945945945946,1,0.675675675675676,0.675675675675676,0.986486486486487,0.986486486486487,1,1,1,1,1,1,1,1,1,1,1,1,0.891891891891892,0.891891891891892,1,1,1,1,1,1,1,1,1,1,1,1,1,1,1,1,1,1,1,1,1,0.391891891891892,0.243243243243243,0.216216216216216,0.243243243243243,0.986486486486487,0.405405405405405,0.297297297297297,0.648648648648649,1,1,0.986486486486487,0.783783783783784,0.986486486486487,1,1,1,0.851351351351351,0.851351351351351,0.108108108108108,0,0.0135135135135135,0,0.108108108108108,0,0.135135135135135,0,0.0135135135135135,0.027027027027027,0.486486486486487,0,0.121621621621622,0.108108108108108,0,0,0.135135135135135,0,0.243243243243243,0,0.554054054054054,0.135135135135135,0,0.135135135135135,0,0,0,0.0945945945945946,0.0135135135135135,0.108108108108108,0.148648648648649,0.135135135135135,0,0.135135135135135,0,0,0.945945945945946,1,1,0.351351351351351,0.45945945945946,0,0.432432432432432,0.027027027027027,0.621621621621622,0.351351351351351,0.45945945945946,0.45945945945946,0.351351351351351,0.45945945945946,0,0,0.135135135135135,0,0.135135135135135,0,0,0,0.243243243243243,0.243243243243243,0.243243243243243,0.243243243243243,1
"a_little",1,1,1,1,1,0.945945945945946,1,1,0.837837837837838,0.837837837837838,0.864864864864865,0.972972972972973,1,1,1,1,0.945945945945946,1,0.675675675675676,0.675675675675676,0.986486486486487,0.986486486486487,1,1,1,1,1,1,1,1,1,1,1,1,0.891891891891892,0.891891891891892,1,1,1,1,1,1,1,1,1,1,1,1,1,1,1,1,1,1,1,1,1,0.391891891891892,0.243243243243243,0.216216216216216,0.243243243243243,0.986486486486487,0.405405405405405,0.297297297297297,0.648648648648649,1,1,0.986486486486487,0.783783783783784,0.986486486486487,1,1,1,0.851351351351351,0.851351351351351,0.108108108108108,0,0.0135135135135135,0,0.108108108108108,0,0.135135135135135,0,0.0135135135135135,0.027027027027027,0.486486486486487,0,0.121621621621622,0.108108108108108,0,0,0.135135135135135,0,0.243243243243243,0,0.554054054054054,0.135135135135135,0,0.135135135135135,0,0,0,0.0945945945945946,0.0135135135135135,0.108108108108108,0.148648648648649,0.135135135135135,0,0.135135135135135,0,0,0.945945945945946,1,1,0.351351351351351,0.45945945945946,0,0.432432432432432,0.027027027027027,0.621621621621622,0.351351351351351,0.45945945945946,0.45945945945946,0.351351351351351,0.45945945945946,0,0,0.135135135135135,0,0.135135135135135,0,0,0,0.243243243243243,0.243243243243243,0.243243243243243,0.243243243243243,1
"all",0.945945945945946,0.945945945945946,0.945945945945946,0.945945945945946,0.945945945945946,1,0.945945945945946,0.945945945945946,0.783783783783784,0.783783783783784,0.810810810810811,0.918918918918919,0.945945945945946,0.945945945945946,0.945945945945946,0.945945945945946,0.945945945945946,0.945945945945946,0.675675675675676,0.675675675675676,0.932432432432432,0.932432432432432,0.945945945945946,0.945945945945946,0.945945945945946,0.945945945945946,0.945945945945946,0.945945945945946,0.945945945945946,0.945945945945946,0.945945945945946,0.945945945945946,0.945945945945946,0.945945945945946,0.837837837837838,0.837837837837838,0.945945945945946,0.945945945945946,0.945945945945946,0.945945945945946,0.945945945945946,0.945945945945946,0.945945945945946,0.945945945945946,0.945945945945946,0.945945945945946,0.945945945945946,0.945945945945946,0.945945945945946,0.945945945945946,0.945945945945946,0.945945945945946,0.945945945945946,0.945945945945946,0.945945945945946,0.945945945945946,0.945945945945946,0.418918918918919,0.297297297297297,0.27027027027027,0.297297297297297,0.932432432432432,0.45945945945946,0.351351351351351,0.702702702702703,0.945945945945946,0.945945945945946,0.932432432432432,0.72972972972973,0.932432432432432,0.945945945945946,0.945945945945946,0.945945945945946,0.824324324324324,0.824324324324324,0.108108108108108,0.0540540540540541,0.0405405405405405,0.0540540540540541,0.108108108108108,0.0540540540540541,0.189189189189189,0.0540540540540541,0.0405405405405405,0.027027027027027,0.432432432432432,0.0540540540540541,0.0945945945945946,0.108108108108108,0.0540540540540541,0.0540540540540541,0.189189189189189,0.0540540540540541,0.189189189189189,0.0540540540540541,0.5,0.189189189189189,0.0540540540540541,0.189189189189189,0.0540540540540541,0.0540540540540541,0.0540540540540541,0.0675675675675676,0.0405405405405405,0.108108108108108,0.175675675675676,0.189189189189189,0.0540540540540541,0.189189189189189,0.0540540540540541,0.0540540540540541,0.918918918918919,0.945945945945946,0.945945945945946,0.378378378378378,0.45945945945946,0.0540540540540541,0.45945945945946,0.0810810810810811,0.621621621621622,0.378378378378378,0.486486486486487,0.486486486486487,0.378378378378378,0.486486486486487,0.0540540540540541,0.0540540540540541,0.189189189189189,0.0540540540540541,0.189189189189189,0.0540540540540541,0.0540540540540541,0.0540540540540541,0.189189189189189,0.189189189189189,0.189189189189189,0.189189189189189,0.945945945945946
"another",1,1,1,1,1,0.945945945945946,1,1,0.837837837837838,0.837837837837838,0.864864864864865,0.972972972972973,1,1,1,1,0.945945945945946,1,0.675675675675676,0.675675675675676,0.986486486486487,0.986486486486487,1,1,1,1,1,1,1,1,1,1,1,1,0.891891891891892,0.891891891891892,1,1,1,1,1,1,1,1,1,1,1,1,1,1,1,1,1,1,1,1,1,0.391891891891892,0.243243243243243,0.216216216216216,0.243243243243243,0.986486486486487,0.405405405405405,0.297297297297297,0.648648648648649,1,1,0.986486486486487,0.783783783783784,0.986486486486487,1,1,1,0.851351351351351,0.851351351351351,0.108108108108108,0,0.0135135135135135,0,0.108108108108108,0,0.135135135135135,0,0.0135135135135135,0.027027027027027,0.486486486486487,0,0.121621621621622,0.108108108108108,0,0,0.135135135135135,0,0.243243243243243,0,0.554054054054054,0.135135135135135,0,0.135135135135135,0,0,0,0.0945945945945946,0.0135135135135135,0.108108108108108,0.148648648648649,0.135135135135135,0,0.135135135135135,0,0,0.945945945945946,1,1,0.351351351351351,0.45945945945946,0,0.432432432432432,0.027027027027027,0.621621621621622,0.351351351351351,0.45945945945946,0.45945945945946,0.351351351351351,0.45945945945946,0,0,0.135135135135135,0,0.135135135135135,0,0,0,0.243243243243243,0.243243243243243,0.243243243243243,0.243243243243243,1
"any",1,1,1,1,1,0.945945945945946,1,1,0.837837837837838,0.837837837837838,0.864864864864865,0.972972972972973,1,1,1,1,0.945945945945946,1,0.675675675675676,0.675675675675676,0.986486486486487,0.986486486486487,1,1,1,1,1,1,1,1,1,1,1,1,0.891891891891892,0.891891891891892,1,1,1,1,1,1,1,1,1,1,1,1,1,1,1,1,1,1,1,1,1,0.391891891891892,0.243243243243243,0.216216216216216,0.243243243243243,0.986486486486487,0.405405405405405,0.297297297297297,0.648648648648649,1,1,0.986486486486487,0.783783783783784,0.986486486486487,1,1,1,0.851351351351351,0.851351351351351,0.108108108108108,0,0.0135135135135135,0,0.108108108108108,0,0.135135135135135,0,0.0135135135135135,0.027027027027027,0.486486486486487,0,0.121621621621622,0.108108108108108,0,0,0.135135135135135,0,0.243243243243243,0,0.554054054054054,0.135135135135135,0,0.135135135135135,0,0,0,0.0945945945945946,0.0135135135135135,0.108108108108108,0.148648648648649,0.135135135135135,0,0.135135135135135,0,0,0.945945945945946,1,1,0.351351351351351,0.45945945945946,0,0.432432432432432,0.027027027027027,0.621621621621622,0.351351351351351,0.45945945945946,0.45945945945946,0.351351351351351,0.45945945945946,0,0,0.135135135135135,0,0.135135135135135,0,0,0,0.243243243243243,0.243243243243243,0.243243243243243,0.243243243243243,1
"anybody",0.837837837837838,0.837837837837838,0.837837837837838,0.837837837837838,0.837837837837838,0.783783783783784,0.837837837837838,0.837837837837838,1,1,0.864864864864865,0.864864864864865,0.837837837837838,0.837837837837838,0.837837837837838,0.837837837837838,0.783783783783784,0.837837837837838,0.837837837837838,0.837837837837838,0.851351351351351,0.851351351351351,0.837837837837838,0.837837837837838,0.837837837837838,0.837837837837838,0.837837837837838,0.837837837837838,0.837837837837838,0.837837837837838,0.837837837837838,0.837837837837838,0.837837837837838,0.837837837837838,0.837837837837838,0.837837837837838,0.837837837837838,0.837837837837838,0.837837837837838,0.837837837837838,0.837837837837838,0.837837837837838,0.837837837837838,0.837837837837838,0.837837837837838,0.837837837837838,0.837837837837838,0.837837837837838,0.837837837837838,0.837837837837838,0.837837837837838,0.837837837837838,0.837837837837838,0.837837837837838,0.837837837837838,0.837837837837838,0.837837837837838,0.445945945945946,0.351351351351351,0.216216216216216,0.351351351351351,0.851351351351351,0.567567567567568,0.45945945945946,0.783783783783784,0.837837837837838,0.837837837837838,0.851351351351351,0.621621621621622,0.824324324324324,0.837837837837838,0.837837837837838,0.837837837837838,0.824324324324324,0.824324324324324,0.27027027027027,0.162162162162162,0.175675675675676,0.162162162162162,0.27027027027027,0.162162162162162,0.297297297297297,0.162162162162162,0.175675675675676,0.189189189189189,0.648648648648649,0.162162162162162,0.283783783783784,0.27027027027027,0.162162162162162,0.162162162162162,0.297297297297297,0.162162162162162,0.405405405405405,0.162162162162162,0.716216216216216,0.297297297297297,0.162162162162162,0.297297297297297,0.162162162162162,0.162162162162162,0.162162162162162,0.256756756756757,0.175675675675676,0.27027027027027,0.310810810810811,0.297297297297297,0.162162162162162,0.297297297297297,0.162162162162162,0.162162162162162,0.837837837837838,0.837837837837838,0.837837837837838,0.513513513513513,0.621621621621622,0.162162162162162,0.594594594594595,0.189189189189189,0.72972972972973,0.513513513513513,0.621621621621622,0.621621621621622,0.513513513513513,0.621621621621622,0.162162162162162,0.162162162162162,0.297297297297297,0.162162162162162,0.297297297297297,0.162162162162162,0.162162162162162,0.162162162162162,0.405405405405405,0.405405405405405,0.405405405405405,0.405405405405405,0.837837837837838
"anyone",0.837837837837838,0.837837837837838,0.837837837837838,0.837837837837838,0.837837837837838,0.783783783783784,0.837837837837838,0.837837837837838,1,1,0.864864864864865,0.864864864864865,0.837837837837838,0.837837837837838,0.837837837837838,0.837837837837838,0.783783783783784,0.837837837837838,0.837837837837838,0.837837837837838,0.851351351351351,0.851351351351351,0.837837837837838,0.837837837837838,0.837837837837838,0.837837837837838,0.837837837837838,0.837837837837838,0.837837837837838,0.837837837837838,0.837837837837838,0.837837837837838,0.837837837837838,0.837837837837838,0.837837837837838,0.837837837837838,0.837837837837838,0.837837837837838,0.837837837837838,0.837837837837838,0.837837837837838,0.837837837837838,0.837837837837838,0.837837837837838,0.837837837837838,0.837837837837838,0.837837837837838,0.837837837837838,0.837837837837838,0.837837837837838,0.837837837837838,0.837837837837838,0.837837837837838,0.837837837837838,0.837837837837838,0.837837837837838,0.837837837837838,0.445945945945946,0.351351351351351,0.216216216216216,0.351351351351351,0.851351351351351,0.567567567567568,0.45945945945946,0.783783783783784,0.837837837837838,0.837837837837838,0.851351351351351,0.621621621621622,0.824324324324324,0.837837837837838,0.837837837837838,0.837837837837838,0.824324324324324,0.824324324324324,0.27027027027027,0.162162162162162,0.175675675675676,0.162162162162162,0.27027027027027,0.162162162162162,0.297297297297297,0.162162162162162,0.175675675675676,0.189189189189189,0.648648648648649,0.162162162162162,0.283783783783784,0.27027027027027,0.162162162162162,0.162162162162162,0.297297297297297,0.162162162162162,0.405405405405405,0.162162162162162,0.716216216216216,0.297297297297297,0.162162162162162,0.297297297297297,0.162162162162162,0.162162162162162,0.162162162162162,0.256756756756757,0.175675675675676,0.27027027027027,0.310810810810811,0.297297297297297,0.162162162162162,0.297297297297297,0.162162162162162,0.162162162162162,0.837837837837838,0.837837837837838,0.837837837837838,0.513513513513513,0.621621621621622,0.162162162162162,0.594594594594595,0.189189189189189,0.72972972972973,0.513513513513513,0.621621621621622,0.621621621621622,0.513513513513513,0.621621621621622,0.162162162162162,0.162162162162162,0.297297297297297,0.162162162162162,0.297297297297297,0.162162162162162,0.162162162162162,0.162162162162162,0.405405405405405,0.405405405405405,0.405405405405405,0.405405405405405,0.837837837837838
"anything",0.864864864864865,0.864864864864865,0.864864864864865,0.864864864864865,0.864864864864865,0.810810810810811,0.864864864864865,0.864864864864865,0.864864864864865,0.864864864864865,1,0.891891891891892,0.864864864864865,0.864864864864865,0.864864864864865,0.864864864864865,0.864864864864865,0.864864864864865,0.756756756756757,0.756756756756757,0.878378378378378,0.878378378378378,0.864864864864865,0.864864864864865,0.864864864864865,0.864864864864865,0.864864864864865,0.864864864864865,0.864864864864865,0.864864864864865,0.864864864864865,0.864864864864865,0.864864864864865,0.864864864864865,0.837837837837838,0.837837837837838,0.864864864864865,0.864864864864865,0.864864864864865,0.864864864864865,0.864864864864865,0.864864864864865,0.864864864864865,0.864864864864865,0.864864864864865,0.864864864864865,0.864864864864865,0.864864864864865,0.864864864864865,0.864864864864865,0.864864864864865,0.864864864864865,0.864864864864865,0.864864864864865,0.864864864864865,0.864864864864865,0.864864864864865,0.445945945945946,0.324324324324324,0.27027027027027,0.324324324324324,0.878378378378378,0.432432432432432,0.324324324324324,0.648648648648649,0.864864864864865,0.864864864864865,0.878378378378378,0.648648648648649,0.851351351351351,0.864864864864865,0.864864864864865,0.864864864864865,0.824324324324324,0.824324324324324,0.243243243243243,0.135135135135135,0.148648648648649,0.135135135135135,0.243243243243243,0.135135135135135,0.27027027027027,0.135135135135135,0.148648648648649,0.162162162162162,0.513513513513513,0.135135135135135,0.256756756756757,0.243243243243243,0.135135135135135,0.135135135135135,0.27027027027027,0.135135135135135,0.27027027027027,0.135135135135135,0.581081081081081,0.27027027027027,0.135135135135135,0.27027027027027,0.135135135135135,0.135135135135135,0.135135135135135,0.22972972972973,0.148648648648649,0.243243243243243,0.283783783783784,0.27027027027027,0.135135135135135,0.27027027027027,0.135135135135135,0.135135135135135,0.837837837837838,0.864864864864865,0.864864864864865,0.486486486486487,0.486486486486487,0.135135135135135,0.45945945945946,0.162162162162162,0.621621621621622,0.432432432432432,0.486486486486487,0.486486486486487,0.432432432432432,0.486486486486487,0.135135135135135,0.135135135135135,0.27027027027027,0.135135135135135,0.27027027027027,0.135135135135135,0.135135135135135,0.135135135135135,0.324324324324324,0.324324324324324,0.324324324324324,0.324324324324324,0.864864864864865
"anywhere",0.972972972972973,0.972972972972973,0.972972972972973,0.972972972972973,0.972972972972973,0.918918918918919,0.972972972972973,0.972972972972973,0.864864864864865,0.864864864864865,0.891891891891892,1,0.972972972972973,0.972972972972973,0.972972972972973,0.972972972972973,0.918918918918919,0.972972972972973,0.702702702702703,0.702702702702703,0.986486486486487,0.986486486486487,0.972972972972973,0.972972972972973,0.972972972972973,0.972972972972973,0.972972972972973,0.972972972972973,0.972972972972973,0.972972972972973,0.972972972972973,0.972972972972973,0.972972972972973,0.972972972972973,0.891891891891892,0.891891891891892,0.972972972972973,0.972972972972973,0.972972972972973,0.972972972972973,0.972972972972973,0.972972972972973,0.972972972972973,0.972972972972973,0.972972972972973,0.972972972972973,0.972972972972973,0.972972972972973,0.972972972972973,0.972972972972973,0.972972972972973,0.972972972972973,0.972972972972973,0.972972972972973,0.972972972972973,0.972972972972973,0.972972972972973,0.418918918918919,0.27027027027027,0.243243243243243,0.27027027027027,0.986486486486487,0.432432432432432,0.324324324324324,0.648648648648649,0.972972972972973,0.972972972972973,0.986486486486487,0.756756756756757,0.959459459459459,0.972972972972973,0.972972972972973,0.972972972972973,0.851351351351351,0.851351351351351,0.135135135135135,0.027027027027027,0.0405405405405405,0.027027027027027,0.135135135135135,0.027027027027027,0.162162162162162,0.027027027027027,0.0405405405405405,0.0540540540540541,0.513513513513513,0.027027027027027,0.148648648648649,0.135135135135135,0.027027027027027,0.027027027027027,0.162162162162162,0.027027027027027,0.27027027027027,0.027027027027027,0.581081081081081,0.162162162162162,0.027027027027027,0.162162162162162,0.027027027027027,0.027027027027027,0.027027027027027,0.121621621621622,0.0405405405405405,0.135135135135135,0.175675675675676,0.162162162162162,0.027027027027027,0.162162162162162,0.027027027027027,0.027027027027027,0.945945945945946,0.972972972972973,0.972972972972973,0.378378378378378,0.486486486486487,0.027027027027027,0.45945945945946,0.0540540540540541,0.621621621621622,0.378378378378378,0.486486486486487,0.486486486486487,0.378378378378378,0.486486486486487,0.027027027027027,0.027027027027027,0.162162162162162,0.027027027027027,0.162162162162162,0.027027027027027,0.027027027027027,0.027027027027027,0.27027027027027,0.27027027027027,0.27027027027027,0.27027027027027,0.972972972972973
"both",1,1,1,1,1,0.945945945945946,1,1,0.837837837837838,0.837837837837838,0.864864864864865,0.972972972972973,1,1,1,1,0.945945945945946,1,0.675675675675676,0.675675675675676,0.986486486486487,0.986486486486487,1,1,1,1,1,1,1,1,1,1,1,1,0.891891891891892,0.891891891891892,1,1,1,1,1,1,1,1,1,1,1,1,1,1,1,1,1,1,1,1,1,0.391891891891892,0.243243243243243,0.216216216216216,0.243243243243243,0.986486486486487,0.405405405405405,0.297297297297297,0.648648648648649,1,1,0.986486486486487,0.783783783783784,0.986486486486487,1,1,1,0.851351351351351,0.851351351351351,0.108108108108108,0,0.0135135135135135,0,0.108108108108108,0,0.135135135135135,0,0.0135135135135135,0.027027027027027,0.486486486486487,0,0.121621621621622,0.108108108108108,0,0,0.135135135135135,0,0.243243243243243,0,0.554054054054054,0.135135135135135,0,0.135135135135135,0,0,0,0.0945945945945946,0.0135135135135135,0.108108108108108,0.148648648648649,0.135135135135135,0,0.135135135135135,0,0,0.945945945945946,1,1,0.351351351351351,0.45945945945946,0,0.432432432432432,0.027027027027027,0.621621621621622,0.351351351351351,0.45945945945946,0.45945945945946,0.351351351351351,0.45945945945946,0,0,0.135135135135135,0,0.135135135135135,0,0,0,0.243243243243243,0.243243243243243,0.243243243243243,0.243243243243243,1
"certain",1,1,1,1,1,0.945945945945946,1,1,0.837837837837838,0.837837837837838,0.864864864864865,0.972972972972973,1,1,1,1,0.945945945945946,1,0.675675675675676,0.675675675675676,0.986486486486487,0.986486486486487,1,1,1,1,1,1,1,1,1,1,1,1,0.891891891891892,0.891891891891892,1,1,1,1,1,1,1,1,1,1,1,1,1,1,1,1,1,1,1,1,1,0.391891891891892,0.243243243243243,0.216216216216216,0.243243243243243,0.986486486486487,0.405405405405405,0.297297297297297,0.648648648648649,1,1,0.986486486486487,0.783783783783784,0.986486486486487,1,1,1,0.851351351351351,0.851351351351351,0.108108108108108,0,0.0135135135135135,0,0.108108108108108,0,0.135135135135135,0,0.0135135135135135,0.027027027027027,0.486486486486487,0,0.121621621621622,0.108108108108108,0,0,0.135135135135135,0,0.243243243243243,0,0.554054054054054,0.135135135135135,0,0.135135135135135,0,0,0,0.0945945945945946,0.0135135135135135,0.108108108108108,0.148648648648649,0.135135135135135,0,0.135135135135135,0,0,0.945945945945946,1,1,0.351351351351351,0.45945945945946,0,0.432432432432432,0.027027027027027,0.621621621621622,0.351351351351351,0.45945945945946,0.45945945945946,0.351351351351351,0.45945945945946,0,0,0.135135135135135,0,0.135135135135135,0,0,0,0.243243243243243,0.243243243243243,0.243243243243243,0.243243243243243,1
"each",1,1,1,1,1,0.945945945945946,1,1,0.837837837837838,0.837837837837838,0.864864864864865,0.972972972972973,1,1,1,1,0.945945945945946,1,0.675675675675676,0.675675675675676,0.986486486486487,0.986486486486487,1,1,1,1,1,1,1,1,1,1,1,1,0.891891891891892,0.891891891891892,1,1,1,1,1,1,1,1,1,1,1,1,1,1,1,1,1,1,1,1,1,0.391891891891892,0.243243243243243,0.216216216216216,0.243243243243243,0.986486486486487,0.405405405405405,0.297297297297297,0.648648648648649,1,1,0.986486486486487,0.783783783783784,0.986486486486487,1,1,1,0.851351351351351,0.851351351351351,0.108108108108108,0,0.0135135135135135,0,0.108108108108108,0,0.135135135135135,0,0.0135135135135135,0.027027027027027,0.486486486486487,0,0.121621621621622,0.108108108108108,0,0,0.135135135135135,0,0.243243243243243,0,0.554054054054054,0.135135135135135,0,0.135135135135135,0,0,0,0.0945945945945946,0.0135135135135135,0.108108108108108,0.148648648648649,0.135135135135135,0,0.135135135135135,0,0,0.945945945945946,1,1,0.351351351351351,0.45945945945946,0,0.432432432432432,0.027027027027027,0.621621621621622,0.351351351351351,0.45945945945946,0.45945945945946,0.351351351351351,0.45945945945946,0,0,0.135135135135135,0,0.135135135135135,0,0,0,0.243243243243243,0.243243243243243,0.243243243243243,0.243243243243243,1
"either",1,1,1,1,1,0.945945945945946,1,1,0.837837837837838,0.837837837837838,0.864864864864865,0.972972972972973,1,1,1,1,0.945945945945946,1,0.675675675675676,0.675675675675676,0.986486486486487,0.986486486486487,1,1,1,1,1,1,1,1,1,1,1,1,0.891891891891892,0.891891891891892,1,1,1,1,1,1,1,1,1,1,1,1,1,1,1,1,1,1,1,1,1,0.391891891891892,0.243243243243243,0.216216216216216,0.243243243243243,0.986486486486487,0.405405405405405,0.297297297297297,0.648648648648649,1,1,0.986486486486487,0.783783783783784,0.986486486486487,1,1,1,0.851351351351351,0.851351351351351,0.108108108108108,0,0.0135135135135135,0,0.108108108108108,0,0.135135135135135,0,0.0135135135135135,0.027027027027027,0.486486486486487,0,0.121621621621622,0.108108108108108,0,0,0.135135135135135,0,0.243243243243243,0,0.554054054054054,0.135135135135135,0,0.135135135135135,0,0,0,0.0945945945945946,0.0135135135135135,0.108108108108108,0.148648648648649,0.135135135135135,0,0.135135135135135,0,0,0.945945945945946,1,1,0.351351351351351,0.45945945945946,0,0.432432432432432,0.027027027027027,0.621621621621622,0.351351351351351,0.45945945945946,0.45945945945946,0.351351351351351,0.45945945945946,0,0,0.135135135135135,0,0.135135135135135,0,0,0,0.243243243243243,0.243243243243243,0.243243243243243,0.243243243243243,1
"enough",0.945945945945946,0.945945945945946,0.945945945945946,0.945945945945946,0.945945945945946,0.945945945945946,0.945945945945946,0.945945945945946,0.783783783783784,0.783783783783784,0.864864864864865,0.918918918918919,0.945945945945946,0.945945945945946,0.945945945945946,0.945945945945946,1,0.945945945945946,0.675675675675676,0.675675675675676,0.932432432432432,0.932432432432432,0.945945945945946,0.945945945945946,0.945945945945946,0.945945945945946,0.945945945945946,0.945945945945946,0.945945945945946,0.945945945945946,0.945945945945946,0.945945945945946,0.945945945945946,0.945945945945946,0.837837837837838,0.837837837837838,0.945945945945946,0.945945945945946,0.945945945945946,0.945945945945946,0.945945945945946,0.945945945945946,0.945945945945946,0.945945945945946,0.945945945945946,0.945945945945946,0.945945945945946,0.945945945945946,0.945945945945946,0.945945945945946,0.945945945945946,0.945945945945946,0.945945945945946,0.945945945945946,0.945945945945946,0.945945945945946,0.945945945945946,0.391891891891892,0.297297297297297,0.216216216216216,0.297297297297297,0.932432432432432,0.405405405405405,0.297297297297297,0.648648648648649,0.945945945945946,0.945945945945946,0.932432432432432,0.72972972972973,0.932432432432432,0.945945945945946,0.945945945945946,0.945945945945946,0.797297297297297,0.797297297297297,0.162162162162162,0.0540540540540541,0.0675675675675676,0.0540540540540541,0.162162162162162,0.0540540540540541,0.189189189189189,0.0540540540540541,0.0675675675675676,0.0810810810810811,0.432432432432432,0.0540540540540541,0.121621621621622,0.162162162162162,0.0540540540540541,0.0540540540540541,0.189189189189189,0.0540540540540541,0.189189189189189,0.0540540540540541,0.5,0.189189189189189,0.0540540540540541,0.189189189189189,0.0540540540540541,0.0540540540540541,0.0540540540540541,0.0945945945945946,0.0675675675675676,0.162162162162162,0.202702702702703,0.189189189189189,0.0540540540540541,0.189189189189189,0.0540540540540541,0.0540540540540541,0.891891891891892,0.945945945945946,0.945945945945946,0.405405405405405,0.45945945945946,0.0540540540540541,0.432432432432432,0.0810810810810811,0.621621621621622,0.351351351351351,0.45945945945946,0.45945945945946,0.351351351351351,0.45945945945946,0.0540540540540541,0.0540540540540541,0.189189189189189,0.0540540540540541,0.189189189189189,0.0540540540540541,0.0540540540540541,0.0540540540540541,0.189189189189189,0.189189189189189,0.189189189189189,0.189189189189189,0.945945945945946
"every",1,1,1,1,1,0.945945945945946,1,1,0.837837837837838,0.837837837837838,0.864864864864865,0.972972972972973,1,1,1,1,0.945945945945946,1,0.675675675675676,0.675675675675676,0.986486486486487,0.986486486486487,1,1,1,1,1,1,1,1,1,1,1,1,0.891891891891892,0.891891891891892,1,1,1,1,1,1,1,1,1,1,1,1,1,1,1,1,1,1,1,1,1,0.391891891891892,0.243243243243243,0.216216216216216,0.243243243243243,0.986486486486487,0.405405405405405,0.297297297297297,0.648648648648649,1,1,0.986486486486487,0.783783783783784,0.986486486486487,1,1,1,0.851351351351351,0.851351351351351,0.108108108108108,0,0.0135135135135135,0,0.108108108108108,0,0.135135135135135,0,0.0135135135135135,0.027027027027027,0.486486486486487,0,0.121621621621622,0.108108108108108,0,0,0.135135135135135,0,0.243243243243243,0,0.554054054054054,0.135135135135135,0,0.135135135135135,0,0,0,0.0945945945945946,0.0135135135135135,0.108108108108108,0.148648648648649,0.135135135135135,0,0.135135135135135,0,0,0.945945945945946,1,1,0.351351351351351,0.45945945945946,0,0.432432432432432,0.027027027027027,0.621621621621622,0.351351351351351,0.45945945945946,0.45945945945946,0.351351351351351,0.45945945945946,0,0,0.135135135135135,0,0.135135135135135,0,0,0,0.243243243243243,0.243243243243243,0.243243243243243,0.243243243243243,1
"everybody",0.675675675675676,0.675675675675676,0.675675675675676,0.675675675675676,0.675675675675676,0.675675675675676,0.675675675675676,0.675675675675676,0.837837837837838,0.837837837837838,0.756756756756757,0.702702702702703,0.675675675675676,0.675675675675676,0.675675675675676,0.675675675675676,0.675675675675676,0.675675675675676,1,1,0.689189189189189,0.689189189189189,0.675675675675676,0.675675675675676,0.675675675675676,0.675675675675676,0.675675675675676,0.675675675675676,0.675675675675676,0.675675675675676,0.675675675675676,0.675675675675676,0.675675675675676,0.675675675675676,0.702702702702703,0.702702702702703,0.675675675675676,0.675675675675676,0.675675675675676,0.675675675675676,0.675675675675676,0.675675675675676,0.675675675675676,0.675675675675676,0.675675675675676,0.675675675675676,0.675675675675676,0.675675675675676,0.675675675675676,0.675675675675676,0.675675675675676,0.675675675675676,0.675675675675676,0.675675675675676,0.675675675675676,0.675675675675676,0.675675675675676,0.418918918918919,0.513513513513513,0.216216216216216,0.513513513513513,0.689189189189189,0.675675675675676,0.567567567567568,0.864864864864865,0.675675675675676,0.675675675675676,0.689189189189189,0.45945945945946,0.662162162162162,0.675675675675676,0.675675675675676,0.675675675675676,0.824324324324324,0.824324324324324,0.378378378378378,0.324324324324324,0.310810810810811,0.324324324324324,0.378378378378378,0.324324324324324,0.45945945945946,0.324324324324324,0.310810810810811,0.297297297297297,0.702702702702703,0.324324324324324,0.418918918918919,0.378378378378378,0.324324324324324,0.324324324324324,0.45945945945946,0.324324324324324,0.45945945945946,0.324324324324324,0.77027027027027,0.45945945945946,0.324324324324324,0.45945945945946,0.324324324324324,0.324324324324324,0.324324324324324,0.391891891891892,0.310810810810811,0.378378378378378,0.445945945945946,0.45945945945946,0.324324324324324,0.45945945945946,0.324324324324324,0.324324324324324,0.72972972972973,0.675675675675676,0.675675675675676,0.648648648648649,0.648648648648649,0.324324324324324,0.648648648648649,0.351351351351351,0.756756756756757,0.594594594594595,0.702702702702703,0.702702702702703,0.594594594594595,0.702702702702703,0.324324324324324,0.324324324324324,0.45945945945946,0.324324324324324,0.45945945945946,0.324324324324324,0.324324324324324,0.324324324324324,0.432432432432432,0.432432432432432,0.432432432432432,0.432432432432432,0.675675675675676
"everyone",0.675675675675676,0.675675675675676,0.675675675675676,0.675675675675676,0.675675675675676,0.675675675675676,0.675675675675676,0.675675675675676,0.837837837837838,0.837837837837838,0.756756756756757,0.702702702702703,0.675675675675676,0.675675675675676,0.675675675675676,0.675675675675676,0.675675675675676,0.675675675675676,1,1,0.689189189189189,0.689189189189189,0.675675675675676,0.675675675675676,0.675675675675676,0.675675675675676,0.675675675675676,0.675675675675676,0.675675675675676,0.675675675675676,0.675675675675676,0.675675675675676,0.675675675675676,0.675675675675676,0.702702702702703,0.702702702702703,0.675675675675676,0.675675675675676,0.675675675675676,0.675675675675676,0.675675675675676,0.675675675675676,0.675675675675676,0.675675675675676,0.675675675675676,0.675675675675676,0.675675675675676,0.675675675675676,0.675675675675676,0.675675675675676,0.675675675675676,0.675675675675676,0.675675675675676,0.675675675675676,0.675675675675676,0.675675675675676,0.675675675675676,0.418918918918919,0.513513513513513,0.216216216216216,0.513513513513513,0.689189189189189,0.675675675675676,0.567567567567568,0.864864864864865,0.675675675675676,0.675675675675676,0.689189189189189,0.45945945945946,0.662162162162162,0.675675675675676,0.675675675675676,0.675675675675676,0.824324324324324,0.824324324324324,0.378378378378378,0.324324324324324,0.310810810810811,0.324324324324324,0.378378378378378,0.324324324324324,0.45945945945946,0.324324324324324,0.310810810810811,0.297297297297297,0.702702702702703,0.324324324324324,0.418918918918919,0.378378378378378,0.324324324324324,0.324324324324324,0.45945945945946,0.324324324324324,0.45945945945946,0.324324324324324,0.77027027027027,0.45945945945946,0.324324324324324,0.45945945945946,0.324324324324324,0.324324324324324,0.324324324324324,0.391891891891892,0.310810810810811,0.378378378378378,0.445945945945946,0.45945945945946,0.324324324324324,0.45945945945946,0.324324324324324,0.324324324324324,0.72972972972973,0.675675675675676,0.675675675675676,0.648648648648649,0.648648648648649,0.324324324324324,0.648648648648649,0.351351351351351,0.756756756756757,0.594594594594595,0.702702702702703,0.702702702702703,0.594594594594595,0.702702702702703,0.324324324324324,0.324324324324324,0.45945945945946,0.324324324324324,0.45945945945946,0.324324324324324,0.324324324324324,0.324324324324324,0.432432432432432,0.432432432432432,0.432432432432432,0.432432432432432,0.675675675675676
"everything",0.986486486486487,0.986486486486487,0.986486486486487,0.986486486486487,0.986486486486487,0.932432432432432,0.986486486486487,0.986486486486487,0.851351351351351,0.851351351351351,0.878378378378378,0.986486486486487,0.986486486486487,0.986486486486487,0.986486486486487,0.986486486486487,0.932432432432432,0.986486486486487,0.689189189189189,0.689189189189189,1,1,0.986486486486487,0.986486486486487,0.986486486486487,0.986486486486487,0.986486486486487,0.986486486486487,0.986486486486487,0.986486486486487,0.986486486486487,0.986486486486487,0.986486486486487,0.986486486486487,0.878378378378378,0.878378378378378,0.986486486486487,0.986486486486487,0.986486486486487,0.986486486486487,0.986486486486487,0.986486486486487,0.986486486486487,0.986486486486487,0.986486486486487,0.986486486486487,0.986486486486487,0.986486486486487,0.986486486486487,0.986486486486487,0.986486486486487,0.986486486486487,0.986486486486487,0.986486486486487,0.986486486486487,0.986486486486487,0.986486486486487,0.405405405405405,0.256756756756757,0.22972972972973,0.256756756756757,1,0.418918918918919,0.310810810810811,0.635135135135135,0.986486486486487,0.986486486486487,0.972972972972973,0.77027027027027,0.972972972972973,0.986486486486487,0.986486486486487,0.986486486486487,0.837837837837838,0.837837837837838,0.121621621621622,0.0135135135135135,0.027027027027027,0.0135135135135135,0.121621621621622,0.0135135135135135,0.148648648648649,0.0135135135135135,0.027027027027027,0.0405405405405405,0.5,0.0135135135135135,0.135135135135135,0.121621621621622,0.0135135135135135,0.0135135135135135,0.148648648648649,0.0135135135135135,0.256756756756757,0.0135135135135135,0.567567567567568,0.148648648648649,0.0135135135135135,0.148648648648649,0.0135135135135135,0.0135135135135135,0.0135135135135135,0.108108108108108,0.027027027027027,0.121621621621622,0.162162162162162,0.148648648648649,0.0135135135135135,0.148648648648649,0.0135135135135135,0.0135135135135135,0.932432432432432,0.986486486486487,0.986486486486487,0.364864864864865,0.472972972972973,0.0135135135135135,0.445945945945946,0.0405405405405405,0.635135135135135,0.364864864864865,0.472972972972973,0.472972972972973,0.364864864864865,0.472972972972973,0.0135135135135135,0.0135135135135135,0.148648648648649,0.0135135135135135,0.148648648648649,0.0135135135135135,0.0135135135135135,0.0135135135135135,0.256756756756757,0.256756756756757,0.256756756756757,0.256756756756757,0.986486486486487
"everywhere",0.986486486486487,0.986486486486487,0.986486486486487,0.986486486486487,0.986486486486487,0.932432432432432,0.986486486486487,0.986486486486487,0.851351351351351,0.851351351351351,0.878378378378378,0.986486486486487,0.986486486486487,0.986486486486487,0.986486486486487,0.986486486486487,0.932432432432432,0.986486486486487,0.689189189189189,0.689189189189189,1,1,0.986486486486487,0.986486486486487,0.986486486486487,0.986486486486487,0.986486486486487,0.986486486486487,0.986486486486487,0.986486486486487,0.986486486486487,0.986486486486487,0.986486486486487,0.986486486486487,0.878378378378378,0.878378378378378,0.986486486486487,0.986486486486487,0.986486486486487,0.986486486486487,0.986486486486487,0.986486486486487,0.986486486486487,0.986486486486487,0.986486486486487,0.986486486486487,0.986486486486487,0.986486486486487,0.986486486486487,0.986486486486487,0.986486486486487,0.986486486486487,0.986486486486487,0.986486486486487,0.986486486486487,0.986486486486487,0.986486486486487,0.405405405405405,0.256756756756757,0.22972972972973,0.256756756756757,1,0.418918918918919,0.310810810810811,0.635135135135135,0.986486486486487,0.986486486486487,0.972972972972973,0.77027027027027,0.972972972972973,0.986486486486487,0.986486486486487,0.986486486486487,0.837837837837838,0.837837837837838,0.121621621621622,0.0135135135135135,0.027027027027027,0.0135135135135135,0.121621621621622,0.0135135135135135,0.148648648648649,0.0135135135135135,0.027027027027027,0.0405405405405405,0.5,0.0135135135135135,0.135135135135135,0.121621621621622,0.0135135135135135,0.0135135135135135,0.148648648648649,0.0135135135135135,0.256756756756757,0.0135135135135135,0.567567567567568,0.148648648648649,0.0135135135135135,0.148648648648649,0.0135135135135135,0.0135135135135135,0.0135135135135135,0.108108108108108,0.027027027027027,0.121621621621622,0.162162162162162,0.148648648648649,0.0135135135135135,0.148648648648649,0.0135135135135135,0.0135135135135135,0.932432432432432,0.986486486486487,0.986486486486487,0.364864864864865,0.472972972972973,0.0135135135135135,0.445945945945946,0.0405405405405405,0.635135135135135,0.364864864864865,0.472972972972973,0.472972972972973,0.364864864864865,0.472972972972973,0.0135135135135135,0.0135135135135135,0.148648648648649,0.0135135135135135,0.148648648648649,0.0135135135135135,0.0135135135135135,0.0135135135135135,0.256756756756757,0.256756756756757,0.256756756756757,0.256756756756757,0.986486486486487
"few",1,1,1,1,1,0.945945945945946,1,1,0.837837837837838,0.837837837837838,0.864864864864865,0.972972972972973,1,1,1,1,0.945945945945946,1,0.675675675675676,0.675675675675676,0.986486486486487,0.986486486486487,1,1,1,1,1,1,1,1,1,1,1,1,0.891891891891892,0.891891891891892,1,1,1,1,1,1,1,1,1,1,1,1,1,1,1,1,1,1,1,1,1,0.391891891891892,0.243243243243243,0.216216216216216,0.243243243243243,0.986486486486487,0.405405405405405,0.297297297297297,0.648648648648649,1,1,0.986486486486487,0.783783783783784,0.986486486486487,1,1,1,0.851351351351351,0.851351351351351,0.108108108108108,0,0.0135135135135135,0,0.108108108108108,0,0.135135135135135,0,0.0135135135135135,0.027027027027027,0.486486486486487,0,0.121621621621622,0.108108108108108,0,0,0.135135135135135,0,0.243243243243243,0,0.554054054054054,0.135135135135135,0,0.135135135135135,0,0,0,0.0945945945945946,0.0135135135135135,0.108108108108108,0.148648648648649,0.135135135135135,0,0.135135135135135,0,0,0.945945945945946,1,1,0.351351351351351,0.45945945945946,0,0.432432432432432,0.027027027027027,0.621621621621622,0.351351351351351,0.45945945945946,0.45945945945946,0.351351351351351,0.45945945945946,0,0,0.135135135135135,0,0.135135135135135,0,0,0,0.243243243243243,0.243243243243243,0.243243243243243,0.243243243243243,1
"fewer",1,1,1,1,1,0.945945945945946,1,1,0.837837837837838,0.837837837837838,0.864864864864865,0.972972972972973,1,1,1,1,0.945945945945946,1,0.675675675675676,0.675675675675676,0.986486486486487,0.986486486486487,1,1,1,1,1,1,1,1,1,1,1,1,0.891891891891892,0.891891891891892,1,1,1,1,1,1,1,1,1,1,1,1,1,1,1,1,1,1,1,1,1,0.391891891891892,0.243243243243243,0.216216216216216,0.243243243243243,0.986486486486487,0.405405405405405,0.297297297297297,0.648648648648649,1,1,0.986486486486487,0.783783783783784,0.986486486486487,1,1,1,0.851351351351351,0.851351351351351,0.108108108108108,0,0.0135135135135135,0,0.108108108108108,0,0.135135135135135,0,0.0135135135135135,0.027027027027027,0.486486486486487,0,0.121621621621622,0.108108108108108,0,0,0.135135135135135,0,0.243243243243243,0,0.554054054054054,0.135135135135135,0,0.135135135135135,0,0,0,0.0945945945945946,0.0135135135135135,0.108108108108108,0.148648648648649,0.135135135135135,0,0.135135135135135,0,0,0.945945945945946,1,1,0.351351351351351,0.45945945945946,0,0.432432432432432,0.027027027027027,0.621621621621622,0.351351351351351,0.45945945945946,0.45945945945946,0.351351351351351,0.45945945945946,0,0,0.135135135135135,0,0.135135135135135,0,0,0,0.243243243243243,0.243243243243243,0.243243243243243,0.243243243243243,1
"fewest",1,1,1,1,1,0.945945945945946,1,1,0.837837837837838,0.837837837837838,0.864864864864865,0.972972972972973,1,1,1,1,0.945945945945946,1,0.675675675675676,0.675675675675676,0.986486486486487,0.986486486486487,1,1,1,1,1,1,1,1,1,1,1,1,0.891891891891892,0.891891891891892,1,1,1,1,1,1,1,1,1,1,1,1,1,1,1,1,1,1,1,1,1,0.391891891891892,0.243243243243243,0.216216216216216,0.243243243243243,0.986486486486487,0.405405405405405,0.297297297297297,0.648648648648649,1,1,0.986486486486487,0.783783783783784,0.986486486486487,1,1,1,0.851351351351351,0.851351351351351,0.108108108108108,0,0.0135135135135135,0,0.108108108108108,0,0.135135135135135,0,0.0135135135135135,0.027027027027027,0.486486486486487,0,0.121621621621622,0.108108108108108,0,0,0.135135135135135,0,0.243243243243243,0,0.554054054054054,0.135135135135135,0,0.135135135135135,0,0,0,0.0945945945945946,0.0135135135135135,0.108108108108108,0.148648648648649,0.135135135135135,0,0.135135135135135,0,0,0.945945945945946,1,1,0.351351351351351,0.45945945945946,0,0.432432432432432,0.027027027027027,0.621621621621622,0.351351351351351,0.45945945945946,0.45945945945946,0.351351351351351,0.45945945945946,0,0,0.135135135135135,0,0.135135135135135,0,0,0,0.243243243243243,0.243243243243243,0.243243243243243,0.243243243243243,1
"little",1,1,1,1,1,0.945945945945946,1,1,0.837837837837838,0.837837837837838,0.864864864864865,0.972972972972973,1,1,1,1,0.945945945945946,1,0.675675675675676,0.675675675675676,0.986486486486487,0.986486486486487,1,1,1,1,1,1,1,1,1,1,1,1,0.891891891891892,0.891891891891892,1,1,1,1,1,1,1,1,1,1,1,1,1,1,1,1,1,1,1,1,1,0.391891891891892,0.243243243243243,0.216216216216216,0.243243243243243,0.986486486486487,0.405405405405405,0.297297297297297,0.648648648648649,1,1,0.986486486486487,0.783783783783784,0.986486486486487,1,1,1,0.851351351351351,0.851351351351351,0.108108108108108,0,0.0135135135135135,0,0.108108108108108,0,0.135135135135135,0,0.0135135135135135,0.027027027027027,0.486486486486487,0,0.121621621621622,0.108108108108108,0,0,0.135135135135135,0,0.243243243243243,0,0.554054054054054,0.135135135135135,0,0.135135135135135,0,0,0,0.0945945945945946,0.0135135135135135,0.108108108108108,0.148648648648649,0.135135135135135,0,0.135135135135135,0,0,0.945945945945946,1,1,0.351351351351351,0.45945945945946,0,0.432432432432432,0.027027027027027,0.621621621621622,0.351351351351351,0.45945945945946,0.45945945945946,0.351351351351351,0.45945945945946,0,0,0.135135135135135,0,0.135135135135135,0,0,0,0.243243243243243,0.243243243243243,0.243243243243243,0.243243243243243,1
"less",1,1,1,1,1,0.945945945945946,1,1,0.837837837837838,0.837837837837838,0.864864864864865,0.972972972972973,1,1,1,1,0.945945945945946,1,0.675675675675676,0.675675675675676,0.986486486486487,0.986486486486487,1,1,1,1,1,1,1,1,1,1,1,1,0.891891891891892,0.891891891891892,1,1,1,1,1,1,1,1,1,1,1,1,1,1,1,1,1,1,1,1,1,0.391891891891892,0.243243243243243,0.216216216216216,0.243243243243243,0.986486486486487,0.405405405405405,0.297297297297297,0.648648648648649,1,1,0.986486486486487,0.783783783783784,0.986486486486487,1,1,1,0.851351351351351,0.851351351351351,0.108108108108108,0,0.0135135135135135,0,0.108108108108108,0,0.135135135135135,0,0.0135135135135135,0.027027027027027,0.486486486486487,0,0.121621621621622,0.108108108108108,0,0,0.135135135135135,0,0.243243243243243,0,0.554054054054054,0.135135135135135,0,0.135135135135135,0,0,0,0.0945945945945946,0.0135135135135135,0.108108108108108,0.148648648648649,0.135135135135135,0,0.135135135135135,0,0,0.945945945945946,1,1,0.351351351351351,0.45945945945946,0,0.432432432432432,0.027027027027027,0.621621621621622,0.351351351351351,0.45945945945946,0.45945945945946,0.351351351351351,0.45945945945946,0,0,0.135135135135135,0,0.135135135135135,0,0,0,0.243243243243243,0.243243243243243,0.243243243243243,0.243243243243243,1
"least",1,1,1,1,1,0.945945945945946,1,1,0.837837837837838,0.837837837837838,0.864864864864865,0.972972972972973,1,1,1,1,0.945945945945946,1,0.675675675675676,0.675675675675676,0.986486486486487,0.986486486486487,1,1,1,1,1,1,1,1,1,1,1,1,0.891891891891892,0.891891891891892,1,1,1,1,1,1,1,1,1,1,1,1,1,1,1,1,1,1,1,1,1,0.391891891891892,0.243243243243243,0.216216216216216,0.243243243243243,0.986486486486487,0.405405405405405,0.297297297297297,0.648648648648649,1,1,0.986486486486487,0.783783783783784,0.986486486486487,1,1,1,0.851351351351351,0.851351351351351,0.108108108108108,0,0.0135135135135135,0,0.108108108108108,0,0.135135135135135,0,0.0135135135135135,0.027027027027027,0.486486486486487,0,0.121621621621622,0.108108108108108,0,0,0.135135135135135,0,0.243243243243243,0,0.554054054054054,0.135135135135135,0,0.135135135135135,0,0,0,0.0945945945945946,0.0135135135135135,0.108108108108108,0.148648648648649,0.135135135135135,0,0.135135135135135,0,0,0.945945945945946,1,1,0.351351351351351,0.45945945945946,0,0.432432432432432,0.027027027027027,0.621621621621622,0.351351351351351,0.45945945945946,0.45945945945946,0.351351351351351,0.45945945945946,0,0,0.135135135135135,0,0.135135135135135,0,0,0,0.243243243243243,0.243243243243243,0.243243243243243,0.243243243243243,1
"many",1,1,1,1,1,0.945945945945946,1,1,0.837837837837838,0.837837837837838,0.864864864864865,0.972972972972973,1,1,1,1,0.945945945945946,1,0.675675675675676,0.675675675675676,0.986486486486487,0.986486486486487,1,1,1,1,1,1,1,1,1,1,1,1,0.891891891891892,0.891891891891892,1,1,1,1,1,1,1,1,1,1,1,1,1,1,1,1,1,1,1,1,1,0.391891891891892,0.243243243243243,0.216216216216216,0.243243243243243,0.986486486486487,0.405405405405405,0.297297297297297,0.648648648648649,1,1,0.986486486486487,0.783783783783784,0.986486486486487,1,1,1,0.851351351351351,0.851351351351351,0.108108108108108,0,0.0135135135135135,0,0.108108108108108,0,0.135135135135135,0,0.0135135135135135,0.027027027027027,0.486486486486487,0,0.121621621621622,0.108108108108108,0,0,0.135135135135135,0,0.243243243243243,0,0.554054054054054,0.135135135135135,0,0.135135135135135,0,0,0,0.0945945945945946,0.0135135135135135,0.108108108108108,0.148648648648649,0.135135135135135,0,0.135135135135135,0,0,0.945945945945946,1,1,0.351351351351351,0.45945945945946,0,0.432432432432432,0.027027027027027,0.621621621621622,0.351351351351351,0.45945945945946,0.45945945945946,0.351351351351351,0.45945945945946,0,0,0.135135135135135,0,0.135135135135135,0,0,0,0.243243243243243,0.243243243243243,0.243243243243243,0.243243243243243,1
"many_a",1,1,1,1,1,0.945945945945946,1,1,0.837837837837838,0.837837837837838,0.864864864864865,0.972972972972973,1,1,1,1,0.945945945945946,1,0.675675675675676,0.675675675675676,0.986486486486487,0.986486486486487,1,1,1,1,1,1,1,1,1,1,1,1,0.891891891891892,0.891891891891892,1,1,1,1,1,1,1,1,1,1,1,1,1,1,1,1,1,1,1,1,1,0.391891891891892,0.243243243243243,0.216216216216216,0.243243243243243,0.986486486486487,0.405405405405405,0.297297297297297,0.648648648648649,1,1,0.986486486486487,0.783783783783784,0.986486486486487,1,1,1,0.851351351351351,0.851351351351351,0.108108108108108,0,0.0135135135135135,0,0.108108108108108,0,0.135135135135135,0,0.0135135135135135,0.027027027027027,0.486486486486487,0,0.121621621621622,0.108108108108108,0,0,0.135135135135135,0,0.243243243243243,0,0.554054054054054,0.135135135135135,0,0.135135135135135,0,0,0,0.0945945945945946,0.0135135135135135,0.108108108108108,0.148648648648649,0.135135135135135,0,0.135135135135135,0,0,0.945945945945946,1,1,0.351351351351351,0.45945945945946,0,0.432432432432432,0.027027027027027,0.621621621621622,0.351351351351351,0.45945945945946,0.45945945945946,0.351351351351351,0.45945945945946,0,0,0.135135135135135,0,0.135135135135135,0,0,0,0.243243243243243,0.243243243243243,0.243243243243243,0.243243243243243,1
"more",1,1,1,1,1,0.945945945945946,1,1,0.837837837837838,0.837837837837838,0.864864864864865,0.972972972972973,1,1,1,1,0.945945945945946,1,0.675675675675676,0.675675675675676,0.986486486486487,0.986486486486487,1,1,1,1,1,1,1,1,1,1,1,1,0.891891891891892,0.891891891891892,1,1,1,1,1,1,1,1,1,1,1,1,1,1,1,1,1,1,1,1,1,0.391891891891892,0.243243243243243,0.216216216216216,0.243243243243243,0.986486486486487,0.405405405405405,0.297297297297297,0.648648648648649,1,1,0.986486486486487,0.783783783783784,0.986486486486487,1,1,1,0.851351351351351,0.851351351351351,0.108108108108108,0,0.0135135135135135,0,0.108108108108108,0,0.135135135135135,0,0.0135135135135135,0.027027027027027,0.486486486486487,0,0.121621621621622,0.108108108108108,0,0,0.135135135135135,0,0.243243243243243,0,0.554054054054054,0.135135135135135,0,0.135135135135135,0,0,0,0.0945945945945946,0.0135135135135135,0.108108108108108,0.148648648648649,0.135135135135135,0,0.135135135135135,0,0,0.945945945945946,1,1,0.351351351351351,0.45945945945946,0,0.432432432432432,0.027027027027027,0.621621621621622,0.351351351351351,0.45945945945946,0.45945945945946,0.351351351351351,0.45945945945946,0,0,0.135135135135135,0,0.135135135135135,0,0,0,0.243243243243243,0.243243243243243,0.243243243243243,0.243243243243243,1
"most",1,1,1,1,1,0.945945945945946,1,1,0.837837837837838,0.837837837837838,0.864864864864865,0.972972972972973,1,1,1,1,0.945945945945946,1,0.675675675675676,0.675675675675676,0.986486486486487,0.986486486486487,1,1,1,1,1,1,1,1,1,1,1,1,0.891891891891892,0.891891891891892,1,1,1,1,1,1,1,1,1,1,1,1,1,1,1,1,1,1,1,1,1,0.391891891891892,0.243243243243243,0.216216216216216,0.243243243243243,0.986486486486487,0.405405405405405,0.297297297297297,0.648648648648649,1,1,0.986486486486487,0.783783783783784,0.986486486486487,1,1,1,0.851351351351351,0.851351351351351,0.108108108108108,0,0.0135135135135135,0,0.108108108108108,0,0.135135135135135,0,0.0135135135135135,0.027027027027027,0.486486486486487,0,0.121621621621622,0.108108108108108,0,0,0.135135135135135,0,0.243243243243243,0,0.554054054054054,0.135135135135135,0,0.135135135135135,0,0,0,0.0945945945945946,0.0135135135135135,0.108108108108108,0.148648648648649,0.135135135135135,0,0.135135135135135,0,0,0.945945945945946,1,1,0.351351351351351,0.45945945945946,0,0.432432432432432,0.027027027027027,0.621621621621622,0.351351351351351,0.45945945945946,0.45945945945946,0.351351351351351,0.45945945945946,0,0,0.135135135135135,0,0.135135135135135,0,0,0,0.243243243243243,0.243243243243243,0.243243243243243,0.243243243243243,1
"much",1,1,1,1,1,0.945945945945946,1,1,0.837837837837838,0.837837837837838,0.864864864864865,0.972972972972973,1,1,1,1,0.945945945945946,1,0.675675675675676,0.675675675675676,0.986486486486487,0.986486486486487,1,1,1,1,1,1,1,1,1,1,1,1,0.891891891891892,0.891891891891892,1,1,1,1,1,1,1,1,1,1,1,1,1,1,1,1,1,1,1,1,1,0.391891891891892,0.243243243243243,0.216216216216216,0.243243243243243,0.986486486486487,0.405405405405405,0.297297297297297,0.648648648648649,1,1,0.986486486486487,0.783783783783784,0.986486486486487,1,1,1,0.851351351351351,0.851351351351351,0.108108108108108,0,0.0135135135135135,0,0.108108108108108,0,0.135135135135135,0,0.0135135135135135,0.027027027027027,0.486486486486487,0,0.121621621621622,0.108108108108108,0,0,0.135135135135135,0,0.243243243243243,0,0.554054054054054,0.135135135135135,0,0.135135135135135,0,0,0,0.0945945945945946,0.0135135135135135,0.108108108108108,0.148648648648649,0.135135135135135,0,0.135135135135135,0,0,0.945945945945946,1,1,0.351351351351351,0.45945945945946,0,0.432432432432432,0.027027027027027,0.621621621621622,0.351351351351351,0.45945945945946,0.45945945945946,0.351351351351351,0.45945945945946,0,0,0.135135135135135,0,0.135135135135135,0,0,0,0.243243243243243,0.243243243243243,0.243243243243243,0.243243243243243,1
"neither",1,1,1,1,1,0.945945945945946,1,1,0.837837837837838,0.837837837837838,0.864864864864865,0.972972972972973,1,1,1,1,0.945945945945946,1,0.675675675675676,0.675675675675676,0.986486486486487,0.986486486486487,1,1,1,1,1,1,1,1,1,1,1,1,0.891891891891892,0.891891891891892,1,1,1,1,1,1,1,1,1,1,1,1,1,1,1,1,1,1,1,1,1,0.391891891891892,0.243243243243243,0.216216216216216,0.243243243243243,0.986486486486487,0.405405405405405,0.297297297297297,0.648648648648649,1,1,0.986486486486487,0.783783783783784,0.986486486486487,1,1,1,0.851351351351351,0.851351351351351,0.108108108108108,0,0.0135135135135135,0,0.108108108108108,0,0.135135135135135,0,0.0135135135135135,0.027027027027027,0.486486486486487,0,0.121621621621622,0.108108108108108,0,0,0.135135135135135,0,0.243243243243243,0,0.554054054054054,0.135135135135135,0,0.135135135135135,0,0,0,0.0945945945945946,0.0135135135135135,0.108108108108108,0.148648648648649,0.135135135135135,0,0.135135135135135,0,0,0.945945945945946,1,1,0.351351351351351,0.45945945945946,0,0.432432432432432,0.027027027027027,0.621621621621622,0.351351351351351,0.45945945945946,0.45945945945946,0.351351351351351,0.45945945945946,0,0,0.135135135135135,0,0.135135135135135,0,0,0,0.243243243243243,0.243243243243243,0.243243243243243,0.243243243243243,1
"last",0.891891891891892,0.891891891891892,0.891891891891892,0.891891891891892,0.891891891891892,0.837837837837838,0.891891891891892,0.891891891891892,0.837837837837838,0.837837837837838,0.837837837837838,0.891891891891892,0.891891891891892,0.891891891891892,0.891891891891892,0.891891891891892,0.837837837837838,0.891891891891892,0.702702702702703,0.702702702702703,0.878378378378378,0.878378378378378,0.891891891891892,0.891891891891892,0.891891891891892,0.891891891891892,0.891891891891892,0.891891891891892,0.891891891891892,0.891891891891892,0.891891891891892,0.891891891891892,0.891891891891892,0.891891891891892,1,1,0.891891891891892,0.891891891891892,0.891891891891892,0.891891891891892,0.891891891891892,0.891891891891892,0.891891891891892,0.891891891891892,0.891891891891892,0.891891891891892,0.891891891891892,0.891891891891892,0.891891891891892,0.891891891891892,0.891891891891892,0.891891891891892,0.891891891891892,0.891891891891892,0.891891891891892,0.891891891891892,0.891891891891892,0.445945945945946,0.351351351351351,0.27027027027027,0.351351351351351,0.878378378378378,0.513513513513513,0.405405405405405,0.756756756756757,0.891891891891892,0.891891891891892,0.905405405405405,0.675675675675676,0.905405405405405,0.891891891891892,0.891891891891892,0.891891891891892,0.878378378378378,0.878378378378378,0.216216216216216,0.108108108108108,0.121621621621622,0.108108108108108,0.216216216216216,0.108108108108108,0.243243243243243,0.108108108108108,0.121621621621622,0.135135135135135,0.594594594594595,0.108108108108108,0.22972972972973,0.216216216216216,0.108108108108108,0.108108108108108,0.243243243243243,0.108108108108108,0.351351351351351,0.108108108108108,0.662162162162162,0.243243243243243,0.108108108108108,0.243243243243243,0.108108108108108,0.108108108108108,0.108108108108108,0.202702702702703,0.121621621621622,0.216216216216216,0.256756756756757,0.243243243243243,0.108108108108108,0.243243243243243,0.108108108108108,0.108108108108108,0.918918918918919,0.891891891891892,0.891891891891892,0.45945945945946,0.567567567567568,0.108108108108108,0.540540540540541,0.135135135135135,0.675675675675676,0.45945945945946,0.567567567567568,0.567567567567568,0.45945945945946,0.567567567567568,0.108108108108108,0.108108108108108,0.243243243243243,0.108108108108108,0.243243243243243,0.108108108108108,0.108108108108108,0.108108108108108,0.351351351351351,0.351351351351351,0.351351351351351,0.351351351351351,0.891891891891892
"next",0.891891891891892,0.891891891891892,0.891891891891892,0.891891891891892,0.891891891891892,0.837837837837838,0.891891891891892,0.891891891891892,0.837837837837838,0.837837837837838,0.837837837837838,0.891891891891892,0.891891891891892,0.891891891891892,0.891891891891892,0.891891891891892,0.837837837837838,0.891891891891892,0.702702702702703,0.702702702702703,0.878378378378378,0.878378378378378,0.891891891891892,0.891891891891892,0.891891891891892,0.891891891891892,0.891891891891892,0.891891891891892,0.891891891891892,0.891891891891892,0.891891891891892,0.891891891891892,0.891891891891892,0.891891891891892,1,1,0.891891891891892,0.891891891891892,0.891891891891892,0.891891891891892,0.891891891891892,0.891891891891892,0.891891891891892,0.891891891891892,0.891891891891892,0.891891891891892,0.891891891891892,0.891891891891892,0.891891891891892,0.891891891891892,0.891891891891892,0.891891891891892,0.891891891891892,0.891891891891892,0.891891891891892,0.891891891891892,0.891891891891892,0.445945945945946,0.351351351351351,0.27027027027027,0.351351351351351,0.878378378378378,0.513513513513513,0.405405405405405,0.756756756756757,0.891891891891892,0.891891891891892,0.905405405405405,0.675675675675676,0.905405405405405,0.891891891891892,0.891891891891892,0.891891891891892,0.878378378378378,0.878378378378378,0.216216216216216,0.108108108108108,0.121621621621622,0.108108108108108,0.216216216216216,0.108108108108108,0.243243243243243,0.108108108108108,0.121621621621622,0.135135135135135,0.594594594594595,0.108108108108108,0.22972972972973,0.216216216216216,0.108108108108108,0.108108108108108,0.243243243243243,0.108108108108108,0.351351351351351,0.108108108108108,0.662162162162162,0.243243243243243,0.108108108108108,0.243243243243243,0.108108108108108,0.108108108108108,0.108108108108108,0.202702702702703,0.121621621621622,0.216216216216216,0.256756756756757,0.243243243243243,0.108108108108108,0.243243243243243,0.108108108108108,0.108108108108108,0.918918918918919,0.891891891891892,0.891891891891892,0.45945945945946,0.567567567567568,0.108108108108108,0.540540540540541,0.135135135135135,0.675675675675676,0.45945945945946,0.567567567567568,0.567567567567568,0.45945945945946,0.567567567567568,0.108108108108108,0.108108108108108,0.243243243243243,0.108108108108108,0.243243243243243,0.108108108108108,0.108108108108108,0.108108108108108,0.351351351351351,0.351351351351351,0.351351351351351,0.351351351351351,0.891891891891892
"no",1,1,1,1,1,0.945945945945946,1,1,0.837837837837838,0.837837837837838,0.864864864864865,0.972972972972973,1,1,1,1,0.945945945945946,1,0.675675675675676,0.675675675675676,0.986486486486487,0.986486486486487,1,1,1,1,1,1,1,1,1,1,1,1,0.891891891891892,0.891891891891892,1,1,1,1,1,1,1,1,1,1,1,1,1,1,1,1,1,1,1,1,1,0.391891891891892,0.243243243243243,0.216216216216216,0.243243243243243,0.986486486486487,0.405405405405405,0.297297297297297,0.648648648648649,1,1,0.986486486486487,0.783783783783784,0.986486486486487,1,1,1,0.851351351351351,0.851351351351351,0.108108108108108,0,0.0135135135135135,0,0.108108108108108,0,0.135135135135135,0,0.0135135135135135,0.027027027027027,0.486486486486487,0,0.121621621621622,0.108108108108108,0,0,0.135135135135135,0,0.243243243243243,0,0.554054054054054,0.135135135135135,0,0.135135135135135,0,0,0,0.0945945945945946,0.0135135135135135,0.108108108108108,0.148648648648649,0.135135135135135,0,0.135135135135135,0,0,0.945945945945946,1,1,0.351351351351351,0.45945945945946,0,0.432432432432432,0.027027027027027,0.621621621621622,0.351351351351351,0.45945945945946,0.45945945945946,0.351351351351351,0.45945945945946,0,0,0.135135135135135,0,0.135135135135135,0,0,0,0.243243243243243,0.243243243243243,0.243243243243243,0.243243243243243,1
"none",1,1,1,1,1,0.945945945945946,1,1,0.837837837837838,0.837837837837838,0.864864864864865,0.972972972972973,1,1,1,1,0.945945945945946,1,0.675675675675676,0.675675675675676,0.986486486486487,0.986486486486487,1,1,1,1,1,1,1,1,1,1,1,1,0.891891891891892,0.891891891891892,1,1,1,1,1,1,1,1,1,1,1,1,1,1,1,1,1,1,1,1,1,0.391891891891892,0.243243243243243,0.216216216216216,0.243243243243243,0.986486486486487,0.405405405405405,0.297297297297297,0.648648648648649,1,1,0.986486486486487,0.783783783783784,0.986486486486487,1,1,1,0.851351351351351,0.851351351351351,0.108108108108108,0,0.0135135135135135,0,0.108108108108108,0,0.135135135135135,0,0.0135135135135135,0.027027027027027,0.486486486486487,0,0.121621621621622,0.108108108108108,0,0,0.135135135135135,0,0.243243243243243,0,0.554054054054054,0.135135135135135,0,0.135135135135135,0,0,0,0.0945945945945946,0.0135135135135135,0.108108108108108,0.148648648648649,0.135135135135135,0,0.135135135135135,0,0,0.945945945945946,1,1,0.351351351351351,0.45945945945946,0,0.432432432432432,0.027027027027027,0.621621621621622,0.351351351351351,0.45945945945946,0.45945945945946,0.351351351351351,0.45945945945946,0,0,0.135135135135135,0,0.135135135135135,0,0,0,0.243243243243243,0.243243243243243,0.243243243243243,0.243243243243243,1
"nobody",1,1,1,1,1,0.945945945945946,1,1,0.837837837837838,0.837837837837838,0.864864864864865,0.972972972972973,1,1,1,1,0.945945945945946,1,0.675675675675676,0.675675675675676,0.986486486486487,0.986486486486487,1,1,1,1,1,1,1,1,1,1,1,1,0.891891891891892,0.891891891891892,1,1,1,1,1,1,1,1,1,1,1,1,1,1,1,1,1,1,1,1,1,0.391891891891892,0.243243243243243,0.216216216216216,0.243243243243243,0.986486486486487,0.405405405405405,0.297297297297297,0.648648648648649,1,1,0.986486486486487,0.783783783783784,0.986486486486487,1,1,1,0.851351351351351,0.851351351351351,0.108108108108108,0,0.0135135135135135,0,0.108108108108108,0,0.135135135135135,0,0.0135135135135135,0.027027027027027,0.486486486486487,0,0.121621621621622,0.108108108108108,0,0,0.135135135135135,0,0.243243243243243,0,0.554054054054054,0.135135135135135,0,0.135135135135135,0,0,0,0.0945945945945946,0.0135135135135135,0.108108108108108,0.148648648648649,0.135135135135135,0,0.135135135135135,0,0,0.945945945945946,1,1,0.351351351351351,0.45945945945946,0,0.432432432432432,0.027027027027027,0.621621621621622,0.351351351351351,0.45945945945946,0.45945945945946,0.351351351351351,0.45945945945946,0,0,0.135135135135135,0,0.135135135135135,0,0,0,0.243243243243243,0.243243243243243,0.243243243243243,0.243243243243243,1
"no_one",1,1,1,1,1,0.945945945945946,1,1,0.837837837837838,0.837837837837838,0.864864864864865,0.972972972972973,1,1,1,1,0.945945945945946,1,0.675675675675676,0.675675675675676,0.986486486486487,0.986486486486487,1,1,1,1,1,1,1,1,1,1,1,1,0.891891891891892,0.891891891891892,1,1,1,1,1,1,1,1,1,1,1,1,1,1,1,1,1,1,1,1,1,0.391891891891892,0.243243243243243,0.216216216216216,0.243243243243243,0.986486486486487,0.405405405405405,0.297297297297297,0.648648648648649,1,1,0.986486486486487,0.783783783783784,0.986486486486487,1,1,1,0.851351351351351,0.851351351351351,0.108108108108108,0,0.0135135135135135,0,0.108108108108108,0,0.135135135135135,0,0.0135135135135135,0.027027027027027,0.486486486486487,0,0.121621621621622,0.108108108108108,0,0,0.135135135135135,0,0.243243243243243,0,0.554054054054054,0.135135135135135,0,0.135135135135135,0,0,0,0.0945945945945946,0.0135135135135135,0.108108108108108,0.148648648648649,0.135135135135135,0,0.135135135135135,0,0,0.945945945945946,1,1,0.351351351351351,0.45945945945946,0,0.432432432432432,0.027027027027027,0.621621621621622,0.351351351351351,0.45945945945946,0.45945945945946,0.351351351351351,0.45945945945946,0,0,0.135135135135135,0,0.135135135135135,0,0,0,0.243243243243243,0.243243243243243,0.243243243243243,0.243243243243243,1
"nothing",1,1,1,1,1,0.945945945945946,1,1,0.837837837837838,0.837837837837838,0.864864864864865,0.972972972972973,1,1,1,1,0.945945945945946,1,0.675675675675676,0.675675675675676,0.986486486486487,0.986486486486487,1,1,1,1,1,1,1,1,1,1,1,1,0.891891891891892,0.891891891891892,1,1,1,1,1,1,1,1,1,1,1,1,1,1,1,1,1,1,1,1,1,0.391891891891892,0.243243243243243,0.216216216216216,0.243243243243243,0.986486486486487,0.405405405405405,0.297297297297297,0.648648648648649,1,1,0.986486486486487,0.783783783783784,0.986486486486487,1,1,1,0.851351351351351,0.851351351351351,0.108108108108108,0,0.0135135135135135,0,0.108108108108108,0,0.135135135135135,0,0.0135135135135135,0.027027027027027,0.486486486486487,0,0.121621621621622,0.108108108108108,0,0,0.135135135135135,0,0.243243243243243,0,0.554054054054054,0.135135135135135,0,0.135135135135135,0,0,0,0.0945945945945946,0.0135135135135135,0.108108108108108,0.148648648648649,0.135135135135135,0,0.135135135135135,0,0,0.945945945945946,1,1,0.351351351351351,0.45945945945946,0,0.432432432432432,0.027027027027027,0.621621621621622,0.351351351351351,0.45945945945946,0.45945945945946,0.351351351351351,0.45945945945946,0,0,0.135135135135135,0,0.135135135135135,0,0,0,0.243243243243243,0.243243243243243,0.243243243243243,0.243243243243243,1
"nowhere",1,1,1,1,1,0.945945945945946,1,1,0.837837837837838,0.837837837837838,0.864864864864865,0.972972972972973,1,1,1,1,0.945945945945946,1,0.675675675675676,0.675675675675676,0.986486486486487,0.986486486486487,1,1,1,1,1,1,1,1,1,1,1,1,0.891891891891892,0.891891891891892,1,1,1,1,1,1,1,1,1,1,1,1,1,1,1,1,1,1,1,1,1,0.391891891891892,0.243243243243243,0.216216216216216,0.243243243243243,0.986486486486487,0.405405405405405,0.297297297297297,0.648648648648649,1,1,0.986486486486487,0.783783783783784,0.986486486486487,1,1,1,0.851351351351351,0.851351351351351,0.108108108108108,0,0.0135135135135135,0,0.108108108108108,0,0.135135135135135,0,0.0135135135135135,0.027027027027027,0.486486486486487,0,0.121621621621622,0.108108108108108,0,0,0.135135135135135,0,0.243243243243243,0,0.554054054054054,0.135135135135135,0,0.135135135135135,0,0,0,0.0945945945945946,0.0135135135135135,0.108108108108108,0.148648648648649,0.135135135135135,0,0.135135135135135,0,0,0.945945945945946,1,1,0.351351351351351,0.45945945945946,0,0.432432432432432,0.027027027027027,0.621621621621622,0.351351351351351,0.45945945945946,0.45945945945946,0.351351351351351,0.45945945945946,0,0,0.135135135135135,0,0.135135135135135,0,0,0,0.243243243243243,0.243243243243243,0.243243243243243,0.243243243243243,1
"one_det",1,1,1,1,1,0.945945945945946,1,1,0.837837837837838,0.837837837837838,0.864864864864865,0.972972972972973,1,1,1,1,0.945945945945946,1,0.675675675675676,0.675675675675676,0.986486486486487,0.986486486486487,1,1,1,1,1,1,1,1,1,1,1,1,0.891891891891892,0.891891891891892,1,1,1,1,1,1,1,1,1,1,1,1,1,1,1,1,1,1,1,1,1,0.391891891891892,0.243243243243243,0.216216216216216,0.243243243243243,0.986486486486487,0.405405405405405,0.297297297297297,0.648648648648649,1,1,0.986486486486487,0.783783783783784,0.986486486486487,1,1,1,0.851351351351351,0.851351351351351,0.108108108108108,0,0.0135135135135135,0,0.108108108108108,0,0.135135135135135,0,0.0135135135135135,0.027027027027027,0.486486486486487,0,0.121621621621622,0.108108108108108,0,0,0.135135135135135,0,0.243243243243243,0,0.554054054054054,0.135135135135135,0,0.135135135135135,0,0,0,0.0945945945945946,0.0135135135135135,0.108108108108108,0.148648648648649,0.135135135135135,0,0.135135135135135,0,0,0.945945945945946,1,1,0.351351351351351,0.45945945945946,0,0.432432432432432,0.027027027027027,0.621621621621622,0.351351351351351,0.45945945945946,0.45945945945946,0.351351351351351,0.45945945945946,0,0,0.135135135135135,0,0.135135135135135,0,0,0,0.243243243243243,0.243243243243243,0.243243243243243,0.243243243243243,1
"two_det",1,1,1,1,1,0.945945945945946,1,1,0.837837837837838,0.837837837837838,0.864864864864865,0.972972972972973,1,1,1,1,0.945945945945946,1,0.675675675675676,0.675675675675676,0.986486486486487,0.986486486486487,1,1,1,1,1,1,1,1,1,1,1,1,0.891891891891892,0.891891891891892,1,1,1,1,1,1,1,1,1,1,1,1,1,1,1,1,1,1,1,1,1,0.391891891891892,0.243243243243243,0.216216216216216,0.243243243243243,0.986486486486487,0.405405405405405,0.297297297297297,0.648648648648649,1,1,0.986486486486487,0.783783783783784,0.986486486486487,1,1,1,0.851351351351351,0.851351351351351,0.108108108108108,0,0.0135135135135135,0,0.108108108108108,0,0.135135135135135,0,0.0135135135135135,0.027027027027027,0.486486486486487,0,0.121621621621622,0.108108108108108,0,0,0.135135135135135,0,0.243243243243243,0,0.554054054054054,0.135135135135135,0,0.135135135135135,0,0,0,0.0945945945945946,0.0135135135135135,0.108108108108108,0.148648648648649,0.135135135135135,0,0.135135135135135,0,0,0.945945945945946,1,1,0.351351351351351,0.45945945945946,0,0.432432432432432,0.027027027027027,0.621621621621622,0.351351351351351,0.45945945945946,0.45945945945946,0.351351351351351,0.45945945945946,0,0,0.135135135135135,0,0.135135135135135,0,0,0,0.243243243243243,0.243243243243243,0.243243243243243,0.243243243243243,1
"three_det",1,1,1,1,1,0.945945945945946,1,1,0.837837837837838,0.837837837837838,0.864864864864865,0.972972972972973,1,1,1,1,0.945945945945946,1,0.675675675675676,0.675675675675676,0.986486486486487,0.986486486486487,1,1,1,1,1,1,1,1,1,1,1,1,0.891891891891892,0.891891891891892,1,1,1,1,1,1,1,1,1,1,1,1,1,1,1,1,1,1,1,1,1,0.391891891891892,0.243243243243243,0.216216216216216,0.243243243243243,0.986486486486487,0.405405405405405,0.297297297297297,0.648648648648649,1,1,0.986486486486487,0.783783783783784,0.986486486486487,1,1,1,0.851351351351351,0.851351351351351,0.108108108108108,0,0.0135135135135135,0,0.108108108108108,0,0.135135135135135,0,0.0135135135135135,0.027027027027027,0.486486486486487,0,0.121621621621622,0.108108108108108,0,0,0.135135135135135,0,0.243243243243243,0,0.554054054054054,0.135135135135135,0,0.135135135135135,0,0,0,0.0945945945945946,0.0135135135135135,0.108108108108108,0.148648648648649,0.135135135135135,0,0.135135135135135,0,0,0.945945945945946,1,1,0.351351351351351,0.45945945945946,0,0.432432432432432,0.027027027027027,0.621621621621622,0.351351351351351,0.45945945945946,0.45945945945946,0.351351351351351,0.45945945945946,0,0,0.135135135135135,0,0.135135135135135,0,0,0,0.243243243243243,0.243243243243243,0.243243243243243,0.243243243243243,1
"once",1,1,1,1,1,0.945945945945946,1,1,0.837837837837838,0.837837837837838,0.864864864864865,0.972972972972973,1,1,1,1,0.945945945945946,1,0.675675675675676,0.675675675675676,0.986486486486487,0.986486486486487,1,1,1,1,1,1,1,1,1,1,1,1,0.891891891891892,0.891891891891892,1,1,1,1,1,1,1,1,1,1,1,1,1,1,1,1,1,1,1,1,1,0.391891891891892,0.243243243243243,0.216216216216216,0.243243243243243,0.986486486486487,0.405405405405405,0.297297297297297,0.648648648648649,1,1,0.986486486486487,0.783783783783784,0.986486486486487,1,1,1,0.851351351351351,0.851351351351351,0.108108108108108,0,0.0135135135135135,0,0.108108108108108,0,0.135135135135135,0,0.0135135135135135,0.027027027027027,0.486486486486487,0,0.121621621621622,0.108108108108108,0,0,0.135135135135135,0,0.243243243243243,0,0.554054054054054,0.135135135135135,0,0.135135135135135,0,0,0,0.0945945945945946,0.0135135135135135,0.108108108108108,0.148648648648649,0.135135135135135,0,0.135135135135135,0,0,0.945945945945946,1,1,0.351351351351351,0.45945945945946,0,0.432432432432432,0.027027027027027,0.621621621621622,0.351351351351351,0.45945945945946,0.45945945945946,0.351351351351351,0.45945945945946,0,0,0.135135135135135,0,0.135135135135135,0,0,0,0.243243243243243,0.243243243243243,0.243243243243243,0.243243243243243,1
"twice",1,1,1,1,1,0.945945945945946,1,1,0.837837837837838,0.837837837837838,0.864864864864865,0.972972972972973,1,1,1,1,0.945945945945946,1,0.675675675675676,0.675675675675676,0.986486486486487,0.986486486486487,1,1,1,1,1,1,1,1,1,1,1,1,0.891891891891892,0.891891891891892,1,1,1,1,1,1,1,1,1,1,1,1,1,1,1,1,1,1,1,1,1,0.391891891891892,0.243243243243243,0.216216216216216,0.243243243243243,0.986486486486487,0.405405405405405,0.297297297297297,0.648648648648649,1,1,0.986486486486487,0.783783783783784,0.986486486486487,1,1,1,0.851351351351351,0.851351351351351,0.108108108108108,0,0.0135135135135135,0,0.108108108108108,0,0.135135135135135,0,0.0135135135135135,0.027027027027027,0.486486486486487,0,0.121621621621622,0.108108108108108,0,0,0.135135135135135,0,0.243243243243243,0,0.554054054054054,0.135135135135135,0,0.135135135135135,0,0,0,0.0945945945945946,0.0135135135135135,0.108108108108108,0.148648648648649,0.135135135135135,0,0.135135135135135,0,0,0.945945945945946,1,1,0.351351351351351,0.45945945945946,0,0.432432432432432,0.027027027027027,0.621621621621622,0.351351351351351,0.45945945945946,0.45945945945946,0.351351351351351,0.45945945945946,0,0,0.135135135135135,0,0.135135135135135,0,0,0,0.243243243243243,0.243243243243243,0.243243243243243,0.243243243243243,1
"thrice",1,1,1,1,1,0.945945945945946,1,1,0.837837837837838,0.837837837837838,0.864864864864865,0.972972972972973,1,1,1,1,0.945945945945946,1,0.675675675675676,0.675675675675676,0.986486486486487,0.986486486486487,1,1,1,1,1,1,1,1,1,1,1,1,0.891891891891892,0.891891891891892,1,1,1,1,1,1,1,1,1,1,1,1,1,1,1,1,1,1,1,1,1,0.391891891891892,0.243243243243243,0.216216216216216,0.243243243243243,0.986486486486487,0.405405405405405,0.297297297297297,0.648648648648649,1,1,0.986486486486487,0.783783783783784,0.986486486486487,1,1,1,0.851351351351351,0.851351351351351,0.108108108108108,0,0.0135135135135135,0,0.108108108108108,0,0.135135135135135,0,0.0135135135135135,0.027027027027027,0.486486486486487,0,0.121621621621622,0.108108108108108,0,0,0.135135135135135,0,0.243243243243243,0,0.554054054054054,0.135135135135135,0,0.135135135135135,0,0,0,0.0945945945945946,0.0135135135135135,0.108108108108108,0.148648648648649,0.135135135135135,0,0.135135135135135,0,0,0.945945945945946,1,1,0.351351351351351,0.45945945945946,0,0.432432432432432,0.027027027027027,0.621621621621622,0.351351351351351,0.45945945945946,0.45945945945946,0.351351351351351,0.45945945945946,0,0,0.135135135135135,0,0.135135135135135,0,0,0,0.243243243243243,0.243243243243243,0.243243243243243,0.243243243243243,1
"several",1,1,1,1,1,0.945945945945946,1,1,0.837837837837838,0.837837837837838,0.864864864864865,0.972972972972973,1,1,1,1,0.945945945945946,1,0.675675675675676,0.675675675675676,0.986486486486487,0.986486486486487,1,1,1,1,1,1,1,1,1,1,1,1,0.891891891891892,0.891891891891892,1,1,1,1,1,1,1,1,1,1,1,1,1,1,1,1,1,1,1,1,1,0.391891891891892,0.243243243243243,0.216216216216216,0.243243243243243,0.986486486486487,0.405405405405405,0.297297297297297,0.648648648648649,1,1,0.986486486486487,0.783783783783784,0.986486486486487,1,1,1,0.851351351351351,0.851351351351351,0.108108108108108,0,0.0135135135135135,0,0.108108108108108,0,0.135135135135135,0,0.0135135135135135,0.027027027027027,0.486486486486487,0,0.121621621621622,0.108108108108108,0,0,0.135135135135135,0,0.243243243243243,0,0.554054054054054,0.135135135135135,0,0.135135135135135,0,0,0,0.0945945945945946,0.0135135135135135,0.108108108108108,0.148648648648649,0.135135135135135,0,0.135135135135135,0,0,0.945945945945946,1,1,0.351351351351351,0.45945945945946,0,0.432432432432432,0.027027027027027,0.621621621621622,0.351351351351351,0.45945945945946,0.45945945945946,0.351351351351351,0.45945945945946,0,0,0.135135135135135,0,0.135135135135135,0,0,0,0.243243243243243,0.243243243243243,0.243243243243243,0.243243243243243,1
"some",1,1,1,1,1,0.945945945945946,1,1,0.837837837837838,0.837837837837838,0.864864864864865,0.972972972972973,1,1,1,1,0.945945945945946,1,0.675675675675676,0.675675675675676,0.986486486486487,0.986486486486487,1,1,1,1,1,1,1,1,1,1,1,1,0.891891891891892,0.891891891891892,1,1,1,1,1,1,1,1,1,1,1,1,1,1,1,1,1,1,1,1,1,0.391891891891892,0.243243243243243,0.216216216216216,0.243243243243243,0.986486486486487,0.405405405405405,0.297297297297297,0.648648648648649,1,1,0.986486486486487,0.783783783783784,0.986486486486487,1,1,1,0.851351351351351,0.851351351351351,0.108108108108108,0,0.0135135135135135,0,0.108108108108108,0,0.135135135135135,0,0.0135135135135135,0.027027027027027,0.486486486486487,0,0.121621621621622,0.108108108108108,0,0,0.135135135135135,0,0.243243243243243,0,0.554054054054054,0.135135135135135,0,0.135135135135135,0,0,0,0.0945945945945946,0.0135135135135135,0.108108108108108,0.148648648648649,0.135135135135135,0,0.135135135135135,0,0,0.945945945945946,1,1,0.351351351351351,0.45945945945946,0,0.432432432432432,0.027027027027027,0.621621621621622,0.351351351351351,0.45945945945946,0.45945945945946,0.351351351351351,0.45945945945946,0,0,0.135135135135135,0,0.135135135135135,0,0,0,0.243243243243243,0.243243243243243,0.243243243243243,0.243243243243243,1
"somebody",1,1,1,1,1,0.945945945945946,1,1,0.837837837837838,0.837837837837838,0.864864864864865,0.972972972972973,1,1,1,1,0.945945945945946,1,0.675675675675676,0.675675675675676,0.986486486486487,0.986486486486487,1,1,1,1,1,1,1,1,1,1,1,1,0.891891891891892,0.891891891891892,1,1,1,1,1,1,1,1,1,1,1,1,1,1,1,1,1,1,1,1,1,0.391891891891892,0.243243243243243,0.216216216216216,0.243243243243243,0.986486486486487,0.405405405405405,0.297297297297297,0.648648648648649,1,1,0.986486486486487,0.783783783783784,0.986486486486487,1,1,1,0.851351351351351,0.851351351351351,0.108108108108108,0,0.0135135135135135,0,0.108108108108108,0,0.135135135135135,0,0.0135135135135135,0.027027027027027,0.486486486486487,0,0.121621621621622,0.108108108108108,0,0,0.135135135135135,0,0.243243243243243,0,0.554054054054054,0.135135135135135,0,0.135135135135135,0,0,0,0.0945945945945946,0.0135135135135135,0.108108108108108,0.148648648648649,0.135135135135135,0,0.135135135135135,0,0,0.945945945945946,1,1,0.351351351351351,0.45945945945946,0,0.432432432432432,0.027027027027027,0.621621621621622,0.351351351351351,0.45945945945946,0.45945945945946,0.351351351351351,0.45945945945946,0,0,0.135135135135135,0,0.135135135135135,0,0,0,0.243243243243243,0.243243243243243,0.243243243243243,0.243243243243243,1
"someone",1,1,1,1,1,0.945945945945946,1,1,0.837837837837838,0.837837837837838,0.864864864864865,0.972972972972973,1,1,1,1,0.945945945945946,1,0.675675675675676,0.675675675675676,0.986486486486487,0.986486486486487,1,1,1,1,1,1,1,1,1,1,1,1,0.891891891891892,0.891891891891892,1,1,1,1,1,1,1,1,1,1,1,1,1,1,1,1,1,1,1,1,1,0.391891891891892,0.243243243243243,0.216216216216216,0.243243243243243,0.986486486486487,0.405405405405405,0.297297297297297,0.648648648648649,1,1,0.986486486486487,0.783783783783784,0.986486486486487,1,1,1,0.851351351351351,0.851351351351351,0.108108108108108,0,0.0135135135135135,0,0.108108108108108,0,0.135135135135135,0,0.0135135135135135,0.027027027027027,0.486486486486487,0,0.121621621621622,0.108108108108108,0,0,0.135135135135135,0,0.243243243243243,0,0.554054054054054,0.135135135135135,0,0.135135135135135,0,0,0,0.0945945945945946,0.0135135135135135,0.108108108108108,0.148648648648649,0.135135135135135,0,0.135135135135135,0,0,0.945945945945946,1,1,0.351351351351351,0.45945945945946,0,0.432432432432432,0.027027027027027,0.621621621621622,0.351351351351351,0.45945945945946,0.45945945945946,0.351351351351351,0.45945945945946,0,0,0.135135135135135,0,0.135135135135135,0,0,0,0.243243243243243,0.243243243243243,0.243243243243243,0.243243243243243,1
"something",1,1,1,1,1,0.945945945945946,1,1,0.837837837837838,0.837837837837838,0.864864864864865,0.972972972972973,1,1,1,1,0.945945945945946,1,0.675675675675676,0.675675675675676,0.986486486486487,0.986486486486487,1,1,1,1,1,1,1,1,1,1,1,1,0.891891891891892,0.891891891891892,1,1,1,1,1,1,1,1,1,1,1,1,1,1,1,1,1,1,1,1,1,0.391891891891892,0.243243243243243,0.216216216216216,0.243243243243243,0.986486486486487,0.405405405405405,0.297297297297297,0.648648648648649,1,1,0.986486486486487,0.783783783783784,0.986486486486487,1,1,1,0.851351351351351,0.851351351351351,0.108108108108108,0,0.0135135135135135,0,0.108108108108108,0,0.135135135135135,0,0.0135135135135135,0.027027027027027,0.486486486486487,0,0.121621621621622,0.108108108108108,0,0,0.135135135135135,0,0.243243243243243,0,0.554054054054054,0.135135135135135,0,0.135135135135135,0,0,0,0.0945945945945946,0.0135135135135135,0.108108108108108,0.148648648648649,0.135135135135135,0,0.135135135135135,0,0,0.945945945945946,1,1,0.351351351351351,0.45945945945946,0,0.432432432432432,0.027027027027027,0.621621621621622,0.351351351351351,0.45945945945946,0.45945945945946,0.351351351351351,0.45945945945946,0,0,0.135135135135135,0,0.135135135135135,0,0,0,0.243243243243243,0.243243243243243,0.243243243243243,0.243243243243243,1
"somewhere",1,1,1,1,1,0.945945945945946,1,1,0.837837837837838,0.837837837837838,0.864864864864865,0.972972972972973,1,1,1,1,0.945945945945946,1,0.675675675675676,0.675675675675676,0.986486486486487,0.986486486486487,1,1,1,1,1,1,1,1,1,1,1,1,0.891891891891892,0.891891891891892,1,1,1,1,1,1,1,1,1,1,1,1,1,1,1,1,1,1,1,1,1,0.391891891891892,0.243243243243243,0.216216216216216,0.243243243243243,0.986486486486487,0.405405405405405,0.297297297297297,0.648648648648649,1,1,0.986486486486487,0.783783783783784,0.986486486486487,1,1,1,0.851351351351351,0.851351351351351,0.108108108108108,0,0.0135135135135135,0,0.108108108108108,0,0.135135135135135,0,0.0135135135135135,0.027027027027027,0.486486486486487,0,0.121621621621622,0.108108108108108,0,0,0.135135135135135,0,0.243243243243243,0,0.554054054054054,0.135135135135135,0,0.135135135135135,0,0,0,0.0945945945945946,0.0135135135135135,0.108108108108108,0.148648648648649,0.135135135135135,0,0.135135135135135,0,0,0.945945945945946,1,1,0.351351351351351,0.45945945945946,0,0.432432432432432,0.027027027027027,0.621621621621622,0.351351351351351,0.45945945945946,0.45945945945946,0.351351351351351,0.45945945945946,0,0,0.135135135135135,0,0.135135135135135,0,0,0,0.243243243243243,0.243243243243243,0.243243243243243,0.243243243243243,1
"somewhat",1,1,1,1,1,0.945945945945946,1,1,0.837837837837838,0.837837837837838,0.864864864864865,0.972972972972973,1,1,1,1,0.945945945945946,1,0.675675675675676,0.675675675675676,0.986486486486487,0.986486486486487,1,1,1,1,1,1,1,1,1,1,1,1,0.891891891891892,0.891891891891892,1,1,1,1,1,1,1,1,1,1,1,1,1,1,1,1,1,1,1,1,1,0.391891891891892,0.243243243243243,0.216216216216216,0.243243243243243,0.986486486486487,0.405405405405405,0.297297297297297,0.648648648648649,1,1,0.986486486486487,0.783783783783784,0.986486486486487,1,1,1,0.851351351351351,0.851351351351351,0.108108108108108,0,0.0135135135135135,0,0.108108108108108,0,0.135135135135135,0,0.0135135135135135,0.027027027027027,0.486486486486487,0,0.121621621621622,0.108108108108108,0,0,0.135135135135135,0,0.243243243243243,0,0.554054054054054,0.135135135135135,0,0.135135135135135,0,0,0,0.0945945945945946,0.0135135135135135,0.108108108108108,0.148648648648649,0.135135135135135,0,0.135135135135135,0,0,0.945945945945946,1,1,0.351351351351351,0.45945945945946,0,0.432432432432432,0.027027027027027,0.621621621621622,0.351351351351351,0.45945945945946,0.45945945945946,0.351351351351351,0.45945945945946,0,0,0.135135135135135,0,0.135135135135135,0,0,0,0.243243243243243,0.243243243243243,0.243243243243243,0.243243243243243,1
"such",1,1,1,1,1,0.945945945945946,1,1,0.837837837837838,0.837837837837838,0.864864864864865,0.972972972972973,1,1,1,1,0.945945945945946,1,0.675675675675676,0.675675675675676,0.986486486486487,0.986486486486487,1,1,1,1,1,1,1,1,1,1,1,1,0.891891891891892,0.891891891891892,1,1,1,1,1,1,1,1,1,1,1,1,1,1,1,1,1,1,1,1,1,0.391891891891892,0.243243243243243,0.216216216216216,0.243243243243243,0.986486486486487,0.405405405405405,0.297297297297297,0.648648648648649,1,1,0.986486486486487,0.783783783783784,0.986486486486487,1,1,1,0.851351351351351,0.851351351351351,0.108108108108108,0,0.0135135135135135,0,0.108108108108108,0,0.135135135135135,0,0.0135135135135135,0.027027027027027,0.486486486486487,0,0.121621621621622,0.108108108108108,0,0,0.135135135135135,0,0.243243243243243,0,0.554054054054054,0.135135135135135,0,0.135135135135135,0,0,0,0.0945945945945946,0.0135135135135135,0.108108108108108,0.148648648648649,0.135135135135135,0,0.135135135135135,0,0,0.945945945945946,1,1,0.351351351351351,0.45945945945946,0,0.432432432432432,0.027027027027027,0.621621621621622,0.351351351351351,0.45945945945946,0.45945945945946,0.351351351351351,0.45945945945946,0,0,0.135135135135135,0,0.135135135135135,0,0,0,0.243243243243243,0.243243243243243,0.243243243243243,0.243243243243243,1
"sufficient",1,1,1,1,1,0.945945945945946,1,1,0.837837837837838,0.837837837837838,0.864864864864865,0.972972972972973,1,1,1,1,0.945945945945946,1,0.675675675675676,0.675675675675676,0.986486486486487,0.986486486486487,1,1,1,1,1,1,1,1,1,1,1,1,0.891891891891892,0.891891891891892,1,1,1,1,1,1,1,1,1,1,1,1,1,1,1,1,1,1,1,1,1,0.391891891891892,0.243243243243243,0.216216216216216,0.243243243243243,0.986486486486487,0.405405405405405,0.297297297297297,0.648648648648649,1,1,0.986486486486487,0.783783783783784,0.986486486486487,1,1,1,0.851351351351351,0.851351351351351,0.108108108108108,0,0.0135135135135135,0,0.108108108108108,0,0.135135135135135,0,0.0135135135135135,0.027027027027027,0.486486486486487,0,0.121621621621622,0.108108108108108,0,0,0.135135135135135,0,0.243243243243243,0,0.554054054054054,0.135135135135135,0,0.135135135135135,0,0,0,0.0945945945945946,0.0135135135135135,0.108108108108108,0.148648648648649,0.135135135135135,0,0.135135135135135,0,0,0.945945945945946,1,1,0.351351351351351,0.45945945945946,0,0.432432432432432,0.027027027027027,0.621621621621622,0.351351351351351,0.45945945945946,0.45945945945946,0.351351351351351,0.45945945945946,0,0,0.135135135135135,0,0.135135135135135,0,0,0,0.243243243243243,0.243243243243243,0.243243243243243,0.243243243243243,1
"that",0.391891891891892,0.391891891891892,0.391891891891892,0.391891891891892,0.391891891891892,0.418918918918919,0.391891891891892,0.391891891891892,0.445945945945946,0.445945945945946,0.445945945945946,0.418918918918919,0.391891891891892,0.391891891891892,0.391891891891892,0.391891891891892,0.391891891891892,0.391891891891892,0.418918918918919,0.418918918918919,0.405405405405405,0.405405405405405,0.391891891891892,0.391891891891892,0.391891891891892,0.391891891891892,0.391891891891892,0.391891891891892,0.391891891891892,0.391891891891892,0.391891891891892,0.391891891891892,0.391891891891892,0.391891891891892,0.445945945945946,0.445945945945946,0.391891891891892,0.391891891891892,0.391891891891892,0.391891891891892,0.391891891891892,0.391891891891892,0.391891891891892,0.391891891891892,0.391891891891892,0.391891891891892,0.391891891891892,0.391891891891892,0.391891891891892,0.391891891891892,0.391891891891892,0.391891891891892,0.391891891891892,0.391891891891892,0.391891891891892,0.391891891891892,0.391891891891892,1,0.743243243243243,0.77027027027027,0.743243243243243,0.405405405405405,0.527027027027027,0.418918918918919,0.527027027027027,0.391891891891892,0.391891891891892,0.405405405405405,0.608108108108108,0.405405405405405,0.391891891891892,0.391891891891892,0.391891891891892,0.432432432432432,0.432432432432432,0.527027027027027,0.608108108108108,0.621621621621622,0.608108108108108,0.527027027027027,0.608108108108108,0.472972972972973,0.608108108108108,0.621621621621622,0.608108108108108,0.472972972972973,0.608108108108108,0.675675675675676,0.527027027027027,0.608108108108108,0.608108108108108,0.472972972972973,0.608108108108108,0.716216216216216,0.608108108108108,0.405405405405405,0.472972972972973,0.608108108108108,0.472972972972973,0.608108108108108,0.608108108108108,0.608108108108108,0.648648648648649,0.621621621621622,0.527027027027027,0.486486486486487,0.472972972972973,0.608108108108108,0.472972972972973,0.608108108108108,0.608108108108108,0.418918918918919,0.391891891891892,0.391891891891892,0.391891891891892,0.418918918918919,0.608108108108108,0.445945945945946,0.581081081081081,0.472972972972973,0.5,0.391891891891892,0.391891891891892,0.5,0.391891891891892,0.608108108108108,0.608108108108108,0.472972972972973,0.608108108108108,0.472972972972973,0.608108108108108,0.608108108108108,0.608108108108108,0.689189189189189,0.689189189189189,0.689189189189189,0.689189189189189,0.391891891891892
"these",0.243243243243243,0.243243243243243,0.243243243243243,0.243243243243243,0.243243243243243,0.297297297297297,0.243243243243243,0.243243243243243,0.351351351351351,0.351351351351351,0.324324324324324,0.27027027027027,0.243243243243243,0.243243243243243,0.243243243243243,0.243243243243243,0.297297297297297,0.243243243243243,0.513513513513513,0.513513513513513,0.256756756756757,0.256756756756757,0.243243243243243,0.243243243243243,0.243243243243243,0.243243243243243,0.243243243243243,0.243243243243243,0.243243243243243,0.243243243243243,0.243243243243243,0.243243243243243,0.243243243243243,0.243243243243243,0.351351351351351,0.351351351351351,0.243243243243243,0.243243243243243,0.243243243243243,0.243243243243243,0.243243243243243,0.243243243243243,0.243243243243243,0.243243243243243,0.243243243243243,0.243243243243243,0.243243243243243,0.243243243243243,0.243243243243243,0.243243243243243,0.243243243243243,0.243243243243243,0.243243243243243,0.243243243243243,0.243243243243243,0.243243243243243,0.243243243243243,0.743243243243243,1,0.702702702702703,1,0.256756756756757,0.72972972972973,0.621621621621622,0.540540540540541,0.243243243243243,0.243243243243243,0.256756756756757,0.45945945945946,0.256756756756757,0.243243243243243,0.243243243243243,0.243243243243243,0.391891891891892,0.391891891891892,0.648648648648649,0.756756756756757,0.743243243243243,0.756756756756757,0.648648648648649,0.756756756756757,0.621621621621622,0.756756756756757,0.743243243243243,0.72972972972973,0.432432432432432,0.756756756756757,0.635135135135135,0.648648648648649,0.756756756756757,0.756756756756757,0.621621621621622,0.756756756756757,0.675675675675676,0.756756756756757,0.364864864864865,0.621621621621622,0.756756756756757,0.621621621621622,0.756756756756757,0.756756756756757,0.756756756756757,0.662162162162162,0.743243243243243,0.648648648648649,0.608108108108108,0.621621621621622,0.756756756756757,0.621621621621622,0.756756756756757,0.756756756756757,0.297297297297297,0.243243243243243,0.243243243243243,0.405405405405405,0.405405405405405,0.756756756756757,0.432432432432432,0.783783783783784,0.45945945945946,0.405405405405405,0.405405405405405,0.405405405405405,0.405405405405405,0.405405405405405,0.756756756756757,0.756756756756757,0.621621621621622,0.756756756756757,0.621621621621622,0.756756756756757,0.756756756756757,0.756756756756757,0.567567567567568,0.567567567567568,0.567567567567568,0.567567567567568,0.243243243243243
"this",0.216216216216216,0.216216216216216,0.216216216216216,0.216216216216216,0.216216216216216,0.27027027027027,0.216216216216216,0.216216216216216,0.216216216216216,0.216216216216216,0.27027027027027,0.243243243243243,0.216216216216216,0.216216216216216,0.216216216216216,0.216216216216216,0.216216216216216,0.216216216216216,0.216216216216216,0.216216216216216,0.22972972972973,0.22972972972973,0.216216216216216,0.216216216216216,0.216216216216216,0.216216216216216,0.216216216216216,0.216216216216216,0.216216216216216,0.216216216216216,0.216216216216216,0.216216216216216,0.216216216216216,0.216216216216216,0.27027027027027,0.27027027027027,0.216216216216216,0.216216216216216,0.216216216216216,0.216216216216216,0.216216216216216,0.216216216216216,0.216216216216216,0.216216216216216,0.216216216216216,0.216216216216216,0.216216216216216,0.216216216216216,0.216216216216216,0.216216216216216,0.216216216216216,0.216216216216216,0.216216216216216,0.216216216216216,0.216216216216216,0.216216216216216,0.216216216216216,0.77027027027027,0.702702702702703,1,0.702702702702703,0.22972972972973,0.486486486486487,0.594594594594595,0.324324324324324,0.216216216216216,0.216216216216216,0.22972972972973,0.432432432432432,0.22972972972973,0.216216216216216,0.216216216216216,0.216216216216216,0.256756756756757,0.256756756756757,0.675675675675676,0.783783783783784,0.77027027027027,0.783783783783784,0.675675675675676,0.783783783783784,0.648648648648649,0.783783783783784,0.77027027027027,0.756756756756757,0.45945945945946,0.783783783783784,0.662162162162162,0.675675675675676,0.783783783783784,0.783783783783784,0.648648648648649,0.783783783783784,0.702702702702703,0.783783783783784,0.391891891891892,0.648648648648649,0.783783783783784,0.648648648648649,0.783783783783784,0.783783783783784,0.783783783783784,0.689189189189189,0.77027027027027,0.675675675675676,0.635135135135135,0.648648648648649,0.783783783783784,0.648648648648649,0.783783783783784,0.783783783783784,0.243243243243243,0.216216216216216,0.216216216216216,0.432432432432432,0.405405405405405,0.783783783783784,0.432432432432432,0.756756756756757,0.243243243243243,0.486486486486487,0.378378378378378,0.378378378378378,0.486486486486487,0.378378378378378,0.783783783783784,0.783783783783784,0.648648648648649,0.783783783783784,0.648648648648649,0.783783783783784,0.783783783783784,0.783783783783784,0.675675675675676,0.675675675675676,0.675675675675676,0.675675675675676,0.216216216216216
"those",0.243243243243243,0.243243243243243,0.243243243243243,0.243243243243243,0.243243243243243,0.297297297297297,0.243243243243243,0.243243243243243,0.351351351351351,0.351351351351351,0.324324324324324,0.27027027027027,0.243243243243243,0.243243243243243,0.243243243243243,0.243243243243243,0.297297297297297,0.243243243243243,0.513513513513513,0.513513513513513,0.256756756756757,0.256756756756757,0.243243243243243,0.243243243243243,0.243243243243243,0.243243243243243,0.243243243243243,0.243243243243243,0.243243243243243,0.243243243243243,0.243243243243243,0.243243243243243,0.243243243243243,0.243243243243243,0.351351351351351,0.351351351351351,0.243243243243243,0.243243243243243,0.243243243243243,0.243243243243243,0.243243243243243,0.243243243243243,0.243243243243243,0.243243243243243,0.243243243243243,0.243243243243243,0.243243243243243,0.243243243243243,0.243243243243243,0.243243243243243,0.243243243243243,0.243243243243243,0.243243243243243,0.243243243243243,0.243243243243243,0.243243243243243,0.243243243243243,0.743243243243243,1,0.702702702702703,1,0.256756756756757,0.72972972972973,0.621621621621622,0.540540540540541,0.243243243243243,0.243243243243243,0.256756756756757,0.45945945945946,0.256756756756757,0.243243243243243,0.243243243243243,0.243243243243243,0.391891891891892,0.391891891891892,0.648648648648649,0.756756756756757,0.743243243243243,0.756756756756757,0.648648648648649,0.756756756756757,0.621621621621622,0.756756756756757,0.743243243243243,0.72972972972973,0.432432432432432,0.756756756756757,0.635135135135135,0.648648648648649,0.756756756756757,0.756756756756757,0.621621621621622,0.756756756756757,0.675675675675676,0.756756756756757,0.364864864864865,0.621621621621622,0.756756756756757,0.621621621621622,0.756756756756757,0.756756756756757,0.756756756756757,0.662162162162162,0.743243243243243,0.648648648648649,0.608108108108108,0.621621621621622,0.756756756756757,0.621621621621622,0.756756756756757,0.756756756756757,0.297297297297297,0.243243243243243,0.243243243243243,0.405405405405405,0.405405405405405,0.756756756756757,0.432432432432432,0.783783783783784,0.45945945945946,0.405405405405405,0.405405405405405,0.405405405405405,0.405405405405405,0.405405405405405,0.756756756756757,0.756756756756757,0.621621621621622,0.756756756756757,0.621621621621622,0.756756756756757,0.756756756756757,0.756756756756757,0.567567567567568,0.567567567567568,0.567567567567568,0.567567567567568,0.243243243243243
"the",0.986486486486487,0.986486486486487,0.986486486486487,0.986486486486487,0.986486486486487,0.932432432432432,0.986486486486487,0.986486486486487,0.851351351351351,0.851351351351351,0.878378378378378,0.986486486486487,0.986486486486487,0.986486486486487,0.986486486486487,0.986486486486487,0.932432432432432,0.986486486486487,0.689189189189189,0.689189189189189,1,1,0.986486486486487,0.986486486486487,0.986486486486487,0.986486486486487,0.986486486486487,0.986486486486487,0.986486486486487,0.986486486486487,0.986486486486487,0.986486486486487,0.986486486486487,0.986486486486487,0.878378378378378,0.878378378378378,0.986486486486487,0.986486486486487,0.986486486486487,0.986486486486487,0.986486486486487,0.986486486486487,0.986486486486487,0.986486486486487,0.986486486486487,0.986486486486487,0.986486486486487,0.986486486486487,0.986486486486487,0.986486486486487,0.986486486486487,0.986486486486487,0.986486486486487,0.986486486486487,0.986486486486487,0.986486486486487,0.986486486486487,0.405405405405405,0.256756756756757,0.22972972972973,0.256756756756757,1,0.418918918918919,0.310810810810811,0.635135135135135,0.986486486486487,0.986486486486487,0.972972972972973,0.77027027027027,0.972972972972973,0.986486486486487,0.986486486486487,0.986486486486487,0.837837837837838,0.837837837837838,0.121621621621622,0.0135135135135135,0.027027027027027,0.0135135135135135,0.121621621621622,0.0135135135135135,0.148648648648649,0.0135135135135135,0.027027027027027,0.0405405405405405,0.5,0.0135135135135135,0.135135135135135,0.121621621621622,0.0135135135135135,0.0135135135135135,0.148648648648649,0.0135135135135135,0.256756756756757,0.0135135135135135,0.567567567567568,0.148648648648649,0.0135135135135135,0.148648648648649,0.0135135135135135,0.0135135135135135,0.0135135135135135,0.108108108108108,0.027027027027027,0.121621621621622,0.162162162162162,0.148648648648649,0.0135135135135135,0.148648648648649,0.0135135135135135,0.0135135135135135,0.932432432432432,0.986486486486487,0.986486486486487,0.364864864864865,0.472972972972973,0.0135135135135135,0.445945945945946,0.0405405405405405,0.635135135135135,0.364864864864865,0.472972972972973,0.472972972972973,0.364864864864865,0.472972972972973,0.0135135135135135,0.0135135135135135,0.148648648648649,0.0135135135135135,0.148648648648649,0.0135135135135135,0.0135135135135135,0.0135135135135135,0.256756756756757,0.256756756756757,0.256756756756757,0.256756756756757,0.986486486486487
"us_det",0.405405405405405,0.405405405405405,0.405405405405405,0.405405405405405,0.405405405405405,0.45945945945946,0.405405405405405,0.405405405405405,0.567567567567568,0.567567567567568,0.432432432432432,0.432432432432432,0.405405405405405,0.405405405405405,0.405405405405405,0.405405405405405,0.405405405405405,0.405405405405405,0.675675675675676,0.675675675675676,0.418918918918919,0.418918918918919,0.405405405405405,0.405405405405405,0.405405405405405,0.405405405405405,0.405405405405405,0.405405405405405,0.405405405405405,0.405405405405405,0.405405405405405,0.405405405405405,0.405405405405405,0.405405405405405,0.513513513513513,0.513513513513513,0.405405405405405,0.405405405405405,0.405405405405405,0.405405405405405,0.405405405405405,0.405405405405405,0.405405405405405,0.405405405405405,0.405405405405405,0.405405405405405,0.405405405405405,0.405405405405405,0.405405405405405,0.405405405405405,0.405405405405405,0.405405405405405,0.405405405405405,0.405405405405405,0.405405405405405,0.405405405405405,0.405405405405405,0.527027027027027,0.72972972972973,0.486486486486487,0.72972972972973,0.418918918918919,1,0.891891891891892,0.756756756756757,0.405405405405405,0.405405405405405,0.418918918918919,0.351351351351351,0.418918918918919,0.405405405405405,0.405405405405405,0.405405405405405,0.554054054054054,0.554054054054054,0.648648648648649,0.594594594594595,0.581081081081081,0.594594594594595,0.648648648648649,0.594594594594595,0.72972972972973,0.594594594594595,0.581081081081081,0.567567567567568,0.648648648648649,0.594594594594595,0.472972972972973,0.648648648648649,0.594594594594595,0.594594594594595,0.72972972972973,0.594594594594595,0.513513513513513,0.594594594594595,0.581081081081081,0.72972972972973,0.594594594594595,0.72972972972973,0.594594594594595,0.594594594594595,0.594594594594595,0.5,0.581081081081081,0.648648648648649,0.716216216216216,0.72972972972973,0.594594594594595,0.72972972972973,0.594594594594595,0.594594594594595,0.45945945945946,0.405405405405405,0.405405405405405,0.621621621621622,0.675675675675676,0.594594594594595,0.702702702702703,0.621621621621622,0.72972972972973,0.675675675675676,0.675675675675676,0.675675675675676,0.675675675675676,0.675675675675676,0.594594594594595,0.594594594594595,0.72972972972973,0.594594594594595,0.72972972972973,0.594594594594595,0.594594594594595,0.594594594594595,0.432432432432432,0.432432432432432,0.432432432432432,0.432432432432432,0.405405405405405
"we_det",0.297297297297297,0.297297297297297,0.297297297297297,0.297297297297297,0.297297297297297,0.351351351351351,0.297297297297297,0.297297297297297,0.45945945945946,0.45945945945946,0.324324324324324,0.324324324324324,0.297297297297297,0.297297297297297,0.297297297297297,0.297297297297297,0.297297297297297,0.297297297297297,0.567567567567568,0.567567567567568,0.310810810810811,0.310810810810811,0.297297297297297,0.297297297297297,0.297297297297297,0.297297297297297,0.297297297297297,0.297297297297297,0.297297297297297,0.297297297297297,0.297297297297297,0.297297297297297,0.297297297297297,0.297297297297297,0.405405405405405,0.405405405405405,0.297297297297297,0.297297297297297,0.297297297297297,0.297297297297297,0.297297297297297,0.297297297297297,0.297297297297297,0.297297297297297,0.297297297297297,0.297297297297297,0.297297297297297,0.297297297297297,0.297297297297297,0.297297297297297,0.297297297297297,0.297297297297297,0.297297297297297,0.297297297297297,0.297297297297297,0.297297297297297,0.297297297297297,0.418918918918919,0.621621621621622,0.594594594594595,0.621621621621622,0.310810810810811,0.891891891891892,1,0.648648648648649,0.297297297297297,0.297297297297297,0.310810810810811,0.243243243243243,0.310810810810811,0.297297297297297,0.297297297297297,0.297297297297297,0.445945945945946,0.445945945945946,0.756756756756757,0.702702702702703,0.689189189189189,0.702702702702703,0.756756756756757,0.702702702702703,0.837837837837838,0.702702702702703,0.689189189189189,0.675675675675676,0.756756756756757,0.702702702702703,0.581081081081081,0.756756756756757,0.702702702702703,0.702702702702703,0.837837837837838,0.702702702702703,0.621621621621622,0.702702702702703,0.689189189189189,0.837837837837838,0.702702702702703,0.837837837837838,0.702702702702703,0.702702702702703,0.702702702702703,0.608108108108108,0.689189189189189,0.756756756756757,0.824324324324324,0.837837837837838,0.702702702702703,0.837837837837838,0.702702702702703,0.702702702702703,0.351351351351351,0.297297297297297,0.297297297297297,0.72972972972973,0.783783783783784,0.702702702702703,0.810810810810811,0.72972972972973,0.621621621621622,0.783783783783784,0.783783783783784,0.783783783783784,0.783783783783784,0.783783783783784,0.702702702702703,0.702702702702703,0.837837837837838,0.702702702702703,0.837837837837838,0.702702702702703,0.702702702702703,0.702702702702703,0.540540540540541,0.540540540540541,0.540540540540541,0.540540540540541,0.297297297297297
"you_det",0.648648648648649,0.648648648648649,0.648648648648649,0.648648648648649,0.648648648648649,0.702702702702703,0.648648648648649,0.648648648648649,0.783783783783784,0.783783783783784,0.648648648648649,0.648648648648649,0.648648648648649,0.648648648648649,0.648648648648649,0.648648648648649,0.648648648648649,0.648648648648649,0.864864864864865,0.864864864864865,0.635135135135135,0.635135135135135,0.648648648648649,0.648648648648649,0.648648648648649,0.648648648648649,0.648648648648649,0.648648648648649,0.648648648648649,0.648648648648649,0.648648648648649,0.648648648648649,0.648648648648649,0.648648648648649,0.756756756756757,0.756756756756757,0.648648648648649,0.648648648648649,0.648648648648649,0.648648648648649,0.648648648648649,0.648648648648649,0.648648648648649,0.648648648648649,0.648648648648649,0.648648648648649,0.648648648648649,0.648648648648649,0.648648648648649,0.648648648648649,0.648648648648649,0.648648648648649,0.648648648648649,0.648648648648649,0.648648648648649,0.648648648648649,0.648648648648649,0.527027027027027,0.540540540540541,0.324324324324324,0.540540540540541,0.635135135135135,0.756756756756757,0.648648648648649,1,0.648648648648649,0.648648648648649,0.662162162162162,0.45945945945946,0.662162162162162,0.648648648648649,0.648648648648649,0.648648648648649,0.797297297297297,0.797297297297297,0.405405405405405,0.351351351351351,0.337837837837838,0.351351351351351,0.405405405405405,0.351351351351351,0.486486486486487,0.351351351351351,0.337837837837838,0.324324324324324,0.72972972972973,0.351351351351351,0.391891891891892,0.405405405405405,0.351351351351351,0.351351351351351,0.486486486486487,0.351351351351351,0.486486486486487,0.351351351351351,0.77027027027027,0.486486486486487,0.351351351351351,0.486486486486487,0.351351351351351,0.351351351351351,0.351351351351351,0.364864864864865,0.337837837837838,0.405405405405405,0.472972972972973,0.486486486486487,0.351351351351351,0.486486486486487,0.351351351351351,0.351351351351351,0.702702702702703,0.648648648648649,0.648648648648649,0.648648648648649,0.72972972972973,0.351351351351351,0.72972972972973,0.378378378378378,0.837837837837838,0.675675675675676,0.756756756756757,0.756756756756757,0.675675675675676,0.756756756756757,0.351351351351351,0.351351351351351,0.486486486486487,0.351351351351351,0.486486486486487,0.351351351351351,0.351351351351351,0.351351351351351,0.486486486486487,0.486486486486487,0.486486486486487,0.486486486486487,0.648648648648649
"what_det",1,1,1,1,1,0.945945945945946,1,1,0.837837837837838,0.837837837837838,0.864864864864865,0.972972972972973,1,1,1,1,0.945945945945946,1,0.675675675675676,0.675675675675676,0.986486486486487,0.986486486486487,1,1,1,1,1,1,1,1,1,1,1,1,0.891891891891892,0.891891891891892,1,1,1,1,1,1,1,1,1,1,1,1,1,1,1,1,1,1,1,1,1,0.391891891891892,0.243243243243243,0.216216216216216,0.243243243243243,0.986486486486487,0.405405405405405,0.297297297297297,0.648648648648649,1,1,0.986486486486487,0.783783783783784,0.986486486486487,1,1,1,0.851351351351351,0.851351351351351,0.108108108108108,0,0.0135135135135135,0,0.108108108108108,0,0.135135135135135,0,0.0135135135135135,0.027027027027027,0.486486486486487,0,0.121621621621622,0.108108108108108,0,0,0.135135135135135,0,0.243243243243243,0,0.554054054054054,0.135135135135135,0,0.135135135135135,0,0,0,0.0945945945945946,0.0135135135135135,0.108108108108108,0.148648648648649,0.135135135135135,0,0.135135135135135,0,0,0.945945945945946,1,1,0.351351351351351,0.45945945945946,0,0.432432432432432,0.027027027027027,0.621621621621622,0.351351351351351,0.45945945945946,0.45945945945946,0.351351351351351,0.45945945945946,0,0,0.135135135135135,0,0.135135135135135,0,0,0,0.243243243243243,0.243243243243243,0.243243243243243,0.243243243243243,1
"whatever_det",1,1,1,1,1,0.945945945945946,1,1,0.837837837837838,0.837837837837838,0.864864864864865,0.972972972972973,1,1,1,1,0.945945945945946,1,0.675675675675676,0.675675675675676,0.986486486486487,0.986486486486487,1,1,1,1,1,1,1,1,1,1,1,1,0.891891891891892,0.891891891891892,1,1,1,1,1,1,1,1,1,1,1,1,1,1,1,1,1,1,1,1,1,0.391891891891892,0.243243243243243,0.216216216216216,0.243243243243243,0.986486486486487,0.405405405405405,0.297297297297297,0.648648648648649,1,1,0.986486486486487,0.783783783783784,0.986486486486487,1,1,1,0.851351351351351,0.851351351351351,0.108108108108108,0,0.0135135135135135,0,0.108108108108108,0,0.135135135135135,0,0.0135135135135135,0.027027027027027,0.486486486486487,0,0.121621621621622,0.108108108108108,0,0,0.135135135135135,0,0.243243243243243,0,0.554054054054054,0.135135135135135,0,0.135135135135135,0,0,0,0.0945945945945946,0.0135135135135135,0.108108108108108,0.148648648648649,0.135135135135135,0,0.135135135135135,0,0,0.945945945945946,1,1,0.351351351351351,0.45945945945946,0,0.432432432432432,0.027027027027027,0.621621621621622,0.351351351351351,0.45945945945946,0.45945945945946,0.351351351351351,0.45945945945946,0,0,0.135135135135135,0,0.135135135135135,0,0,0,0.243243243243243,0.243243243243243,0.243243243243243,0.243243243243243,1
"which_rel_det",0.986486486486487,0.986486486486487,0.986486486486487,0.986486486486487,0.986486486486487,0.932432432432432,0.986486486486487,0.986486486486487,0.851351351351351,0.851351351351351,0.878378378378378,0.986486486486487,0.986486486486487,0.986486486486487,0.986486486486487,0.986486486486487,0.932432432432432,0.986486486486487,0.689189189189189,0.689189189189189,0.972972972972973,0.972972972972973,0.986486486486487,0.986486486486487,0.986486486486487,0.986486486486487,0.986486486486487,0.986486486486487,0.986486486486487,0.986486486486487,0.986486486486487,0.986486486486487,0.986486486486487,0.986486486486487,0.905405405405405,0.905405405405405,0.986486486486487,0.986486486486487,0.986486486486487,0.986486486486487,0.986486486486487,0.986486486486487,0.986486486486487,0.986486486486487,0.986486486486487,0.986486486486487,0.986486486486487,0.986486486486487,0.986486486486487,0.986486486486487,0.986486486486487,0.986486486486487,0.986486486486487,0.986486486486487,0.986486486486487,0.986486486486487,0.986486486486487,0.405405405405405,0.256756756756757,0.22972972972973,0.256756756756757,0.972972972972973,0.418918918918919,0.310810810810811,0.662162162162162,0.986486486486487,0.986486486486487,1,0.77027027027027,0.972972972972973,0.986486486486487,0.986486486486487,0.986486486486487,0.864864864864865,0.864864864864865,0.121621621621622,0.0135135135135135,0.027027027027027,0.0135135135135135,0.121621621621622,0.0135135135135135,0.148648648648649,0.0135135135135135,0.027027027027027,0.0405405405405405,0.5,0.0135135135135135,0.135135135135135,0.121621621621622,0.0135135135135135,0.0135135135135135,0.148648648648649,0.0135135135135135,0.256756756756757,0.0135135135135135,0.567567567567568,0.148648648648649,0.0135135135135135,0.148648648648649,0.0135135135135135,0.0135135135135135,0.0135135135135135,0.108108108108108,0.027027027027027,0.121621621621622,0.162162162162162,0.148648648648649,0.0135135135135135,0.148648648648649,0.0135135135135135,0.0135135135135135,0.959459459459459,0.986486486486487,0.986486486486487,0.364864864864865,0.472972972972973,0.0135135135135135,0.445945945945946,0.0405405405405405,0.608108108108108,0.364864864864865,0.472972972972973,0.472972972972973,0.364864864864865,0.472972972972973,0.0135135135135135,0.0135135135135135,0.148648648648649,0.0135135135135135,0.148648648648649,0.0135135135135135,0.0135135135135135,0.0135135135135135,0.256756756756757,0.256756756756757,0.256756756756757,0.256756756756757,0.986486486486487
"which_int_det",0.783783783783784,0.783783783783784,0.783783783783784,0.783783783783784,0.783783783783784,0.72972972972973,0.783783783783784,0.783783783783784,0.621621621621622,0.621621621621622,0.648648648648649,0.756756756756757,0.783783783783784,0.783783783783784,0.783783783783784,0.783783783783784,0.72972972972973,0.783783783783784,0.45945945945946,0.45945945945946,0.77027027027027,0.77027027027027,0.783783783783784,0.783783783783784,0.783783783783784,0.783783783783784,0.783783783783784,0.783783783783784,0.783783783783784,0.783783783783784,0.783783783783784,0.783783783783784,0.783783783783784,0.783783783783784,0.675675675675676,0.675675675675676,0.783783783783784,0.783783783783784,0.783783783783784,0.783783783783784,0.783783783783784,0.783783783783784,0.783783783783784,0.783783783783784,0.783783783783784,0.783783783783784,0.783783783783784,0.783783783783784,0.783783783783784,0.783783783783784,0.783783783783784,0.783783783783784,0.783783783783784,0.783783783783784,0.783783783783784,0.783783783783784,0.783783783783784,0.608108108108108,0.45945945945946,0.432432432432432,0.45945945945946,0.77027027027027,0.351351351351351,0.243243243243243,0.45945945945946,0.783783783783784,0.783783783783784,0.77027027027027,1,0.77027027027027,0.783783783783784,0.783783783783784,0.783783783783784,0.635135135135135,0.635135135135135,0.162162162162162,0.216216216216216,0.22972972972973,0.216216216216216,0.162162162162162,0.216216216216216,0.0810810810810811,0.216216216216216,0.22972972972973,0.243243243243243,0.351351351351351,0.216216216216216,0.337837837837838,0.162162162162162,0.216216216216216,0.216216216216216,0.0810810810810811,0.216216216216216,0.45945945945946,0.216216216216216,0.337837837837838,0.0810810810810811,0.216216216216216,0.0810810810810811,0.216216216216216,0.216216216216216,0.216216216216216,0.310810810810811,0.22972972972973,0.162162162162162,0.0945945945945946,0.0810810810810811,0.216216216216216,0.0810810810810811,0.216216216216216,0.216216216216216,0.72972972972973,0.783783783783784,0.783783783783784,0.135135135135135,0.27027027027027,0.216216216216216,0.27027027027027,0.243243243243243,0.432432432432432,0.27027027027027,0.27027027027027,0.27027027027027,0.27027027027027,0.27027027027027,0.216216216216216,0.216216216216216,0.0810810810810811,0.216216216216216,0.0810810810810811,0.216216216216216,0.216216216216216,0.216216216216216,0.45945945945946,0.45945945945946,0.45945945945946,0.45945945945946,0.783783783783784
"whichever_rel_det",0.986486486486487,0.986486486486487,0.986486486486487,0.986486486486487,0.986486486486487,0.932432432432432,0.986486486486487,0.986486486486487,0.824324324324324,0.824324324324324,0.851351351351351,0.959459459459459,0.986486486486487,0.986486486486487,0.986486486486487,0.986486486486487,0.932432432432432,0.986486486486487,0.662162162162162,0.662162162162162,0.972972972972973,0.972972972972973,0.986486486486487,0.986486486486487,0.986486486486487,0.986486486486487,0.986486486486487,0.986486486486487,0.986486486486487,0.986486486486487,0.986486486486487,0.986486486486487,0.986486486486487,0.986486486486487,0.905405405405405,0.905405405405405,0.986486486486487,0.986486486486487,0.986486486486487,0.986486486486487,0.986486486486487,0.986486486486487,0.986486486486487,0.986486486486487,0.986486486486487,0.986486486486487,0.986486486486487,0.986486486486487,0.986486486486487,0.986486486486487,0.986486486486487,0.986486486486487,0.986486486486487,0.986486486486487,0.986486486486487,0.986486486486487,0.986486486486487,0.405405405405405,0.256756756756757,0.22972972972973,0.256756756756757,0.972972972972973,0.418918918918919,0.310810810810811,0.662162162162162,0.986486486486487,0.986486486486487,0.972972972972973,0.77027027027027,1,0.986486486486487,0.986486486486487,0.986486486486487,0.837837837837838,0.837837837837838,0.121621621621622,0.0135135135135135,0.027027027027027,0.0135135135135135,0.121621621621622,0.0135135135135135,0.148648648648649,0.0135135135135135,0.027027027027027,0.0405405405405405,0.5,0.0135135135135135,0.135135135135135,0.121621621621622,0.0135135135135135,0.0135135135135135,0.148648648648649,0.0135135135135135,0.256756756756757,0.0135135135135135,0.567567567567568,0.148648648648649,0.0135135135135135,0.148648648648649,0.0135135135135135,0.0135135135135135,0.0135135135135135,0.108108108108108,0.027027027027027,0.121621621621622,0.162162162162162,0.148648648648649,0.0135135135135135,0.148648648648649,0.0135135135135135,0.0135135135135135,0.932432432432432,0.986486486486487,0.986486486486487,0.364864864864865,0.472972972972973,0.0135135135135135,0.445945945945946,0.0405405405405405,0.635135135135135,0.364864864864865,0.472972972972973,0.472972972972973,0.364864864864865,0.472972972972973,0.0135135135135135,0.0135135135135135,0.148648648648649,0.0135135135135135,0.148648648648649,0.0135135135135135,0.0135135135135135,0.0135135135135135,0.256756756756757,0.256756756756757,0.256756756756757,0.256756756756757,0.986486486486487
"whichever_int_det",1,1,1,1,1,0.945945945945946,1,1,0.837837837837838,0.837837837837838,0.864864864864865,0.972972972972973,1,1,1,1,0.945945945945946,1,0.675675675675676,0.675675675675676,0.986486486486487,0.986486486486487,1,1,1,1,1,1,1,1,1,1,1,1,0.891891891891892,0.891891891891892,1,1,1,1,1,1,1,1,1,1,1,1,1,1,1,1,1,1,1,1,1,0.391891891891892,0.243243243243243,0.216216216216216,0.243243243243243,0.986486486486487,0.405405405405405,0.297297297297297,0.648648648648649,1,1,0.986486486486487,0.783783783783784,0.986486486486487,1,1,1,0.851351351351351,0.851351351351351,0.108108108108108,0,0.0135135135135135,0,0.108108108108108,0,0.135135135135135,0,0.0135135135135135,0.027027027027027,0.486486486486487,0,0.121621621621622,0.108108108108108,0,0,0.135135135135135,0,0.243243243243243,0,0.554054054054054,0.135135135135135,0,0.135135135135135,0,0,0,0.0945945945945946,0.0135135135135135,0.108108108108108,0.148648648648649,0.135135135135135,0,0.135135135135135,0,0,0.945945945945946,1,1,0.351351351351351,0.45945945945946,0,0.432432432432432,0.027027027027027,0.621621621621622,0.351351351351351,0.45945945945946,0.45945945945946,0.351351351351351,0.45945945945946,0,0,0.135135135135135,0,0.135135135135135,0,0,0,0.243243243243243,0.243243243243243,0.243243243243243,0.243243243243243,1
"zero_det",1,1,1,1,1,0.945945945945946,1,1,0.837837837837838,0.837837837837838,0.864864864864865,0.972972972972973,1,1,1,1,0.945945945945946,1,0.675675675675676,0.675675675675676,0.986486486486487,0.986486486486487,1,1,1,1,1,1,1,1,1,1,1,1,0.891891891891892,0.891891891891892,1,1,1,1,1,1,1,1,1,1,1,1,1,1,1,1,1,1,1,1,1,0.391891891891892,0.243243243243243,0.216216216216216,0.243243243243243,0.986486486486487,0.405405405405405,0.297297297297297,0.648648648648649,1,1,0.986486486486487,0.783783783783784,0.986486486486487,1,1,1,0.851351351351351,0.851351351351351,0.108108108108108,0,0.0135135135135135,0,0.108108108108108,0,0.135135135135135,0,0.0135135135135135,0.027027027027027,0.486486486486487,0,0.121621621621622,0.108108108108108,0,0,0.135135135135135,0,0.243243243243243,0,0.554054054054054,0.135135135135135,0,0.135135135135135,0,0,0,0.0945945945945946,0.0135135135135135,0.108108108108108,0.148648648648649,0.135135135135135,0,0.135135135135135,0,0,0.945945945945946,1,1,0.351351351351351,0.45945945945946,0,0.432432432432432,0.027027027027027,0.621621621621622,0.351351351351351,0.45945945945946,0.45945945945946,0.351351351351351,0.45945945945946,0,0,0.135135135135135,0,0.135135135135135,0,0,0,0.243243243243243,0.243243243243243,0.243243243243243,0.243243243243243,1
"various_det",1,1,1,1,1,0.945945945945946,1,1,0.837837837837838,0.837837837837838,0.864864864864865,0.972972972972973,1,1,1,1,0.945945945945946,1,0.675675675675676,0.675675675675676,0.986486486486487,0.986486486486487,1,1,1,1,1,1,1,1,1,1,1,1,0.891891891891892,0.891891891891892,1,1,1,1,1,1,1,1,1,1,1,1,1,1,1,1,1,1,1,1,1,0.391891891891892,0.243243243243243,0.216216216216216,0.243243243243243,0.986486486486487,0.405405405405405,0.297297297297297,0.648648648648649,1,1,0.986486486486487,0.783783783783784,0.986486486486487,1,1,1,0.851351351351351,0.851351351351351,0.108108108108108,0,0.0135135135135135,0,0.108108108108108,0,0.135135135135135,0,0.0135135135135135,0.027027027027027,0.486486486486487,0,0.121621621621622,0.108108108108108,0,0,0.135135135135135,0,0.243243243243243,0,0.554054054054054,0.135135135135135,0,0.135135135135135,0,0,0,0.0945945945945946,0.0135135135135135,0.108108108108108,0.148648648648649,0.135135135135135,0,0.135135135135135,0,0,0.945945945945946,1,1,0.351351351351351,0.45945945945946,0,0.432432432432432,0.027027027027027,0.621621621621622,0.351351351351351,0.45945945945946,0.45945945945946,0.351351351351351,0.45945945945946,0,0,0.135135135135135,0,0.135135135135135,0,0,0,0.243243243243243,0.243243243243243,0.243243243243243,0.243243243243243,1
"each_other",0.851351351351351,0.851351351351351,0.851351351351351,0.851351351351351,0.851351351351351,0.824324324324324,0.851351351351351,0.851351351351351,0.824324324324324,0.824324324324324,0.824324324324324,0.851351351351351,0.851351351351351,0.851351351351351,0.851351351351351,0.851351351351351,0.797297297297297,0.851351351351351,0.824324324324324,0.824324324324324,0.837837837837838,0.837837837837838,0.851351351351351,0.851351351351351,0.851351351351351,0.851351351351351,0.851351351351351,0.851351351351351,0.851351351351351,0.851351351351351,0.851351351351351,0.851351351351351,0.851351351351351,0.851351351351351,0.878378378378378,0.878378378378378,0.851351351351351,0.851351351351351,0.851351351351351,0.851351351351351,0.851351351351351,0.851351351351351,0.851351351351351,0.851351351351351,0.851351351351351,0.851351351351351,0.851351351351351,0.851351351351351,0.851351351351351,0.851351351351351,0.851351351351351,0.851351351351351,0.851351351351351,0.851351351351351,0.851351351351351,0.851351351351351,0.851351351351351,0.432432432432432,0.391891891891892,0.256756756756757,0.391891891891892,0.837837837837838,0.554054054054054,0.445945945945946,0.797297297297297,0.851351351351351,0.851351351351351,0.864864864864865,0.635135135135135,0.837837837837838,0.851351351351351,0.851351351351351,0.851351351351351,1,1,0.22972972972973,0.148648648648649,0.162162162162162,0.148648648648649,0.22972972972973,0.148648648648649,0.283783783783784,0.148648648648649,0.162162162162162,0.148648648648649,0.608108108108108,0.148648648648649,0.27027027027027,0.22972972972973,0.148648648648649,0.148648648648649,0.283783783783784,0.148648648648649,0.364864864864865,0.148648648648649,0.675675675675676,0.283783783783784,0.148648648648649,0.283783783783784,0.148648648648649,0.148648648648649,0.148648648648649,0.243243243243243,0.162162162162162,0.22972972972973,0.297297297297297,0.283783783783784,0.148648648648649,0.283783783783784,0.148648648648649,0.148648648648649,0.905405405405405,0.851351351351351,0.851351351351351,0.5,0.581081081081081,0.148648648648649,0.581081081081081,0.175675675675676,0.689189189189189,0.5,0.608108108108108,0.608108108108108,0.5,0.608108108108108,0.148648648648649,0.148648648648649,0.283783783783784,0.148648648648649,0.283783783783784,0.148648648648649,0.148648648648649,0.148648648648649,0.364864864864865,0.364864864864865,0.364864864864865,0.364864864864865,0.851351351351351
"one_another",0.851351351351351,0.851351351351351,0.851351351351351,0.851351351351351,0.851351351351351,0.824324324324324,0.851351351351351,0.851351351351351,0.824324324324324,0.824324324324324,0.824324324324324,0.851351351351351,0.851351351351351,0.851351351351351,0.851351351351351,0.851351351351351,0.797297297297297,0.851351351351351,0.824324324324324,0.824324324324324,0.837837837837838,0.837837837837838,0.851351351351351,0.851351351351351,0.851351351351351,0.851351351351351,0.851351351351351,0.851351351351351,0.851351351351351,0.851351351351351,0.851351351351351,0.851351351351351,0.851351351351351,0.851351351351351,0.878378378378378,0.878378378378378,0.851351351351351,0.851351351351351,0.851351351351351,0.851351351351351,0.851351351351351,0.851351351351351,0.851351351351351,0.851351351351351,0.851351351351351,0.851351351351351,0.851351351351351,0.851351351351351,0.851351351351351,0.851351351351351,0.851351351351351,0.851351351351351,0.851351351351351,0.851351351351351,0.851351351351351,0.851351351351351,0.851351351351351,0.432432432432432,0.391891891891892,0.256756756756757,0.391891891891892,0.837837837837838,0.554054054054054,0.445945945945946,0.797297297297297,0.851351351351351,0.851351351351351,0.864864864864865,0.635135135135135,0.837837837837838,0.851351351351351,0.851351351351351,0.851351351351351,1,1,0.22972972972973,0.148648648648649,0.162162162162162,0.148648648648649,0.22972972972973,0.148648648648649,0.283783783783784,0.148648648648649,0.162162162162162,0.148648648648649,0.608108108108108,0.148648648648649,0.27027027027027,0.22972972972973,0.148648648648649,0.148648648648649,0.283783783783784,0.148648648648649,0.364864864864865,0.148648648648649,0.675675675675676,0.283783783783784,0.148648648648649,0.283783783783784,0.148648648648649,0.148648648648649,0.148648648648649,0.243243243243243,0.162162162162162,0.22972972972973,0.297297297297297,0.283783783783784,0.148648648648649,0.283783783783784,0.148648648648649,0.148648648648649,0.905405405405405,0.851351351351351,0.851351351351351,0.5,0.581081081081081,0.148648648648649,0.581081081081081,0.175675675675676,0.689189189189189,0.5,0.608108108108108,0.608108108108108,0.5,0.608108108108108,0.148648648648649,0.148648648648649,0.283783783783784,0.148648648648649,0.283783783783784,0.148648648648649,0.148648648648649,0.148648648648649,0.364864864864865,0.364864864864865,0.364864864864865,0.364864864864865,0.851351351351351
"he",0.108108108108108,0.108108108108108,0.108108108108108,0.108108108108108,0.108108108108108,0.108108108108108,0.108108108108108,0.108108108108108,0.27027027027027,0.27027027027027,0.243243243243243,0.135135135135135,0.108108108108108,0.108108108108108,0.108108108108108,0.108108108108108,0.162162162162162,0.108108108108108,0.378378378378378,0.378378378378378,0.121621621621622,0.121621621621622,0.108108108108108,0.108108108108108,0.108108108108108,0.108108108108108,0.108108108108108,0.108108108108108,0.108108108108108,0.108108108108108,0.108108108108108,0.108108108108108,0.108108108108108,0.108108108108108,0.216216216216216,0.216216216216216,0.108108108108108,0.108108108108108,0.108108108108108,0.108108108108108,0.108108108108108,0.108108108108108,0.108108108108108,0.108108108108108,0.108108108108108,0.108108108108108,0.108108108108108,0.108108108108108,0.108108108108108,0.108108108108108,0.108108108108108,0.108108108108108,0.108108108108108,0.108108108108108,0.108108108108108,0.108108108108108,0.108108108108108,0.527027027027027,0.648648648648649,0.675675675675676,0.648648648648649,0.121621621621622,0.648648648648649,0.756756756756757,0.405405405405405,0.108108108108108,0.108108108108108,0.121621621621622,0.162162162162162,0.121621621621622,0.108108108108108,0.108108108108108,0.108108108108108,0.22972972972973,0.22972972972973,1,0.891891891891892,0.905405405405405,0.891891891891892,1,0.891891891891892,0.918918918918919,0.891891891891892,0.905405405405405,0.918918918918919,0.621621621621622,0.891891891891892,0.797297297297297,1,0.891891891891892,0.891891891891892,0.918918918918919,0.891891891891892,0.702702702702703,0.891891891891892,0.554054054054054,0.918918918918919,0.891891891891892,0.918918918918919,0.891891891891892,0.891891891891892,0.891891891891892,0.824324324324324,0.905405405405405,1,0.932432432432432,0.918918918918919,0.891891891891892,0.918918918918919,0.891891891891892,0.891891891891892,0.135135135135135,0.108108108108108,0.108108108108108,0.72972972972973,0.648648648648649,0.891891891891892,0.648648648648649,0.864864864864865,0.486486486486487,0.72972972972973,0.621621621621622,0.621621621621622,0.72972972972973,0.621621621621622,0.891891891891892,0.891891891891892,0.918918918918919,0.891891891891892,0.918918918918919,0.891891891891892,0.891891891891892,0.891891891891892,0.702702702702703,0.702702702702703,0.702702702702703,0.702702702702703,0.108108108108108
"him",0,0,0,0,0,0.0540540540540541,0,0,0.162162162162162,0.162162162162162,0.135135135135135,0.027027027027027,0,0,0,0,0.0540540540540541,0,0.324324324324324,0.324324324324324,0.0135135135135135,0.0135135135135135,0,0,0,0,0,0,0,0,0,0,0,0,0.108108108108108,0.108108108108108,0,0,0,0,0,0,0,0,0,0,0,0,0,0,0,0,0,0,0,0,0,0.608108108108108,0.756756756756757,0.783783783783784,0.756756756756757,0.0135135135135135,0.594594594594595,0.702702702702703,0.351351351351351,0,0,0.0135135135135135,0.216216216216216,0.0135135135135135,0,0,0,0.148648648648649,0.148648648648649,0.891891891891892,1,0.986486486486487,1,0.891891891891892,1,0.864864864864865,1,0.986486486486487,0.972972972972973,0.513513513513513,1,0.878378378378378,0.891891891891892,1,1,0.864864864864865,1,0.756756756756757,1,0.445945945945946,0.864864864864865,1,0.864864864864865,1,1,1,0.905405405405405,0.986486486486487,0.891891891891892,0.851351351351351,0.864864864864865,1,0.864864864864865,1,1,0.0540540540540541,0,0,0.648648648648649,0.540540540540541,1,0.567567567567568,0.972972972972973,0.378378378378378,0.648648648648649,0.540540540540541,0.540540540540541,0.648648648648649,0.540540540540541,1,1,0.864864864864865,1,0.864864864864865,1,1,1,0.756756756756757,0.756756756756757,0.756756756756757,0.756756756756757,0
"himself",0.0135135135135135,0.0135135135135135,0.0135135135135135,0.0135135135135135,0.0135135135135135,0.0405405405405405,0.0135135135135135,0.0135135135135135,0.175675675675676,0.175675675675676,0.148648648648649,0.0405405405405405,0.0135135135135135,0.0135135135135135,0.0135135135135135,0.0135135135135135,0.0675675675675676,0.0135135135135135,0.310810810810811,0.310810810810811,0.027027027027027,0.027027027027027,0.0135135135135135,0.0135135135135135,0.0135135135135135,0.0135135135135135,0.0135135135135135,0.0135135135135135,0.0135135135135135,0.0135135135135135,0.0135135135135135,0.0135135135135135,0.0135135135135135,0.0135135135135135,0.121621621621622,0.121621621621622,0.0135135135135135,0.0135135135135135,0.0135135135135135,0.0135135135135135,0.0135135135135135,0.0135135135135135,0.0135135135135135,0.0135135135135135,0.0135135135135135,0.0135135135135135,0.0135135135135135,0.0135135135135135,0.0135135135135135,0.0135135135135135,0.0135135135135135,0.0135135135135135,0.0135135135135135,0.0135135135135135,0.0135135135135135,0.0135135135135135,0.0135135135135135,0.621621621621622,0.743243243243243,0.77027027027027,0.743243243243243,0.027027027027027,0.581081081081081,0.689189189189189,0.337837837837838,0.0135135135135135,0.0135135135135135,0.027027027027027,0.22972972972973,0.027027027027027,0.0135135135135135,0.0135135135135135,0.0135135135135135,0.162162162162162,0.162162162162162,0.905405405405405,0.986486486486487,1,0.986486486486487,0.905405405405405,0.986486486486487,0.851351351351351,0.986486486486487,1,0.986486486486487,0.527027027027027,0.986486486486487,0.891891891891892,0.905405405405405,0.986486486486487,0.986486486486487,0.851351351351351,0.986486486486487,0.77027027027027,0.986486486486487,0.45945945945946,0.851351351351351,0.986486486486487,0.851351351351351,0.986486486486487,0.986486486486487,0.986486486486487,0.918918918918919,1,0.905405405405405,0.864864864864865,0.851351351351351,0.986486486486487,0.851351351351351,0.986486486486487,0.986486486486487,0.0675675675675676,0.0135135135135135,0.0135135135135135,0.662162162162162,0.554054054054054,0.986486486486487,0.581081081081081,0.959459459459459,0.391891891891892,0.662162162162162,0.554054054054054,0.554054054054054,0.662162162162162,0.554054054054054,0.986486486486487,0.986486486486487,0.851351351351351,0.986486486486487,0.851351351351351,0.986486486486487,0.986486486486487,0.986486486486487,0.77027027027027,0.77027027027027,0.77027027027027,0.77027027027027,0.0135135135135135
"his",0,0,0,0,0,0.0540540540540541,0,0,0.162162162162162,0.162162162162162,0.135135135135135,0.027027027027027,0,0,0,0,0.0540540540540541,0,0.324324324324324,0.324324324324324,0.0135135135135135,0.0135135135135135,0,0,0,0,0,0,0,0,0,0,0,0,0.108108108108108,0.108108108108108,0,0,0,0,0,0,0,0,0,0,0,0,0,0,0,0,0,0,0,0,0,0.608108108108108,0.756756756756757,0.783783783783784,0.756756756756757,0.0135135135135135,0.594594594594595,0.702702702702703,0.351351351351351,0,0,0.0135135135135135,0.216216216216216,0.0135135135135135,0,0,0,0.148648648648649,0.148648648648649,0.891891891891892,1,0.986486486486487,1,0.891891891891892,1,0.864864864864865,1,0.986486486486487,0.972972972972973,0.513513513513513,1,0.878378378378378,0.891891891891892,1,1,0.864864864864865,1,0.756756756756757,1,0.445945945945946,0.864864864864865,1,0.864864864864865,1,1,1,0.905405405405405,0.986486486486487,0.891891891891892,0.851351351351351,0.864864864864865,1,0.864864864864865,1,1,0.0540540540540541,0,0,0.648648648648649,0.540540540540541,1,0.567567567567568,0.972972972972973,0.378378378378378,0.648648648648649,0.540540540540541,0.540540540540541,0.648648648648649,0.540540540540541,1,1,0.864864864864865,1,0.864864864864865,1,1,1,0.756756756756757,0.756756756756757,0.756756756756757,0.756756756756757,0
"she",0.108108108108108,0.108108108108108,0.108108108108108,0.108108108108108,0.108108108108108,0.108108108108108,0.108108108108108,0.108108108108108,0.27027027027027,0.27027027027027,0.243243243243243,0.135135135135135,0.108108108108108,0.108108108108108,0.108108108108108,0.108108108108108,0.162162162162162,0.108108108108108,0.378378378378378,0.378378378378378,0.121621621621622,0.121621621621622,0.108108108108108,0.108108108108108,0.108108108108108,0.108108108108108,0.108108108108108,0.108108108108108,0.108108108108108,0.108108108108108,0.108108108108108,0.108108108108108,0.108108108108108,0.108108108108108,0.216216216216216,0.216216216216216,0.108108108108108,0.108108108108108,0.108108108108108,0.108108108108108,0.108108108108108,0.108108108108108,0.108108108108108,0.108108108108108,0.108108108108108,0.108108108108108,0.108108108108108,0.108108108108108,0.108108108108108,0.108108108108108,0.108108108108108,0.108108108108108,0.108108108108108,0.108108108108108,0.108108108108108,0.108108108108108,0.108108108108108,0.527027027027027,0.648648648648649,0.675675675675676,0.648648648648649,0.121621621621622,0.648648648648649,0.756756756756757,0.405405405405405,0.108108108108108,0.108108108108108,0.121621621621622,0.162162162162162,0.121621621621622,0.108108108108108,0.108108108108108,0.108108108108108,0.22972972972973,0.22972972972973,1,0.891891891891892,0.905405405405405,0.891891891891892,1,0.891891891891892,0.918918918918919,0.891891891891892,0.905405405405405,0.918918918918919,0.621621621621622,0.891891891891892,0.797297297297297,1,0.891891891891892,0.891891891891892,0.918918918918919,0.891891891891892,0.702702702702703,0.891891891891892,0.554054054054054,0.918918918918919,0.891891891891892,0.918918918918919,0.891891891891892,0.891891891891892,0.891891891891892,0.824324324324324,0.905405405405405,1,0.932432432432432,0.918918918918919,0.891891891891892,0.918918918918919,0.891891891891892,0.891891891891892,0.135135135135135,0.108108108108108,0.108108108108108,0.72972972972973,0.648648648648649,0.891891891891892,0.648648648648649,0.864864864864865,0.486486486486487,0.72972972972973,0.621621621621622,0.621621621621622,0.72972972972973,0.621621621621622,0.891891891891892,0.891891891891892,0.918918918918919,0.891891891891892,0.918918918918919,0.891891891891892,0.891891891891892,0.891891891891892,0.702702702702703,0.702702702702703,0.702702702702703,0.702702702702703,0.108108108108108
"her_acc",0,0,0,0,0,0.0540540540540541,0,0,0.162162162162162,0.162162162162162,0.135135135135135,0.027027027027027,0,0,0,0,0.0540540540540541,0,0.324324324324324,0.324324324324324,0.0135135135135135,0.0135135135135135,0,0,0,0,0,0,0,0,0,0,0,0,0.108108108108108,0.108108108108108,0,0,0,0,0,0,0,0,0,0,0,0,0,0,0,0,0,0,0,0,0,0.608108108108108,0.756756756756757,0.783783783783784,0.756756756756757,0.0135135135135135,0.594594594594595,0.702702702702703,0.351351351351351,0,0,0.0135135135135135,0.216216216216216,0.0135135135135135,0,0,0,0.148648648648649,0.148648648648649,0.891891891891892,1,0.986486486486487,1,0.891891891891892,1,0.864864864864865,1,0.986486486486487,0.972972972972973,0.513513513513513,1,0.878378378378378,0.891891891891892,1,1,0.864864864864865,1,0.756756756756757,1,0.445945945945946,0.864864864864865,1,0.864864864864865,1,1,1,0.905405405405405,0.986486486486487,0.891891891891892,0.851351351351351,0.864864864864865,1,0.864864864864865,1,1,0.0540540540540541,0,0,0.648648648648649,0.540540540540541,1,0.567567567567568,0.972972972972973,0.378378378378378,0.648648648648649,0.540540540540541,0.540540540540541,0.648648648648649,0.540540540540541,1,1,0.864864864864865,1,0.864864864864865,1,1,1,0.756756756756757,0.756756756756757,0.756756756756757,0.756756756756757,0
"her_dep",0.135135135135135,0.135135135135135,0.135135135135135,0.135135135135135,0.135135135135135,0.189189189189189,0.135135135135135,0.135135135135135,0.297297297297297,0.297297297297297,0.27027027027027,0.162162162162162,0.135135135135135,0.135135135135135,0.135135135135135,0.135135135135135,0.189189189189189,0.135135135135135,0.45945945945946,0.45945945945946,0.148648648648649,0.148648648648649,0.135135135135135,0.135135135135135,0.135135135135135,0.135135135135135,0.135135135135135,0.135135135135135,0.135135135135135,0.135135135135135,0.135135135135135,0.135135135135135,0.135135135135135,0.135135135135135,0.243243243243243,0.243243243243243,0.135135135135135,0.135135135135135,0.135135135135135,0.135135135135135,0.135135135135135,0.135135135135135,0.135135135135135,0.135135135135135,0.135135135135135,0.135135135135135,0.135135135135135,0.135135135135135,0.135135135135135,0.135135135135135,0.135135135135135,0.135135135135135,0.135135135135135,0.135135135135135,0.135135135135135,0.135135135135135,0.135135135135135,0.472972972972973,0.621621621621622,0.648648648648649,0.621621621621622,0.148648648648649,0.72972972972973,0.837837837837838,0.486486486486487,0.135135135135135,0.135135135135135,0.148648648648649,0.0810810810810811,0.148648648648649,0.135135135135135,0.135135135135135,0.135135135135135,0.283783783783784,0.283783783783784,0.918918918918919,0.864864864864865,0.851351351351351,0.864864864864865,0.918918918918919,0.864864864864865,1,0.864864864864865,0.851351351351351,0.837837837837838,0.648648648648649,0.864864864864865,0.743243243243243,0.918918918918919,0.864864864864865,0.864864864864865,1,0.864864864864865,0.621621621621622,0.864864864864865,0.581081081081081,1,0.864864864864865,1,0.864864864864865,0.864864864864865,0.864864864864865,0.77027027027027,0.851351351351351,0.918918918918919,0.986486486486487,1,0.864864864864865,1,0.864864864864865,0.864864864864865,0.189189189189189,0.135135135135135,0.135135135135135,0.783783783783784,0.675675675675676,0.864864864864865,0.702702702702703,0.837837837837838,0.513513513513513,0.783783783783784,0.675675675675676,0.675675675675676,0.783783783783784,0.675675675675676,0.864864864864865,0.864864864864865,1,0.864864864864865,1,0.864864864864865,0.864864864864865,0.864864864864865,0.621621621621622,0.621621621621622,0.621621621621622,0.621621621621622,0.135135135135135
"hers",0,0,0,0,0,0.0540540540540541,0,0,0.162162162162162,0.162162162162162,0.135135135135135,0.027027027027027,0,0,0,0,0.0540540540540541,0,0.324324324324324,0.324324324324324,0.0135135135135135,0.0135135135135135,0,0,0,0,0,0,0,0,0,0,0,0,0.108108108108108,0.108108108108108,0,0,0,0,0,0,0,0,0,0,0,0,0,0,0,0,0,0,0,0,0,0.608108108108108,0.756756756756757,0.783783783783784,0.756756756756757,0.0135135135135135,0.594594594594595,0.702702702702703,0.351351351351351,0,0,0.0135135135135135,0.216216216216216,0.0135135135135135,0,0,0,0.148648648648649,0.148648648648649,0.891891891891892,1,0.986486486486487,1,0.891891891891892,1,0.864864864864865,1,0.986486486486487,0.972972972972973,0.513513513513513,1,0.878378378378378,0.891891891891892,1,1,0.864864864864865,1,0.756756756756757,1,0.445945945945946,0.864864864864865,1,0.864864864864865,1,1,1,0.905405405405405,0.986486486486487,0.891891891891892,0.851351351351351,0.864864864864865,1,0.864864864864865,1,1,0.0540540540540541,0,0,0.648648648648649,0.540540540540541,1,0.567567567567568,0.972972972972973,0.378378378378378,0.648648648648649,0.540540540540541,0.540540540540541,0.648648648648649,0.540540540540541,1,1,0.864864864864865,1,0.864864864864865,1,1,1,0.756756756756757,0.756756756756757,0.756756756756757,0.756756756756757,0
"herself",0.0135135135135135,0.0135135135135135,0.0135135135135135,0.0135135135135135,0.0135135135135135,0.0405405405405405,0.0135135135135135,0.0135135135135135,0.175675675675676,0.175675675675676,0.148648648648649,0.0405405405405405,0.0135135135135135,0.0135135135135135,0.0135135135135135,0.0135135135135135,0.0675675675675676,0.0135135135135135,0.310810810810811,0.310810810810811,0.027027027027027,0.027027027027027,0.0135135135135135,0.0135135135135135,0.0135135135135135,0.0135135135135135,0.0135135135135135,0.0135135135135135,0.0135135135135135,0.0135135135135135,0.0135135135135135,0.0135135135135135,0.0135135135135135,0.0135135135135135,0.121621621621622,0.121621621621622,0.0135135135135135,0.0135135135135135,0.0135135135135135,0.0135135135135135,0.0135135135135135,0.0135135135135135,0.0135135135135135,0.0135135135135135,0.0135135135135135,0.0135135135135135,0.0135135135135135,0.0135135135135135,0.0135135135135135,0.0135135135135135,0.0135135135135135,0.0135135135135135,0.0135135135135135,0.0135135135135135,0.0135135135135135,0.0135135135135135,0.0135135135135135,0.621621621621622,0.743243243243243,0.77027027027027,0.743243243243243,0.027027027027027,0.581081081081081,0.689189189189189,0.337837837837838,0.0135135135135135,0.0135135135135135,0.027027027027027,0.22972972972973,0.027027027027027,0.0135135135135135,0.0135135135135135,0.0135135135135135,0.162162162162162,0.162162162162162,0.905405405405405,0.986486486486487,1,0.986486486486487,0.905405405405405,0.986486486486487,0.851351351351351,0.986486486486487,1,0.986486486486487,0.527027027027027,0.986486486486487,0.891891891891892,0.905405405405405,0.986486486486487,0.986486486486487,0.851351351351351,0.986486486486487,0.77027027027027,0.986486486486487,0.45945945945946,0.851351351351351,0.986486486486487,0.851351351351351,0.986486486486487,0.986486486486487,0.986486486486487,0.918918918918919,1,0.905405405405405,0.864864864864865,0.851351351351351,0.986486486486487,0.851351351351351,0.986486486486487,0.986486486486487,0.0675675675675676,0.0135135135135135,0.0135135135135135,0.662162162162162,0.554054054054054,0.986486486486487,0.581081081081081,0.959459459459459,0.391891891891892,0.662162162162162,0.554054054054054,0.554054054054054,0.662162162162162,0.554054054054054,0.986486486486487,0.986486486486487,0.851351351351351,0.986486486486487,0.851351351351351,0.986486486486487,0.986486486486487,0.986486486486487,0.77027027027027,0.77027027027027,0.77027027027027,0.77027027027027,0.0135135135135135
"it_plain",0.027027027027027,0.027027027027027,0.027027027027027,0.027027027027027,0.027027027027027,0.027027027027027,0.027027027027027,0.027027027027027,0.189189189189189,0.189189189189189,0.162162162162162,0.0540540540540541,0.027027027027027,0.027027027027027,0.027027027027027,0.027027027027027,0.0810810810810811,0.027027027027027,0.297297297297297,0.297297297297297,0.0405405405405405,0.0405405405405405,0.027027027027027,0.027027027027027,0.027027027027027,0.027027027027027,0.027027027027027,0.027027027027027,0.027027027027027,0.027027027027027,0.027027027027027,0.027027027027027,0.027027027027027,0.027027027027027,0.135135135135135,0.135135135135135,0.027027027027027,0.027027027027027,0.027027027027027,0.027027027027027,0.027027027027027,0.027027027027027,0.027027027027027,0.027027027027027,0.027027027027027,0.027027027027027,0.027027027027027,0.027027027027027,0.027027027027027,0.027027027027027,0.027027027027027,0.027027027027027,0.027027027027027,0.027027027027027,0.027027027027027,0.027027027027027,0.027027027027027,0.608108108108108,0.72972972972973,0.756756756756757,0.72972972972973,0.0405405405405405,0.567567567567568,0.675675675675676,0.324324324324324,0.027027027027027,0.027027027027027,0.0405405405405405,0.243243243243243,0.0405405405405405,0.027027027027027,0.027027027027027,0.027027027027027,0.148648648648649,0.148648648648649,0.918918918918919,0.972972972972973,0.986486486486487,0.972972972972973,0.918918918918919,0.972972972972973,0.837837837837838,0.972972972972973,0.986486486486487,1,0.540540540540541,0.972972972972973,0.878378378378378,0.918918918918919,0.972972972972973,0.972972972972973,0.837837837837838,0.972972972972973,0.783783783783784,0.972972972972973,0.472972972972973,0.837837837837838,0.972972972972973,0.837837837837838,0.972972972972973,0.972972972972973,0.972972972972973,0.905405405405405,0.986486486486487,0.918918918918919,0.851351351351351,0.837837837837838,0.972972972972973,0.837837837837838,0.972972972972973,0.972972972972973,0.0540540540540541,0.027027027027027,0.027027027027027,0.648648648648649,0.567567567567568,0.972972972972973,0.567567567567568,0.945945945945946,0.405405405405405,0.648648648648649,0.540540540540541,0.540540540540541,0.648648648648649,0.540540540540541,0.972972972972973,0.972972972972973,0.837837837837838,0.972972972972973,0.837837837837838,0.972972972972973,0.972972972972973,0.972972972972973,0.783783783783784,0.783783783783784,0.783783783783784,0.783783783783784,0.027027027027027
"it_dum",0.486486486486487,0.486486486486487,0.486486486486487,0.486486486486487,0.486486486486487,0.432432432432432,0.486486486486487,0.486486486486487,0.648648648648649,0.648648648648649,0.513513513513513,0.513513513513513,0.486486486486487,0.486486486486487,0.486486486486487,0.486486486486487,0.432432432432432,0.486486486486487,0.702702702702703,0.702702702702703,0.5,0.5,0.486486486486487,0.486486486486487,0.486486486486487,0.486486486486487,0.486486486486487,0.486486486486487,0.486486486486487,0.486486486486487,0.486486486486487,0.486486486486487,0.486486486486487,0.486486486486487,0.594594594594595,0.594594594594595,0.486486486486487,0.486486486486487,0.486486486486487,0.486486486486487,0.486486486486487,0.486486486486487,0.486486486486487,0.486486486486487,0.486486486486487,0.486486486486487,0.486486486486487,0.486486486486487,0.486486486486487,0.486486486486487,0.486486486486487,0.486486486486487,0.486486486486487,0.486486486486487,0.486486486486487,0.486486486486487,0.486486486486487,0.472972972972973,0.432432432432432,0.45945945945946,0.432432432432432,0.5,0.648648648648649,0.756756756756757,0.72972972972973,0.486486486486487,0.486486486486487,0.5,0.351351351351351,0.5,0.486486486486487,0.486486486486487,0.486486486486487,0.608108108108108,0.608108108108108,0.621621621621622,0.513513513513513,0.527027027027027,0.513513513513513,0.621621621621622,0.513513513513513,0.648648648648649,0.513513513513513,0.527027027027027,0.540540540540541,1,0.513513513513513,0.635135135135135,0.621621621621622,0.513513513513513,0.513513513513513,0.648648648648649,0.513513513513513,0.756756756756757,0.513513513513513,0.932432432432432,0.648648648648649,0.513513513513513,0.648648648648649,0.513513513513513,0.513513513513513,0.513513513513513,0.608108108108108,0.527027027027027,0.621621621621622,0.662162162162162,0.648648648648649,0.513513513513513,0.648648648648649,0.513513513513513,0.513513513513513,0.513513513513513,0.486486486486487,0.486486486486487,0.783783783783784,0.810810810810811,0.513513513513513,0.783783783783784,0.486486486486487,0.648648648648649,0.810810810810811,0.783783783783784,0.783783783783784,0.810810810810811,0.783783783783784,0.513513513513513,0.513513513513513,0.648648648648649,0.513513513513513,0.648648648648649,0.513513513513513,0.513513513513513,0.513513513513513,0.675675675675676,0.675675675675676,0.675675675675676,0.675675675675676,0.486486486486487
"its",0,0,0,0,0,0.0540540540540541,0,0,0.162162162162162,0.162162162162162,0.135135135135135,0.027027027027027,0,0,0,0,0.0540540540540541,0,0.324324324324324,0.324324324324324,0.0135135135135135,0.0135135135135135,0,0,0,0,0,0,0,0,0,0,0,0,0.108108108108108,0.108108108108108,0,0,0,0,0,0,0,0,0,0,0,0,0,0,0,0,0,0,0,0,0,0.608108108108108,0.756756756756757,0.783783783783784,0.756756756756757,0.0135135135135135,0.594594594594595,0.702702702702703,0.351351351351351,0,0,0.0135135135135135,0.216216216216216,0.0135135135135135,0,0,0,0.148648648648649,0.148648648648649,0.891891891891892,1,0.986486486486487,1,0.891891891891892,1,0.864864864864865,1,0.986486486486487,0.972972972972973,0.513513513513513,1,0.878378378378378,0.891891891891892,1,1,0.864864864864865,1,0.756756756756757,1,0.445945945945946,0.864864864864865,1,0.864864864864865,1,1,1,0.905405405405405,0.986486486486487,0.891891891891892,0.851351351351351,0.864864864864865,1,0.864864864864865,1,1,0.0540540540540541,0,0,0.648648648648649,0.540540540540541,1,0.567567567567568,0.972972972972973,0.378378378378378,0.648648648648649,0.540540540540541,0.540540540540541,0.648648648648649,0.540540540540541,1,1,0.864864864864865,1,0.864864864864865,1,1,1,0.756756756756757,0.756756756756757,0.756756756756757,0.756756756756757,0
"itself",0.121621621621622,0.121621621621622,0.121621621621622,0.121621621621622,0.121621621621622,0.0945945945945946,0.121621621621622,0.121621621621622,0.283783783783784,0.283783783783784,0.256756756756757,0.148648648648649,0.121621621621622,0.121621621621622,0.121621621621622,0.121621621621622,0.121621621621622,0.121621621621622,0.418918918918919,0.418918918918919,0.135135135135135,0.135135135135135,0.121621621621622,0.121621621621622,0.121621621621622,0.121621621621622,0.121621621621622,0.121621621621622,0.121621621621622,0.121621621621622,0.121621621621622,0.121621621621622,0.121621621621622,0.121621621621622,0.22972972972973,0.22972972972973,0.121621621621622,0.121621621621622,0.121621621621622,0.121621621621622,0.121621621621622,0.121621621621622,0.121621621621622,0.121621621621622,0.121621621621622,0.121621621621622,0.121621621621622,0.121621621621622,0.121621621621622,0.121621621621622,0.121621621621622,0.121621621621622,0.121621621621622,0.121621621621622,0.121621621621622,0.121621621621622,0.121621621621622,0.675675675675676,0.635135135135135,0.662162162162162,0.635135135135135,0.135135135135135,0.472972972972973,0.581081081081081,0.391891891891892,0.121621621621622,0.121621621621622,0.135135135135135,0.337837837837838,0.135135135135135,0.121621621621622,0.121621621621622,0.121621621621622,0.27027027027027,0.27027027027027,0.797297297297297,0.878378378378378,0.891891891891892,0.878378378378378,0.797297297297297,0.878378378378378,0.743243243243243,0.878378378378378,0.891891891891892,0.878378378378378,0.635135135135135,0.878378378378378,1,0.797297297297297,0.878378378378378,0.878378378378378,0.743243243243243,0.878378378378378,0.878378378378378,0.878378378378378,0.567567567567568,0.743243243243243,0.878378378378378,0.743243243243243,0.878378378378378,0.878378378378378,0.878378378378378,0.972972972972973,0.891891891891892,0.797297297297297,0.756756756756757,0.743243243243243,0.878378378378378,0.743243243243243,0.878378378378378,0.878378378378378,0.175675675675676,0.121621621621622,0.121621621621622,0.662162162162162,0.608108108108108,0.878378378378378,0.635135135135135,0.851351351351351,0.445945945945946,0.716216216216216,0.608108108108108,0.608108108108108,0.716216216216216,0.608108108108108,0.878378378378378,0.878378378378378,0.743243243243243,0.878378378378378,0.743243243243243,0.878378378378378,0.878378378378378,0.878378378378378,0.878378378378378,0.878378378378378,0.878378378378378,0.878378378378378,0.121621621621622
"I",0.108108108108108,0.108108108108108,0.108108108108108,0.108108108108108,0.108108108108108,0.108108108108108,0.108108108108108,0.108108108108108,0.27027027027027,0.27027027027027,0.243243243243243,0.135135135135135,0.108108108108108,0.108108108108108,0.108108108108108,0.108108108108108,0.162162162162162,0.108108108108108,0.378378378378378,0.378378378378378,0.121621621621622,0.121621621621622,0.108108108108108,0.108108108108108,0.108108108108108,0.108108108108108,0.108108108108108,0.108108108108108,0.108108108108108,0.108108108108108,0.108108108108108,0.108108108108108,0.108108108108108,0.108108108108108,0.216216216216216,0.216216216216216,0.108108108108108,0.108108108108108,0.108108108108108,0.108108108108108,0.108108108108108,0.108108108108108,0.108108108108108,0.108108108108108,0.108108108108108,0.108108108108108,0.108108108108108,0.108108108108108,0.108108108108108,0.108108108108108,0.108108108108108,0.108108108108108,0.108108108108108,0.108108108108108,0.108108108108108,0.108108108108108,0.108108108108108,0.527027027027027,0.648648648648649,0.675675675675676,0.648648648648649,0.121621621621622,0.648648648648649,0.756756756756757,0.405405405405405,0.108108108108108,0.108108108108108,0.121621621621622,0.162162162162162,0.121621621621622,0.108108108108108,0.108108108108108,0.108108108108108,0.22972972972973,0.22972972972973,1,0.891891891891892,0.905405405405405,0.891891891891892,1,0.891891891891892,0.918918918918919,0.891891891891892,0.905405405405405,0.918918918918919,0.621621621621622,0.891891891891892,0.797297297297297,1,0.891891891891892,0.891891891891892,0.918918918918919,0.891891891891892,0.702702702702703,0.891891891891892,0.554054054054054,0.918918918918919,0.891891891891892,0.918918918918919,0.891891891891892,0.891891891891892,0.891891891891892,0.824324324324324,0.905405405405405,1,0.932432432432432,0.918918918918919,0.891891891891892,0.918918918918919,0.891891891891892,0.891891891891892,0.135135135135135,0.108108108108108,0.108108108108108,0.72972972972973,0.648648648648649,0.891891891891892,0.648648648648649,0.864864864864865,0.486486486486487,0.72972972972973,0.621621621621622,0.621621621621622,0.72972972972973,0.621621621621622,0.891891891891892,0.891891891891892,0.918918918918919,0.891891891891892,0.918918918918919,0.891891891891892,0.891891891891892,0.891891891891892,0.702702702702703,0.702702702702703,0.702702702702703,0.702702702702703,0.108108108108108
"me",0,0,0,0,0,0.0540540540540541,0,0,0.162162162162162,0.162162162162162,0.135135135135135,0.027027027027027,0,0,0,0,0.0540540540540541,0,0.324324324324324,0.324324324324324,0.0135135135135135,0.0135135135135135,0,0,0,0,0,0,0,0,0,0,0,0,0.108108108108108,0.108108108108108,0,0,0,0,0,0,0,0,0,0,0,0,0,0,0,0,0,0,0,0,0,0.608108108108108,0.756756756756757,0.783783783783784,0.756756756756757,0.0135135135135135,0.594594594594595,0.702702702702703,0.351351351351351,0,0,0.0135135135135135,0.216216216216216,0.0135135135135135,0,0,0,0.148648648648649,0.148648648648649,0.891891891891892,1,0.986486486486487,1,0.891891891891892,1,0.864864864864865,1,0.986486486486487,0.972972972972973,0.513513513513513,1,0.878378378378378,0.891891891891892,1,1,0.864864864864865,1,0.756756756756757,1,0.445945945945946,0.864864864864865,1,0.864864864864865,1,1,1,0.905405405405405,0.986486486486487,0.891891891891892,0.851351351351351,0.864864864864865,1,0.864864864864865,1,1,0.0540540540540541,0,0,0.648648648648649,0.540540540540541,1,0.567567567567568,0.972972972972973,0.378378378378378,0.648648648648649,0.540540540540541,0.540540540540541,0.648648648648649,0.540540540540541,1,1,0.864864864864865,1,0.864864864864865,1,1,1,0.756756756756757,0.756756756756757,0.756756756756757,0.756756756756757,0
"mine",0,0,0,0,0,0.0540540540540541,0,0,0.162162162162162,0.162162162162162,0.135135135135135,0.027027027027027,0,0,0,0,0.0540540540540541,0,0.324324324324324,0.324324324324324,0.0135135135135135,0.0135135135135135,0,0,0,0,0,0,0,0,0,0,0,0,0.108108108108108,0.108108108108108,0,0,0,0,0,0,0,0,0,0,0,0,0,0,0,0,0,0,0,0,0,0.608108108108108,0.756756756756757,0.783783783783784,0.756756756756757,0.0135135135135135,0.594594594594595,0.702702702702703,0.351351351351351,0,0,0.0135135135135135,0.216216216216216,0.0135135135135135,0,0,0,0.148648648648649,0.148648648648649,0.891891891891892,1,0.986486486486487,1,0.891891891891892,1,0.864864864864865,1,0.986486486486487,0.972972972972973,0.513513513513513,1,0.878378378378378,0.891891891891892,1,1,0.864864864864865,1,0.756756756756757,1,0.445945945945946,0.864864864864865,1,0.864864864864865,1,1,1,0.905405405405405,0.986486486486487,0.891891891891892,0.851351351351351,0.864864864864865,1,0.864864864864865,1,1,0.0540540540540541,0,0,0.648648648648649,0.540540540540541,1,0.567567567567568,0.972972972972973,0.378378378378378,0.648648648648649,0.540540540540541,0.540540540540541,0.648648648648649,0.540540540540541,1,1,0.864864864864865,1,0.864864864864865,1,1,1,0.756756756756757,0.756756756756757,0.756756756756757,0.756756756756757,0
"my",0.135135135135135,0.135135135135135,0.135135135135135,0.135135135135135,0.135135135135135,0.189189189189189,0.135135135135135,0.135135135135135,0.297297297297297,0.297297297297297,0.27027027027027,0.162162162162162,0.135135135135135,0.135135135135135,0.135135135135135,0.135135135135135,0.189189189189189,0.135135135135135,0.45945945945946,0.45945945945946,0.148648648648649,0.148648648648649,0.135135135135135,0.135135135135135,0.135135135135135,0.135135135135135,0.135135135135135,0.135135135135135,0.135135135135135,0.135135135135135,0.135135135135135,0.135135135135135,0.135135135135135,0.135135135135135,0.243243243243243,0.243243243243243,0.135135135135135,0.135135135135135,0.135135135135135,0.135135135135135,0.135135135135135,0.135135135135135,0.135135135135135,0.135135135135135,0.135135135135135,0.135135135135135,0.135135135135135,0.135135135135135,0.135135135135135,0.135135135135135,0.135135135135135,0.135135135135135,0.135135135135135,0.135135135135135,0.135135135135135,0.135135135135135,0.135135135135135,0.472972972972973,0.621621621621622,0.648648648648649,0.621621621621622,0.148648648648649,0.72972972972973,0.837837837837838,0.486486486486487,0.135135135135135,0.135135135135135,0.148648648648649,0.0810810810810811,0.148648648648649,0.135135135135135,0.135135135135135,0.135135135135135,0.283783783783784,0.283783783783784,0.918918918918919,0.864864864864865,0.851351351351351,0.864864864864865,0.918918918918919,0.864864864864865,1,0.864864864864865,0.851351351351351,0.837837837837838,0.648648648648649,0.864864864864865,0.743243243243243,0.918918918918919,0.864864864864865,0.864864864864865,1,0.864864864864865,0.621621621621622,0.864864864864865,0.581081081081081,1,0.864864864864865,1,0.864864864864865,0.864864864864865,0.864864864864865,0.77027027027027,0.851351351351351,0.918918918918919,0.986486486486487,1,0.864864864864865,1,0.864864864864865,0.864864864864865,0.189189189189189,0.135135135135135,0.135135135135135,0.783783783783784,0.675675675675676,0.864864864864865,0.702702702702703,0.837837837837838,0.513513513513513,0.783783783783784,0.675675675675676,0.675675675675676,0.783783783783784,0.675675675675676,0.864864864864865,0.864864864864865,1,0.864864864864865,1,0.864864864864865,0.864864864864865,0.864864864864865,0.621621621621622,0.621621621621622,0.621621621621622,0.621621621621622,0.135135135135135
"myself",0,0,0,0,0,0.0540540540540541,0,0,0.162162162162162,0.162162162162162,0.135135135135135,0.027027027027027,0,0,0,0,0.0540540540540541,0,0.324324324324324,0.324324324324324,0.0135135135135135,0.0135135135135135,0,0,0,0,0,0,0,0,0,0,0,0,0.108108108108108,0.108108108108108,0,0,0,0,0,0,0,0,0,0,0,0,0,0,0,0,0,0,0,0,0,0.608108108108108,0.756756756756757,0.783783783783784,0.756756756756757,0.0135135135135135,0.594594594594595,0.702702702702703,0.351351351351351,0,0,0.0135135135135135,0.216216216216216,0.0135135135135135,0,0,0,0.148648648648649,0.148648648648649,0.891891891891892,1,0.986486486486487,1,0.891891891891892,1,0.864864864864865,1,0.986486486486487,0.972972972972973,0.513513513513513,1,0.878378378378378,0.891891891891892,1,1,0.864864864864865,1,0.756756756756757,1,0.445945945945946,0.864864864864865,1,0.864864864864865,1,1,1,0.905405405405405,0.986486486486487,0.891891891891892,0.851351351351351,0.864864864864865,1,0.864864864864865,1,1,0.0540540540540541,0,0,0.648648648648649,0.540540540540541,1,0.567567567567568,0.972972972972973,0.378378378378378,0.648648648648649,0.540540540540541,0.540540540540541,0.648648648648649,0.540540540540541,1,1,0.864864864864865,1,0.864864864864865,1,1,1,0.756756756756757,0.756756756756757,0.756756756756757,0.756756756756757,0
"one_pron",0.243243243243243,0.243243243243243,0.243243243243243,0.243243243243243,0.243243243243243,0.189189189189189,0.243243243243243,0.243243243243243,0.405405405405405,0.405405405405405,0.27027027027027,0.27027027027027,0.243243243243243,0.243243243243243,0.243243243243243,0.243243243243243,0.189189189189189,0.243243243243243,0.45945945945946,0.45945945945946,0.256756756756757,0.256756756756757,0.243243243243243,0.243243243243243,0.243243243243243,0.243243243243243,0.243243243243243,0.243243243243243,0.243243243243243,0.243243243243243,0.243243243243243,0.243243243243243,0.243243243243243,0.243243243243243,0.351351351351351,0.351351351351351,0.243243243243243,0.243243243243243,0.243243243243243,0.243243243243243,0.243243243243243,0.243243243243243,0.243243243243243,0.243243243243243,0.243243243243243,0.243243243243243,0.243243243243243,0.243243243243243,0.243243243243243,0.243243243243243,0.243243243243243,0.243243243243243,0.243243243243243,0.243243243243243,0.243243243243243,0.243243243243243,0.243243243243243,0.716216216216216,0.675675675675676,0.702702702702703,0.675675675675676,0.256756756756757,0.513513513513513,0.621621621621622,0.486486486486487,0.243243243243243,0.243243243243243,0.256756756756757,0.45945945945946,0.256756756756757,0.243243243243243,0.243243243243243,0.243243243243243,0.364864864864865,0.364864864864865,0.702702702702703,0.756756756756757,0.77027027027027,0.756756756756757,0.702702702702703,0.756756756756757,0.621621621621622,0.756756756756757,0.77027027027027,0.783783783783784,0.756756756756757,0.756756756756757,0.878378378378378,0.702702702702703,0.756756756756757,0.756756756756757,0.621621621621622,0.756756756756757,1,0.756756756756757,0.689189189189189,0.621621621621622,0.756756756756757,0.621621621621622,0.756756756756757,0.756756756756757,0.756756756756757,0.851351351351351,0.77027027027027,0.702702702702703,0.635135135135135,0.621621621621622,0.756756756756757,0.621621621621622,0.756756756756757,0.756756756756757,0.27027027027027,0.243243243243243,0.243243243243243,0.540540540540541,0.621621621621622,0.756756756756757,0.621621621621622,0.72972972972973,0.45945945945946,0.648648648648649,0.594594594594595,0.594594594594595,0.648648648648649,0.594594594594595,0.756756756756757,0.756756756756757,0.621621621621622,0.756756756756757,0.621621621621622,0.756756756756757,0.756756756756757,0.756756756756757,0.891891891891892,0.891891891891892,0.891891891891892,0.891891891891892,0.243243243243243
"one_s",0,0,0,0,0,0.0540540540540541,0,0,0.162162162162162,0.162162162162162,0.135135135135135,0.027027027027027,0,0,0,0,0.0540540540540541,0,0.324324324324324,0.324324324324324,0.0135135135135135,0.0135135135135135,0,0,0,0,0,0,0,0,0,0,0,0,0.108108108108108,0.108108108108108,0,0,0,0,0,0,0,0,0,0,0,0,0,0,0,0,0,0,0,0,0,0.608108108108108,0.756756756756757,0.783783783783784,0.756756756756757,0.0135135135135135,0.594594594594595,0.702702702702703,0.351351351351351,0,0,0.0135135135135135,0.216216216216216,0.0135135135135135,0,0,0,0.148648648648649,0.148648648648649,0.891891891891892,1,0.986486486486487,1,0.891891891891892,1,0.864864864864865,1,0.986486486486487,0.972972972972973,0.513513513513513,1,0.878378378378378,0.891891891891892,1,1,0.864864864864865,1,0.756756756756757,1,0.445945945945946,0.864864864864865,1,0.864864864864865,1,1,1,0.905405405405405,0.986486486486487,0.891891891891892,0.851351351351351,0.864864864864865,1,0.864864864864865,1,1,0.0540540540540541,0,0,0.648648648648649,0.540540540540541,1,0.567567567567568,0.972972972972973,0.378378378378378,0.648648648648649,0.540540540540541,0.540540540540541,0.648648648648649,0.540540540540541,1,1,0.864864864864865,1,0.864864864864865,1,1,1,0.756756756756757,0.756756756756757,0.756756756756757,0.756756756756757,0
"oneself",0.554054054054054,0.554054054054054,0.554054054054054,0.554054054054054,0.554054054054054,0.5,0.554054054054054,0.554054054054054,0.716216216216216,0.716216216216216,0.581081081081081,0.581081081081081,0.554054054054054,0.554054054054054,0.554054054054054,0.554054054054054,0.5,0.554054054054054,0.77027027027027,0.77027027027027,0.567567567567568,0.567567567567568,0.554054054054054,0.554054054054054,0.554054054054054,0.554054054054054,0.554054054054054,0.554054054054054,0.554054054054054,0.554054054054054,0.554054054054054,0.554054054054054,0.554054054054054,0.554054054054054,0.662162162162162,0.662162162162162,0.554054054054054,0.554054054054054,0.554054054054054,0.554054054054054,0.554054054054054,0.554054054054054,0.554054054054054,0.554054054054054,0.554054054054054,0.554054054054054,0.554054054054054,0.554054054054054,0.554054054054054,0.554054054054054,0.554054054054054,0.554054054054054,0.554054054054054,0.554054054054054,0.554054054054054,0.554054054054054,0.554054054054054,0.405405405405405,0.364864864864865,0.391891891891892,0.364864864864865,0.567567567567568,0.581081081081081,0.689189189189189,0.77027027027027,0.554054054054054,0.554054054054054,0.567567567567568,0.337837837837838,0.567567567567568,0.554054054054054,0.554054054054054,0.554054054054054,0.675675675675676,0.675675675675676,0.554054054054054,0.445945945945946,0.45945945945946,0.445945945945946,0.554054054054054,0.445945945945946,0.581081081081081,0.445945945945946,0.45945945945946,0.472972972972973,0.932432432432432,0.445945945945946,0.567567567567568,0.554054054054054,0.445945945945946,0.445945945945946,0.581081081081081,0.445945945945946,0.689189189189189,0.445945945945946,1,0.581081081081081,0.445945945945946,0.581081081081081,0.445945945945946,0.445945945945946,0.445945945945946,0.540540540540541,0.45945945945946,0.554054054054054,0.594594594594595,0.581081081081081,0.445945945945946,0.581081081081081,0.445945945945946,0.445945945945946,0.581081081081081,0.554054054054054,0.554054054054054,0.797297297297297,0.824324324324324,0.445945945945946,0.797297297297297,0.418918918918919,0.716216216216216,0.797297297297297,0.851351351351351,0.851351351351351,0.797297297297297,0.851351351351351,0.445945945945946,0.445945945945946,0.581081081081081,0.445945945945946,0.581081081081081,0.445945945945946,0.445945945945946,0.445945945945946,0.662162162162162,0.662162162162162,0.662162162162162,0.662162162162162,0.554054054054054
"their_sing",0.135135135135135,0.135135135135135,0.135135135135135,0.135135135135135,0.135135135135135,0.189189189189189,0.135135135135135,0.135135135135135,0.297297297297297,0.297297297297297,0.27027027027027,0.162162162162162,0.135135135135135,0.135135135135135,0.135135135135135,0.135135135135135,0.189189189189189,0.135135135135135,0.45945945945946,0.45945945945946,0.148648648648649,0.148648648648649,0.135135135135135,0.135135135135135,0.135135135135135,0.135135135135135,0.135135135135135,0.135135135135135,0.135135135135135,0.135135135135135,0.135135135135135,0.135135135135135,0.135135135135135,0.135135135135135,0.243243243243243,0.243243243243243,0.135135135135135,0.135135135135135,0.135135135135135,0.135135135135135,0.135135135135135,0.135135135135135,0.135135135135135,0.135135135135135,0.135135135135135,0.135135135135135,0.135135135135135,0.135135135135135,0.135135135135135,0.135135135135135,0.135135135135135,0.135135135135135,0.135135135135135,0.135135135135135,0.135135135135135,0.135135135135135,0.135135135135135,0.472972972972973,0.621621621621622,0.648648648648649,0.621621621621622,0.148648648648649,0.72972972972973,0.837837837837838,0.486486486486487,0.135135135135135,0.135135135135135,0.148648648648649,0.0810810810810811,0.148648648648649,0.135135135135135,0.135135135135135,0.135135135135135,0.283783783783784,0.283783783783784,0.918918918918919,0.864864864864865,0.851351351351351,0.864864864864865,0.918918918918919,0.864864864864865,1,0.864864864864865,0.851351351351351,0.837837837837838,0.648648648648649,0.864864864864865,0.743243243243243,0.918918918918919,0.864864864864865,0.864864864864865,1,0.864864864864865,0.621621621621622,0.864864864864865,0.581081081081081,1,0.864864864864865,1,0.864864864864865,0.864864864864865,0.864864864864865,0.77027027027027,0.851351351351351,0.918918918918919,0.986486486486487,1,0.864864864864865,1,0.864864864864865,0.864864864864865,0.189189189189189,0.135135135135135,0.135135135135135,0.783783783783784,0.675675675675676,0.864864864864865,0.702702702702703,0.837837837837838,0.513513513513513,0.783783783783784,0.675675675675676,0.675675675675676,0.783783783783784,0.675675675675676,0.864864864864865,0.864864864864865,1,0.864864864864865,1,0.864864864864865,0.864864864864865,0.864864864864865,0.621621621621622,0.621621621621622,0.621621621621622,0.621621621621622,0.135135135135135
"theirs_sing",0,0,0,0,0,0.0540540540540541,0,0,0.162162162162162,0.162162162162162,0.135135135135135,0.027027027027027,0,0,0,0,0.0540540540540541,0,0.324324324324324,0.324324324324324,0.0135135135135135,0.0135135135135135,0,0,0,0,0,0,0,0,0,0,0,0,0.108108108108108,0.108108108108108,0,0,0,0,0,0,0,0,0,0,0,0,0,0,0,0,0,0,0,0,0,0.608108108108108,0.756756756756757,0.783783783783784,0.756756756756757,0.0135135135135135,0.594594594594595,0.702702702702703,0.351351351351351,0,0,0.0135135135135135,0.216216216216216,0.0135135135135135,0,0,0,0.148648648648649,0.148648648648649,0.891891891891892,1,0.986486486486487,1,0.891891891891892,1,0.864864864864865,1,0.986486486486487,0.972972972972973,0.513513513513513,1,0.878378378378378,0.891891891891892,1,1,0.864864864864865,1,0.756756756756757,1,0.445945945945946,0.864864864864865,1,0.864864864864865,1,1,1,0.905405405405405,0.986486486486487,0.891891891891892,0.851351351351351,0.864864864864865,1,0.864864864864865,1,1,0.0540540540540541,0,0,0.648648648648649,0.540540540540541,1,0.567567567567568,0.972972972972973,0.378378378378378,0.648648648648649,0.540540540540541,0.540540540540541,0.648648648648649,0.540540540540541,1,1,0.864864864864865,1,0.864864864864865,1,1,1,0.756756756756757,0.756756756756757,0.756756756756757,0.756756756756757,0
"their_plur",0.135135135135135,0.135135135135135,0.135135135135135,0.135135135135135,0.135135135135135,0.189189189189189,0.135135135135135,0.135135135135135,0.297297297297297,0.297297297297297,0.27027027027027,0.162162162162162,0.135135135135135,0.135135135135135,0.135135135135135,0.135135135135135,0.189189189189189,0.135135135135135,0.45945945945946,0.45945945945946,0.148648648648649,0.148648648648649,0.135135135135135,0.135135135135135,0.135135135135135,0.135135135135135,0.135135135135135,0.135135135135135,0.135135135135135,0.135135135135135,0.135135135135135,0.135135135135135,0.135135135135135,0.135135135135135,0.243243243243243,0.243243243243243,0.135135135135135,0.135135135135135,0.135135135135135,0.135135135135135,0.135135135135135,0.135135135135135,0.135135135135135,0.135135135135135,0.135135135135135,0.135135135135135,0.135135135135135,0.135135135135135,0.135135135135135,0.135135135135135,0.135135135135135,0.135135135135135,0.135135135135135,0.135135135135135,0.135135135135135,0.135135135135135,0.135135135135135,0.472972972972973,0.621621621621622,0.648648648648649,0.621621621621622,0.148648648648649,0.72972972972973,0.837837837837838,0.486486486486487,0.135135135135135,0.135135135135135,0.148648648648649,0.0810810810810811,0.148648648648649,0.135135135135135,0.135135135135135,0.135135135135135,0.283783783783784,0.283783783783784,0.918918918918919,0.864864864864865,0.851351351351351,0.864864864864865,0.918918918918919,0.864864864864865,1,0.864864864864865,0.851351351351351,0.837837837837838,0.648648648648649,0.864864864864865,0.743243243243243,0.918918918918919,0.864864864864865,0.864864864864865,1,0.864864864864865,0.621621621621622,0.864864864864865,0.581081081081081,1,0.864864864864865,1,0.864864864864865,0.864864864864865,0.864864864864865,0.77027027027027,0.851351351351351,0.918918918918919,0.986486486486487,1,0.864864864864865,1,0.864864864864865,0.864864864864865,0.189189189189189,0.135135135135135,0.135135135135135,0.783783783783784,0.675675675675676,0.864864864864865,0.702702702702703,0.837837837837838,0.513513513513513,0.783783783783784,0.675675675675676,0.675675675675676,0.783783783783784,0.675675675675676,0.864864864864865,0.864864864864865,1,0.864864864864865,1,0.864864864864865,0.864864864864865,0.864864864864865,0.621621621621622,0.621621621621622,0.621621621621622,0.621621621621622,0.135135135135135
"theirs_plur",0,0,0,0,0,0.0540540540540541,0,0,0.162162162162162,0.162162162162162,0.135135135135135,0.027027027027027,0,0,0,0,0.0540540540540541,0,0.324324324324324,0.324324324324324,0.0135135135135135,0.0135135135135135,0,0,0,0,0,0,0,0,0,0,0,0,0.108108108108108,0.108108108108108,0,0,0,0,0,0,0,0,0,0,0,0,0,0,0,0,0,0,0,0,0,0.608108108108108,0.756756756756757,0.783783783783784,0.756756756756757,0.0135135135135135,0.594594594594595,0.702702702702703,0.351351351351351,0,0,0.0135135135135135,0.216216216216216,0.0135135135135135,0,0,0,0.148648648648649,0.148648648648649,0.891891891891892,1,0.986486486486487,1,0.891891891891892,1,0.864864864864865,1,0.986486486486487,0.972972972972973,0.513513513513513,1,0.878378378378378,0.891891891891892,1,1,0.864864864864865,1,0.756756756756757,1,0.445945945945946,0.864864864864865,1,0.864864864864865,1,1,1,0.905405405405405,0.986486486486487,0.891891891891892,0.851351351351351,0.864864864864865,1,0.864864864864865,1,1,0.0540540540540541,0,0,0.648648648648649,0.540540540540541,1,0.567567567567568,0.972972972972973,0.378378378378378,0.648648648648649,0.540540540540541,0.540540540540541,0.648648648648649,0.540540540540541,1,1,0.864864864864865,1,0.864864864864865,1,1,1,0.756756756756757,0.756756756756757,0.756756756756757,0.756756756756757,0
"them_sing",0,0,0,0,0,0.0540540540540541,0,0,0.162162162162162,0.162162162162162,0.135135135135135,0.027027027027027,0,0,0,0,0.0540540540540541,0,0.324324324324324,0.324324324324324,0.0135135135135135,0.0135135135135135,0,0,0,0,0,0,0,0,0,0,0,0,0.108108108108108,0.108108108108108,0,0,0,0,0,0,0,0,0,0,0,0,0,0,0,0,0,0,0,0,0,0.608108108108108,0.756756756756757,0.783783783783784,0.756756756756757,0.0135135135135135,0.594594594594595,0.702702702702703,0.351351351351351,0,0,0.0135135135135135,0.216216216216216,0.0135135135135135,0,0,0,0.148648648648649,0.148648648648649,0.891891891891892,1,0.986486486486487,1,0.891891891891892,1,0.864864864864865,1,0.986486486486487,0.972972972972973,0.513513513513513,1,0.878378378378378,0.891891891891892,1,1,0.864864864864865,1,0.756756756756757,1,0.445945945945946,0.864864864864865,1,0.864864864864865,1,1,1,0.905405405405405,0.986486486486487,0.891891891891892,0.851351351351351,0.864864864864865,1,0.864864864864865,1,1,0.0540540540540541,0,0,0.648648648648649,0.540540540540541,1,0.567567567567568,0.972972972972973,0.378378378378378,0.648648648648649,0.540540540540541,0.540540540540541,0.648648648648649,0.540540540540541,1,1,0.864864864864865,1,0.864864864864865,1,1,1,0.756756756756757,0.756756756756757,0.756756756756757,0.756756756756757,0
"them_plur",0,0,0,0,0,0.0540540540540541,0,0,0.162162162162162,0.162162162162162,0.135135135135135,0.027027027027027,0,0,0,0,0.0540540540540541,0,0.324324324324324,0.324324324324324,0.0135135135135135,0.0135135135135135,0,0,0,0,0,0,0,0,0,0,0,0,0.108108108108108,0.108108108108108,0,0,0,0,0,0,0,0,0,0,0,0,0,0,0,0,0,0,0,0,0,0.608108108108108,0.756756756756757,0.783783783783784,0.756756756756757,0.0135135135135135,0.594594594594595,0.702702702702703,0.351351351351351,0,0,0.0135135135135135,0.216216216216216,0.0135135135135135,0,0,0,0.148648648648649,0.148648648648649,0.891891891891892,1,0.986486486486487,1,0.891891891891892,1,0.864864864864865,1,0.986486486486487,0.972972972972973,0.513513513513513,1,0.878378378378378,0.891891891891892,1,1,0.864864864864865,1,0.756756756756757,1,0.445945945945946,0.864864864864865,1,0.864864864864865,1,1,1,0.905405405405405,0.986486486486487,0.891891891891892,0.851351351351351,0.864864864864865,1,0.864864864864865,1,1,0.0540540540540541,0,0,0.648648648648649,0.540540540540541,1,0.567567567567568,0.972972972972973,0.378378378378378,0.648648648648649,0.540540540540541,0.540540540540541,0.648648648648649,0.540540540540541,1,1,0.864864864864865,1,0.864864864864865,1,1,1,0.756756756756757,0.756756756756757,0.756756756756757,0.756756756756757,0
"themself",0.0945945945945946,0.0945945945945946,0.0945945945945946,0.0945945945945946,0.0945945945945946,0.0675675675675676,0.0945945945945946,0.0945945945945946,0.256756756756757,0.256756756756757,0.22972972972973,0.121621621621622,0.0945945945945946,0.0945945945945946,0.0945945945945946,0.0945945945945946,0.0945945945945946,0.0945945945945946,0.391891891891892,0.391891891891892,0.108108108108108,0.108108108108108,0.0945945945945946,0.0945945945945946,0.0945945945945946,0.0945945945945946,0.0945945945945946,0.0945945945945946,0.0945945945945946,0.0945945945945946,0.0945945945945946,0.0945945945945946,0.0945945945945946,0.0945945945945946,0.202702702702703,0.202702702702703,0.0945945945945946,0.0945945945945946,0.0945945945945946,0.0945945945945946,0.0945945945945946,0.0945945945945946,0.0945945945945946,0.0945945945945946,0.0945945945945946,0.0945945945945946,0.0945945945945946,0.0945945945945946,0.0945945945945946,0.0945945945945946,0.0945945945945946,0.0945945945945946,0.0945945945945946,0.0945945945945946,0.0945945945945946,0.0945945945945946,0.0945945945945946,0.648648648648649,0.662162162162162,0.689189189189189,0.662162162162162,0.108108108108108,0.5,0.608108108108108,0.364864864864865,0.0945945945945946,0.0945945945945946,0.108108108108108,0.310810810810811,0.108108108108108,0.0945945945945946,0.0945945945945946,0.0945945945945946,0.243243243243243,0.243243243243243,0.824324324324324,0.905405405405405,0.918918918918919,0.905405405405405,0.824324324324324,0.905405405405405,0.77027027027027,0.905405405405405,0.918918918918919,0.905405405405405,0.608108108108108,0.905405405405405,0.972972972972973,0.824324324324324,0.905405405405405,0.905405405405405,0.77027027027027,0.905405405405405,0.851351351351351,0.905405405405405,0.540540540540541,0.77027027027027,0.905405405405405,0.77027027027027,0.905405405405405,0.905405405405405,0.905405405405405,1,0.918918918918919,0.824324324324324,0.783783783783784,0.77027027027027,0.905405405405405,0.77027027027027,0.905405405405405,0.905405405405405,0.148648648648649,0.0945945945945946,0.0945945945945946,0.689189189189189,0.581081081081081,0.905405405405405,0.608108108108108,0.878378378378378,0.418918918918919,0.689189189189189,0.581081081081081,0.581081081081081,0.689189189189189,0.581081081081081,0.905405405405405,0.905405405405405,0.77027027027027,0.905405405405405,0.77027027027027,0.905405405405405,0.905405405405405,0.905405405405405,0.851351351351351,0.851351351351351,0.851351351351351,0.851351351351351,0.0945945945945946
"themselves",0.0135135135135135,0.0135135135135135,0.0135135135135135,0.0135135135135135,0.0135135135135135,0.0405405405405405,0.0135135135135135,0.0135135135135135,0.175675675675676,0.175675675675676,0.148648648648649,0.0405405405405405,0.0135135135135135,0.0135135135135135,0.0135135135135135,0.0135135135135135,0.0675675675675676,0.0135135135135135,0.310810810810811,0.310810810810811,0.027027027027027,0.027027027027027,0.0135135135135135,0.0135135135135135,0.0135135135135135,0.0135135135135135,0.0135135135135135,0.0135135135135135,0.0135135135135135,0.0135135135135135,0.0135135135135135,0.0135135135135135,0.0135135135135135,0.0135135135135135,0.121621621621622,0.121621621621622,0.0135135135135135,0.0135135135135135,0.0135135135135135,0.0135135135135135,0.0135135135135135,0.0135135135135135,0.0135135135135135,0.0135135135135135,0.0135135135135135,0.0135135135135135,0.0135135135135135,0.0135135135135135,0.0135135135135135,0.0135135135135135,0.0135135135135135,0.0135135135135135,0.0135135135135135,0.0135135135135135,0.0135135135135135,0.0135135135135135,0.0135135135135135,0.621621621621622,0.743243243243243,0.77027027027027,0.743243243243243,0.027027027027027,0.581081081081081,0.689189189189189,0.337837837837838,0.0135135135135135,0.0135135135135135,0.027027027027027,0.22972972972973,0.027027027027027,0.0135135135135135,0.0135135135135135,0.0135135135135135,0.162162162162162,0.162162162162162,0.905405405405405,0.986486486486487,1,0.986486486486487,0.905405405405405,0.986486486486487,0.851351351351351,0.986486486486487,1,0.986486486486487,0.527027027027027,0.986486486486487,0.891891891891892,0.905405405405405,0.986486486486487,0.986486486486487,0.851351351351351,0.986486486486487,0.77027027027027,0.986486486486487,0.45945945945946,0.851351351351351,0.986486486486487,0.851351351351351,0.986486486486487,0.986486486486487,0.986486486486487,0.918918918918919,1,0.905405405405405,0.864864864864865,0.851351351351351,0.986486486486487,0.851351351351351,0.986486486486487,0.986486486486487,0.0675675675675676,0.0135135135135135,0.0135135135135135,0.662162162162162,0.554054054054054,0.986486486486487,0.581081081081081,0.959459459459459,0.391891891891892,0.662162162162162,0.554054054054054,0.554054054054054,0.662162162162162,0.554054054054054,0.986486486486487,0.986486486486487,0.851351351351351,0.986486486486487,0.851351351351351,0.986486486486487,0.986486486486487,0.986486486486487,0.77027027027027,0.77027027027027,0.77027027027027,0.77027027027027,0.0135135135135135
"they_sing",0.108108108108108,0.108108108108108,0.108108108108108,0.108108108108108,0.108108108108108,0.108108108108108,0.108108108108108,0.108108108108108,0.27027027027027,0.27027027027027,0.243243243243243,0.135135135135135,0.108108108108108,0.108108108108108,0.108108108108108,0.108108108108108,0.162162162162162,0.108108108108108,0.378378378378378,0.378378378378378,0.121621621621622,0.121621621621622,0.108108108108108,0.108108108108108,0.108108108108108,0.108108108108108,0.108108108108108,0.108108108108108,0.108108108108108,0.108108108108108,0.108108108108108,0.108108108108108,0.108108108108108,0.108108108108108,0.216216216216216,0.216216216216216,0.108108108108108,0.108108108108108,0.108108108108108,0.108108108108108,0.108108108108108,0.108108108108108,0.108108108108108,0.108108108108108,0.108108108108108,0.108108108108108,0.108108108108108,0.108108108108108,0.108108108108108,0.108108108108108,0.108108108108108,0.108108108108108,0.108108108108108,0.108108108108108,0.108108108108108,0.108108108108108,0.108108108108108,0.527027027027027,0.648648648648649,0.675675675675676,0.648648648648649,0.121621621621622,0.648648648648649,0.756756756756757,0.405405405405405,0.108108108108108,0.108108108108108,0.121621621621622,0.162162162162162,0.121621621621622,0.108108108108108,0.108108108108108,0.108108108108108,0.22972972972973,0.22972972972973,1,0.891891891891892,0.905405405405405,0.891891891891892,1,0.891891891891892,0.918918918918919,0.891891891891892,0.905405405405405,0.918918918918919,0.621621621621622,0.891891891891892,0.797297297297297,1,0.891891891891892,0.891891891891892,0.918918918918919,0.891891891891892,0.702702702702703,0.891891891891892,0.554054054054054,0.918918918918919,0.891891891891892,0.918918918918919,0.891891891891892,0.891891891891892,0.891891891891892,0.824324324324324,0.905405405405405,1,0.932432432432432,0.918918918918919,0.891891891891892,0.918918918918919,0.891891891891892,0.891891891891892,0.135135135135135,0.108108108108108,0.108108108108108,0.72972972972973,0.648648648648649,0.891891891891892,0.648648648648649,0.864864864864865,0.486486486486487,0.72972972972973,0.621621621621622,0.621621621621622,0.72972972972973,0.621621621621622,0.891891891891892,0.891891891891892,0.918918918918919,0.891891891891892,0.918918918918919,0.891891891891892,0.891891891891892,0.891891891891892,0.702702702702703,0.702702702702703,0.702702702702703,0.702702702702703,0.108108108108108
"they_plur",0.148648648648649,0.148648648648649,0.148648648648649,0.148648648648649,0.148648648648649,0.175675675675676,0.148648648648649,0.148648648648649,0.310810810810811,0.310810810810811,0.283783783783784,0.175675675675676,0.148648648648649,0.148648648648649,0.148648648648649,0.148648648648649,0.202702702702703,0.148648648648649,0.445945945945946,0.445945945945946,0.162162162162162,0.162162162162162,0.148648648648649,0.148648648648649,0.148648648648649,0.148648648648649,0.148648648648649,0.148648648648649,0.148648648648649,0.148648648648649,0.148648648648649,0.148648648648649,0.148648648648649,0.148648648648649,0.256756756756757,0.256756756756757,0.148648648648649,0.148648648648649,0.148648648648649,0.148648648648649,0.148648648648649,0.148648648648649,0.148648648648649,0.148648648648649,0.148648648648649,0.148648648648649,0.148648648648649,0.148648648648649,0.148648648648649,0.148648648648649,0.148648648648649,0.148648648648649,0.148648648648649,0.148648648648649,0.148648648648649,0.148648648648649,0.148648648648649,0.486486486486487,0.608108108108108,0.635135135135135,0.608108108108108,0.162162162162162,0.716216216216216,0.824324324324324,0.472972972972973,0.148648648648649,0.148648648648649,0.162162162162162,0.0945945945945946,0.162162162162162,0.148648648648649,0.148648648648649,0.148648648648649,0.297297297297297,0.297297297297297,0.932432432432432,0.851351351351351,0.864864864864865,0.851351351351351,0.932432432432432,0.851351351351351,0.986486486486487,0.851351351351351,0.864864864864865,0.851351351351351,0.662162162162162,0.851351351351351,0.756756756756757,0.932432432432432,0.851351351351351,0.851351351351351,0.986486486486487,0.851351351351351,0.635135135135135,0.851351351351351,0.594594594594595,0.986486486486487,0.851351351351351,0.986486486486487,0.851351351351351,0.851351351351351,0.851351351351351,0.783783783783784,0.864864864864865,0.932432432432432,1,0.986486486486487,0.851351351351351,0.986486486486487,0.851351351351351,0.851351351351351,0.202702702702703,0.148648648648649,0.148648648648649,0.797297297297297,0.689189189189189,0.851351351351351,0.716216216216216,0.824324324324324,0.527027027027027,0.797297297297297,0.689189189189189,0.689189189189189,0.797297297297297,0.689189189189189,0.851351351351351,0.851351351351351,0.986486486486487,0.851351351351351,0.986486486486487,0.851351351351351,0.851351351351351,0.851351351351351,0.635135135135135,0.635135135135135,0.635135135135135,0.635135135135135,0.148648648648649
"we_pron",0.135135135135135,0.135135135135135,0.135135135135135,0.135135135135135,0.135135135135135,0.189189189189189,0.135135135135135,0.135135135135135,0.297297297297297,0.297297297297297,0.27027027027027,0.162162162162162,0.135135135135135,0.135135135135135,0.135135135135135,0.135135135135135,0.189189189189189,0.135135135135135,0.45945945945946,0.45945945945946,0.148648648648649,0.148648648648649,0.135135135135135,0.135135135135135,0.135135135135135,0.135135135135135,0.135135135135135,0.135135135135135,0.135135135135135,0.135135135135135,0.135135135135135,0.135135135135135,0.135135135135135,0.135135135135135,0.243243243243243,0.243243243243243,0.135135135135135,0.135135135135135,0.135135135135135,0.135135135135135,0.135135135135135,0.135135135135135,0.135135135135135,0.135135135135135,0.135135135135135,0.135135135135135,0.135135135135135,0.135135135135135,0.135135135135135,0.135135135135135,0.135135135135135,0.135135135135135,0.135135135135135,0.135135135135135,0.135135135135135,0.135135135135135,0.135135135135135,0.472972972972973,0.621621621621622,0.648648648648649,0.621621621621622,0.148648648648649,0.72972972972973,0.837837837837838,0.486486486486487,0.135135135135135,0.135135135135135,0.148648648648649,0.0810810810810811,0.148648648648649,0.135135135135135,0.135135135135135,0.135135135135135,0.283783783783784,0.283783783783784,0.918918918918919,0.864864864864865,0.851351351351351,0.864864864864865,0.918918918918919,0.864864864864865,1,0.864864864864865,0.851351351351351,0.837837837837838,0.648648648648649,0.864864864864865,0.743243243243243,0.918918918918919,0.864864864864865,0.864864864864865,1,0.864864864864865,0.621621621621622,0.864864864864865,0.581081081081081,1,0.864864864864865,1,0.864864864864865,0.864864864864865,0.864864864864865,0.77027027027027,0.851351351351351,0.918918918918919,0.986486486486487,1,0.864864864864865,1,0.864864864864865,0.864864864864865,0.189189189189189,0.135135135135135,0.135135135135135,0.783783783783784,0.675675675675676,0.864864864864865,0.702702702702703,0.837837837837838,0.513513513513513,0.783783783783784,0.675675675675676,0.675675675675676,0.783783783783784,0.675675675675676,0.864864864864865,0.864864864864865,1,0.864864864864865,1,0.864864864864865,0.864864864864865,0.864864864864865,0.621621621621622,0.621621621621622,0.621621621621622,0.621621621621622,0.135135135135135
"us_pron",0,0,0,0,0,0.0540540540540541,0,0,0.162162162162162,0.162162162162162,0.135135135135135,0.027027027027027,0,0,0,0,0.0540540540540541,0,0.324324324324324,0.324324324324324,0.0135135135135135,0.0135135135135135,0,0,0,0,0,0,0,0,0,0,0,0,0.108108108108108,0.108108108108108,0,0,0,0,0,0,0,0,0,0,0,0,0,0,0,0,0,0,0,0,0,0.608108108108108,0.756756756756757,0.783783783783784,0.756756756756757,0.0135135135135135,0.594594594594595,0.702702702702703,0.351351351351351,0,0,0.0135135135135135,0.216216216216216,0.0135135135135135,0,0,0,0.148648648648649,0.148648648648649,0.891891891891892,1,0.986486486486487,1,0.891891891891892,1,0.864864864864865,1,0.986486486486487,0.972972972972973,0.513513513513513,1,0.878378378378378,0.891891891891892,1,1,0.864864864864865,1,0.756756756756757,1,0.445945945945946,0.864864864864865,1,0.864864864864865,1,1,1,0.905405405405405,0.986486486486487,0.891891891891892,0.851351351351351,0.864864864864865,1,0.864864864864865,1,1,0.0540540540540541,0,0,0.648648648648649,0.540540540540541,1,0.567567567567568,0.972972972972973,0.378378378378378,0.648648648648649,0.540540540540541,0.540540540540541,0.648648648648649,0.540540540540541,1,1,0.864864864864865,1,0.864864864864865,1,1,1,0.756756756756757,0.756756756756757,0.756756756756757,0.756756756756757,0
"our",0.135135135135135,0.135135135135135,0.135135135135135,0.135135135135135,0.135135135135135,0.189189189189189,0.135135135135135,0.135135135135135,0.297297297297297,0.297297297297297,0.27027027027027,0.162162162162162,0.135135135135135,0.135135135135135,0.135135135135135,0.135135135135135,0.189189189189189,0.135135135135135,0.45945945945946,0.45945945945946,0.148648648648649,0.148648648648649,0.135135135135135,0.135135135135135,0.135135135135135,0.135135135135135,0.135135135135135,0.135135135135135,0.135135135135135,0.135135135135135,0.135135135135135,0.135135135135135,0.135135135135135,0.135135135135135,0.243243243243243,0.243243243243243,0.135135135135135,0.135135135135135,0.135135135135135,0.135135135135135,0.135135135135135,0.135135135135135,0.135135135135135,0.135135135135135,0.135135135135135,0.135135135135135,0.135135135135135,0.135135135135135,0.135135135135135,0.135135135135135,0.135135135135135,0.135135135135135,0.135135135135135,0.135135135135135,0.135135135135135,0.135135135135135,0.135135135135135,0.472972972972973,0.621621621621622,0.648648648648649,0.621621621621622,0.148648648648649,0.72972972972973,0.837837837837838,0.486486486486487,0.135135135135135,0.135135135135135,0.148648648648649,0.0810810810810811,0.148648648648649,0.135135135135135,0.135135135135135,0.135135135135135,0.283783783783784,0.283783783783784,0.918918918918919,0.864864864864865,0.851351351351351,0.864864864864865,0.918918918918919,0.864864864864865,1,0.864864864864865,0.851351351351351,0.837837837837838,0.648648648648649,0.864864864864865,0.743243243243243,0.918918918918919,0.864864864864865,0.864864864864865,1,0.864864864864865,0.621621621621622,0.864864864864865,0.581081081081081,1,0.864864864864865,1,0.864864864864865,0.864864864864865,0.864864864864865,0.77027027027027,0.851351351351351,0.918918918918919,0.986486486486487,1,0.864864864864865,1,0.864864864864865,0.864864864864865,0.189189189189189,0.135135135135135,0.135135135135135,0.783783783783784,0.675675675675676,0.864864864864865,0.702702702702703,0.837837837837838,0.513513513513513,0.783783783783784,0.675675675675676,0.675675675675676,0.783783783783784,0.675675675675676,0.864864864864865,0.864864864864865,1,0.864864864864865,1,0.864864864864865,0.864864864864865,0.864864864864865,0.621621621621622,0.621621621621622,0.621621621621622,0.621621621621622,0.135135135135135
"ours",0,0,0,0,0,0.0540540540540541,0,0,0.162162162162162,0.162162162162162,0.135135135135135,0.027027027027027,0,0,0,0,0.0540540540540541,0,0.324324324324324,0.324324324324324,0.0135135135135135,0.0135135135135135,0,0,0,0,0,0,0,0,0,0,0,0,0.108108108108108,0.108108108108108,0,0,0,0,0,0,0,0,0,0,0,0,0,0,0,0,0,0,0,0,0,0.608108108108108,0.756756756756757,0.783783783783784,0.756756756756757,0.0135135135135135,0.594594594594595,0.702702702702703,0.351351351351351,0,0,0.0135135135135135,0.216216216216216,0.0135135135135135,0,0,0,0.148648648648649,0.148648648648649,0.891891891891892,1,0.986486486486487,1,0.891891891891892,1,0.864864864864865,1,0.986486486486487,0.972972972972973,0.513513513513513,1,0.878378378378378,0.891891891891892,1,1,0.864864864864865,1,0.756756756756757,1,0.445945945945946,0.864864864864865,1,0.864864864864865,1,1,1,0.905405405405405,0.986486486486487,0.891891891891892,0.851351351351351,0.864864864864865,1,0.864864864864865,1,1,0.0540540540540541,0,0,0.648648648648649,0.540540540540541,1,0.567567567567568,0.972972972972973,0.378378378378378,0.648648648648649,0.540540540540541,0.540540540540541,0.648648648648649,0.540540540540541,1,1,0.864864864864865,1,0.864864864864865,1,1,1,0.756756756756757,0.756756756756757,0.756756756756757,0.756756756756757,0
"ourselves",0,0,0,0,0,0.0540540540540541,0,0,0.162162162162162,0.162162162162162,0.135135135135135,0.027027027027027,0,0,0,0,0.0540540540540541,0,0.324324324324324,0.324324324324324,0.0135135135135135,0.0135135135135135,0,0,0,0,0,0,0,0,0,0,0,0,0.108108108108108,0.108108108108108,0,0,0,0,0,0,0,0,0,0,0,0,0,0,0,0,0,0,0,0,0,0.608108108108108,0.756756756756757,0.783783783783784,0.756756756756757,0.0135135135135135,0.594594594594595,0.702702702702703,0.351351351351351,0,0,0.0135135135135135,0.216216216216216,0.0135135135135135,0,0,0,0.148648648648649,0.148648648648649,0.891891891891892,1,0.986486486486487,1,0.891891891891892,1,0.864864864864865,1,0.986486486486487,0.972972972972973,0.513513513513513,1,0.878378378378378,0.891891891891892,1,1,0.864864864864865,1,0.756756756756757,1,0.445945945945946,0.864864864864865,1,0.864864864864865,1,1,1,0.905405405405405,0.986486486486487,0.891891891891892,0.851351351351351,0.864864864864865,1,0.864864864864865,1,1,0.0540540540540541,0,0,0.648648648648649,0.540540540540541,1,0.567567567567568,0.972972972972973,0.378378378378378,0.648648648648649,0.540540540540541,0.540540540540541,0.648648648648649,0.540540540540541,1,1,0.864864864864865,1,0.864864864864865,1,1,1,0.756756756756757,0.756756756756757,0.756756756756757,0.756756756756757,0
"what_pron",0.945945945945946,0.945945945945946,0.945945945945946,0.945945945945946,0.945945945945946,0.918918918918919,0.945945945945946,0.945945945945946,0.837837837837838,0.837837837837838,0.837837837837838,0.945945945945946,0.945945945945946,0.945945945945946,0.945945945945946,0.945945945945946,0.891891891891892,0.945945945945946,0.72972972972973,0.72972972972973,0.932432432432432,0.932432432432432,0.945945945945946,0.945945945945946,0.945945945945946,0.945945945945946,0.945945945945946,0.945945945945946,0.945945945945946,0.945945945945946,0.945945945945946,0.945945945945946,0.945945945945946,0.945945945945946,0.918918918918919,0.918918918918919,0.945945945945946,0.945945945945946,0.945945945945946,0.945945945945946,0.945945945945946,0.945945945945946,0.945945945945946,0.945945945945946,0.945945945945946,0.945945945945946,0.945945945945946,0.945945945945946,0.945945945945946,0.945945945945946,0.945945945945946,0.945945945945946,0.945945945945946,0.945945945945946,0.945945945945946,0.945945945945946,0.945945945945946,0.418918918918919,0.297297297297297,0.243243243243243,0.297297297297297,0.932432432432432,0.45945945945946,0.351351351351351,0.702702702702703,0.945945945945946,0.945945945945946,0.959459459459459,0.72972972972973,0.932432432432432,0.945945945945946,0.945945945945946,0.945945945945946,0.905405405405405,0.905405405405405,0.135135135135135,0.0540540540540541,0.0675675675675676,0.0540540540540541,0.135135135135135,0.0540540540540541,0.189189189189189,0.0540540540540541,0.0675675675675676,0.0540540540540541,0.513513513513513,0.0540540540540541,0.175675675675676,0.135135135135135,0.0540540540540541,0.0540540540540541,0.189189189189189,0.0540540540540541,0.27027027027027,0.0540540540540541,0.581081081081081,0.189189189189189,0.0540540540540541,0.189189189189189,0.0540540540540541,0.0540540540540541,0.0540540540540541,0.148648648648649,0.0675675675675676,0.135135135135135,0.202702702702703,0.189189189189189,0.0540540540540541,0.189189189189189,0.0540540540540541,0.0540540540540541,1,0.945945945945946,0.945945945945946,0.405405405405405,0.486486486486487,0.0540540540540541,0.486486486486487,0.0810810810810811,0.594594594594595,0.405405405405405,0.513513513513513,0.513513513513513,0.405405405405405,0.513513513513513,0.0540540540540541,0.0540540540540541,0.189189189189189,0.0540540540540541,0.189189189189189,0.0540540540540541,0.0540540540540541,0.0540540540540541,0.27027027027027,0.27027027027027,0.27027027027027,0.27027027027027,0.945945945945946
"whatever_pron",1,1,1,1,1,0.945945945945946,1,1,0.837837837837838,0.837837837837838,0.864864864864865,0.972972972972973,1,1,1,1,0.945945945945946,1,0.675675675675676,0.675675675675676,0.986486486486487,0.986486486486487,1,1,1,1,1,1,1,1,1,1,1,1,0.891891891891892,0.891891891891892,1,1,1,1,1,1,1,1,1,1,1,1,1,1,1,1,1,1,1,1,1,0.391891891891892,0.243243243243243,0.216216216216216,0.243243243243243,0.986486486486487,0.405405405405405,0.297297297297297,0.648648648648649,1,1,0.986486486486487,0.783783783783784,0.986486486486487,1,1,1,0.851351351351351,0.851351351351351,0.108108108108108,0,0.0135135135135135,0,0.108108108108108,0,0.135135135135135,0,0.0135135135135135,0.027027027027027,0.486486486486487,0,0.121621621621622,0.108108108108108,0,0,0.135135135135135,0,0.243243243243243,0,0.554054054054054,0.135135135135135,0,0.135135135135135,0,0,0,0.0945945945945946,0.0135135135135135,0.108108108108108,0.148648648648649,0.135135135135135,0,0.135135135135135,0,0,0.945945945945946,1,1,0.351351351351351,0.45945945945946,0,0.432432432432432,0.027027027027027,0.621621621621622,0.351351351351351,0.45945945945946,0.45945945945946,0.351351351351351,0.45945945945946,0,0,0.135135135135135,0,0.135135135135135,0,0,0,0.243243243243243,0.243243243243243,0.243243243243243,0.243243243243243,1
"which_rel_pron",1,1,1,1,1,0.945945945945946,1,1,0.837837837837838,0.837837837837838,0.864864864864865,0.972972972972973,1,1,1,1,0.945945945945946,1,0.675675675675676,0.675675675675676,0.986486486486487,0.986486486486487,1,1,1,1,1,1,1,1,1,1,1,1,0.891891891891892,0.891891891891892,1,1,1,1,1,1,1,1,1,1,1,1,1,1,1,1,1,1,1,1,1,0.391891891891892,0.243243243243243,0.216216216216216,0.243243243243243,0.986486486486487,0.405405405405405,0.297297297297297,0.648648648648649,1,1,0.986486486486487,0.783783783783784,0.986486486486487,1,1,1,0.851351351351351,0.851351351351351,0.108108108108108,0,0.0135135135135135,0,0.108108108108108,0,0.135135135135135,0,0.0135135135135135,0.027027027027027,0.486486486486487,0,0.121621621621622,0.108108108108108,0,0,0.135135135135135,0,0.243243243243243,0,0.554054054054054,0.135135135135135,0,0.135135135135135,0,0,0,0.0945945945945946,0.0135135135135135,0.108108108108108,0.148648648648649,0.135135135135135,0,0.135135135135135,0,0,0.945945945945946,1,1,0.351351351351351,0.45945945945946,0,0.432432432432432,0.027027027027027,0.621621621621622,0.351351351351351,0.45945945945946,0.45945945945946,0.351351351351351,0.45945945945946,0,0,0.135135135135135,0,0.135135135135135,0,0,0,0.243243243243243,0.243243243243243,0.243243243243243,0.243243243243243,1
"who_int",0.351351351351351,0.351351351351351,0.351351351351351,0.351351351351351,0.351351351351351,0.378378378378378,0.351351351351351,0.351351351351351,0.513513513513513,0.513513513513513,0.486486486486487,0.378378378378378,0.351351351351351,0.351351351351351,0.351351351351351,0.351351351351351,0.405405405405405,0.351351351351351,0.648648648648649,0.648648648648649,0.364864864864865,0.364864864864865,0.351351351351351,0.351351351351351,0.351351351351351,0.351351351351351,0.351351351351351,0.351351351351351,0.351351351351351,0.351351351351351,0.351351351351351,0.351351351351351,0.351351351351351,0.351351351351351,0.45945945945946,0.45945945945946,0.351351351351351,0.351351351351351,0.351351351351351,0.351351351351351,0.351351351351351,0.351351351351351,0.351351351351351,0.351351351351351,0.351351351351351,0.351351351351351,0.351351351351351,0.351351351351351,0.351351351351351,0.351351351351351,0.351351351351351,0.351351351351351,0.351351351351351,0.351351351351351,0.351351351351351,0.351351351351351,0.351351351351351,0.391891891891892,0.405405405405405,0.432432432432432,0.405405405405405,0.364864864864865,0.621621621621622,0.72972972972973,0.648648648648649,0.351351351351351,0.351351351351351,0.364864864864865,0.135135135135135,0.364864864864865,0.351351351351351,0.351351351351351,0.351351351351351,0.5,0.5,0.72972972972973,0.648648648648649,0.662162162162162,0.648648648648649,0.72972972972973,0.648648648648649,0.783783783783784,0.648648648648649,0.662162162162162,0.648648648648649,0.783783783783784,0.648648648648649,0.662162162162162,0.72972972972973,0.648648648648649,0.648648648648649,0.783783783783784,0.648648648648649,0.540540540540541,0.648648648648649,0.797297297297297,0.783783783783784,0.648648648648649,0.783783783783784,0.648648648648649,0.648648648648649,0.648648648648649,0.689189189189189,0.662162162162162,0.72972972972973,0.797297297297297,0.783783783783784,0.648648648648649,0.783783783783784,0.648648648648649,0.648648648648649,0.405405405405405,0.351351351351351,0.351351351351351,1,0.837837837837838,0.648648648648649,0.837837837837838,0.621621621621622,0.675675675675676,0.837837837837838,0.837837837837838,0.837837837837838,0.837837837837838,0.837837837837838,0.648648648648649,0.648648648648649,0.783783783783784,0.648648648648649,0.783783783783784,0.648648648648649,0.648648648648649,0.648648648648649,0.567567567567568,0.567567567567568,0.567567567567568,0.567567567567568,0.351351351351351
"who_rel",0.45945945945946,0.45945945945946,0.45945945945946,0.45945945945946,0.45945945945946,0.45945945945946,0.45945945945946,0.45945945945946,0.621621621621622,0.621621621621622,0.486486486486487,0.486486486486487,0.45945945945946,0.45945945945946,0.45945945945946,0.45945945945946,0.45945945945946,0.45945945945946,0.648648648648649,0.648648648648649,0.472972972972973,0.472972972972973,0.45945945945946,0.45945945945946,0.45945945945946,0.45945945945946,0.45945945945946,0.45945945945946,0.45945945945946,0.45945945945946,0.45945945945946,0.45945945945946,0.45945945945946,0.45945945945946,0.567567567567568,0.567567567567568,0.45945945945946,0.45945945945946,0.45945945945946,0.45945945945946,0.45945945945946,0.45945945945946,0.45945945945946,0.45945945945946,0.45945945945946,0.45945945945946,0.45945945945946,0.45945945945946,0.45945945945946,0.45945945945946,0.45945945945946,0.45945945945946,0.45945945945946,0.45945945945946,0.45945945945946,0.45945945945946,0.45945945945946,0.418918918918919,0.405405405405405,0.405405405405405,0.405405405405405,0.472972972972973,0.675675675675676,0.783783783783784,0.72972972972973,0.45945945945946,0.45945945945946,0.472972972972973,0.27027027027027,0.472972972972973,0.45945945945946,0.45945945945946,0.45945945945946,0.581081081081081,0.581081081081081,0.648648648648649,0.540540540540541,0.554054054054054,0.540540540540541,0.648648648648649,0.540540540540541,0.675675675675676,0.540540540540541,0.554054054054054,0.567567567567568,0.810810810810811,0.540540540540541,0.608108108108108,0.648648648648649,0.540540540540541,0.540540540540541,0.675675675675676,0.540540540540541,0.621621621621622,0.540540540540541,0.824324324324324,0.675675675675676,0.540540540540541,0.675675675675676,0.540540540540541,0.540540540540541,0.540540540540541,0.581081081081081,0.554054054054054,0.648648648648649,0.689189189189189,0.675675675675676,0.540540540540541,0.675675675675676,0.540540540540541,0.540540540540541,0.486486486486487,0.45945945945946,0.45945945945946,0.837837837837838,1,0.540540540540541,0.972972972972973,0.567567567567568,0.837837837837838,0.837837837837838,0.945945945945946,0.945945945945946,0.837837837837838,0.945945945945946,0.540540540540541,0.540540540540541,0.675675675675676,0.540540540540541,0.675675675675676,0.540540540540541,0.540540540540541,0.540540540540541,0.621621621621622,0.621621621621622,0.621621621621622,0.621621621621622,0.45945945945946
"whom_int",0,0,0,0,0,0.0540540540540541,0,0,0.162162162162162,0.162162162162162,0.135135135135135,0.027027027027027,0,0,0,0,0.0540540540540541,0,0.324324324324324,0.324324324324324,0.0135135135135135,0.0135135135135135,0,0,0,0,0,0,0,0,0,0,0,0,0.108108108108108,0.108108108108108,0,0,0,0,0,0,0,0,0,0,0,0,0,0,0,0,0,0,0,0,0,0.608108108108108,0.756756756756757,0.783783783783784,0.756756756756757,0.0135135135135135,0.594594594594595,0.702702702702703,0.351351351351351,0,0,0.0135135135135135,0.216216216216216,0.0135135135135135,0,0,0,0.148648648648649,0.148648648648649,0.891891891891892,1,0.986486486486487,1,0.891891891891892,1,0.864864864864865,1,0.986486486486487,0.972972972972973,0.513513513513513,1,0.878378378378378,0.891891891891892,1,1,0.864864864864865,1,0.756756756756757,1,0.445945945945946,0.864864864864865,1,0.864864864864865,1,1,1,0.905405405405405,0.986486486486487,0.891891891891892,0.851351351351351,0.864864864864865,1,0.864864864864865,1,1,0.0540540540540541,0,0,0.648648648648649,0.540540540540541,1,0.567567567567568,0.972972972972973,0.378378378378378,0.648648648648649,0.540540540540541,0.540540540540541,0.648648648648649,0.540540540540541,1,1,0.864864864864865,1,0.864864864864865,1,1,1,0.756756756756757,0.756756756756757,0.756756756756757,0.756756756756757,0
"whom_rel",0.432432432432432,0.432432432432432,0.432432432432432,0.432432432432432,0.432432432432432,0.45945945945946,0.432432432432432,0.432432432432432,0.594594594594595,0.594594594594595,0.45945945945946,0.45945945945946,0.432432432432432,0.432432432432432,0.432432432432432,0.432432432432432,0.432432432432432,0.432432432432432,0.648648648648649,0.648648648648649,0.445945945945946,0.445945945945946,0.432432432432432,0.432432432432432,0.432432432432432,0.432432432432432,0.432432432432432,0.432432432432432,0.432432432432432,0.432432432432432,0.432432432432432,0.432432432432432,0.432432432432432,0.432432432432432,0.540540540540541,0.540540540540541,0.432432432432432,0.432432432432432,0.432432432432432,0.432432432432432,0.432432432432432,0.432432432432432,0.432432432432432,0.432432432432432,0.432432432432432,0.432432432432432,0.432432432432432,0.432432432432432,0.432432432432432,0.432432432432432,0.432432432432432,0.432432432432432,0.432432432432432,0.432432432432432,0.432432432432432,0.432432432432432,0.432432432432432,0.445945945945946,0.432432432432432,0.432432432432432,0.432432432432432,0.445945945945946,0.702702702702703,0.810810810810811,0.72972972972973,0.432432432432432,0.432432432432432,0.445945945945946,0.27027027027027,0.445945945945946,0.432432432432432,0.432432432432432,0.432432432432432,0.581081081081081,0.581081081081081,0.648648648648649,0.567567567567568,0.581081081081081,0.567567567567568,0.648648648648649,0.567567567567568,0.702702702702703,0.567567567567568,0.581081081081081,0.567567567567568,0.783783783783784,0.567567567567568,0.635135135135135,0.648648648648649,0.567567567567568,0.567567567567568,0.702702702702703,0.567567567567568,0.621621621621622,0.567567567567568,0.797297297297297,0.702702702702703,0.567567567567568,0.702702702702703,0.567567567567568,0.567567567567568,0.567567567567568,0.608108108108108,0.581081081081081,0.648648648648649,0.716216216216216,0.702702702702703,0.567567567567568,0.702702702702703,0.567567567567568,0.567567567567568,0.486486486486487,0.432432432432432,0.432432432432432,0.837837837837838,0.972972972972973,0.567567567567568,1,0.594594594594595,0.810810810810811,0.837837837837838,0.945945945945946,0.945945945945946,0.837837837837838,0.945945945945946,0.567567567567568,0.567567567567568,0.702702702702703,0.567567567567568,0.702702702702703,0.567567567567568,0.567567567567568,0.567567567567568,0.621621621621622,0.621621621621622,0.621621621621622,0.621621621621622,0.432432432432432
"whose_int",0.027027027027027,0.027027027027027,0.027027027027027,0.027027027027027,0.027027027027027,0.0810810810810811,0.027027027027027,0.027027027027027,0.189189189189189,0.189189189189189,0.162162162162162,0.0540540540540541,0.027027027027027,0.027027027027027,0.027027027027027,0.027027027027027,0.0810810810810811,0.027027027027027,0.351351351351351,0.351351351351351,0.0405405405405405,0.0405405405405405,0.027027027027027,0.027027027027027,0.027027027027027,0.027027027027027,0.027027027027027,0.027027027027027,0.027027027027027,0.027027027027027,0.027027027027027,0.027027027027027,0.027027027027027,0.027027027027027,0.135135135135135,0.135135135135135,0.027027027027027,0.027027027027027,0.027027027027027,0.027027027027027,0.027027027027027,0.027027027027027,0.027027027027027,0.027027027027027,0.027027027027027,0.027027027027027,0.027027027027027,0.027027027027027,0.027027027027027,0.027027027027027,0.027027027027027,0.027027027027027,0.027027027027027,0.027027027027027,0.027027027027027,0.027027027027027,0.027027027027027,0.581081081081081,0.783783783783784,0.756756756756757,0.783783783783784,0.0405405405405405,0.621621621621622,0.72972972972973,0.378378378378378,0.027027027027027,0.027027027027027,0.0405405405405405,0.243243243243243,0.0405405405405405,0.027027027027027,0.027027027027027,0.027027027027027,0.175675675675676,0.175675675675676,0.864864864864865,0.972972972972973,0.959459459459459,0.972972972972973,0.864864864864865,0.972972972972973,0.837837837837838,0.972972972972973,0.959459459459459,0.945945945945946,0.486486486486487,0.972972972972973,0.851351351351351,0.864864864864865,0.972972972972973,0.972972972972973,0.837837837837838,0.972972972972973,0.72972972972973,0.972972972972973,0.418918918918919,0.837837837837838,0.972972972972973,0.837837837837838,0.972972972972973,0.972972972972973,0.972972972972973,0.878378378378378,0.959459459459459,0.864864864864865,0.824324324324324,0.837837837837838,0.972972972972973,0.837837837837838,0.972972972972973,0.972972972972973,0.0810810810810811,0.027027027027027,0.027027027027027,0.621621621621622,0.567567567567568,0.972972972972973,0.594594594594595,1,0.405405405405405,0.621621621621622,0.567567567567568,0.567567567567568,0.621621621621622,0.567567567567568,0.972972972972973,0.972972972972973,0.837837837837838,0.972972972972973,0.837837837837838,0.972972972972973,0.972972972972973,0.972972972972973,0.72972972972973,0.72972972972973,0.72972972972973,0.72972972972973,0.027027027027027
"whose_rel",0.621621621621622,0.621621621621622,0.621621621621622,0.621621621621622,0.621621621621622,0.621621621621622,0.621621621621622,0.621621621621622,0.72972972972973,0.72972972972973,0.621621621621622,0.621621621621622,0.621621621621622,0.621621621621622,0.621621621621622,0.621621621621622,0.621621621621622,0.621621621621622,0.756756756756757,0.756756756756757,0.635135135135135,0.635135135135135,0.621621621621622,0.621621621621622,0.621621621621622,0.621621621621622,0.621621621621622,0.621621621621622,0.621621621621622,0.621621621621622,0.621621621621622,0.621621621621622,0.621621621621622,0.621621621621622,0.675675675675676,0.675675675675676,0.621621621621622,0.621621621621622,0.621621621621622,0.621621621621622,0.621621621621622,0.621621621621622,0.621621621621622,0.621621621621622,0.621621621621622,0.621621621621622,0.621621621621622,0.621621621621622,0.621621621621622,0.621621621621622,0.621621621621622,0.621621621621622,0.621621621621622,0.621621621621622,0.621621621621622,0.621621621621622,0.621621621621622,0.472972972972973,0.45945945945946,0.243243243243243,0.45945945945946,0.635135135135135,0.72972972972973,0.621621621621622,0.837837837837838,0.621621621621622,0.621621621621622,0.608108108108108,0.432432432432432,0.635135135135135,0.621621621621622,0.621621621621622,0.621621621621622,0.689189189189189,0.689189189189189,0.486486486486487,0.378378378378378,0.391891891891892,0.378378378378378,0.486486486486487,0.378378378378378,0.513513513513513,0.378378378378378,0.391891891891892,0.405405405405405,0.648648648648649,0.378378378378378,0.445945945945946,0.486486486486487,0.378378378378378,0.378378378378378,0.513513513513513,0.378378378378378,0.45945945945946,0.378378378378378,0.716216216216216,0.513513513513513,0.378378378378378,0.513513513513513,0.378378378378378,0.378378378378378,0.378378378378378,0.418918918918919,0.391891891891892,0.486486486486487,0.527027027027027,0.513513513513513,0.378378378378378,0.513513513513513,0.378378378378378,0.378378378378378,0.594594594594595,0.621621621621622,0.621621621621622,0.675675675675676,0.837837837837838,0.378378378378378,0.810810810810811,0.405405405405405,1,0.72972972972973,0.837837837837838,0.837837837837838,0.72972972972973,0.837837837837838,0.378378378378378,0.378378378378378,0.513513513513513,0.378378378378378,0.513513513513513,0.378378378378378,0.378378378378378,0.378378378378378,0.513513513513513,0.513513513513513,0.513513513513513,0.513513513513513,0.621621621621622
"whoever",0.351351351351351,0.351351351351351,0.351351351351351,0.351351351351351,0.351351351351351,0.378378378378378,0.351351351351351,0.351351351351351,0.513513513513513,0.513513513513513,0.432432432432432,0.378378378378378,0.351351351351351,0.351351351351351,0.351351351351351,0.351351351351351,0.351351351351351,0.351351351351351,0.594594594594595,0.594594594594595,0.364864864864865,0.364864864864865,0.351351351351351,0.351351351351351,0.351351351351351,0.351351351351351,0.351351351351351,0.351351351351351,0.351351351351351,0.351351351351351,0.351351351351351,0.351351351351351,0.351351351351351,0.351351351351351,0.45945945945946,0.45945945945946,0.351351351351351,0.351351351351351,0.351351351351351,0.351351351351351,0.351351351351351,0.351351351351351,0.351351351351351,0.351351351351351,0.351351351351351,0.351351351351351,0.351351351351351,0.351351351351351,0.351351351351351,0.351351351351351,0.351351351351351,0.351351351351351,0.351351351351351,0.351351351351351,0.351351351351351,0.351351351351351,0.351351351351351,0.5,0.405405405405405,0.486486486486487,0.405405405405405,0.364864864864865,0.675675675675676,0.783783783783784,0.675675675675676,0.351351351351351,0.351351351351351,0.364864864864865,0.27027027027027,0.364864864864865,0.351351351351351,0.351351351351351,0.351351351351351,0.5,0.5,0.72972972972973,0.648648648648649,0.662162162162162,0.648648648648649,0.72972972972973,0.648648648648649,0.783783783783784,0.648648648648649,0.662162162162162,0.648648648648649,0.810810810810811,0.648648648648649,0.716216216216216,0.72972972972973,0.648648648648649,0.648648648648649,0.783783783783784,0.648648648648649,0.648648648648649,0.648648648648649,0.797297297297297,0.783783783783784,0.648648648648649,0.783783783783784,0.648648648648649,0.648648648648649,0.648648648648649,0.689189189189189,0.662162162162162,0.72972972972973,0.797297297297297,0.783783783783784,0.648648648648649,0.783783783783784,0.648648648648649,0.648648648648649,0.405405405405405,0.351351351351351,0.351351351351351,0.837837837837838,0.837837837837838,0.648648648648649,0.837837837837838,0.621621621621622,0.72972972972973,1,0.891891891891892,0.891891891891892,1,0.891891891891892,0.648648648648649,0.648648648648649,0.783783783783784,0.648648648648649,0.783783783783784,0.648648648648649,0.648648648648649,0.648648648648649,0.72972972972973,0.72972972972973,0.72972972972973,0.72972972972973,0.351351351351351
"whoever_s",0.45945945945946,0.45945945945946,0.45945945945946,0.45945945945946,0.45945945945946,0.486486486486487,0.45945945945946,0.45945945945946,0.621621621621622,0.621621621621622,0.486486486486487,0.486486486486487,0.45945945945946,0.45945945945946,0.45945945945946,0.45945945945946,0.45945945945946,0.45945945945946,0.702702702702703,0.702702702702703,0.472972972972973,0.472972972972973,0.45945945945946,0.45945945945946,0.45945945945946,0.45945945945946,0.45945945945946,0.45945945945946,0.45945945945946,0.45945945945946,0.45945945945946,0.45945945945946,0.45945945945946,0.45945945945946,0.567567567567568,0.567567567567568,0.45945945945946,0.45945945945946,0.45945945945946,0.45945945945946,0.45945945945946,0.45945945945946,0.45945945945946,0.45945945945946,0.45945945945946,0.45945945945946,0.45945945945946,0.45945945945946,0.45945945945946,0.45945945945946,0.45945945945946,0.45945945945946,0.45945945945946,0.45945945945946,0.45945945945946,0.45945945945946,0.45945945945946,0.391891891891892,0.405405405405405,0.378378378378378,0.405405405405405,0.472972972972973,0.675675675675676,0.783783783783784,0.756756756756757,0.45945945945946,0.45945945945946,0.472972972972973,0.27027027027027,0.472972972972973,0.45945945945946,0.45945945945946,0.45945945945946,0.608108108108108,0.608108108108108,0.621621621621622,0.540540540540541,0.554054054054054,0.540540540540541,0.621621621621622,0.540540540540541,0.675675675675676,0.540540540540541,0.554054054054054,0.540540540540541,0.783783783783784,0.540540540540541,0.608108108108108,0.621621621621622,0.540540540540541,0.540540540540541,0.675675675675676,0.540540540540541,0.594594594594595,0.540540540540541,0.851351351351351,0.675675675675676,0.540540540540541,0.675675675675676,0.540540540540541,0.540540540540541,0.540540540540541,0.581081081081081,0.554054054054054,0.621621621621622,0.689189189189189,0.675675675675676,0.540540540540541,0.675675675675676,0.540540540540541,0.540540540540541,0.513513513513513,0.45945945945946,0.45945945945946,0.837837837837838,0.945945945945946,0.540540540540541,0.945945945945946,0.567567567567568,0.837837837837838,0.891891891891892,1,1,0.891891891891892,1,0.540540540540541,0.540540540540541,0.675675675675676,0.540540540540541,0.675675675675676,0.540540540540541,0.540540540540541,0.540540540540541,0.621621621621622,0.621621621621622,0.621621621621622,0.621621621621622,0.45945945945946
"whosever",0.45945945945946,0.45945945945946,0.45945945945946,0.45945945945946,0.45945945945946,0.486486486486487,0.45945945945946,0.45945945945946,0.621621621621622,0.621621621621622,0.486486486486487,0.486486486486487,0.45945945945946,0.45945945945946,0.45945945945946,0.45945945945946,0.45945945945946,0.45945945945946,0.702702702702703,0.702702702702703,0.472972972972973,0.472972972972973,0.45945945945946,0.45945945945946,0.45945945945946,0.45945945945946,0.45945945945946,0.45945945945946,0.45945945945946,0.45945945945946,0.45945945945946,0.45945945945946,0.45945945945946,0.45945945945946,0.567567567567568,0.567567567567568,0.45945945945946,0.45945945945946,0.45945945945946,0.45945945945946,0.45945945945946,0.45945945945946,0.45945945945946,0.45945945945946,0.45945945945946,0.45945945945946,0.45945945945946,0.45945945945946,0.45945945945946,0.45945945945946,0.45945945945946,0.45945945945946,0.45945945945946,0.45945945945946,0.45945945945946,0.45945945945946,0.45945945945946,0.391891891891892,0.405405405405405,0.378378378378378,0.405405405405405,0.472972972972973,0.675675675675676,0.783783783783784,0.756756756756757,0.45945945945946,0.45945945945946,0.472972972972973,0.27027027027027,0.472972972972973,0.45945945945946,0.45945945945946,0.45945945945946,0.608108108108108,0.608108108108108,0.621621621621622,0.540540540540541,0.554054054054054,0.540540540540541,0.621621621621622,0.540540540540541,0.675675675675676,0.540540540540541,0.554054054054054,0.540540540540541,0.783783783783784,0.540540540540541,0.608108108108108,0.621621621621622,0.540540540540541,0.540540540540541,0.675675675675676,0.540540540540541,0.594594594594595,0.540540540540541,0.851351351351351,0.675675675675676,0.540540540540541,0.675675675675676,0.540540540540541,0.540540540540541,0.540540540540541,0.581081081081081,0.554054054054054,0.621621621621622,0.689189189189189,0.675675675675676,0.540540540540541,0.675675675675676,0.540540540540541,0.540540540540541,0.513513513513513,0.45945945945946,0.45945945945946,0.837837837837838,0.945945945945946,0.540540540540541,0.945945945945946,0.567567567567568,0.837837837837838,0.891891891891892,1,1,0.891891891891892,1,0.540540540540541,0.540540540540541,0.675675675675676,0.540540540540541,0.675675675675676,0.540540540540541,0.540540540540541,0.540540540540541,0.621621621621622,0.621621621621622,0.621621621621622,0.621621621621622,0.45945945945946
"whosoever",0.351351351351351,0.351351351351351,0.351351351351351,0.351351351351351,0.351351351351351,0.378378378378378,0.351351351351351,0.351351351351351,0.513513513513513,0.513513513513513,0.432432432432432,0.378378378378378,0.351351351351351,0.351351351351351,0.351351351351351,0.351351351351351,0.351351351351351,0.351351351351351,0.594594594594595,0.594594594594595,0.364864864864865,0.364864864864865,0.351351351351351,0.351351351351351,0.351351351351351,0.351351351351351,0.351351351351351,0.351351351351351,0.351351351351351,0.351351351351351,0.351351351351351,0.351351351351351,0.351351351351351,0.351351351351351,0.45945945945946,0.45945945945946,0.351351351351351,0.351351351351351,0.351351351351351,0.351351351351351,0.351351351351351,0.351351351351351,0.351351351351351,0.351351351351351,0.351351351351351,0.351351351351351,0.351351351351351,0.351351351351351,0.351351351351351,0.351351351351351,0.351351351351351,0.351351351351351,0.351351351351351,0.351351351351351,0.351351351351351,0.351351351351351,0.351351351351351,0.5,0.405405405405405,0.486486486486487,0.405405405405405,0.364864864864865,0.675675675675676,0.783783783783784,0.675675675675676,0.351351351351351,0.351351351351351,0.364864864864865,0.27027027027027,0.364864864864865,0.351351351351351,0.351351351351351,0.351351351351351,0.5,0.5,0.72972972972973,0.648648648648649,0.662162162162162,0.648648648648649,0.72972972972973,0.648648648648649,0.783783783783784,0.648648648648649,0.662162162162162,0.648648648648649,0.810810810810811,0.648648648648649,0.716216216216216,0.72972972972973,0.648648648648649,0.648648648648649,0.783783783783784,0.648648648648649,0.648648648648649,0.648648648648649,0.797297297297297,0.783783783783784,0.648648648648649,0.783783783783784,0.648648648648649,0.648648648648649,0.648648648648649,0.689189189189189,0.662162162162162,0.72972972972973,0.797297297297297,0.783783783783784,0.648648648648649,0.783783783783784,0.648648648648649,0.648648648648649,0.405405405405405,0.351351351351351,0.351351351351351,0.837837837837838,0.837837837837838,0.648648648648649,0.837837837837838,0.621621621621622,0.72972972972973,1,0.891891891891892,0.891891891891892,1,0.891891891891892,0.648648648648649,0.648648648648649,0.783783783783784,0.648648648648649,0.783783783783784,0.648648648648649,0.648648648648649,0.648648648648649,0.72972972972973,0.72972972972973,0.72972972972973,0.72972972972973,0.351351351351351
"whosoever_s",0.45945945945946,0.45945945945946,0.45945945945946,0.45945945945946,0.45945945945946,0.486486486486487,0.45945945945946,0.45945945945946,0.621621621621622,0.621621621621622,0.486486486486487,0.486486486486487,0.45945945945946,0.45945945945946,0.45945945945946,0.45945945945946,0.45945945945946,0.45945945945946,0.702702702702703,0.702702702702703,0.472972972972973,0.472972972972973,0.45945945945946,0.45945945945946,0.45945945945946,0.45945945945946,0.45945945945946,0.45945945945946,0.45945945945946,0.45945945945946,0.45945945945946,0.45945945945946,0.45945945945946,0.45945945945946,0.567567567567568,0.567567567567568,0.45945945945946,0.45945945945946,0.45945945945946,0.45945945945946,0.45945945945946,0.45945945945946,0.45945945945946,0.45945945945946,0.45945945945946,0.45945945945946,0.45945945945946,0.45945945945946,0.45945945945946,0.45945945945946,0.45945945945946,0.45945945945946,0.45945945945946,0.45945945945946,0.45945945945946,0.45945945945946,0.45945945945946,0.391891891891892,0.405405405405405,0.378378378378378,0.405405405405405,0.472972972972973,0.675675675675676,0.783783783783784,0.756756756756757,0.45945945945946,0.45945945945946,0.472972972972973,0.27027027027027,0.472972972972973,0.45945945945946,0.45945945945946,0.45945945945946,0.608108108108108,0.608108108108108,0.621621621621622,0.540540540540541,0.554054054054054,0.540540540540541,0.621621621621622,0.540540540540541,0.675675675675676,0.540540540540541,0.554054054054054,0.540540540540541,0.783783783783784,0.540540540540541,0.608108108108108,0.621621621621622,0.540540540540541,0.540540540540541,0.675675675675676,0.540540540540541,0.594594594594595,0.540540540540541,0.851351351351351,0.675675675675676,0.540540540540541,0.675675675675676,0.540540540540541,0.540540540540541,0.540540540540541,0.581081081081081,0.554054054054054,0.621621621621622,0.689189189189189,0.675675675675676,0.540540540540541,0.675675675675676,0.540540540540541,0.540540540540541,0.513513513513513,0.45945945945946,0.45945945945946,0.837837837837838,0.945945945945946,0.540540540540541,0.945945945945946,0.567567567567568,0.837837837837838,0.891891891891892,1,1,0.891891891891892,1,0.540540540540541,0.540540540540541,0.675675675675676,0.540540540540541,0.675675675675676,0.540540540540541,0.540540540540541,0.540540540540541,0.621621621621622,0.621621621621622,0.621621621621622,0.621621621621622,0.45945945945946
"you_pron_sing",0,0,0,0,0,0.0540540540540541,0,0,0.162162162162162,0.162162162162162,0.135135135135135,0.027027027027027,0,0,0,0,0.0540540540540541,0,0.324324324324324,0.324324324324324,0.0135135135135135,0.0135135135135135,0,0,0,0,0,0,0,0,0,0,0,0,0.108108108108108,0.108108108108108,0,0,0,0,0,0,0,0,0,0,0,0,0,0,0,0,0,0,0,0,0,0.608108108108108,0.756756756756757,0.783783783783784,0.756756756756757,0.0135135135135135,0.594594594594595,0.702702702702703,0.351351351351351,0,0,0.0135135135135135,0.216216216216216,0.0135135135135135,0,0,0,0.148648648648649,0.148648648648649,0.891891891891892,1,0.986486486486487,1,0.891891891891892,1,0.864864864864865,1,0.986486486486487,0.972972972972973,0.513513513513513,1,0.878378378378378,0.891891891891892,1,1,0.864864864864865,1,0.756756756756757,1,0.445945945945946,0.864864864864865,1,0.864864864864865,1,1,1,0.905405405405405,0.986486486486487,0.891891891891892,0.851351351351351,0.864864864864865,1,0.864864864864865,1,1,0.0540540540540541,0,0,0.648648648648649,0.540540540540541,1,0.567567567567568,0.972972972972973,0.378378378378378,0.648648648648649,0.540540540540541,0.540540540540541,0.648648648648649,0.540540540540541,1,1,0.864864864864865,1,0.864864864864865,1,1,1,0.756756756756757,0.756756756756757,0.756756756756757,0.756756756756757,0
"you_pron_plur",0,0,0,0,0,0.0540540540540541,0,0,0.162162162162162,0.162162162162162,0.135135135135135,0.027027027027027,0,0,0,0,0.0540540540540541,0,0.324324324324324,0.324324324324324,0.0135135135135135,0.0135135135135135,0,0,0,0,0,0,0,0,0,0,0,0,0.108108108108108,0.108108108108108,0,0,0,0,0,0,0,0,0,0,0,0,0,0,0,0,0,0,0,0,0,0.608108108108108,0.756756756756757,0.783783783783784,0.756756756756757,0.0135135135135135,0.594594594594595,0.702702702702703,0.351351351351351,0,0,0.0135135135135135,0.216216216216216,0.0135135135135135,0,0,0,0.148648648648649,0.148648648648649,0.891891891891892,1,0.986486486486487,1,0.891891891891892,1,0.864864864864865,1,0.986486486486487,0.972972972972973,0.513513513513513,1,0.878378378378378,0.891891891891892,1,1,0.864864864864865,1,0.756756756756757,1,0.445945945945946,0.864864864864865,1,0.864864864864865,1,1,1,0.905405405405405,0.986486486486487,0.891891891891892,0.851351351351351,0.864864864864865,1,0.864864864864865,1,1,0.0540540540540541,0,0,0.648648648648649,0.540540540540541,1,0.567567567567568,0.972972972972973,0.378378378378378,0.648648648648649,0.540540540540541,0.540540540540541,0.648648648648649,0.540540540540541,1,1,0.864864864864865,1,0.864864864864865,1,1,1,0.756756756756757,0.756756756756757,0.756756756756757,0.756756756756757,0
"your_sing",0.135135135135135,0.135135135135135,0.135135135135135,0.135135135135135,0.135135135135135,0.189189189189189,0.135135135135135,0.135135135135135,0.297297297297297,0.297297297297297,0.27027027027027,0.162162162162162,0.135135135135135,0.135135135135135,0.135135135135135,0.135135135135135,0.189189189189189,0.135135135135135,0.45945945945946,0.45945945945946,0.148648648648649,0.148648648648649,0.135135135135135,0.135135135135135,0.135135135135135,0.135135135135135,0.135135135135135,0.135135135135135,0.135135135135135,0.135135135135135,0.135135135135135,0.135135135135135,0.135135135135135,0.135135135135135,0.243243243243243,0.243243243243243,0.135135135135135,0.135135135135135,0.135135135135135,0.135135135135135,0.135135135135135,0.135135135135135,0.135135135135135,0.135135135135135,0.135135135135135,0.135135135135135,0.135135135135135,0.135135135135135,0.135135135135135,0.135135135135135,0.135135135135135,0.135135135135135,0.135135135135135,0.135135135135135,0.135135135135135,0.135135135135135,0.135135135135135,0.472972972972973,0.621621621621622,0.648648648648649,0.621621621621622,0.148648648648649,0.72972972972973,0.837837837837838,0.486486486486487,0.135135135135135,0.135135135135135,0.148648648648649,0.0810810810810811,0.148648648648649,0.135135135135135,0.135135135135135,0.135135135135135,0.283783783783784,0.283783783783784,0.918918918918919,0.864864864864865,0.851351351351351,0.864864864864865,0.918918918918919,0.864864864864865,1,0.864864864864865,0.851351351351351,0.837837837837838,0.648648648648649,0.864864864864865,0.743243243243243,0.918918918918919,0.864864864864865,0.864864864864865,1,0.864864864864865,0.621621621621622,0.864864864864865,0.581081081081081,1,0.864864864864865,1,0.864864864864865,0.864864864864865,0.864864864864865,0.77027027027027,0.851351351351351,0.918918918918919,0.986486486486487,1,0.864864864864865,1,0.864864864864865,0.864864864864865,0.189189189189189,0.135135135135135,0.135135135135135,0.783783783783784,0.675675675675676,0.864864864864865,0.702702702702703,0.837837837837838,0.513513513513513,0.783783783783784,0.675675675675676,0.675675675675676,0.783783783783784,0.675675675675676,0.864864864864865,0.864864864864865,1,0.864864864864865,1,0.864864864864865,0.864864864864865,0.864864864864865,0.621621621621622,0.621621621621622,0.621621621621622,0.621621621621622,0.135135135135135
"yours_sing",0,0,0,0,0,0.0540540540540541,0,0,0.162162162162162,0.162162162162162,0.135135135135135,0.027027027027027,0,0,0,0,0.0540540540540541,0,0.324324324324324,0.324324324324324,0.0135135135135135,0.0135135135135135,0,0,0,0,0,0,0,0,0,0,0,0,0.108108108108108,0.108108108108108,0,0,0,0,0,0,0,0,0,0,0,0,0,0,0,0,0,0,0,0,0,0.608108108108108,0.756756756756757,0.783783783783784,0.756756756756757,0.0135135135135135,0.594594594594595,0.702702702702703,0.351351351351351,0,0,0.0135135135135135,0.216216216216216,0.0135135135135135,0,0,0,0.148648648648649,0.148648648648649,0.891891891891892,1,0.986486486486487,1,0.891891891891892,1,0.864864864864865,1,0.986486486486487,0.972972972972973,0.513513513513513,1,0.878378378378378,0.891891891891892,1,1,0.864864864864865,1,0.756756756756757,1,0.445945945945946,0.864864864864865,1,0.864864864864865,1,1,1,0.905405405405405,0.986486486486487,0.891891891891892,0.851351351351351,0.864864864864865,1,0.864864864864865,1,1,0.0540540540540541,0,0,0.648648648648649,0.540540540540541,1,0.567567567567568,0.972972972972973,0.378378378378378,0.648648648648649,0.540540540540541,0.540540540540541,0.648648648648649,0.540540540540541,1,1,0.864864864864865,1,0.864864864864865,1,1,1,0.756756756756757,0.756756756756757,0.756756756756757,0.756756756756757,0
"your_plur",0.135135135135135,0.135135135135135,0.135135135135135,0.135135135135135,0.135135135135135,0.189189189189189,0.135135135135135,0.135135135135135,0.297297297297297,0.297297297297297,0.27027027027027,0.162162162162162,0.135135135135135,0.135135135135135,0.135135135135135,0.135135135135135,0.189189189189189,0.135135135135135,0.45945945945946,0.45945945945946,0.148648648648649,0.148648648648649,0.135135135135135,0.135135135135135,0.135135135135135,0.135135135135135,0.135135135135135,0.135135135135135,0.135135135135135,0.135135135135135,0.135135135135135,0.135135135135135,0.135135135135135,0.135135135135135,0.243243243243243,0.243243243243243,0.135135135135135,0.135135135135135,0.135135135135135,0.135135135135135,0.135135135135135,0.135135135135135,0.135135135135135,0.135135135135135,0.135135135135135,0.135135135135135,0.135135135135135,0.135135135135135,0.135135135135135,0.135135135135135,0.135135135135135,0.135135135135135,0.135135135135135,0.135135135135135,0.135135135135135,0.135135135135135,0.135135135135135,0.472972972972973,0.621621621621622,0.648648648648649,0.621621621621622,0.148648648648649,0.72972972972973,0.837837837837838,0.486486486486487,0.135135135135135,0.135135135135135,0.148648648648649,0.0810810810810811,0.148648648648649,0.135135135135135,0.135135135135135,0.135135135135135,0.283783783783784,0.283783783783784,0.918918918918919,0.864864864864865,0.851351351351351,0.864864864864865,0.918918918918919,0.864864864864865,1,0.864864864864865,0.851351351351351,0.837837837837838,0.648648648648649,0.864864864864865,0.743243243243243,0.918918918918919,0.864864864864865,0.864864864864865,1,0.864864864864865,0.621621621621622,0.864864864864865,0.581081081081081,1,0.864864864864865,1,0.864864864864865,0.864864864864865,0.864864864864865,0.77027027027027,0.851351351351351,0.918918918918919,0.986486486486487,1,0.864864864864865,1,0.864864864864865,0.864864864864865,0.189189189189189,0.135135135135135,0.135135135135135,0.783783783783784,0.675675675675676,0.864864864864865,0.702702702702703,0.837837837837838,0.513513513513513,0.783783783783784,0.675675675675676,0.675675675675676,0.783783783783784,0.675675675675676,0.864864864864865,0.864864864864865,1,0.864864864864865,1,0.864864864864865,0.864864864864865,0.864864864864865,0.621621621621622,0.621621621621622,0.621621621621622,0.621621621621622,0.135135135135135
"yours_plur",0,0,0,0,0,0.0540540540540541,0,0,0.162162162162162,0.162162162162162,0.135135135135135,0.027027027027027,0,0,0,0,0.0540540540540541,0,0.324324324324324,0.324324324324324,0.0135135135135135,0.0135135135135135,0,0,0,0,0,0,0,0,0,0,0,0,0.108108108108108,0.108108108108108,0,0,0,0,0,0,0,0,0,0,0,0,0,0,0,0,0,0,0,0,0,0.608108108108108,0.756756756756757,0.783783783783784,0.756756756756757,0.0135135135135135,0.594594594594595,0.702702702702703,0.351351351351351,0,0,0.0135135135135135,0.216216216216216,0.0135135135135135,0,0,0,0.148648648648649,0.148648648648649,0.891891891891892,1,0.986486486486487,1,0.891891891891892,1,0.864864864864865,1,0.986486486486487,0.972972972972973,0.513513513513513,1,0.878378378378378,0.891891891891892,1,1,0.864864864864865,1,0.756756756756757,1,0.445945945945946,0.864864864864865,1,0.864864864864865,1,1,1,0.905405405405405,0.986486486486487,0.891891891891892,0.851351351351351,0.864864864864865,1,0.864864864864865,1,1,0.0540540540540541,0,0,0.648648648648649,0.540540540540541,1,0.567567567567568,0.972972972972973,0.378378378378378,0.648648648648649,0.540540540540541,0.540540540540541,0.648648648648649,0.540540540540541,1,1,0.864864864864865,1,0.864864864864865,1,1,1,0.756756756756757,0.756756756756757,0.756756756756757,0.756756756756757,0
"yourself",0,0,0,0,0,0.0540540540540541,0,0,0.162162162162162,0.162162162162162,0.135135135135135,0.027027027027027,0,0,0,0,0.0540540540540541,0,0.324324324324324,0.324324324324324,0.0135135135135135,0.0135135135135135,0,0,0,0,0,0,0,0,0,0,0,0,0.108108108108108,0.108108108108108,0,0,0,0,0,0,0,0,0,0,0,0,0,0,0,0,0,0,0,0,0,0.608108108108108,0.756756756756757,0.783783783783784,0.756756756756757,0.0135135135135135,0.594594594594595,0.702702702702703,0.351351351351351,0,0,0.0135135135135135,0.216216216216216,0.0135135135135135,0,0,0,0.148648648648649,0.148648648648649,0.891891891891892,1,0.986486486486487,1,0.891891891891892,1,0.864864864864865,1,0.986486486486487,0.972972972972973,0.513513513513513,1,0.878378378378378,0.891891891891892,1,1,0.864864864864865,1,0.756756756756757,1,0.445945945945946,0.864864864864865,1,0.864864864864865,1,1,1,0.905405405405405,0.986486486486487,0.891891891891892,0.851351351351351,0.864864864864865,1,0.864864864864865,1,1,0.0540540540540541,0,0,0.648648648648649,0.540540540540541,1,0.567567567567568,0.972972972972973,0.378378378378378,0.648648648648649,0.540540540540541,0.540540540540541,0.648648648648649,0.540540540540541,1,1,0.864864864864865,1,0.864864864864865,1,1,1,0.756756756756757,0.756756756756757,0.756756756756757,0.756756756756757,0
"yourselves",0,0,0,0,0,0.0540540540540541,0,0,0.162162162162162,0.162162162162162,0.135135135135135,0.027027027027027,0,0,0,0,0.0540540540540541,0,0.324324324324324,0.324324324324324,0.0135135135135135,0.0135135135135135,0,0,0,0,0,0,0,0,0,0,0,0,0.108108108108108,0.108108108108108,0,0,0,0,0,0,0,0,0,0,0,0,0,0,0,0,0,0,0,0,0,0.608108108108108,0.756756756756757,0.783783783783784,0.756756756756757,0.0135135135135135,0.594594594594595,0.702702702702703,0.351351351351351,0,0,0.0135135135135135,0.216216216216216,0.0135135135135135,0,0,0,0.148648648648649,0.148648648648649,0.891891891891892,1,0.986486486486487,1,0.891891891891892,1,0.864864864864865,1,0.986486486486487,0.972972972972973,0.513513513513513,1,0.878378378378378,0.891891891891892,1,1,0.864864864864865,1,0.756756756756757,1,0.445945945945946,0.864864864864865,1,0.864864864864865,1,1,1,0.905405405405405,0.986486486486487,0.891891891891892,0.851351351351351,0.864864864864865,1,0.864864864864865,1,1,0.0540540540540541,0,0,0.648648648648649,0.540540540540541,1,0.567567567567568,0.972972972972973,0.378378378378378,0.648648648648649,0.540540540540541,0.540540540540541,0.648648648648649,0.540540540540541,1,1,0.864864864864865,1,0.864864864864865,1,1,1,0.756756756756757,0.756756756756757,0.756756756756757,0.756756756756757,0
"today",0.243243243243243,0.243243243243243,0.243243243243243,0.243243243243243,0.243243243243243,0.189189189189189,0.243243243243243,0.243243243243243,0.405405405405405,0.405405405405405,0.324324324324324,0.27027027027027,0.243243243243243,0.243243243243243,0.243243243243243,0.243243243243243,0.189189189189189,0.243243243243243,0.432432432432432,0.432432432432432,0.256756756756757,0.256756756756757,0.243243243243243,0.243243243243243,0.243243243243243,0.243243243243243,0.243243243243243,0.243243243243243,0.243243243243243,0.243243243243243,0.243243243243243,0.243243243243243,0.243243243243243,0.243243243243243,0.351351351351351,0.351351351351351,0.243243243243243,0.243243243243243,0.243243243243243,0.243243243243243,0.243243243243243,0.243243243243243,0.243243243243243,0.243243243243243,0.243243243243243,0.243243243243243,0.243243243243243,0.243243243243243,0.243243243243243,0.243243243243243,0.243243243243243,0.243243243243243,0.243243243243243,0.243243243243243,0.243243243243243,0.243243243243243,0.243243243243243,0.689189189189189,0.567567567567568,0.675675675675676,0.567567567567568,0.256756756756757,0.432432432432432,0.540540540540541,0.486486486486487,0.243243243243243,0.243243243243243,0.256756756756757,0.45945945945946,0.256756756756757,0.243243243243243,0.243243243243243,0.243243243243243,0.364864864864865,0.364864864864865,0.702702702702703,0.756756756756757,0.77027027027027,0.756756756756757,0.702702702702703,0.756756756756757,0.621621621621622,0.756756756756757,0.77027027027027,0.783783783783784,0.675675675675676,0.756756756756757,0.878378378378378,0.702702702702703,0.756756756756757,0.756756756756757,0.621621621621622,0.756756756756757,0.891891891891892,0.756756756756757,0.662162162162162,0.621621621621622,0.756756756756757,0.621621621621622,0.756756756756757,0.756756756756757,0.756756756756757,0.851351351351351,0.77027027027027,0.702702702702703,0.635135135135135,0.621621621621622,0.756756756756757,0.621621621621622,0.756756756756757,0.756756756756757,0.27027027027027,0.243243243243243,0.243243243243243,0.567567567567568,0.621621621621622,0.756756756756757,0.621621621621622,0.72972972972973,0.513513513513513,0.72972972972973,0.621621621621622,0.621621621621622,0.72972972972973,0.621621621621622,0.756756756756757,0.756756756756757,0.621621621621622,0.756756756756757,0.621621621621622,0.756756756756757,0.756756756756757,0.756756756756757,1,1,1,1,0.243243243243243
"tomorrow",0.243243243243243,0.243243243243243,0.243243243243243,0.243243243243243,0.243243243243243,0.189189189189189,0.243243243243243,0.243243243243243,0.405405405405405,0.405405405405405,0.324324324324324,0.27027027027027,0.243243243243243,0.243243243243243,0.243243243243243,0.243243243243243,0.189189189189189,0.243243243243243,0.432432432432432,0.432432432432432,0.256756756756757,0.256756756756757,0.243243243243243,0.243243243243243,0.243243243243243,0.243243243243243,0.243243243243243,0.243243243243243,0.243243243243243,0.243243243243243,0.243243243243243,0.243243243243243,0.243243243243243,0.243243243243243,0.351351351351351,0.351351351351351,0.243243243243243,0.243243243243243,0.243243243243243,0.243243243243243,0.243243243243243,0.243243243243243,0.243243243243243,0.243243243243243,0.243243243243243,0.243243243243243,0.243243243243243,0.243243243243243,0.243243243243243,0.243243243243243,0.243243243243243,0.243243243243243,0.243243243243243,0.243243243243243,0.243243243243243,0.243243243243243,0.243243243243243,0.689189189189189,0.567567567567568,0.675675675675676,0.567567567567568,0.256756756756757,0.432432432432432,0.540540540540541,0.486486486486487,0.243243243243243,0.243243243243243,0.256756756756757,0.45945945945946,0.256756756756757,0.243243243243243,0.243243243243243,0.243243243243243,0.364864864864865,0.364864864864865,0.702702702702703,0.756756756756757,0.77027027027027,0.756756756756757,0.702702702702703,0.756756756756757,0.621621621621622,0.756756756756757,0.77027027027027,0.783783783783784,0.675675675675676,0.756756756756757,0.878378378378378,0.702702702702703,0.756756756756757,0.756756756756757,0.621621621621622,0.756756756756757,0.891891891891892,0.756756756756757,0.662162162162162,0.621621621621622,0.756756756756757,0.621621621621622,0.756756756756757,0.756756756756757,0.756756756756757,0.851351351351351,0.77027027027027,0.702702702702703,0.635135135135135,0.621621621621622,0.756756756756757,0.621621621621622,0.756756756756757,0.756756756756757,0.27027027027027,0.243243243243243,0.243243243243243,0.567567567567568,0.621621621621622,0.756756756756757,0.621621621621622,0.72972972972973,0.513513513513513,0.72972972972973,0.621621621621622,0.621621621621622,0.72972972972973,0.621621621621622,0.756756756756757,0.756756756756757,0.621621621621622,0.756756756756757,0.621621621621622,0.756756756756757,0.756756756756757,0.756756756756757,1,1,1,1,0.243243243243243
"tonight",0.243243243243243,0.243243243243243,0.243243243243243,0.243243243243243,0.243243243243243,0.189189189189189,0.243243243243243,0.243243243243243,0.405405405405405,0.405405405405405,0.324324324324324,0.27027027027027,0.243243243243243,0.243243243243243,0.243243243243243,0.243243243243243,0.189189189189189,0.243243243243243,0.432432432432432,0.432432432432432,0.256756756756757,0.256756756756757,0.243243243243243,0.243243243243243,0.243243243243243,0.243243243243243,0.243243243243243,0.243243243243243,0.243243243243243,0.243243243243243,0.243243243243243,0.243243243243243,0.243243243243243,0.243243243243243,0.351351351351351,0.351351351351351,0.243243243243243,0.243243243243243,0.243243243243243,0.243243243243243,0.243243243243243,0.243243243243243,0.243243243243243,0.243243243243243,0.243243243243243,0.243243243243243,0.243243243243243,0.243243243243243,0.243243243243243,0.243243243243243,0.243243243243243,0.243243243243243,0.243243243243243,0.243243243243243,0.243243243243243,0.243243243243243,0.243243243243243,0.689189189189189,0.567567567567568,0.675675675675676,0.567567567567568,0.256756756756757,0.432432432432432,0.540540540540541,0.486486486486487,0.243243243243243,0.243243243243243,0.256756756756757,0.45945945945946,0.256756756756757,0.243243243243243,0.243243243243243,0.243243243243243,0.364864864864865,0.364864864864865,0.702702702702703,0.756756756756757,0.77027027027027,0.756756756756757,0.702702702702703,0.756756756756757,0.621621621621622,0.756756756756757,0.77027027027027,0.783783783783784,0.675675675675676,0.756756756756757,0.878378378378378,0.702702702702703,0.756756756756757,0.756756756756757,0.621621621621622,0.756756756756757,0.891891891891892,0.756756756756757,0.662162162162162,0.621621621621622,0.756756756756757,0.621621621621622,0.756756756756757,0.756756756756757,0.756756756756757,0.851351351351351,0.77027027027027,0.702702702702703,0.635135135135135,0.621621621621622,0.756756756756757,0.621621621621622,0.756756756756757,0.756756756756757,0.27027027027027,0.243243243243243,0.243243243243243,0.567567567567568,0.621621621621622,0.756756756756757,0.621621621621622,0.72972972972973,0.513513513513513,0.72972972972973,0.621621621621622,0.621621621621622,0.72972972972973,0.621621621621622,0.756756756756757,0.756756756756757,0.621621621621622,0.756756756756757,0.621621621621622,0.756756756756757,0.756756756756757,0.756756756756757,1,1,1,1,0.243243243243243
"yesterday",0.243243243243243,0.243243243243243,0.243243243243243,0.243243243243243,0.243243243243243,0.189189189189189,0.243243243243243,0.243243243243243,0.405405405405405,0.405405405405405,0.324324324324324,0.27027027027027,0.243243243243243,0.243243243243243,0.243243243243243,0.243243243243243,0.189189189189189,0.243243243243243,0.432432432432432,0.432432432432432,0.256756756756757,0.256756756756757,0.243243243243243,0.243243243243243,0.243243243243243,0.243243243243243,0.243243243243243,0.243243243243243,0.243243243243243,0.243243243243243,0.243243243243243,0.243243243243243,0.243243243243243,0.243243243243243,0.351351351351351,0.351351351351351,0.243243243243243,0.243243243243243,0.243243243243243,0.243243243243243,0.243243243243243,0.243243243243243,0.243243243243243,0.243243243243243,0.243243243243243,0.243243243243243,0.243243243243243,0.243243243243243,0.243243243243243,0.243243243243243,0.243243243243243,0.243243243243243,0.243243243243243,0.243243243243243,0.243243243243243,0.243243243243243,0.243243243243243,0.689189189189189,0.567567567567568,0.675675675675676,0.567567567567568,0.256756756756757,0.432432432432432,0.540540540540541,0.486486486486487,0.243243243243243,0.243243243243243,0.256756756756757,0.45945945945946,0.256756756756757,0.243243243243243,0.243243243243243,0.243243243243243,0.364864864864865,0.364864864864865,0.702702702702703,0.756756756756757,0.77027027027027,0.756756756756757,0.702702702702703,0.756756756756757,0.621621621621622,0.756756756756757,0.77027027027027,0.783783783783784,0.675675675675676,0.756756756756757,0.878378378378378,0.702702702702703,0.756756756756757,0.756756756756757,0.621621621621622,0.756756756756757,0.891891891891892,0.756756756756757,0.662162162162162,0.621621621621622,0.756756756756757,0.621621621621622,0.756756756756757,0.756756756756757,0.756756756756757,0.851351351351351,0.77027027027027,0.702702702702703,0.635135135135135,0.621621621621622,0.756756756756757,0.621621621621622,0.756756756756757,0.756756756756757,0.27027027027027,0.243243243243243,0.243243243243243,0.567567567567568,0.621621621621622,0.756756756756757,0.621621621621622,0.72972972972973,0.513513513513513,0.72972972972973,0.621621621621622,0.621621621621622,0.72972972972973,0.621621621621622,0.756756756756757,0.756756756756757,0.621621621621622,0.756756756756757,0.621621621621622,0.756756756756757,0.756756756756757,0.756756756756757,1,1,1,1,0.243243243243243
"there",1,1,1,1,1,0.945945945945946,1,1,0.837837837837838,0.837837837837838,0.864864864864865,0.972972972972973,1,1,1,1,0.945945945945946,1,0.675675675675676,0.675675675675676,0.986486486486487,0.986486486486487,1,1,1,1,1,1,1,1,1,1,1,1,0.891891891891892,0.891891891891892,1,1,1,1,1,1,1,1,1,1,1,1,1,1,1,1,1,1,1,1,1,0.391891891891892,0.243243243243243,0.216216216216216,0.243243243243243,0.986486486486487,0.405405405405405,0.297297297297297,0.648648648648649,1,1,0.986486486486487,0.783783783783784,0.986486486486487,1,1,1,0.851351351351351,0.851351351351351,0.108108108108108,0,0.0135135135135135,0,0.108108108108108,0,0.135135135135135,0,0.0135135135135135,0.027027027027027,0.486486486486487,0,0.121621621621622,0.108108108108108,0,0,0.135135135135135,0,0.243243243243243,0,0.554054054054054,0.135135135135135,0,0.135135135135135,0,0,0,0.0945945945945946,0.0135135135135135,0.108108108108108,0.148648648648649,0.135135135135135,0,0.135135135135135,0,0,0.945945945945946,1,1,0.351351351351351,0.45945945945946,0,0.432432432432432,0.027027027027027,0.621621621621622,0.351351351351351,0.45945945945946,0.45945945945946,0.351351351351351,0.45945945945946,0,0,0.135135135135135,0,0.135135135135135,0,0,0,0.243243243243243,0.243243243243243,0.243243243243243,0.243243243243243,1
