"fit_id","seed","objective","matched","ari","iterations","last_moves","selected"
"full__equal_features__sqrt_hamming__energy",1,28.6432439924226,115,0.440507210932188,3,0,FALSE
"full__equal_features__sqrt_hamming__energy",2,28.4799201591134,132,0.832434356035834,3,0,FALSE
"full__equal_features__sqrt_hamming__energy",3,28.4745546636592,131,0.805989846809123,5,0,FALSE
"full__equal_features__sqrt_hamming__energy",4,28.4745546636593,131,0.805989846809123,4,0,FALSE
"full__equal_features__sqrt_hamming__energy",5,28.4865869314476,128,0.729182352662061,4,0,FALSE
"full__equal_features__sqrt_hamming__energy",6,28.5121972617811,125,0.656186540594849,4,0,FALSE
"full__equal_features__sqrt_hamming__energy",7,28.4737974993598,130,0.77996430590564,4,0,FALSE
"full__equal_features__sqrt_hamming__energy",8,28.4737974993602,130,0.77996430590564,3,0,FALSE
"full__equal_features__sqrt_hamming__energy",9,28.497028532664,121,0.564825417741791,3,0,FALSE
"full__equal_features__sqrt_hamming__energy",10,28.4737974993602,130,0.77996430590564,3,0,FALSE
"full__equal_features__sqrt_hamming__energy",11,28.5009752577732,126,0.680101952432046,3,0,FALSE
"full__equal_features__sqrt_hamming__energy",12,28.4799201591131,132,0.832434356035834,4,0,FALSE
"full__equal_features__sqrt_hamming__energy",13,28.4799201591134,132,0.832434356035834,5,0,FALSE
"full__equal_features__sqrt_hamming__energy",14,28.479534267954,126,0.680118905972665,3,0,FALSE
"full__equal_features__sqrt_hamming__energy",15,29.620395926276,90,0.0860873156842851,5,0,FALSE
"full__equal_features__sqrt_hamming__energy",16,28.5121972617811,125,0.656186540594849,3,0,FALSE
"full__equal_features__sqrt_hamming__energy",17,28.4710942877406,125,0.656232090438534,3,0,TRUE
"full__equal_features__sqrt_hamming__energy",18,28.4760468500397,128,0.729193117314019,3,0,FALSE
"full__equal_features__sqrt_hamming__energy",19,28.4737974993601,130,0.77996430590564,3,0,FALSE
"full__equal_features__sqrt_hamming__energy",20,28.5036299396881,127,0.704424255453394,3,0,FALSE
"full__equal_features__sqrt_hamming__energy",21,28.4799201591134,132,0.832434356035834,5,0,FALSE
"full__equal_features__sqrt_hamming__energy",22,28.628363719002,109,0.331491360187137,4,0,FALSE
"full__equal_features__sqrt_hamming__energy",23,28.4799201591133,132,0.832434356035834,5,0,FALSE
"full__equal_features__sqrt_hamming__energy",24,28.4759289031117,129,0.754373152541918,4,0,FALSE
"full__equal_features__sqrt_hamming__energy",25,28.4745546636592,131,0.805989846809123,4,0,FALSE
"full__equal_features__sqrt_hamming__energy",26,28.4920393146977,122,0.58703181511815,4,0,FALSE
"full__equal_features__sqrt_hamming__energy",27,28.5121972617809,125,0.656186540594849,3,0,FALSE
"full__equal_features__sqrt_hamming__energy",28,28.4863949914711,128,0.729193117314019,3,0,FALSE
"full__equal_features__sqrt_hamming__energy",29,28.628363719002,109,0.331491360187137,4,0,FALSE
"full__equal_features__sqrt_hamming__energy",30,28.4799201591133,132,0.832434356035834,4,0,FALSE
"full__equal_features__sqrt_hamming__energy",31,28.6484027019184,111,0.366049191366264,6,0,FALSE
"full__equal_features__sqrt_hamming__energy",32,28.5102142339255,125,0.656186540594849,3,0,FALSE
"full__equal_features__sqrt_hamming__energy",33,28.4969631483918,124,0.632718165357138,3,0,FALSE
"full__equal_features__sqrt_hamming__energy",34,28.4881109831151,129,0.754358506849612,3,0,FALSE
"full__equal_features__sqrt_hamming__energy",35,28.4799201591132,132,0.832434356035834,5,0,FALSE
"full__equal_features__sqrt_hamming__energy",36,28.5098066937046,124,0.63270356579792,3,0,FALSE
"full__equal_features__sqrt_hamming__energy",37,28.4920393146976,122,0.58703181511815,4,0,FALSE
"full__equal_features__sqrt_hamming__energy",38,28.4760468500397,128,0.729193117314019,3,0,FALSE
"full__equal_features__sqrt_hamming__energy",39,28.5036299396883,127,0.704424255453394,4,0,FALSE
"full__equal_features__sqrt_hamming__energy",40,28.4737974993602,130,0.77996430590564,4,0,FALSE
"full__equal_features__sqrt_hamming__energy",41,28.5121972617812,125,0.656186540594849,3,0,FALSE
"full__equal_features__sqrt_hamming__energy",42,28.4970285326642,121,0.564825417741791,3,0,FALSE
"full__equal_features__sqrt_hamming__energy",43,28.4760468500396,128,0.729193117314019,4,0,FALSE
"full__equal_features__sqrt_hamming__energy",44,28.4970285326643,121,0.564825417741791,4,0,FALSE
"full__equal_features__sqrt_hamming__energy",45,28.5036299396882,127,0.704424255453394,4,0,FALSE
"full__equal_features__sqrt_hamming__energy",46,28.5121972617813,125,0.656186540594849,3,0,FALSE
"full__equal_features__sqrt_hamming__energy",47,28.4745546636593,131,0.805989846809123,5,0,FALSE
"full__equal_features__sqrt_hamming__energy",48,28.5036299396881,127,0.704424255453394,3,0,FALSE
"full__equal_features__sqrt_hamming__energy",49,28.4799201591132,132,0.832434356035834,3,0,FALSE
"full__equal_features__sqrt_hamming__energy",50,28.5049635660022,127,0.704430130020303,3,0,FALSE
"full__equal_features__sqrt_hamming__energy",51,28.5036299396882,127,0.704424255453394,3,0,FALSE
"full__equal_features__sqrt_hamming__energy",52,28.4777891155504,129,0.75436664356095,3,0,FALSE
"full__equal_features__sqrt_hamming__energy",53,28.4745546636593,131,0.805989846809123,5,0,FALSE
"full__equal_features__sqrt_hamming__energy",54,28.4777891155502,129,0.75436664356095,3,0,FALSE
"full__equal_features__sqrt_hamming__energy",55,28.4827050417423,128,0.72920119024141,3,0,FALSE
"full__equal_features__sqrt_hamming__energy",56,28.4865869314477,128,0.729182352662061,3,0,FALSE
"full__equal_features__sqrt_hamming__energy",57,28.5098066937048,124,0.63270356579792,3,0,FALSE
"full__equal_features__sqrt_hamming__energy",58,28.4970285326643,121,0.564825417741791,4,0,FALSE
"full__equal_features__sqrt_hamming__energy",59,28.4799201591133,132,0.832434356035834,4,0,FALSE
"full__equal_features__sqrt_hamming__energy",60,28.5121972617812,125,0.656186540594849,4,0,FALSE
"full__equal_features__sqrt_hamming__energy",61,28.6111885880483,115,0.440577612821402,3,0,FALSE
"full__equal_features__sqrt_hamming__energy",62,28.4969631483919,124,0.632718165357138,3,0,FALSE
"full__equal_features__sqrt_hamming__energy",63,28.4865869314474,128,0.729182352662061,4,0,FALSE
"full__equal_features__sqrt_hamming__energy",64,28.4760468500395,128,0.729193117314019,4,0,FALSE
"full__equal_features__sqrt_hamming__energy",65,28.4745546636592,131,0.805989846809123,4,0,FALSE
"full__equal_features__sqrt_hamming__energy",66,28.6252360563309,120,0.543013385467406,5,0,FALSE
"full__equal_features__sqrt_hamming__energy",67,28.4711337703357,124,0.632742495376833,3,0,FALSE
"full__equal_features__sqrt_hamming__energy",68,28.6252360563308,120,0.543013385467406,5,0,FALSE
"full__equal_features__sqrt_hamming__energy",69,28.4759851971637,123,0.609691204220982,3,0,FALSE
"full__equal_features__sqrt_hamming__energy",70,28.4799201591133,132,0.832434356035834,5,0,FALSE
"full__equal_features__sqrt_hamming__energy",71,28.4881109831152,129,0.754358506849612,4,0,FALSE
"full__equal_features__sqrt_hamming__energy",72,28.478367051779,131,0.805985990857994,3,0,FALSE
"full__equal_features__sqrt_hamming__energy",73,28.4745546636592,131,0.805989846809123,2,0,FALSE
"full__equal_features__sqrt_hamming__energy",74,28.4711337703356,124,0.632742495376833,2,0,FALSE
"full__equal_features__sqrt_hamming__energy",75,28.4799201591134,132,0.832434356035834,5,0,FALSE
"full__equal_features__sqrt_hamming__energy",76,28.4777891155503,129,0.75436664356095,3,0,FALSE
"full__equal_features__sqrt_hamming__energy",77,28.4865869314475,128,0.729182352662061,3,0,FALSE
"full__equal_features__sqrt_hamming__energy",78,28.4760468500396,128,0.729193117314019,4,0,FALSE
"full__equal_features__sqrt_hamming__energy",79,28.4745546636593,131,0.805989846809123,6,0,FALSE
"full__equal_features__sqrt_hamming__energy",80,28.4799201591133,132,0.832434356035834,5,0,FALSE
"full__equal_features__sqrt_hamming__energy",81,28.4759289031117,129,0.754373152541918,3,0,FALSE
"full__equal_features__sqrt_hamming__energy",82,28.5051651761716,126,0.680093474987822,3,0,FALSE
"full__equal_features__sqrt_hamming__energy",83,28.4745546636592,131,0.805989846809123,4,0,FALSE
"full__equal_features__sqrt_hamming__energy",84,28.4752877228987,124,0.632758308161156,3,0,FALSE
"full__equal_features__sqrt_hamming__energy",85,28.4745546636593,131,0.805989846809123,4,0,FALSE
"full__equal_features__sqrt_hamming__energy",86,28.5121972617812,125,0.656186540594849,4,0,FALSE
"full__equal_features__sqrt_hamming__energy",87,28.4799201591133,132,0.832434356035834,4,0,FALSE
"full__equal_features__sqrt_hamming__energy",88,28.4783670517792,131,0.805985990857994,3,0,FALSE
"full__equal_features__sqrt_hamming__energy",89,28.488110983115,129,0.754358506849612,3,0,FALSE
"full__equal_features__sqrt_hamming__energy",90,28.4799201591133,132,0.832434356035834,5,0,FALSE
"full__equal_features__sqrt_hamming__energy",91,28.4799201591132,132,0.832434356035834,7,0,FALSE
"full__equal_features__sqrt_hamming__energy",92,29.7421604174699,75,0.000528004406272312,3,0,FALSE
"full__equal_features__sqrt_hamming__energy",93,28.6479736503421,107,0.298448371163928,3,0,FALSE
"full__equal_features__sqrt_hamming__energy",94,28.4970285326643,121,0.564825417741791,4,0,FALSE
"full__equal_features__sqrt_hamming__energy",95,28.4737974993602,130,0.77996430590564,3,0,FALSE
"full__equal_features__sqrt_hamming__energy",96,28.4915914765931,126,0.680101952432046,3,0,FALSE
"full__equal_features__sqrt_hamming__energy",97,28.4745546636592,131,0.805989846809123,3,0,FALSE
"full__equal_features__sqrt_hamming__energy",98,28.4752877228986,124,0.632758308161156,3,0,FALSE
"full__equal_features__sqrt_hamming__energy",99,28.5121972617813,125,0.656186540594849,3,0,FALSE
"full__equal_features__sqrt_hamming__energy",100,28.4745546636593,131,0.805989846809123,5,0,FALSE
"full__equal_domains__sqrt_hamming__energy",1,28.7334610050982,113,0.402507280234578,3,0,FALSE
"full__equal_domains__sqrt_hamming__energy",2,28.5223204969112,103,0.237788234678377,5,0,FALSE
"full__equal_domains__sqrt_hamming__energy",3,28.5223204969113,103,0.237788234678377,4,0,FALSE
"full__equal_domains__sqrt_hamming__energy",4,28.7334610050983,113,0.402507280234578,2,0,FALSE
"full__equal_domains__sqrt_hamming__energy",5,28.7303111482031,112,0.384085714474941,3,0,FALSE
"full__equal_domains__sqrt_hamming__energy",6,28.7826438721144,116,0.460164608685144,4,0,FALSE
"full__equal_domains__sqrt_hamming__energy",7,28.7303111482031,112,0.384085714474941,3,0,FALSE
"full__equal_domains__sqrt_hamming__energy",8,28.5223204969112,103,0.237788234678377,5,0,FALSE
"full__equal_domains__sqrt_hamming__energy",9,28.7303111482031,112,0.384085714474941,4,0,FALSE
"full__equal_domains__sqrt_hamming__energy",10,28.5223204969113,103,0.237788234678377,3,0,FALSE
"full__equal_domains__sqrt_hamming__energy",11,28.7826438721145,116,0.460164608685144,4,0,FALSE
"full__equal_domains__sqrt_hamming__energy",12,28.5300160747008,104,0.252413533231221,5,0,FALSE
"full__equal_domains__sqrt_hamming__energy",13,28.5223204969112,103,0.237788234678377,6,0,FALSE
"full__equal_domains__sqrt_hamming__energy",14,28.7826438721145,116,0.460164608685144,4,0,FALSE
"full__equal_domains__sqrt_hamming__energy",15,28.5300160747007,104,0.252413533231221,3,0,FALSE
"full__equal_domains__sqrt_hamming__energy",16,28.7303111482031,112,0.384085714474941,3,0,FALSE
"full__equal_domains__sqrt_hamming__energy",17,28.7826438721144,116,0.460164608685144,3,0,FALSE
"full__equal_domains__sqrt_hamming__energy",18,28.7847483531318,117,0.480274562291262,2,0,FALSE
"full__equal_domains__sqrt_hamming__energy",19,28.7303111482031,112,0.384085714474941,3,0,FALSE
"full__equal_domains__sqrt_hamming__energy",20,28.5300160747005,104,0.252413533231221,5,0,FALSE
"full__equal_domains__sqrt_hamming__energy",21,28.5223204969113,103,0.237788234678377,3,0,FALSE
"full__equal_domains__sqrt_hamming__energy",22,28.5223204969112,103,0.237788234678377,3,0,FALSE
"full__equal_domains__sqrt_hamming__energy",23,28.7303111482031,112,0.384085714474941,3,0,FALSE
"full__equal_domains__sqrt_hamming__energy",24,28.5223204969112,103,0.237788234678377,4,0,FALSE
"full__equal_domains__sqrt_hamming__energy",25,28.7826438721145,116,0.460164608685144,6,0,FALSE
"full__equal_domains__sqrt_hamming__energy",26,28.5223204969112,103,0.237788234678377,5,0,FALSE
"full__equal_domains__sqrt_hamming__energy",27,28.7826438721144,116,0.460164608685144,3,0,FALSE
"full__equal_domains__sqrt_hamming__energy",28,28.7826438721144,116,0.460164608685144,3,0,FALSE
"full__equal_domains__sqrt_hamming__energy",29,28.5223204969112,103,0.237788234678377,4,0,FALSE
"full__equal_domains__sqrt_hamming__energy",30,28.5223204969112,103,0.237788234678377,4,0,FALSE
"full__equal_domains__sqrt_hamming__energy",31,28.5223204969112,103,0.237788234678377,2,0,FALSE
"full__equal_domains__sqrt_hamming__energy",32,28.5223204969113,103,0.237788234678377,4,0,FALSE
"full__equal_domains__sqrt_hamming__energy",33,28.730311148203,112,0.384085714474941,3,0,FALSE
"full__equal_domains__sqrt_hamming__energy",34,28.7303111482031,112,0.384085714474941,3,0,FALSE
"full__equal_domains__sqrt_hamming__energy",35,28.7826438721144,116,0.460164608685144,4,0,FALSE
"full__equal_domains__sqrt_hamming__energy",36,28.7826438721144,116,0.460164608685144,3,0,FALSE
"full__equal_domains__sqrt_hamming__energy",37,28.7826438721144,116,0.460164608685144,6,0,FALSE
"full__equal_domains__sqrt_hamming__energy",38,28.5223204969112,103,0.237788234678377,3,0,FALSE
"full__equal_domains__sqrt_hamming__energy",39,28.7826438721144,116,0.460164608685144,3,0,FALSE
"full__equal_domains__sqrt_hamming__energy",40,28.7303111482031,112,0.384085714474941,3,0,FALSE
"full__equal_domains__sqrt_hamming__energy",41,28.5223204969113,103,0.237788234678377,4,0,FALSE
"full__equal_domains__sqrt_hamming__energy",42,28.5223204969112,103,0.237788234678377,3,0,FALSE
"full__equal_domains__sqrt_hamming__energy",43,28.7303111482031,112,0.384085714474941,3,0,FALSE
"full__equal_domains__sqrt_hamming__energy",44,28.5223204969113,103,0.237788234678377,4,0,FALSE
"full__equal_domains__sqrt_hamming__energy",45,28.7826438721144,116,0.460164608685144,3,0,FALSE
"full__equal_domains__sqrt_hamming__energy",46,28.5223204969113,103,0.237788234678377,3,0,FALSE
"full__equal_domains__sqrt_hamming__energy",47,28.7303111482031,112,0.384085714474941,3,0,FALSE
"full__equal_domains__sqrt_hamming__energy",48,28.5223204969112,103,0.237788234678377,4,0,FALSE
"full__equal_domains__sqrt_hamming__energy",49,28.7334610050983,113,0.402507280234578,4,0,FALSE
"full__equal_domains__sqrt_hamming__energy",50,28.5223204969113,103,0.237788234678377,4,0,FALSE
"full__equal_domains__sqrt_hamming__energy",51,28.5300160747005,104,0.252413533231221,4,0,FALSE
"full__equal_domains__sqrt_hamming__energy",52,28.7826438721144,116,0.460164608685144,3,0,FALSE
"full__equal_domains__sqrt_hamming__energy",53,28.7303111482031,112,0.384085714474941,3,0,FALSE
"full__equal_domains__sqrt_hamming__energy",54,28.5223204969112,103,0.237788234678377,4,0,FALSE
"full__equal_domains__sqrt_hamming__energy",55,28.5223204969112,103,0.237788234678377,3,0,TRUE
"full__equal_domains__sqrt_hamming__energy",56,28.7847483531318,117,0.480274562291262,4,0,FALSE
"full__equal_domains__sqrt_hamming__energy",57,28.5223204969112,103,0.237788234678377,4,0,FALSE
"full__equal_domains__sqrt_hamming__energy",58,28.7334610050983,113,0.402507280234578,3,0,FALSE
"full__equal_domains__sqrt_hamming__energy",59,28.5223204969112,103,0.237788234678377,3,0,FALSE
"full__equal_domains__sqrt_hamming__energy",60,28.7303111482031,112,0.384085714474941,4,0,FALSE
"full__equal_domains__sqrt_hamming__energy",61,28.5300160747006,104,0.252413533231221,4,0,FALSE
"full__equal_domains__sqrt_hamming__energy",62,28.7303111482031,112,0.384085714474941,3,0,FALSE
"full__equal_domains__sqrt_hamming__energy",63,28.7303111482031,112,0.384085714474941,3,0,FALSE
"full__equal_domains__sqrt_hamming__energy",64,28.7826438721145,116,0.460164608685144,6,0,FALSE
"full__equal_domains__sqrt_hamming__energy",65,28.5223204969112,103,0.237788234678377,5,0,FALSE
"full__equal_domains__sqrt_hamming__energy",66,28.730311148203,112,0.384085714474941,3,0,FALSE
"full__equal_domains__sqrt_hamming__energy",67,28.5223204969112,103,0.237788234678377,4,0,FALSE
"full__equal_domains__sqrt_hamming__energy",68,28.5223204969112,103,0.237788234678377,3,0,FALSE
"full__equal_domains__sqrt_hamming__energy",69,28.7826438721144,116,0.460164608685144,5,0,FALSE
"full__equal_domains__sqrt_hamming__energy",70,28.5300160747006,104,0.252413533231221,5,0,FALSE
"full__equal_domains__sqrt_hamming__energy",71,28.7826438721145,116,0.460164608685144,6,0,FALSE
"full__equal_domains__sqrt_hamming__energy",72,28.5300160747006,104,0.252413533231221,6,0,FALSE
"full__equal_domains__sqrt_hamming__energy",73,28.5223204969112,103,0.237788234678377,4,0,FALSE
"full__equal_domains__sqrt_hamming__energy",74,28.7847483531317,117,0.480274562291262,3,0,FALSE
"full__equal_domains__sqrt_hamming__energy",75,28.7826438721144,116,0.460164608685144,3,0,FALSE
"full__equal_domains__sqrt_hamming__energy",76,28.7847483531318,117,0.480274562291262,2,0,FALSE
"full__equal_domains__sqrt_hamming__energy",77,28.7826438721144,116,0.460164608685144,3,0,FALSE
"full__equal_domains__sqrt_hamming__energy",78,28.7303111482031,112,0.384085714474941,4,0,FALSE
"full__equal_domains__sqrt_hamming__energy",79,28.5223204969112,103,0.237788234678377,5,0,FALSE
"full__equal_domains__sqrt_hamming__energy",80,28.7303111482031,112,0.384085714474941,3,0,FALSE
"full__equal_domains__sqrt_hamming__energy",81,28.5300160747006,104,0.252413533231221,4,0,FALSE
"full__equal_domains__sqrt_hamming__energy",82,28.7847483531318,117,0.480274562291262,4,0,FALSE
"full__equal_domains__sqrt_hamming__energy",83,28.7303111482031,112,0.384085714474941,4,0,FALSE
"full__equal_domains__sqrt_hamming__energy",84,28.7303111482031,112,0.384085714474941,3,0,FALSE
"full__equal_domains__sqrt_hamming__energy",85,28.5223204969112,103,0.237788234678377,4,0,FALSE
"full__equal_domains__sqrt_hamming__energy",86,28.7303111482031,112,0.384085714474941,3,0,FALSE
"full__equal_domains__sqrt_hamming__energy",87,28.5223204969113,103,0.237788234678377,5,0,FALSE
"full__equal_domains__sqrt_hamming__energy",88,28.5223204969112,103,0.237788234678377,5,0,FALSE
"full__equal_domains__sqrt_hamming__energy",89,28.7303111482031,112,0.384085714474941,3,0,FALSE
"full__equal_domains__sqrt_hamming__energy",90,28.7826438721144,116,0.460164608685144,3,0,FALSE
"full__equal_domains__sqrt_hamming__energy",91,28.7334610050982,113,0.402507280234578,3,0,FALSE
"full__equal_domains__sqrt_hamming__energy",92,28.5300160747006,104,0.252413533231221,4,0,FALSE
"full__equal_domains__sqrt_hamming__energy",93,28.5223204969112,103,0.237788234678377,3,0,FALSE
"full__equal_domains__sqrt_hamming__energy",94,28.5300160747005,104,0.252413533231221,4,0,FALSE
"full__equal_domains__sqrt_hamming__energy",95,28.5223204969112,103,0.237788234678377,3,0,FALSE
"full__equal_domains__sqrt_hamming__energy",96,28.7303111482031,112,0.384085714474941,3,0,FALSE
"full__equal_domains__sqrt_hamming__energy",97,28.5223204969113,103,0.237788234678377,5,0,FALSE
"full__equal_domains__sqrt_hamming__energy",98,28.5300160747006,104,0.252413533231221,5,0,FALSE
"full__equal_domains__sqrt_hamming__energy",99,28.730311148203,112,0.384085714474941,3,0,FALSE
"full__equal_domains__sqrt_hamming__energy",100,28.7303111482031,112,0.384085714474941,3,0,FALSE
"full__unique_profiles__sqrt_hamming__energy",1,28.6701497802387,126,0.680101952432046,3,0,FALSE
"full__unique_profiles__sqrt_hamming__energy",2,28.6488058652491,132,0.832434356035834,3,0,FALSE
"full__unique_profiles__sqrt_hamming__energy",3,28.6432971845604,131,0.805989846809123,5,0,FALSE
"full__unique_profiles__sqrt_hamming__energy",4,28.6432971845604,131,0.805989846809123,4,0,FALSE
"full__unique_profiles__sqrt_hamming__energy",5,28.6556797727573,128,0.729182352662061,4,0,FALSE
"full__unique_profiles__sqrt_hamming__energy",6,28.6817338029123,125,0.656186540594849,4,0,FALSE
"full__unique_profiles__sqrt_hamming__energy",7,28.6425128730511,130,0.77996430590564,4,0,FALSE
"full__unique_profiles__sqrt_hamming__energy",8,28.6425128730512,130,0.77996430590564,3,0,FALSE
"full__unique_profiles__sqrt_hamming__energy",9,28.6658724059489,121,0.564825417741791,3,0,FALSE
"full__unique_profiles__sqrt_hamming__energy",10,28.6425128730512,130,0.77996430590564,3,0,FALSE
"full__unique_profiles__sqrt_hamming__energy",11,28.6701497802387,126,0.680101952432046,3,0,FALSE
"full__unique_profiles__sqrt_hamming__energy",12,28.648805865249,132,0.832434356035834,4,0,FALSE
"full__unique_profiles__sqrt_hamming__energy",13,28.6488058652491,132,0.832434356035834,5,0,FALSE
"full__unique_profiles__sqrt_hamming__energy",14,28.6481529856843,126,0.680118905972665,3,0,FALSE
"full__unique_profiles__sqrt_hamming__energy",15,29.8075963920238,90,0.0860873156842851,5,0,FALSE
"full__unique_profiles__sqrt_hamming__energy",16,28.6817338029122,125,0.656186540594849,3,0,FALSE
"full__unique_profiles__sqrt_hamming__energy",17,28.639534665197,125,0.656232090438534,3,0,TRUE
"full__unique_profiles__sqrt_hamming__energy",18,28.6446788713275,128,0.729193117314019,3,0,FALSE
"full__unique_profiles__sqrt_hamming__energy",19,28.6425128730511,130,0.77996430590564,3,0,FALSE
"full__unique_profiles__sqrt_hamming__energy",20,28.673211021438,127,0.704424255453394,3,0,FALSE
"full__unique_profiles__sqrt_hamming__energy",21,28.6488058652492,132,0.832434356035834,5,0,FALSE
"full__unique_profiles__sqrt_hamming__energy",22,28.7991788794168,109,0.331491360187137,4,0,FALSE
"full__unique_profiles__sqrt_hamming__energy",23,28.6488058652492,132,0.832434356035834,5,0,FALSE
"full__unique_profiles__sqrt_hamming__energy",24,28.6445803242254,129,0.754373152541918,4,0,FALSE
"full__unique_profiles__sqrt_hamming__energy",25,28.6432971845604,131,0.805989846809123,4,0,FALSE
"full__unique_profiles__sqrt_hamming__energy",26,28.6608897218159,122,0.58703181511815,4,0,FALSE
"full__unique_profiles__sqrt_hamming__energy",27,28.6817338029121,125,0.656186540594849,3,0,FALSE
"full__unique_profiles__sqrt_hamming__energy",28,28.6701497802387,126,0.680101952432046,3,0,FALSE
"full__unique_profiles__sqrt_hamming__energy",29,28.7991788794169,109,0.331491360187137,4,0,FALSE
"full__unique_profiles__sqrt_hamming__energy",30,28.6732110214379,127,0.704424255453394,3,0,FALSE
"full__unique_profiles__sqrt_hamming__energy",31,28.819556920613,111,0.366049191366264,6,0,FALSE
"full__unique_profiles__sqrt_hamming__energy",32,28.667949212189,128,0.729186838037711,3,0,FALSE
"full__unique_profiles__sqrt_hamming__energy",33,28.6659878359403,124,0.632718165357138,3,0,FALSE
"full__unique_profiles__sqrt_hamming__energy",34,28.6608897218158,122,0.58703181511815,3,0,FALSE
"full__unique_profiles__sqrt_hamming__energy",35,28.648805865249,132,0.832434356035834,5,0,FALSE
"full__unique_profiles__sqrt_hamming__energy",36,28.679220971495,124,0.63270356579792,3,0,FALSE
"full__unique_profiles__sqrt_hamming__energy",37,28.6608897218159,122,0.58703181511815,4,0,FALSE
"full__unique_profiles__sqrt_hamming__energy",38,28.6446788713274,128,0.729193117314019,3,0,FALSE
"full__unique_profiles__sqrt_hamming__energy",39,28.673211021438,127,0.704424255453394,4,0,FALSE
"full__unique_profiles__sqrt_hamming__energy",40,28.6425128730512,130,0.77996430590564,4,0,FALSE
"full__unique_profiles__sqrt_hamming__energy",41,28.6817338029123,125,0.656186540594849,3,0,FALSE
"full__unique_profiles__sqrt_hamming__energy",42,28.6658724059491,121,0.564825417741791,3,0,FALSE
"full__unique_profiles__sqrt_hamming__energy",43,28.6446788713274,128,0.729193117314019,4,0,FALSE
"full__unique_profiles__sqrt_hamming__energy",44,28.6658724059491,121,0.564825417741791,4,0,FALSE
"full__unique_profiles__sqrt_hamming__energy",45,28.6732110214379,127,0.704424255453394,4,0,FALSE
"full__unique_profiles__sqrt_hamming__energy",46,28.6817338029123,125,0.656186540594849,3,0,FALSE
"full__unique_profiles__sqrt_hamming__energy",47,28.6432971845604,131,0.805989846809123,5,0,FALSE
"full__unique_profiles__sqrt_hamming__energy",48,28.6732110214379,127,0.704424255453394,3,0,FALSE
"full__unique_profiles__sqrt_hamming__energy",49,28.6573162809861,129,0.754358506849612,3,0,FALSE
"full__unique_profiles__sqrt_hamming__energy",50,28.6742713040519,127,0.704430130020303,3,0,FALSE
"full__unique_profiles__sqrt_hamming__energy",51,28.673211021438,127,0.704424255453394,3,0,FALSE
"full__unique_profiles__sqrt_hamming__energy",52,28.6465023253648,129,0.75436664356095,3,0,FALSE
"full__unique_profiles__sqrt_hamming__energy",53,28.6432971845605,131,0.805989846809123,5,0,FALSE
"full__unique_profiles__sqrt_hamming__energy",54,28.6465023253646,129,0.75436664356095,3,0,FALSE
"full__unique_profiles__sqrt_hamming__energy",55,28.6513989703287,128,0.72920119024141,3,0,FALSE
"full__unique_profiles__sqrt_hamming__energy",56,28.6556797727574,128,0.729182352662061,3,0,FALSE
"full__unique_profiles__sqrt_hamming__energy",57,28.679220971495,124,0.63270356579792,3,0,FALSE
"full__unique_profiles__sqrt_hamming__energy",58,28.6658724059492,121,0.564825417741791,4,0,FALSE
"full__unique_profiles__sqrt_hamming__energy",59,28.6488058652491,132,0.832434356035834,4,0,FALSE
"full__unique_profiles__sqrt_hamming__energy",60,28.6817338029124,125,0.656186540594849,4,0,FALSE
"full__unique_profiles__sqrt_hamming__energy",61,28.7815748937609,115,0.440577612821402,3,0,FALSE
"full__unique_profiles__sqrt_hamming__energy",62,28.6659878359403,124,0.632718165357138,3,0,FALSE
"full__unique_profiles__sqrt_hamming__energy",63,28.6556797727572,128,0.729182352662061,4,0,FALSE
"full__unique_profiles__sqrt_hamming__energy",64,28.6446788713273,128,0.729193117314019,4,0,FALSE
"full__unique_profiles__sqrt_hamming__energy",65,28.6432971845604,131,0.805989846809123,4,0,FALSE
"full__unique_profiles__sqrt_hamming__energy",66,28.7963394084169,120,0.543013385467406,5,0,FALSE
"full__unique_profiles__sqrt_hamming__energy",67,28.6395529733022,124,0.632742495376833,3,0,FALSE
"full__unique_profiles__sqrt_hamming__energy",68,28.6432971845604,131,0.805989846809123,8,0,FALSE
"full__unique_profiles__sqrt_hamming__energy",69,28.644400622494,123,0.609691204220982,3,0,FALSE
"full__unique_profiles__sqrt_hamming__energy",70,28.6488058652491,132,0.832434356035834,5,0,FALSE
"full__unique_profiles__sqrt_hamming__energy",71,28.6573162809862,129,0.754358506849612,4,0,FALSE
"full__unique_profiles__sqrt_hamming__energy",72,28.6472187509134,131,0.805985990857994,3,0,FALSE
"full__unique_profiles__sqrt_hamming__energy",73,28.6432971845603,131,0.805989846809123,2,0,FALSE
"full__unique_profiles__sqrt_hamming__energy",74,28.6395529733021,124,0.632742495376833,2,0,FALSE
"full__unique_profiles__sqrt_hamming__energy",75,28.6488058652491,132,0.832434356035834,5,0,FALSE
"full__unique_profiles__sqrt_hamming__energy",76,28.654703400823,127,0.704443836435021,2,0,FALSE
"full__unique_profiles__sqrt_hamming__energy",77,28.6556797727572,128,0.729182352662061,3,0,FALSE
"full__unique_profiles__sqrt_hamming__energy",78,28.6446788713275,128,0.729193117314019,4,0,FALSE
"full__unique_profiles__sqrt_hamming__energy",79,28.6432971845604,131,0.805989846809123,6,0,FALSE
"full__unique_profiles__sqrt_hamming__energy",80,28.6488058652491,132,0.832434356035834,5,0,FALSE
"full__unique_profiles__sqrt_hamming__energy",81,28.6445803242255,129,0.754373152541918,3,0,FALSE
"full__unique_profiles__sqrt_hamming__energy",82,28.6746579517297,126,0.680093474987822,3,0,FALSE
"full__unique_profiles__sqrt_hamming__energy",83,28.6432971845603,131,0.805989846809123,4,0,FALSE
"full__unique_profiles__sqrt_hamming__energy",84,28.6437182208354,124,0.632758308161156,3,0,FALSE
"full__unique_profiles__sqrt_hamming__energy",85,28.6432971845604,131,0.805989846809123,5,0,FALSE
"full__unique_profiles__sqrt_hamming__energy",86,28.6817338029123,125,0.656186540594849,4,0,FALSE
"full__unique_profiles__sqrt_hamming__energy",87,28.6488058652491,132,0.832434356035834,4,0,FALSE
"full__unique_profiles__sqrt_hamming__energy",88,28.6472187509135,131,0.805985990857994,3,0,FALSE
"full__unique_profiles__sqrt_hamming__energy",89,28.6573162809862,129,0.754358506849612,3,0,FALSE
"full__unique_profiles__sqrt_hamming__energy",90,28.6488058652491,132,0.832434356035834,5,0,FALSE
"full__unique_profiles__sqrt_hamming__energy",91,28.648805865249,132,0.832434356035834,7,0,FALSE
"full__unique_profiles__sqrt_hamming__energy",92,28.6432971845603,131,0.805989846809123,8,0,FALSE
"full__unique_profiles__sqrt_hamming__energy",93,28.8191602956481,107,0.298448371163928,3,0,FALSE
"full__unique_profiles__sqrt_hamming__energy",94,28.6658724059492,121,0.564825417741791,4,0,FALSE
"full__unique_profiles__sqrt_hamming__energy",95,28.6425128730512,130,0.77996430590564,3,0,FALSE
"full__unique_profiles__sqrt_hamming__energy",96,28.6606184936872,126,0.680101952432046,3,0,FALSE
"full__unique_profiles__sqrt_hamming__energy",97,28.6432971845603,131,0.805989846809123,3,0,FALSE
"full__unique_profiles__sqrt_hamming__energy",98,28.6437182208352,124,0.632758308161156,3,0,FALSE
"full__unique_profiles__sqrt_hamming__energy",99,28.6817338029123,125,0.656186540594849,3,0,FALSE
"full__unique_profiles__sqrt_hamming__energy",100,28.6432971845605,131,0.805989846809123,5,0,FALSE
"no_components__equal_features__sqrt_hamming__energy",1,32.8668323416225,126,0.680101952432046,3,0,FALSE
"no_components__equal_features__sqrt_hamming__energy",2,32.832529267739,131,0.805989846809123,4,0,FALSE
"no_components__equal_features__sqrt_hamming__energy",3,32.832529267739,131,0.805989846809123,5,0,FALSE
"no_components__equal_features__sqrt_hamming__energy",4,32.832529267739,131,0.805989846809123,4,0,FALSE
"no_components__equal_features__sqrt_hamming__energy",5,32.8670189805646,124,0.632718165357138,3,0,FALSE
"no_components__equal_features__sqrt_hamming__energy",6,32.8881257202622,125,0.656186540594849,4,0,FALSE
"no_components__equal_features__sqrt_hamming__energy",7,32.8336644500611,130,0.77996430590564,4,0,FALSE
"no_components__equal_features__sqrt_hamming__energy",8,32.832529267739,131,0.805989846809123,4,0,FALSE
"no_components__equal_features__sqrt_hamming__energy",9,32.8624083294996,122,0.58703181511815,4,0,FALSE
"no_components__equal_features__sqrt_hamming__energy",10,32.833664450061,130,0.77996430590564,4,0,FALSE
"no_components__equal_features__sqrt_hamming__energy",11,32.8771475951812,124,0.632718165357138,5,0,FALSE
"no_components__equal_features__sqrt_hamming__energy",12,32.8325292677392,131,0.805989846809123,4,0,FALSE
"no_components__equal_features__sqrt_hamming__energy",13,32.832529267739,131,0.805989846809123,5,0,FALSE
"no_components__equal_features__sqrt_hamming__energy",14,32.8460188101458,126,0.680118905972665,3,0,FALSE
"no_components__equal_features__sqrt_hamming__energy",15,34.2667113227453,89,0.0773960363500008,6,0,FALSE
"no_components__equal_features__sqrt_hamming__energy",16,32.8881257202622,125,0.656186540594849,3,0,FALSE
"no_components__equal_features__sqrt_hamming__energy",17,32.8442934243429,127,0.704453625952981,3,0,FALSE
"no_components__equal_features__sqrt_hamming__energy",18,32.8421405737884,128,0.729193117314019,3,0,FALSE
"no_components__equal_features__sqrt_hamming__energy",19,32.833664450061,130,0.77996430590564,3,0,FALSE
"no_components__equal_features__sqrt_hamming__energy",20,32.8718668104475,127,0.704424255453394,3,0,FALSE
"no_components__equal_features__sqrt_hamming__energy",21,32.832529267739,131,0.805989846809123,5,0,FALSE
"no_components__equal_features__sqrt_hamming__energy",22,33.0239150068001,113,0.402467707359881,4,0,FALSE
"no_components__equal_features__sqrt_hamming__energy",23,32.832529267739,131,0.805989846809123,5,0,FALSE
"no_components__equal_features__sqrt_hamming__energy",24,32.8399314564831,129,0.754373152541918,3,0,FALSE
"no_components__equal_features__sqrt_hamming__energy",25,32.8325292677391,131,0.805989846809123,4,0,FALSE
"no_components__equal_features__sqrt_hamming__energy",26,32.8624083294994,122,0.58703181511815,4,0,FALSE
"no_components__equal_features__sqrt_hamming__energy",27,32.8881257202623,125,0.656186540594849,3,0,FALSE
"no_components__equal_features__sqrt_hamming__energy",28,32.8492842692725,128,0.729193117314019,3,0,FALSE
"no_components__equal_features__sqrt_hamming__energy",29,33.0066775792199,116,0.460164608685144,4,0,FALSE
"no_components__equal_features__sqrt_hamming__energy",30,32.8718668104475,127,0.704424255453394,3,0,FALSE
"no_components__equal_features__sqrt_hamming__energy",31,32.8718668104475,127,0.704424255453394,5,0,FALSE
"no_components__equal_features__sqrt_hamming__energy",32,32.8561444251337,129,0.754361761598834,3,0,FALSE
"no_components__equal_features__sqrt_hamming__energy",33,32.8668323416225,126,0.680101952432046,3,0,FALSE
"no_components__equal_features__sqrt_hamming__energy",34,32.8609418191619,126,0.680101952432046,3,0,FALSE
"no_components__equal_features__sqrt_hamming__energy",35,32.8325292677391,131,0.805989846809123,5,0,FALSE
"no_components__equal_features__sqrt_hamming__energy",36,32.8838427993985,124,0.63270356579792,3,0,FALSE
"no_components__equal_features__sqrt_hamming__energy",37,32.8624083294994,122,0.58703181511815,4,0,FALSE
"no_components__equal_features__sqrt_hamming__energy",38,32.8421405737884,128,0.729193117314019,3,0,FALSE
"no_components__equal_features__sqrt_hamming__energy",39,32.8718668104474,127,0.704424255453394,4,0,FALSE
"no_components__equal_features__sqrt_hamming__energy",40,32.833664450061,130,0.77996430590564,4,0,FALSE
"no_components__equal_features__sqrt_hamming__energy",41,32.8881257202623,125,0.656186540594849,3,0,FALSE
"no_components__equal_features__sqrt_hamming__energy",42,32.8624083294995,122,0.58703181511815,3,0,FALSE
"no_components__equal_features__sqrt_hamming__energy",43,32.8372797371175,124,0.632742495376833,4,0,FALSE
"no_components__equal_features__sqrt_hamming__energy",44,32.8624083294994,122,0.58703181511815,4,0,FALSE
"no_components__equal_features__sqrt_hamming__energy",45,32.8718668104474,127,0.704424255453394,4,0,FALSE
"no_components__equal_features__sqrt_hamming__energy",46,32.8881257202622,125,0.656186540594849,3,0,FALSE
"no_components__equal_features__sqrt_hamming__energy",47,32.8399314564831,129,0.754373152541918,4,0,FALSE
"no_components__equal_features__sqrt_hamming__energy",48,32.8718668104474,127,0.704424255453394,3,0,FALSE
"no_components__equal_features__sqrt_hamming__energy",49,32.852029584583,129,0.754358506849612,3,0,FALSE
"no_components__equal_features__sqrt_hamming__energy",50,32.8727655950234,127,0.704430130020303,3,0,FALSE
"no_components__equal_features__sqrt_hamming__energy",51,32.8881257202622,125,0.656186540594849,3,0,FALSE
"no_components__equal_features__sqrt_hamming__energy",52,32.833664450061,130,0.77996430590564,3,0,FALSE
"no_components__equal_features__sqrt_hamming__energy",53,32.832529267739,131,0.805989846809123,5,0,FALSE
"no_components__equal_features__sqrt_hamming__energy",54,32.8403482670718,131,0.805985990857994,3,0,FALSE
"no_components__equal_features__sqrt_hamming__energy",55,32.839931456483,129,0.754373152541918,3,0,FALSE
"no_components__equal_features__sqrt_hamming__energy",56,32.8491212794024,128,0.729182352662061,3,0,FALSE
"no_components__equal_features__sqrt_hamming__energy",57,32.8718668104474,127,0.704424255453394,3,0,FALSE
"no_components__equal_features__sqrt_hamming__energy",58,32.8771475951813,124,0.632718165357138,4,0,FALSE
"no_components__equal_features__sqrt_hamming__energy",59,32.832529267739,131,0.805989846809123,4,0,FALSE
"no_components__equal_features__sqrt_hamming__energy",60,32.8881257202622,125,0.656186540594849,4,0,FALSE
"no_components__equal_features__sqrt_hamming__energy",61,32.833664450061,130,0.77996430590564,3,0,FALSE
"no_components__equal_features__sqrt_hamming__energy",62,32.8668323416226,126,0.680101952432046,3,0,FALSE
"no_components__equal_features__sqrt_hamming__energy",63,32.8491212794025,128,0.729182352662061,3,0,FALSE
"no_components__equal_features__sqrt_hamming__energy",64,32.8421405737885,128,0.729193117314019,4,0,FALSE
"no_components__equal_features__sqrt_hamming__energy",65,32.832529267739,131,0.805989846809123,3,0,FALSE
"no_components__equal_features__sqrt_hamming__energy",66,32.8881257202623,125,0.656186540594849,4,0,FALSE
"no_components__equal_features__sqrt_hamming__energy",67,32.8609418191618,126,0.680101952432046,3,0,FALSE
"no_components__equal_features__sqrt_hamming__energy",68,32.8881257202622,125,0.656186540594849,4,0,FALSE
"no_components__equal_features__sqrt_hamming__energy",69,32.8624083294995,122,0.58703181511815,4,0,FALSE
"no_components__equal_features__sqrt_hamming__energy",70,32.832529267739,131,0.805989846809123,5,0,TRUE
"no_components__equal_features__sqrt_hamming__energy",71,32.8520295845831,129,0.754358506849612,4,0,FALSE
"no_components__equal_features__sqrt_hamming__energy",72,32.8403482670718,131,0.805985990857994,3,0,FALSE
"no_components__equal_features__sqrt_hamming__energy",73,32.832529267739,131,0.805989846809123,2,0,FALSE
"no_components__equal_features__sqrt_hamming__energy",74,32.8372797371175,124,0.632742495376833,2,0,FALSE
"no_components__equal_features__sqrt_hamming__energy",75,32.8325292677391,131,0.805989846809123,6,0,FALSE
"no_components__equal_features__sqrt_hamming__energy",76,32.8492842692725,128,0.729193117314019,2,0,FALSE
"no_components__equal_features__sqrt_hamming__energy",77,32.8336644500611,130,0.77996430590564,3,0,FALSE
"no_components__equal_features__sqrt_hamming__energy",78,32.8403482670718,131,0.805985990857994,4,0,FALSE
"no_components__equal_features__sqrt_hamming__energy",79,32.832529267739,131,0.805989846809123,5,0,FALSE
"no_components__equal_features__sqrt_hamming__energy",80,32.832529267739,131,0.805989846809123,5,0,FALSE
"no_components__equal_features__sqrt_hamming__energy",81,32.8399314564832,129,0.754373152541918,2,0,FALSE
"no_components__equal_features__sqrt_hamming__energy",82,32.8668323416226,126,0.680101952432046,4,0,FALSE
"no_components__equal_features__sqrt_hamming__energy",83,32.832529267739,131,0.805989846809123,4,0,FALSE
"no_components__equal_features__sqrt_hamming__energy",84,32.8419954783448,124,0.632758308161156,3,0,FALSE
"no_components__equal_features__sqrt_hamming__energy",85,32.8325292677391,131,0.805989846809123,4,0,FALSE
"no_components__equal_features__sqrt_hamming__energy",86,32.8881257202622,125,0.656186540594849,4,0,FALSE
"no_components__equal_features__sqrt_hamming__energy",87,32.8325292677391,131,0.805989846809123,3,0,FALSE
"no_components__equal_features__sqrt_hamming__energy",88,32.8336644500609,130,0.77996430590564,3,0,FALSE
"no_components__equal_features__sqrt_hamming__energy",89,32.8520295845831,129,0.754358506849612,3,0,FALSE
"no_components__equal_features__sqrt_hamming__energy",90,32.832529267739,131,0.805989846809123,5,0,FALSE
"no_components__equal_features__sqrt_hamming__energy",91,32.8325292677392,131,0.805989846809123,8,0,FALSE
"no_components__equal_features__sqrt_hamming__energy",92,34.4144977376829,75,0.000528004406272312,3,0,FALSE
"no_components__equal_features__sqrt_hamming__energy",93,33.0611667632229,107,0.298448371163928,4,0,FALSE
"no_components__equal_features__sqrt_hamming__energy",94,32.8771475951814,124,0.632718165357138,4,0,FALSE
"no_components__equal_features__sqrt_hamming__energy",95,32.833664450061,130,0.77996430590564,3,0,FALSE
"no_components__equal_features__sqrt_hamming__energy",96,32.8609418191617,126,0.680101952432046,3,0,FALSE
"no_components__equal_features__sqrt_hamming__energy",97,32.8325292677391,131,0.805989846809123,3,0,FALSE
"no_components__equal_features__sqrt_hamming__energy",98,32.8419954783448,124,0.632758308161156,3,0,FALSE
"no_components__equal_features__sqrt_hamming__energy",99,32.8881257202622,125,0.656186540594849,3,0,FALSE
"no_components__equal_features__sqrt_hamming__energy",100,32.832529267739,131,0.805989846809123,5,0,FALSE
"no_components__equal_domains__sqrt_hamming__energy",1,31.8383089085949,117,0.480274562291262,3,0,FALSE
"no_components__equal_domains__sqrt_hamming__energy",2,31.9102921097232,124,0.632709649088646,3,0,FALSE
"no_components__equal_domains__sqrt_hamming__energy",3,31.9068979451958,126,0.680109369827184,4,0,FALSE
"no_components__equal_domains__sqrt_hamming__energy",4,31.9068979451957,126,0.680109369827184,3,0,FALSE
"no_components__equal_domains__sqrt_hamming__energy",5,31.8383089085949,117,0.480274562291262,3,0,FALSE
"no_components__equal_domains__sqrt_hamming__energy",6,31.9102921097232,124,0.632709649088646,3,0,FALSE
"no_components__equal_domains__sqrt_hamming__energy",7,31.9068979451958,126,0.680109369827184,3,0,FALSE
"no_components__equal_domains__sqrt_hamming__energy",8,31.9068979451957,126,0.680109369827184,3,0,FALSE
"no_components__equal_domains__sqrt_hamming__energy",9,31.9102921097232,124,0.632709649088646,3,0,FALSE
"no_components__equal_domains__sqrt_hamming__energy",10,31.9068979451958,126,0.680109369827184,3,0,FALSE
"no_components__equal_domains__sqrt_hamming__energy",11,31.9102921097233,124,0.632709649088646,3,0,FALSE
"no_components__equal_domains__sqrt_hamming__energy",12,31.9068979451958,126,0.680109369827184,3,0,FALSE
"no_components__equal_domains__sqrt_hamming__energy",13,31.9068979451957,126,0.680109369827184,4,0,FALSE
"no_components__equal_domains__sqrt_hamming__energy",14,31.9102921097232,124,0.632709649088646,4,0,FALSE
"no_components__equal_domains__sqrt_hamming__energy",15,31.8383089085948,117,0.480274562291262,3,0,FALSE
"no_components__equal_domains__sqrt_hamming__energy",16,31.8383089085948,117,0.480274562291262,3,0,FALSE
"no_components__equal_domains__sqrt_hamming__energy",17,31.9068979451958,126,0.680109369827184,3,0,FALSE
"no_components__equal_domains__sqrt_hamming__energy",18,31.9068979451957,126,0.680109369827184,3,0,FALSE
"no_components__equal_domains__sqrt_hamming__energy",19,31.9102921097233,124,0.632709649088646,3,0,FALSE
"no_components__equal_domains__sqrt_hamming__energy",20,31.8383089085949,117,0.480274562291262,3,0,FALSE
"no_components__equal_domains__sqrt_hamming__energy",21,31.9068979451958,126,0.680109369827184,4,0,FALSE
"no_components__equal_domains__sqrt_hamming__energy",22,31.8383089085948,117,0.480274562291262,3,0,FALSE
"no_components__equal_domains__sqrt_hamming__energy",23,31.9068979451958,126,0.680109369827184,3,0,FALSE
"no_components__equal_domains__sqrt_hamming__energy",24,31.8383089085948,117,0.480274562291262,3,0,FALSE
"no_components__equal_domains__sqrt_hamming__energy",25,31.9068979451958,126,0.680109369827184,4,0,FALSE
"no_components__equal_domains__sqrt_hamming__energy",26,31.9102921097232,124,0.632709649088646,3,0,FALSE
"no_components__equal_domains__sqrt_hamming__energy",27,31.9484342274239,121,0.564811003254715,3,0,FALSE
"no_components__equal_domains__sqrt_hamming__energy",28,31.8383089085949,117,0.480274562291262,3,0,FALSE
"no_components__equal_domains__sqrt_hamming__energy",29,31.9068979451958,126,0.680109369827184,4,0,FALSE
"no_components__equal_domains__sqrt_hamming__energy",30,31.9306862873043,123,0.609675690682355,2,0,FALSE
"no_components__equal_domains__sqrt_hamming__energy",31,31.8383089085948,117,0.480274562291262,3,0,FALSE
"no_components__equal_domains__sqrt_hamming__energy",32,31.8383089085949,117,0.480274562291262,3,0,FALSE
"no_components__equal_domains__sqrt_hamming__energy",33,31.8383089085949,117,0.480274562291262,3,0,FALSE
"no_components__equal_domains__sqrt_hamming__energy",34,31.9102921097232,124,0.632709649088646,3,0,FALSE
"no_components__equal_domains__sqrt_hamming__energy",35,31.9068979451958,126,0.680109369827184,4,0,FALSE
"no_components__equal_domains__sqrt_hamming__energy",36,31.8383089085949,117,0.480274562291262,3,0,FALSE
"no_components__equal_domains__sqrt_hamming__energy",37,31.9102921097232,124,0.632709649088646,3,0,FALSE
"no_components__equal_domains__sqrt_hamming__energy",38,31.8383089085949,117,0.480274562291262,2,0,FALSE
"no_components__equal_domains__sqrt_hamming__energy",39,31.9102921097233,124,0.632709649088646,3,0,FALSE
"no_components__equal_domains__sqrt_hamming__energy",40,31.9102921097232,124,0.632709649088646,4,0,FALSE
"no_components__equal_domains__sqrt_hamming__energy",41,31.8383089085949,117,0.480274562291262,3,0,FALSE
"no_components__equal_domains__sqrt_hamming__energy",42,31.8383089085948,117,0.480274562291262,2,0,FALSE
"no_components__equal_domains__sqrt_hamming__energy",43,31.9068979451957,126,0.680109369827184,3,0,FALSE
"no_components__equal_domains__sqrt_hamming__energy",44,31.9102921097232,124,0.632709649088646,3,0,FALSE
"no_components__equal_domains__sqrt_hamming__energy",45,31.8383089085948,117,0.480274562291262,3,0,FALSE
"no_components__equal_domains__sqrt_hamming__energy",46,31.8383089085948,117,0.480274562291262,2,0,FALSE
"no_components__equal_domains__sqrt_hamming__energy",47,31.9068979451958,126,0.680109369827184,3,0,FALSE
"no_components__equal_domains__sqrt_hamming__energy",48,31.8383089085949,117,0.480274562291262,3,0,FALSE
"no_components__equal_domains__sqrt_hamming__energy",49,31.9068979451958,126,0.680109369827184,4,0,FALSE
"no_components__equal_domains__sqrt_hamming__energy",50,31.8383089085947,117,0.480274562291262,3,0,TRUE
"no_components__equal_domains__sqrt_hamming__energy",51,31.8383089085949,117,0.480274562291262,3,0,FALSE
"no_components__equal_domains__sqrt_hamming__energy",52,31.9068979451957,126,0.680109369827184,3,0,FALSE
"no_components__equal_domains__sqrt_hamming__energy",53,31.9068979451957,126,0.680109369827184,4,0,FALSE
"no_components__equal_domains__sqrt_hamming__energy",54,31.8383089085949,117,0.480274562291262,3,0,FALSE
"no_components__equal_domains__sqrt_hamming__energy",55,31.9068979451958,126,0.680109369827184,3,0,FALSE
"no_components__equal_domains__sqrt_hamming__energy",56,31.9068979451957,126,0.680109369827184,3,0,FALSE
"no_components__equal_domains__sqrt_hamming__energy",57,31.9068979451958,126,0.680109369827184,3,0,FALSE
"no_components__equal_domains__sqrt_hamming__energy",58,31.8383089085949,117,0.480274562291262,3,0,FALSE
"no_components__equal_domains__sqrt_hamming__energy",59,31.8383089085949,117,0.480274562291262,3,0,FALSE
"no_components__equal_domains__sqrt_hamming__energy",60,31.8383089085949,117,0.480274562291262,4,0,FALSE
"no_components__equal_domains__sqrt_hamming__energy",61,31.8383089085948,117,0.480274562291262,2,0,FALSE
"no_components__equal_domains__sqrt_hamming__energy",62,31.9102921097232,124,0.632709649088646,3,0,FALSE
"no_components__equal_domains__sqrt_hamming__energy",63,31.9102921097233,124,0.632709649088646,3,0,FALSE
"no_components__equal_domains__sqrt_hamming__energy",64,31.9102921097232,124,0.632709649088646,3,0,FALSE
"no_components__equal_domains__sqrt_hamming__energy",65,31.9068979451958,126,0.680109369827184,3,0,FALSE
"no_components__equal_domains__sqrt_hamming__energy",66,31.8383089085948,117,0.480274562291262,3,0,FALSE
"no_components__equal_domains__sqrt_hamming__energy",67,31.8383089085949,117,0.480274562291262,3,0,FALSE
"no_components__equal_domains__sqrt_hamming__energy",68,31.8383089085948,117,0.480274562291262,4,0,FALSE
"no_components__equal_domains__sqrt_hamming__energy",69,31.9068979451958,126,0.680109369827184,3,0,FALSE
"no_components__equal_domains__sqrt_hamming__energy",70,31.9068979451958,126,0.680109369827184,4,0,FALSE
"no_components__equal_domains__sqrt_hamming__energy",71,31.8383089085948,117,0.480274562291262,4,0,FALSE
"no_components__equal_domains__sqrt_hamming__energy",72,31.9102921097232,124,0.632709649088646,4,0,FALSE
"no_components__equal_domains__sqrt_hamming__energy",73,31.8383089085949,117,0.480274562291262,3,0,FALSE
"no_components__equal_domains__sqrt_hamming__energy",74,31.9102921097232,124,0.632709649088646,2,0,FALSE
"no_components__equal_domains__sqrt_hamming__energy",75,31.9068979451957,126,0.680109369827184,4,0,FALSE
"no_components__equal_domains__sqrt_hamming__energy",76,31.9068979451957,126,0.680109369827184,3,0,FALSE
"no_components__equal_domains__sqrt_hamming__energy",77,31.9369456953361,122,0.587046861161047,3,0,FALSE
"no_components__equal_domains__sqrt_hamming__energy",78,31.9068979451958,126,0.680109369827184,3,0,FALSE
"no_components__equal_domains__sqrt_hamming__energy",79,31.8383089085949,117,0.480274562291262,4,0,FALSE
"no_components__equal_domains__sqrt_hamming__energy",80,31.8383089085949,117,0.480274562291262,8,0,FALSE
"no_components__equal_domains__sqrt_hamming__energy",81,31.9068979451957,126,0.680109369827184,2,0,FALSE
"no_components__equal_domains__sqrt_hamming__energy",82,31.9102921097232,124,0.632709649088646,3,0,FALSE
"no_components__equal_domains__sqrt_hamming__energy",83,31.9068979451958,126,0.680109369827184,3,0,FALSE
"no_components__equal_domains__sqrt_hamming__energy",84,31.8383089085949,117,0.480274562291262,2,0,FALSE
"no_components__equal_domains__sqrt_hamming__energy",85,31.8383089085949,117,0.480274562291262,3,0,FALSE
"no_components__equal_domains__sqrt_hamming__energy",86,31.9102921097232,124,0.632709649088646,3,0,FALSE
"no_components__equal_domains__sqrt_hamming__energy",87,31.9068979451958,126,0.680109369827184,3,0,FALSE
"no_components__equal_domains__sqrt_hamming__energy",88,31.8383089085949,117,0.480274562291262,2,0,FALSE
"no_components__equal_domains__sqrt_hamming__energy",89,31.8383089085948,117,0.480274562291262,3,0,FALSE
"no_components__equal_domains__sqrt_hamming__energy",90,31.8383089085949,117,0.480274562291262,4,0,FALSE
"no_components__equal_domains__sqrt_hamming__energy",91,31.8383089085948,117,0.480274562291262,3,0,FALSE
"no_components__equal_domains__sqrt_hamming__energy",92,31.9068979451957,126,0.680109369827184,3,0,FALSE
"no_components__equal_domains__sqrt_hamming__energy",93,31.8383089085949,117,0.480274562291262,2,0,FALSE
"no_components__equal_domains__sqrt_hamming__energy",94,31.8383089085948,117,0.480274562291262,5,0,FALSE
"no_components__equal_domains__sqrt_hamming__energy",95,31.8383089085949,117,0.480274562291262,4,0,FALSE
"no_components__equal_domains__sqrt_hamming__energy",96,31.8383089085948,117,0.480274562291262,3,0,FALSE
"no_components__equal_domains__sqrt_hamming__energy",97,31.9068979451957,126,0.680109369827184,3,0,FALSE
"no_components__equal_domains__sqrt_hamming__energy",98,31.8383089085949,117,0.480274562291262,2,0,FALSE
"no_components__equal_domains__sqrt_hamming__energy",99,31.9102921097232,124,0.632709649088646,3,0,FALSE
"no_components__equal_domains__sqrt_hamming__energy",100,31.9068979451958,126,0.680109369827184,4,0,FALSE
"no_components__unique_profiles__sqrt_hamming__energy",1,32.943239320407,126,0.680101952432046,3,0,FALSE
"no_components__unique_profiles__sqrt_hamming__energy",2,32.9083593520912,131,0.805989846809123,4,0,FALSE
"no_components__unique_profiles__sqrt_hamming__energy",3,32.9083593520912,131,0.805989846809123,5,0,FALSE
"no_components__unique_profiles__sqrt_hamming__energy",4,32.9083593520912,131,0.805989846809123,4,0,FALSE
"no_components__unique_profiles__sqrt_hamming__energy",5,32.9432446971492,124,0.632718165357138,3,0,FALSE
"no_components__unique_profiles__sqrt_hamming__energy",6,32.964774662895,125,0.656186540594849,4,0,FALSE
"no_components__unique_profiles__sqrt_hamming__energy",7,32.9095604309936,130,0.77996430590564,4,0,FALSE
"no_components__unique_profiles__sqrt_hamming__energy",8,32.9083593520911,131,0.805989846809123,4,0,FALSE
"no_components__unique_profiles__sqrt_hamming__energy",9,32.9385534359045,122,0.58703181511815,4,0,FALSE
"no_components__unique_profiles__sqrt_hamming__energy",10,32.9095604309935,130,0.77996430590564,4,0,FALSE
"no_components__unique_profiles__sqrt_hamming__energy",11,32.9535393005167,124,0.632718165357138,5,0,FALSE
"no_components__unique_profiles__sqrt_hamming__energy",12,32.9284488124012,129,0.754358506849612,3,0,FALSE
"no_components__unique_profiles__sqrt_hamming__energy",13,32.9083593520912,131,0.805989846809123,5,0,FALSE
"no_components__unique_profiles__sqrt_hamming__energy",14,32.9218165412053,126,0.680118905972665,3,0,FALSE
"no_components__unique_profiles__sqrt_hamming__energy",15,34.3563757159722,89,0.0773960363500008,5,0,FALSE
"no_components__unique_profiles__sqrt_hamming__energy",16,32.964774662895,125,0.656186540594849,3,0,FALSE
"no_components__unique_profiles__sqrt_hamming__energy",17,32.9200274194917,127,0.704453625952981,3,0,FALSE
"no_components__unique_profiles__sqrt_hamming__energy",18,32.9156277947369,129,0.754373152541918,2,0,FALSE
"no_components__unique_profiles__sqrt_hamming__energy",19,32.9095604309935,130,0.77996430590564,3,0,FALSE
"no_components__unique_profiles__sqrt_hamming__energy",20,32.948642140677,127,0.704424255453394,3,0,FALSE
"no_components__unique_profiles__sqrt_hamming__energy",21,32.9083593520912,131,0.805989846809123,5,0,FALSE
"no_components__unique_profiles__sqrt_hamming__energy",22,33.100969539844,113,0.402467707359881,4,0,FALSE
"no_components__unique_profiles__sqrt_hamming__energy",23,32.9083593520913,131,0.805989846809123,5,0,FALSE
"no_components__unique_profiles__sqrt_hamming__energy",24,32.915627794737,129,0.754373152541918,3,0,FALSE
"no_components__unique_profiles__sqrt_hamming__energy",25,32.9083593520912,131,0.805989846809123,4,0,FALSE
"no_components__unique_profiles__sqrt_hamming__energy",26,32.9385534359044,122,0.58703181511815,4,0,FALSE
"no_components__unique_profiles__sqrt_hamming__energy",27,32.9647746628952,125,0.656186540594849,3,0,FALSE
"no_components__unique_profiles__sqrt_hamming__energy",28,32.9252665877101,128,0.729193117314019,3,0,FALSE
"no_components__unique_profiles__sqrt_hamming__energy",29,33.11298167838,109,0.331491360187137,4,0,FALSE
"no_components__unique_profiles__sqrt_hamming__energy",30,32.948642140677,127,0.704424255453394,3,0,FALSE
"no_components__unique_profiles__sqrt_hamming__energy",31,32.948642140677,127,0.704424255453394,5,0,FALSE
"no_components__unique_profiles__sqrt_hamming__energy",32,32.9324309274942,129,0.754361761598834,3,0,FALSE
"no_components__unique_profiles__sqrt_hamming__energy",33,32.9432393204069,126,0.680101952432046,3,0,FALSE
"no_components__unique_profiles__sqrt_hamming__energy",34,32.9371311890226,126,0.680101952432046,3,0,FALSE
"no_components__unique_profiles__sqrt_hamming__energy",35,32.9083593520913,131,0.805989846809123,5,0,FALSE
"no_components__unique_profiles__sqrt_hamming__energy",36,32.9603847730982,124,0.63270356579792,3,0,FALSE
"no_components__unique_profiles__sqrt_hamming__energy",37,32.9385534359044,122,0.58703181511815,4,0,FALSE
"no_components__unique_profiles__sqrt_hamming__energy",38,32.9179041912057,128,0.729193117314019,3,0,FALSE
"no_components__unique_profiles__sqrt_hamming__energy",39,32.948642140677,127,0.704424255453394,4,0,FALSE
"no_components__unique_profiles__sqrt_hamming__energy",40,32.9095604309935,130,0.77996430590564,4,0,FALSE
"no_components__unique_profiles__sqrt_hamming__energy",41,32.964774662895,125,0.656186540594849,3,0,FALSE
"no_components__unique_profiles__sqrt_hamming__energy",42,32.9385534359043,122,0.58703181511815,3,0,FALSE
"no_components__unique_profiles__sqrt_hamming__energy",43,32.9129865822696,124,0.632742495376833,4,0,FALSE
"no_components__unique_profiles__sqrt_hamming__energy",44,32.9385534359044,122,0.58703181511815,4,0,FALSE
"no_components__unique_profiles__sqrt_hamming__energy",45,32.948642140677,127,0.704424255453394,4,0,FALSE
"no_components__unique_profiles__sqrt_hamming__energy",46,32.964774662895,125,0.656186540594849,3,0,FALSE
"no_components__unique_profiles__sqrt_hamming__energy",47,32.915627794737,129,0.754373152541918,4,0,FALSE
"no_components__unique_profiles__sqrt_hamming__energy",48,32.9486421406769,127,0.704424255453394,3,0,FALSE
"no_components__unique_profiles__sqrt_hamming__energy",49,32.9284488124013,129,0.754358506849612,3,0,FALSE
"no_components__unique_profiles__sqrt_hamming__energy",50,32.9492844004292,127,0.704430130020303,3,0,FALSE
"no_components__unique_profiles__sqrt_hamming__energy",51,32.964774662895,125,0.656186540594849,3,0,FALSE
"no_components__unique_profiles__sqrt_hamming__energy",52,32.9095604309935,130,0.77996430590564,3,0,FALSE
"no_components__unique_profiles__sqrt_hamming__energy",53,32.9083593520912,131,0.805989846809123,5,0,FALSE
"no_components__unique_profiles__sqrt_hamming__energy",54,32.9163549188189,131,0.805985990857994,3,0,FALSE
"no_components__unique_profiles__sqrt_hamming__energy",55,32.915627794737,129,0.754373152541918,3,0,FALSE
"no_components__unique_profiles__sqrt_hamming__energy",56,32.9254409064235,128,0.729182352662061,3,0,FALSE
"no_components__unique_profiles__sqrt_hamming__energy",57,32.948642140677,127,0.704424255453394,3,0,FALSE
"no_components__unique_profiles__sqrt_hamming__energy",58,32.9535393005168,124,0.632718165357138,4,0,FALSE
"no_components__unique_profiles__sqrt_hamming__energy",59,32.9083593520912,131,0.805989846809123,4,0,FALSE
"no_components__unique_profiles__sqrt_hamming__energy",60,32.964774662895,125,0.656186540594849,4,0,FALSE
"no_components__unique_profiles__sqrt_hamming__energy",61,32.9095604309935,130,0.77996430590564,3,0,FALSE
"no_components__unique_profiles__sqrt_hamming__energy",62,32.9432393204069,126,0.680101952432046,3,0,FALSE
"no_components__unique_profiles__sqrt_hamming__energy",63,32.9254409064235,128,0.729182352662061,3,0,FALSE
"no_components__unique_profiles__sqrt_hamming__energy",64,32.9179041912057,128,0.729193117314019,3,0,FALSE
"no_components__unique_profiles__sqrt_hamming__energy",65,32.9083593520912,131,0.805989846809123,3,0,FALSE
"no_components__unique_profiles__sqrt_hamming__energy",66,32.964774662895,125,0.656186540594849,3,0,FALSE
"no_components__unique_profiles__sqrt_hamming__energy",67,32.9371311890227,126,0.680101952432046,3,0,FALSE
"no_components__unique_profiles__sqrt_hamming__energy",68,32.9647746628951,125,0.656186540594849,4,0,FALSE
"no_components__unique_profiles__sqrt_hamming__energy",69,32.9385534359043,122,0.58703181511815,4,0,FALSE
"no_components__unique_profiles__sqrt_hamming__energy",70,32.9083593520912,131,0.805989846809123,5,0,FALSE
"no_components__unique_profiles__sqrt_hamming__energy",71,32.9284488124012,129,0.754358506849612,4,0,FALSE
"no_components__unique_profiles__sqrt_hamming__energy",72,32.9163549188189,131,0.805985990857994,3,0,FALSE
"no_components__unique_profiles__sqrt_hamming__energy",73,32.9083593520912,131,0.805989846809123,2,0,FALSE
"no_components__unique_profiles__sqrt_hamming__energy",74,32.9129865822696,124,0.632742495376833,2,0,FALSE
"no_components__unique_profiles__sqrt_hamming__energy",75,32.9083593520911,131,0.805989846809123,5,0,TRUE
"no_components__unique_profiles__sqrt_hamming__energy",76,32.9252665877101,128,0.729193117314019,2,0,FALSE
"no_components__unique_profiles__sqrt_hamming__energy",77,32.9095604309934,130,0.77996430590564,3,0,FALSE
"no_components__unique_profiles__sqrt_hamming__energy",78,32.9163549188189,131,0.805985990857994,4,0,FALSE
"no_components__unique_profiles__sqrt_hamming__energy",79,32.9083593520911,131,0.805989846809123,6,0,FALSE
"no_components__unique_profiles__sqrt_hamming__energy",80,32.9083593520912,131,0.805989846809123,5,0,FALSE
"no_components__unique_profiles__sqrt_hamming__energy",81,32.915627794737,129,0.754373152541918,2,0,FALSE
"no_components__unique_profiles__sqrt_hamming__energy",82,32.9432393204069,126,0.680101952432046,4,0,FALSE
"no_components__unique_profiles__sqrt_hamming__energy",83,32.9083593520912,131,0.805989846809123,4,0,FALSE
"no_components__unique_profiles__sqrt_hamming__energy",84,32.9176104554044,124,0.632758308161156,3,0,FALSE
"no_components__unique_profiles__sqrt_hamming__energy",85,32.9083593520912,131,0.805989846809123,4,0,FALSE
"no_components__unique_profiles__sqrt_hamming__energy",86,32.964774662895,125,0.656186540594849,4,0,FALSE
"no_components__unique_profiles__sqrt_hamming__energy",87,32.9163549188189,131,0.805985990857994,4,0,FALSE
"no_components__unique_profiles__sqrt_hamming__energy",88,32.9095604309936,130,0.77996430590564,3,0,FALSE
"no_components__unique_profiles__sqrt_hamming__energy",89,32.9284488124013,129,0.754358506849612,3,0,FALSE
"no_components__unique_profiles__sqrt_hamming__energy",90,32.9083593520912,131,0.805989846809123,5,0,FALSE
"no_components__unique_profiles__sqrt_hamming__energy",91,32.9083593520913,131,0.805989846809123,8,0,FALSE
"no_components__unique_profiles__sqrt_hamming__energy",92,34.5024275884285,75,0.000528004406272312,3,0,FALSE
"no_components__unique_profiles__sqrt_hamming__energy",93,32.9385534359044,122,0.58703181511815,4,0,FALSE
"no_components__unique_profiles__sqrt_hamming__energy",94,32.9535393005167,124,0.632718165357138,4,0,FALSE
"no_components__unique_profiles__sqrt_hamming__energy",95,32.9095604309935,130,0.77996430590564,3,0,FALSE
"no_components__unique_profiles__sqrt_hamming__energy",96,32.9371311890227,126,0.680101952432046,3,0,FALSE
"no_components__unique_profiles__sqrt_hamming__energy",97,32.9083593520912,131,0.805989846809123,3,0,FALSE
"no_components__unique_profiles__sqrt_hamming__energy",98,32.9176104554044,124,0.632758308161156,3,0,FALSE
"no_components__unique_profiles__sqrt_hamming__energy",99,32.964774662895,125,0.656186540594849,3,0,FALSE
"no_components__unique_profiles__sqrt_hamming__energy",100,32.9083593520912,131,0.805989846809123,5,0,FALSE
"no_four_labels__equal_features__sqrt_hamming__energy",1,28.3616741241413,123,0.60966276179142,4,0,FALSE
"no_four_labels__equal_features__sqrt_hamming__energy",2,28.3540422979014,127,0.704453625952981,5,0,FALSE
"no_four_labels__equal_features__sqrt_hamming__energy",3,28.3740471102422,131,0.805989846809123,5,0,FALSE
"no_four_labels__equal_features__sqrt_hamming__energy",4,28.3740471102422,131,0.805989846809123,4,0,FALSE
"no_four_labels__equal_features__sqrt_hamming__energy",5,28.3745701499565,126,0.680093474987822,4,0,FALSE
"no_four_labels__equal_features__sqrt_hamming__energy",6,28.3660188461581,124,0.63270356579792,4,0,FALSE
"no_four_labels__equal_features__sqrt_hamming__energy",7,28.3724929473684,128,0.729182352662061,4,0,FALSE
"no_four_labels__equal_features__sqrt_hamming__energy",8,28.3740471102422,131,0.805989846809123,4,0,FALSE
"no_four_labels__equal_features__sqrt_hamming__energy",9,28.3572688537803,119,0.521651763908076,4,0,FALSE
"no_four_labels__equal_features__sqrt_hamming__energy",10,28.3691654686495,125,0.656191096122399,4,0,FALSE
"no_four_labels__equal_features__sqrt_hamming__energy",11,28.3399154944041,121,0.564825417741791,5,0,FALSE
"no_four_labels__equal_features__sqrt_hamming__energy",12,28.3736551797196,129,0.754361761598834,4,0,FALSE
"no_four_labels__equal_features__sqrt_hamming__energy",13,28.3740471102422,131,0.805989846809123,5,0,FALSE
"no_four_labels__equal_features__sqrt_hamming__energy",14,28.338055915216,123,0.609691204220982,3,0,FALSE
"no_four_labels__equal_features__sqrt_hamming__energy",15,28.4215361139119,107,0.298448371163928,4,0,FALSE
"no_four_labels__equal_features__sqrt_hamming__energy",16,28.3660188461581,124,0.63270356579792,3,0,FALSE
"no_four_labels__equal_features__sqrt_hamming__energy",17,28.3421805131269,123,0.609675690682355,3,0,FALSE
"no_four_labels__equal_features__sqrt_hamming__energy",18,28.341051997034,122,0.587046861161047,4,0,FALSE
"no_four_labels__equal_features__sqrt_hamming__energy",19,28.3849964476185,129,0.75436664356095,3,0,FALSE
"no_four_labels__equal_features__sqrt_hamming__energy",20,28.3840060181546,124,0.63270356579792,3,0,FALSE
"no_four_labels__equal_features__sqrt_hamming__energy",21,28.3740471102422,131,0.805989846809123,10,0,FALSE
"no_four_labels__equal_features__sqrt_hamming__energy",22,28.4159789446466,109,0.331491360187137,4,0,FALSE
"no_four_labels__equal_features__sqrt_hamming__energy",23,28.3740471102422,131,0.805989846809123,5,0,FALSE
"no_four_labels__equal_features__sqrt_hamming__energy",24,28.3621706823225,129,0.754373152541918,3,0,FALSE
"no_four_labels__equal_features__sqrt_hamming__energy",25,28.3740471102422,131,0.805989846809123,5,0,FALSE
"no_four_labels__equal_features__sqrt_hamming__energy",26,28.3572688537801,119,0.521651763908076,3,0,FALSE
"no_four_labels__equal_features__sqrt_hamming__energy",27,28.3660188461583,124,0.63270356579792,3,0,FALSE
"no_four_labels__equal_features__sqrt_hamming__energy",28,28.339915494404,121,0.564825417741791,3,0,FALSE
"no_four_labels__equal_features__sqrt_hamming__energy",29,28.4308568645924,114,0.421274890962955,4,0,FALSE
"no_four_labels__equal_features__sqrt_hamming__energy",30,28.3839996091311,128,0.729179661365352,3,0,FALSE
"no_four_labels__equal_features__sqrt_hamming__energy",31,28.4323373294209,109,0.331398379810473,6,0,FALSE
"no_four_labels__equal_features__sqrt_hamming__energy",32,28.3754657203228,124,0.632709649088646,3,0,FALSE
"no_four_labels__equal_features__sqrt_hamming__energy",33,28.3616741241414,123,0.60966276179142,3,0,FALSE
"no_four_labels__equal_features__sqrt_hamming__energy",34,28.3399154944041,121,0.564825417741791,3,0,FALSE
"no_four_labels__equal_features__sqrt_hamming__energy",35,28.3740471102424,131,0.805989846809123,5,0,FALSE
"no_four_labels__equal_features__sqrt_hamming__energy",36,28.4309838409948,110,0.348511207662976,3,0,FALSE
"no_four_labels__equal_features__sqrt_hamming__energy",37,28.3572688537801,119,0.521651763908076,4,0,FALSE
"no_four_labels__equal_features__sqrt_hamming__energy",38,28.3320009725847,124,0.632758308161156,3,0,TRUE
"no_four_labels__equal_features__sqrt_hamming__energy",39,28.3798448594608,127,0.704424255453394,4,0,FALSE
"no_four_labels__equal_features__sqrt_hamming__energy",40,28.379800124162,130,0.77996430590564,4,0,FALSE
"no_four_labels__equal_features__sqrt_hamming__energy",41,28.3660188461581,124,0.63270356579792,4,0,FALSE
"no_four_labels__equal_features__sqrt_hamming__energy",42,28.4385362884078,111,0.366049191366264,3,0,FALSE
"no_four_labels__equal_features__sqrt_hamming__energy",43,28.4630737959822,115,0.440477562729972,5,0,FALSE
"no_four_labels__equal_features__sqrt_hamming__energy",44,28.3572688537801,119,0.521651763908076,3,0,FALSE
"no_four_labels__equal_features__sqrt_hamming__energy",45,28.3798448594608,127,0.704424255453394,4,0,FALSE
"no_four_labels__equal_features__sqrt_hamming__energy",46,28.366018846158,124,0.63270356579792,3,0,FALSE
"no_four_labels__equal_features__sqrt_hamming__energy",47,28.3621706823225,129,0.754373152541918,5,0,FALSE
"no_four_labels__equal_features__sqrt_hamming__energy",48,28.366018846158,124,0.63270356579792,3,0,FALSE
"no_four_labels__equal_features__sqrt_hamming__energy",49,28.379844859461,127,0.704424255453394,3,0,FALSE
"no_four_labels__equal_features__sqrt_hamming__energy",50,28.3840060181547,124,0.63270356579792,4,0,FALSE
"no_four_labels__equal_features__sqrt_hamming__energy",51,28.366018846158,124,0.63270356579792,4,0,FALSE
"no_four_labels__equal_features__sqrt_hamming__energy",52,28.3399154944041,121,0.564825417741791,3,0,FALSE
"no_four_labels__equal_features__sqrt_hamming__energy",53,28.3740471102421,131,0.805989846809123,6,0,FALSE
"no_four_labels__equal_features__sqrt_hamming__energy",54,28.3691654686496,125,0.656191096122399,4,0,FALSE
"no_four_labels__equal_features__sqrt_hamming__energy",55,28.341051997034,122,0.587046861161047,3,0,FALSE
"no_four_labels__equal_features__sqrt_hamming__energy",56,28.366018846158,124,0.63270356579792,3,0,FALSE
"no_four_labels__equal_features__sqrt_hamming__energy",57,28.3691654686495,125,0.656191096122399,3,0,FALSE
"no_four_labels__equal_features__sqrt_hamming__energy",58,28.3741720945075,126,0.680101952432046,4,0,FALSE
"no_four_labels__equal_features__sqrt_hamming__energy",59,28.3740471102422,131,0.805989846809123,4,0,FALSE
"no_four_labels__equal_features__sqrt_hamming__energy",60,28.432337329421,109,0.331398379810473,5,0,FALSE
"no_four_labels__equal_features__sqrt_hamming__energy",61,28.4261120163464,114,0.421351542890547,3,0,FALSE
"no_four_labels__equal_features__sqrt_hamming__energy",62,28.3671335627026,122,0.587009928007509,3,0,FALSE
"no_four_labels__equal_features__sqrt_hamming__energy",63,28.3616741241416,123,0.60966276179142,4,0,FALSE
"no_four_labels__equal_features__sqrt_hamming__energy",64,28.3641443795514,126,0.680101952432046,3,0,FALSE
"no_four_labels__equal_features__sqrt_hamming__energy",65,28.3740471102423,131,0.805989846809123,4,0,FALSE
"no_four_labels__equal_features__sqrt_hamming__energy",66,28.4661286819521,116,0.460114543894976,3,0,FALSE
"no_four_labels__equal_features__sqrt_hamming__energy",67,28.3405795202751,122,0.58703181511815,3,0,FALSE
"no_four_labels__equal_features__sqrt_hamming__energy",68,29.5379854787653,88,0.0690797557546319,4,0,FALSE
"no_four_labels__equal_features__sqrt_hamming__energy",69,28.3399154944041,121,0.564825417741791,4,0,FALSE
"no_four_labels__equal_features__sqrt_hamming__energy",70,28.3740471102422,131,0.805989846809123,5,0,FALSE
"no_four_labels__equal_features__sqrt_hamming__energy",71,28.3798448594608,127,0.704424255453394,4,0,FALSE
"no_four_labels__equal_features__sqrt_hamming__energy",72,28.3572688537802,119,0.521651763908076,6,0,FALSE
"no_four_labels__equal_features__sqrt_hamming__energy",73,28.3691654686495,125,0.656191096122399,3,0,FALSE
"no_four_labels__equal_features__sqrt_hamming__energy",74,28.3450550343652,123,0.609675690682355,3,0,FALSE
"no_four_labels__equal_features__sqrt_hamming__energy",75,29.5031816133076,81,0.0231789778819185,4,0,FALSE
"no_four_labels__equal_features__sqrt_hamming__energy",76,28.3596027552814,126,0.680118905972665,2,0,FALSE
"no_four_labels__equal_features__sqrt_hamming__energy",77,28.3724929473683,128,0.729182352662061,3,0,FALSE
"no_four_labels__equal_features__sqrt_hamming__energy",78,28.3740471102422,131,0.805989846809123,6,0,FALSE
"no_four_labels__equal_features__sqrt_hamming__energy",79,28.3745701499565,126,0.680093474987822,5,0,FALSE
"no_four_labels__equal_features__sqrt_hamming__energy",80,28.3740471102423,131,0.805989846809123,8,0,FALSE
"no_four_labels__equal_features__sqrt_hamming__energy",81,28.3334096039997,125,0.656232090438534,3,0,FALSE
"no_four_labels__equal_features__sqrt_hamming__energy",82,28.3840060181545,124,0.63270356579792,3,0,FALSE
"no_four_labels__equal_features__sqrt_hamming__energy",83,28.3736551797195,129,0.754361761598834,4,0,FALSE
"no_four_labels__equal_features__sqrt_hamming__energy",84,28.409839197311,113,0.402598277957542,2,0,FALSE
"no_four_labels__equal_features__sqrt_hamming__energy",85,28.3572688537801,119,0.521651763908076,4,0,FALSE
"no_four_labels__equal_features__sqrt_hamming__energy",86,28.3660188461581,124,0.63270356579792,3,0,FALSE
"no_four_labels__equal_features__sqrt_hamming__energy",87,28.3740471102423,131,0.805989846809123,5,0,FALSE
"no_four_labels__equal_features__sqrt_hamming__energy",88,28.3724929473682,128,0.729182352662061,3,0,FALSE
"no_four_labels__equal_features__sqrt_hamming__energy",89,28.3736551797195,129,0.754361761598834,3,0,FALSE
"no_four_labels__equal_features__sqrt_hamming__energy",90,28.3740471102422,131,0.805989846809123,5,0,FALSE
"no_four_labels__equal_features__sqrt_hamming__energy",91,28.4215361139118,107,0.298448371163928,4,0,FALSE
"no_four_labels__equal_features__sqrt_hamming__energy",92,29.4663140740063,74,-0.00182618074731812,3,0,FALSE
"no_four_labels__equal_features__sqrt_hamming__energy",93,28.4107649804707,112,0.384226413507358,3,0,FALSE
"no_four_labels__equal_features__sqrt_hamming__energy",94,28.339915494404,121,0.564825417741791,4,0,FALSE
"no_four_labels__equal_features__sqrt_hamming__energy",95,28.3745701499566,126,0.680093474987822,3,0,FALSE
"no_four_labels__equal_features__sqrt_hamming__energy",96,28.423305126757,108,0.314710753742723,3,0,FALSE
"no_four_labels__equal_features__sqrt_hamming__energy",97,28.3740471102423,131,0.805989846809123,3,0,FALSE
"no_four_labels__equal_features__sqrt_hamming__energy",98,28.4107649804706,112,0.384226413507358,3,0,FALSE
"no_four_labels__equal_features__sqrt_hamming__energy",99,28.366018846158,124,0.63270356579792,3,0,FALSE
"no_four_labels__equal_features__sqrt_hamming__energy",100,28.3740471102421,131,0.805989846809123,5,0,FALSE
"no_four_labels__equal_domains__sqrt_hamming__energy",1,28.6616855799766,113,0.402507280234578,3,0,FALSE
"no_four_labels__equal_domains__sqrt_hamming__energy",2,28.6536564575581,112,0.384085714474941,6,0,FALSE
"no_four_labels__equal_domains__sqrt_hamming__energy",3,28.4259440343371,103,0.237788234678377,5,0,FALSE
"no_four_labels__equal_domains__sqrt_hamming__energy",4,28.4259440343371,103,0.237788234678377,3,0,FALSE
"no_four_labels__equal_domains__sqrt_hamming__energy",5,28.4259440343371,103,0.237788234678377,3,0,FALSE
"no_four_labels__equal_domains__sqrt_hamming__energy",6,28.6536564575581,112,0.384085714474941,4,0,FALSE
"no_four_labels__equal_domains__sqrt_hamming__energy",7,28.4259440343371,103,0.237788234678377,4,0,FALSE
"no_four_labels__equal_domains__sqrt_hamming__energy",8,28.4259440343371,103,0.237788234678377,5,0,FALSE
"no_four_labels__equal_domains__sqrt_hamming__energy",9,28.6536564575581,112,0.384085714474941,4,0,FALSE
"no_four_labels__equal_domains__sqrt_hamming__energy",10,28.4259440343371,103,0.237788234678377,3,0,FALSE
"no_four_labels__equal_domains__sqrt_hamming__energy",11,28.4259440343371,103,0.237788234678377,4,0,FALSE
"no_four_labels__equal_domains__sqrt_hamming__energy",12,28.4259440343371,103,0.237788234678377,4,0,FALSE
"no_four_labels__equal_domains__sqrt_hamming__energy",13,28.4259440343371,103,0.237788234678377,5,0,FALSE
"no_four_labels__equal_domains__sqrt_hamming__energy",14,28.6536564575581,112,0.384085714474941,4,0,FALSE
"no_four_labels__equal_domains__sqrt_hamming__energy",15,28.4259440343371,103,0.237788234678377,4,0,FALSE
"no_four_labels__equal_domains__sqrt_hamming__energy",16,28.6536564575581,112,0.384085714474941,3,0,FALSE
"no_four_labels__equal_domains__sqrt_hamming__energy",17,28.6536564575581,112,0.384085714474941,4,0,FALSE
"no_four_labels__equal_domains__sqrt_hamming__energy",18,28.6536564575581,112,0.384085714474941,3,0,FALSE
"no_four_labels__equal_domains__sqrt_hamming__energy",19,28.4259440343371,103,0.237788234678377,4,0,FALSE
"no_four_labels__equal_domains__sqrt_hamming__energy",20,28.4259440343371,103,0.237788234678377,5,0,FALSE
"no_four_labels__equal_domains__sqrt_hamming__energy",21,28.4259440343372,103,0.237788234678377,3,0,FALSE
"no_four_labels__equal_domains__sqrt_hamming__energy",22,28.425944034337,103,0.237788234678377,3,0,FALSE
"no_four_labels__equal_domains__sqrt_hamming__energy",23,28.6536564575581,112,0.384085714474941,3,0,FALSE
"no_four_labels__equal_domains__sqrt_hamming__energy",24,28.4259440343371,103,0.237788234678377,4,0,FALSE
"no_four_labels__equal_domains__sqrt_hamming__energy",25,28.6536564575581,112,0.384085714474941,4,0,FALSE
"no_four_labels__equal_domains__sqrt_hamming__energy",26,28.4259440343371,103,0.237788234678377,5,0,FALSE
"no_four_labels__equal_domains__sqrt_hamming__energy",27,28.6536564575581,112,0.384085714474941,3,0,FALSE
"no_four_labels__equal_domains__sqrt_hamming__energy",28,28.6536564575581,112,0.384085714474941,3,0,FALSE
"no_four_labels__equal_domains__sqrt_hamming__energy",29,28.4259440343371,103,0.237788234678377,3,0,FALSE
"no_four_labels__equal_domains__sqrt_hamming__energy",30,28.425944034337,103,0.237788234678377,4,0,FALSE
"no_four_labels__equal_domains__sqrt_hamming__energy",31,28.4259440343371,103,0.237788234678377,2,0,FALSE
"no_four_labels__equal_domains__sqrt_hamming__energy",32,28.4259440343371,103,0.237788234678377,4,0,FALSE
"no_four_labels__equal_domains__sqrt_hamming__energy",33,28.6536564575581,112,0.384085714474941,3,0,FALSE
"no_four_labels__equal_domains__sqrt_hamming__energy",34,28.653656457558,112,0.384085714474941,3,0,FALSE
"no_four_labels__equal_domains__sqrt_hamming__energy",35,28.4259440343371,103,0.237788234678377,5,0,FALSE
"no_four_labels__equal_domains__sqrt_hamming__energy",36,28.6536564575581,112,0.384085714474941,3,0,FALSE
"no_four_labels__equal_domains__sqrt_hamming__energy",37,28.6536564575581,112,0.384085714474941,4,0,FALSE
"no_four_labels__equal_domains__sqrt_hamming__energy",38,28.4259440343371,103,0.237788234678377,3,0,FALSE
"no_four_labels__equal_domains__sqrt_hamming__energy",39,28.6536564575581,112,0.384085714474941,3,0,FALSE
"no_four_labels__equal_domains__sqrt_hamming__energy",40,28.4259440343372,103,0.237788234678377,4,0,FALSE
"no_four_labels__equal_domains__sqrt_hamming__energy",41,28.4259440343371,103,0.237788234678377,4,0,FALSE
"no_four_labels__equal_domains__sqrt_hamming__energy",42,28.425944034337,103,0.237788234678377,3,0,FALSE
"no_four_labels__equal_domains__sqrt_hamming__energy",43,28.6536564575581,112,0.384085714474941,3,0,FALSE
"no_four_labels__equal_domains__sqrt_hamming__energy",44,28.4259440343371,103,0.237788234678377,4,0,FALSE
"no_four_labels__equal_domains__sqrt_hamming__energy",45,28.653656457558,112,0.384085714474941,3,0,FALSE
"no_four_labels__equal_domains__sqrt_hamming__energy",46,28.4259440343371,103,0.237788234678377,3,0,FALSE
"no_four_labels__equal_domains__sqrt_hamming__energy",47,28.6536564575581,112,0.384085714474941,3,0,FALSE
"no_four_labels__equal_domains__sqrt_hamming__energy",48,28.4259440343371,103,0.237788234678377,4,0,FALSE
"no_four_labels__equal_domains__sqrt_hamming__energy",49,28.653656457558,112,0.384085714474941,4,0,FALSE
"no_four_labels__equal_domains__sqrt_hamming__energy",50,28.4259440343371,103,0.237788234678377,4,0,FALSE
"no_four_labels__equal_domains__sqrt_hamming__energy",51,28.4259440343372,103,0.237788234678377,4,0,FALSE
"no_four_labels__equal_domains__sqrt_hamming__energy",52,28.6536564575581,112,0.384085714474941,3,0,FALSE
"no_four_labels__equal_domains__sqrt_hamming__energy",53,28.6536564575581,112,0.384085714474941,3,0,FALSE
"no_four_labels__equal_domains__sqrt_hamming__energy",54,28.425944034337,103,0.237788234678377,4,0,TRUE
"no_four_labels__equal_domains__sqrt_hamming__energy",55,28.4259440343371,103,0.237788234678377,3,0,FALSE
"no_four_labels__equal_domains__sqrt_hamming__energy",56,28.4259440343372,103,0.237788234678377,7,0,FALSE
"no_four_labels__equal_domains__sqrt_hamming__energy",57,28.4259440343371,103,0.237788234678377,4,0,FALSE
"no_four_labels__equal_domains__sqrt_hamming__energy",58,28.4259440343372,103,0.237788234678377,6,0,FALSE
"no_four_labels__equal_domains__sqrt_hamming__energy",59,28.4259440343371,103,0.237788234678377,3,0,FALSE
"no_four_labels__equal_domains__sqrt_hamming__energy",60,28.6536564575581,112,0.384085714474941,4,0,FALSE
"no_four_labels__equal_domains__sqrt_hamming__energy",61,28.4259440343371,103,0.237788234678377,4,0,FALSE
"no_four_labels__equal_domains__sqrt_hamming__energy",62,28.6536564575581,112,0.384085714474941,3,0,FALSE
"no_four_labels__equal_domains__sqrt_hamming__energy",63,28.653656457558,112,0.384085714474941,3,0,FALSE
"no_four_labels__equal_domains__sqrt_hamming__energy",64,28.425944034337,103,0.237788234678377,3,0,FALSE
"no_four_labels__equal_domains__sqrt_hamming__energy",65,28.4259440343371,103,0.237788234678377,5,0,FALSE
"no_four_labels__equal_domains__sqrt_hamming__energy",66,28.4259440343371,103,0.237788234678377,5,0,FALSE
"no_four_labels__equal_domains__sqrt_hamming__energy",67,28.4259440343371,103,0.237788234678377,4,0,FALSE
"no_four_labels__equal_domains__sqrt_hamming__energy",68,28.4259440343371,103,0.237788234678377,3,0,FALSE
"no_four_labels__equal_domains__sqrt_hamming__energy",69,28.6536564575581,112,0.384085714474941,5,0,FALSE
"no_four_labels__equal_domains__sqrt_hamming__energy",70,28.4259440343371,103,0.237788234678377,5,0,FALSE
"no_four_labels__equal_domains__sqrt_hamming__energy",71,28.4259440343371,103,0.237788234678377,4,0,FALSE
"no_four_labels__equal_domains__sqrt_hamming__energy",72,28.4259440343371,103,0.237788234678377,5,0,FALSE
"no_four_labels__equal_domains__sqrt_hamming__energy",73,28.4259440343371,103,0.237788234678377,4,0,FALSE
"no_four_labels__equal_domains__sqrt_hamming__energy",74,28.6616855799765,113,0.402507280234578,3,0,FALSE
"no_four_labels__equal_domains__sqrt_hamming__energy",75,28.4259440343371,103,0.237788234678377,6,0,FALSE
"no_four_labels__equal_domains__sqrt_hamming__energy",76,28.6616855799765,113,0.402507280234578,3,0,FALSE
"no_four_labels__equal_domains__sqrt_hamming__energy",77,28.6536564575581,112,0.384085714474941,3,0,FALSE
"no_four_labels__equal_domains__sqrt_hamming__energy",78,28.6536564575581,112,0.384085714474941,3,0,FALSE
"no_four_labels__equal_domains__sqrt_hamming__energy",79,28.4259440343371,103,0.237788234678377,4,0,FALSE
"no_four_labels__equal_domains__sqrt_hamming__energy",80,28.6536564575581,112,0.384085714474941,3,0,FALSE
"no_four_labels__equal_domains__sqrt_hamming__energy",81,28.4259440343372,103,0.237788234678377,5,0,FALSE
"no_four_labels__equal_domains__sqrt_hamming__energy",82,28.6536564575581,112,0.384085714474941,4,0,FALSE
"no_four_labels__equal_domains__sqrt_hamming__energy",83,28.6536564575581,112,0.384085714474941,3,0,FALSE
"no_four_labels__equal_domains__sqrt_hamming__energy",84,28.6536564575581,112,0.384085714474941,3,0,FALSE
"no_four_labels__equal_domains__sqrt_hamming__energy",85,28.4259440343371,103,0.237788234678377,4,0,FALSE
"no_four_labels__equal_domains__sqrt_hamming__energy",86,28.653656457558,112,0.384085714474941,3,0,FALSE
"no_four_labels__equal_domains__sqrt_hamming__energy",87,28.4259440343372,103,0.237788234678377,5,0,FALSE
"no_four_labels__equal_domains__sqrt_hamming__energy",88,28.4259440343371,103,0.237788234678377,5,0,FALSE
"no_four_labels__equal_domains__sqrt_hamming__energy",89,28.425944034337,103,0.237788234678377,4,0,FALSE
"no_four_labels__equal_domains__sqrt_hamming__energy",90,28.6536564575581,112,0.384085714474941,3,0,FALSE
"no_four_labels__equal_domains__sqrt_hamming__energy",91,28.6616855799766,113,0.402507280234578,3,0,FALSE
"no_four_labels__equal_domains__sqrt_hamming__energy",92,28.4259440343371,103,0.237788234678377,4,0,FALSE
"no_four_labels__equal_domains__sqrt_hamming__energy",93,28.4259440343371,103,0.237788234678377,3,0,FALSE
"no_four_labels__equal_domains__sqrt_hamming__energy",94,28.4259440343371,103,0.237788234678377,4,0,FALSE
"no_four_labels__equal_domains__sqrt_hamming__energy",95,28.4259440343371,103,0.237788234678377,3,0,FALSE
"no_four_labels__equal_domains__sqrt_hamming__energy",96,28.6536564575581,112,0.384085714474941,3,0,FALSE
"no_four_labels__equal_domains__sqrt_hamming__energy",97,28.4259440343371,103,0.237788234678377,4,0,FALSE
"no_four_labels__equal_domains__sqrt_hamming__energy",98,28.4259440343371,103,0.237788234678377,3,0,FALSE
"no_four_labels__equal_domains__sqrt_hamming__energy",99,28.4259440343371,103,0.237788234678377,5,0,FALSE
"no_four_labels__equal_domains__sqrt_hamming__energy",100,28.653656457558,112,0.384085714474941,3,0,FALSE
"no_four_labels__unique_profiles__sqrt_hamming__energy",1,28.5324598827368,123,0.60966276179142,4,0,FALSE
"no_four_labels__unique_profiles__sqrt_hamming__energy",2,28.524609832341,127,0.704453625952981,5,0,FALSE
"no_four_labels__unique_profiles__sqrt_hamming__energy",3,28.5450529084093,131,0.805989846809123,5,0,FALSE
"no_four_labels__unique_profiles__sqrt_hamming__energy",4,28.5450529084091,131,0.805989846809123,4,0,FALSE
"no_four_labels__unique_profiles__sqrt_hamming__energy",5,28.5460356293381,126,0.680093474987822,4,0,FALSE
"no_four_labels__unique_profiles__sqrt_hamming__energy",6,28.5372243499678,124,0.63270356579792,4,0,FALSE
"no_four_labels__unique_profiles__sqrt_hamming__energy",7,28.5508616448041,130,0.77996430590564,4,0,FALSE
"no_four_labels__unique_profiles__sqrt_hamming__energy",8,28.5450529084091,131,0.805989846809123,4,0,FALSE
"no_four_labels__unique_profiles__sqrt_hamming__energy",9,28.5280218752005,119,0.521651763908076,4,0,FALSE
"no_four_labels__unique_profiles__sqrt_hamming__energy",10,28.5404012346979,125,0.656191096122399,4,0,FALSE
"no_four_labels__unique_profiles__sqrt_hamming__energy",11,28.5103169042417,121,0.564825417741791,5,0,FALSE
"no_four_labels__unique_profiles__sqrt_hamming__energy",12,28.5449021395678,129,0.754361761598834,4,0,FALSE
"no_four_labels__unique_profiles__sqrt_hamming__energy",13,28.5450529084091,131,0.805989846809123,5,0,FALSE
"no_four_labels__unique_profiles__sqrt_hamming__energy",14,28.5082237182874,123,0.609691204220982,3,0,FALSE
"no_four_labels__unique_profiles__sqrt_hamming__energy",15,28.5934726541893,107,0.298448371163928,4,0,FALSE
"no_four_labels__unique_profiles__sqrt_hamming__energy",16,28.5372243499679,124,0.63270356579792,3,0,FALSE
"no_four_labels__unique_profiles__sqrt_hamming__energy",17,28.5126878502506,123,0.609675690682355,3,0,FALSE
"no_four_labels__unique_profiles__sqrt_hamming__energy",18,28.511470202737,122,0.587046861161047,4,0,FALSE
"no_four_labels__unique_profiles__sqrt_hamming__energy",19,28.5302211924369,126,0.680118905972665,4,0,FALSE
"no_four_labels__unique_profiles__sqrt_hamming__energy",20,28.5554562839838,124,0.63270356579792,3,0,FALSE
"no_four_labels__unique_profiles__sqrt_hamming__energy",21,28.5450529084091,131,0.805989846809123,13,0,FALSE
"no_four_labels__unique_profiles__sqrt_hamming__energy",22,28.5876942265397,109,0.331491360187137,4,0,FALSE
"no_four_labels__unique_profiles__sqrt_hamming__energy",23,28.5450529084091,131,0.805989846809123,5,0,FALSE
"no_four_labels__unique_profiles__sqrt_hamming__energy",24,28.5329057621526,129,0.754373152541918,3,0,FALSE
"no_four_labels__unique_profiles__sqrt_hamming__energy",25,28.5450529084092,131,0.805989846809123,5,0,FALSE
"no_four_labels__unique_profiles__sqrt_hamming__energy",26,28.5280218752002,119,0.521651763908076,3,0,FALSE
"no_four_labels__unique_profiles__sqrt_hamming__energy",27,28.5372243499679,124,0.63270356579792,3,0,FALSE
"no_four_labels__unique_profiles__sqrt_hamming__energy",28,28.5103169042417,121,0.564825417741791,3,0,FALSE
"no_four_labels__unique_profiles__sqrt_hamming__energy",29,28.6026744586477,114,0.421274890962955,4,0,FALSE
"no_four_labels__unique_profiles__sqrt_hamming__energy",30,28.5556883893279,128,0.729179661365352,3,0,FALSE
"no_four_labels__unique_profiles__sqrt_hamming__energy",31,28.6043676302752,109,0.331398379810473,6,0,FALSE
"no_four_labels__unique_profiles__sqrt_hamming__energy",32,28.5467136438561,124,0.632709649088646,3,0,FALSE
"no_four_labels__unique_profiles__sqrt_hamming__energy",33,28.5324598827368,123,0.60966276179142,3,0,FALSE
"no_four_labels__unique_profiles__sqrt_hamming__energy",34,28.5103169042418,121,0.564825417741791,3,0,FALSE
"no_four_labels__unique_profiles__sqrt_hamming__energy",35,28.5450529084093,131,0.805989846809123,5,0,FALSE
"no_four_labels__unique_profiles__sqrt_hamming__energy",36,28.6030075005001,110,0.348511207662976,3,0,FALSE
"no_four_labels__unique_profiles__sqrt_hamming__energy",37,28.5270033140644,120,0.543013385467406,3,0,FALSE
"no_four_labels__unique_profiles__sqrt_hamming__energy",38,28.5021155109614,124,0.632758308161156,3,0,TRUE
"no_four_labels__unique_profiles__sqrt_hamming__energy",39,28.5514976087452,127,0.704424255453394,4,0,FALSE
"no_four_labels__unique_profiles__sqrt_hamming__energy",40,28.5508616448039,130,0.77996430590564,4,0,FALSE
"no_four_labels__unique_profiles__sqrt_hamming__energy",41,28.5372243499678,124,0.63270356579792,4,0,FALSE
"no_four_labels__unique_profiles__sqrt_hamming__energy",42,28.6104993857187,111,0.366049191366264,3,0,FALSE
"no_four_labels__unique_profiles__sqrt_hamming__energy",43,28.6357184146017,115,0.440477562729972,5,0,FALSE
"no_four_labels__unique_profiles__sqrt_hamming__energy",44,28.5280218752002,119,0.521651763908076,3,0,FALSE
"no_four_labels__unique_profiles__sqrt_hamming__energy",45,28.5514976087452,127,0.704424255453394,4,0,FALSE
"no_four_labels__unique_profiles__sqrt_hamming__energy",46,28.5372243499678,124,0.63270356579792,3,0,FALSE
"no_four_labels__unique_profiles__sqrt_hamming__energy",47,28.5329057621527,129,0.754373152541918,5,0,FALSE
"no_four_labels__unique_profiles__sqrt_hamming__energy",48,28.5372243499678,124,0.63270356579792,4,0,FALSE
"no_four_labels__unique_profiles__sqrt_hamming__energy",49,28.5514976087454,127,0.704424255453394,3,0,FALSE
"no_four_labels__unique_profiles__sqrt_hamming__energy",50,28.5554562839839,124,0.63270356579792,4,0,FALSE
"no_four_labels__unique_profiles__sqrt_hamming__energy",51,28.5372243499677,124,0.63270356579792,4,0,FALSE
"no_four_labels__unique_profiles__sqrt_hamming__energy",52,28.5103169042417,121,0.564825417741791,3,0,FALSE
"no_four_labels__unique_profiles__sqrt_hamming__energy",53,28.5450529084091,131,0.805989846809123,6,0,FALSE
"no_four_labels__unique_profiles__sqrt_hamming__energy",54,28.5329057621527,129,0.754373152541918,3,0,FALSE
"no_four_labels__unique_profiles__sqrt_hamming__energy",55,28.511470202737,122,0.587046861161047,3,0,FALSE
"no_four_labels__unique_profiles__sqrt_hamming__energy",56,28.5372243499677,124,0.63270356579792,3,0,FALSE
"no_four_labels__unique_profiles__sqrt_hamming__energy",57,28.5404012346979,125,0.656191096122399,3,0,FALSE
"no_four_labels__unique_profiles__sqrt_hamming__energy",58,28.5110662941392,122,0.58703181511815,4,0,FALSE
"no_four_labels__unique_profiles__sqrt_hamming__energy",59,28.5450529084092,131,0.805989846809123,4,0,FALSE
"no_four_labels__unique_profiles__sqrt_hamming__energy",60,28.6043676302751,109,0.331398379810473,5,0,FALSE
"no_four_labels__unique_profiles__sqrt_hamming__energy",61,28.5977106172852,114,0.421351542890547,3,0,FALSE
"no_four_labels__unique_profiles__sqrt_hamming__energy",62,28.538247516313,122,0.587009928007509,3,0,FALSE
"no_four_labels__unique_profiles__sqrt_hamming__energy",63,28.5324598827369,123,0.60966276179142,3,0,FALSE
"no_four_labels__unique_profiles__sqrt_hamming__energy",64,28.5351328778506,126,0.680101952432046,3,0,FALSE
"no_four_labels__unique_profiles__sqrt_hamming__energy",65,28.5450529084092,131,0.805989846809123,4,0,FALSE
"no_four_labels__unique_profiles__sqrt_hamming__energy",66,28.6389008386559,116,0.460114543894976,3,0,FALSE
"no_four_labels__unique_profiles__sqrt_hamming__energy",67,28.5110662941392,122,0.58703181511815,3,0,FALSE
"no_four_labels__unique_profiles__sqrt_hamming__energy",68,28.5450529084092,131,0.805989846809123,8,0,FALSE
"no_four_labels__unique_profiles__sqrt_hamming__energy",69,28.5103169042417,121,0.564825417741791,4,0,FALSE
"no_four_labels__unique_profiles__sqrt_hamming__energy",70,28.5450529084092,131,0.805989846809123,5,0,FALSE
"no_four_labels__unique_profiles__sqrt_hamming__energy",71,28.5514976087452,127,0.704424255453394,4,0,FALSE
"no_four_labels__unique_profiles__sqrt_hamming__energy",72,28.5280218752003,119,0.521651763908076,6,0,FALSE
"no_four_labels__unique_profiles__sqrt_hamming__energy",73,28.5404012346981,125,0.656191096122399,3,0,FALSE
"no_four_labels__unique_profiles__sqrt_hamming__energy",74,28.5082237182875,123,0.609691204220982,2,0,FALSE
"no_four_labels__unique_profiles__sqrt_hamming__energy",75,29.6884700738135,81,0.0231789778819185,4,0,FALSE
"no_four_labels__unique_profiles__sqrt_hamming__energy",76,28.5302211924368,126,0.680118905972665,2,0,FALSE
"no_four_labels__unique_profiles__sqrt_hamming__energy",77,28.5437291892677,128,0.729182352662061,3,0,FALSE
"no_four_labels__unique_profiles__sqrt_hamming__energy",78,28.5450529084091,131,0.805989846809123,6,0,FALSE
"no_four_labels__unique_profiles__sqrt_hamming__energy",79,28.5460356293382,126,0.680093474987822,5,0,FALSE
"no_four_labels__unique_profiles__sqrt_hamming__energy",80,28.5450529084093,131,0.805989846809123,8,0,FALSE
"no_four_labels__unique_profiles__sqrt_hamming__energy",81,28.5036116120185,125,0.656232090438534,3,0,FALSE
"no_four_labels__unique_profiles__sqrt_hamming__energy",82,28.5270033140643,120,0.543013385467406,4,0,FALSE
"no_four_labels__unique_profiles__sqrt_hamming__energy",83,28.5449021395678,129,0.754361761598834,4,0,FALSE
"no_four_labels__unique_profiles__sqrt_hamming__energy",84,28.5812971729357,113,0.402598277957542,2,0,FALSE
"no_four_labels__unique_profiles__sqrt_hamming__energy",85,28.5280218752003,119,0.521651763908076,4,0,FALSE
"no_four_labels__unique_profiles__sqrt_hamming__energy",86,28.5372243499678,124,0.63270356579792,4,0,FALSE
"no_four_labels__unique_profiles__sqrt_hamming__energy",87,28.5450529084092,131,0.805989846809123,5,0,FALSE
"no_four_labels__unique_profiles__sqrt_hamming__energy",88,28.5437291892675,128,0.729182352662061,3,0,FALSE
"no_four_labels__unique_profiles__sqrt_hamming__energy",89,28.5449021395677,129,0.754361761598834,3,0,FALSE
"no_four_labels__unique_profiles__sqrt_hamming__energy",90,28.5450529084092,131,0.805989846809123,6,0,FALSE
"no_four_labels__unique_profiles__sqrt_hamming__energy",91,28.5934726541893,107,0.298448371163928,4,0,FALSE
"no_four_labels__unique_profiles__sqrt_hamming__energy",92,29.6527624771207,74,-0.00182618074731812,3,0,FALSE
"no_four_labels__unique_profiles__sqrt_hamming__energy",93,28.5280218752004,119,0.521651763908076,3,0,FALSE
"no_four_labels__unique_profiles__sqrt_hamming__energy",94,28.5103169042417,121,0.564825417741791,4,0,FALSE
"no_four_labels__unique_profiles__sqrt_hamming__energy",95,28.5460356293382,126,0.680093474987822,3,0,FALSE
"no_four_labels__unique_profiles__sqrt_hamming__energy",96,28.5952665267749,108,0.314710753742723,3,0,FALSE
"no_four_labels__unique_profiles__sqrt_hamming__energy",97,28.5450529084092,131,0.805989846809123,3,0,FALSE
"no_four_labels__unique_profiles__sqrt_hamming__energy",98,28.5822295107463,112,0.384226413507358,3,0,FALSE
"no_four_labels__unique_profiles__sqrt_hamming__energy",99,28.5372243499678,124,0.63270356579792,3,0,FALSE
"no_four_labels__unique_profiles__sqrt_hamming__energy",100,28.5450529084091,131,0.805989846809123,5,0,FALSE
"no_components_or_four_labels__equal_features__sqrt_hamming__energy",1,32.8690198578286,126,0.680101952432046,4,0,FALSE
"no_components_or_four_labels__equal_features__sqrt_hamming__energy",2,32.8683629958566,129,0.754373152541918,4,0,FALSE
"no_components_or_four_labels__equal_features__sqrt_hamming__energy",3,32.868007380727,131,0.805989846809123,5,0,FALSE
"no_components_or_four_labels__equal_features__sqrt_hamming__energy",4,32.868007380727,131,0.805989846809123,4,0,FALSE
"no_components_or_four_labels__equal_features__sqrt_hamming__energy",5,32.8666698797585,129,0.754361761598834,4,0,FALSE
"no_components_or_four_labels__equal_features__sqrt_hamming__energy",6,32.8634413683332,124,0.63270356579792,4,0,FALSE
"no_components_or_four_labels__equal_features__sqrt_hamming__energy",7,32.8680073807271,131,0.805989846809123,4,0,FALSE
"no_components_or_four_labels__equal_features__sqrt_hamming__energy",8,32.868007380727,131,0.805989846809123,4,0,FALSE
"no_components_or_four_labels__equal_features__sqrt_hamming__energy",9,32.8511629728379,120,0.543013385467406,4,0,FALSE
"no_components_or_four_labels__equal_features__sqrt_hamming__energy",10,32.8654049511343,125,0.656191096122399,4,0,FALSE
"no_components_or_four_labels__equal_features__sqrt_hamming__energy",11,32.832866331061,121,0.564825417741791,4,0,FALSE
"no_components_or_four_labels__equal_features__sqrt_hamming__energy",12,32.8680073807271,131,0.805989846809123,4,0,FALSE
"no_components_or_four_labels__equal_features__sqrt_hamming__energy",13,32.868007380727,131,0.805989846809123,5,0,FALSE
"no_components_or_four_labels__equal_features__sqrt_hamming__energy",14,32.8221210408639,124,0.632758308161156,3,0,TRUE
"no_components_or_four_labels__equal_features__sqrt_hamming__energy",15,32.9363017161924,107,0.298448371163928,5,0,FALSE
"no_components_or_four_labels__equal_features__sqrt_hamming__energy",16,32.8634413683332,124,0.63270356579792,3,0,FALSE
"no_components_or_four_labels__equal_features__sqrt_hamming__energy",17,32.8320776179658,123,0.609675690682355,3,0,FALSE
"no_components_or_four_labels__equal_features__sqrt_hamming__energy",18,32.8669157524107,123,0.609652418061975,3,0,FALSE
"no_components_or_four_labels__equal_features__sqrt_hamming__energy",19,32.8683629958567,129,0.754373152541918,4,0,FALSE
"no_components_or_four_labels__equal_features__sqrt_hamming__energy",20,32.8813429974889,124,0.63270356579792,3,0,FALSE
"no_components_or_four_labels__equal_features__sqrt_hamming__energy",21,32.8680073807269,131,0.805989846809123,5,0,FALSE
"no_components_or_four_labels__equal_features__sqrt_hamming__energy",22,32.9402827170684,112,0.384085714474941,4,0,FALSE
"no_components_or_four_labels__equal_features__sqrt_hamming__energy",23,32.868007380727,131,0.805989846809123,5,0,FALSE
"no_components_or_four_labels__equal_features__sqrt_hamming__energy",24,32.8575253777798,129,0.754373152541918,4,0,FALSE
"no_components_or_four_labels__equal_features__sqrt_hamming__energy",25,32.868007380727,131,0.805989846809123,5,0,FALSE
"no_components_or_four_labels__equal_features__sqrt_hamming__energy",26,32.8541860248095,119,0.521651763908076,3,0,FALSE
"no_components_or_four_labels__equal_features__sqrt_hamming__energy",27,32.8634413683332,124,0.63270356579792,3,0,FALSE
"no_components_or_four_labels__equal_features__sqrt_hamming__energy",28,32.8320543980543,122,0.58703181511815,3,0,FALSE
"no_components_or_four_labels__equal_features__sqrt_hamming__energy",29,32.832866331061,121,0.564825417741791,4,0,FALSE
"no_components_or_four_labels__equal_features__sqrt_hamming__energy",30,32.8725545779705,127,0.70442621366831,3,0,FALSE
"no_components_or_four_labels__equal_features__sqrt_hamming__energy",31,32.9466505063478,109,0.331398379810473,4,0,FALSE
"no_components_or_four_labels__equal_features__sqrt_hamming__energy",32,32.8725545779705,127,0.70442621366831,3,0,FALSE
"no_components_or_four_labels__equal_features__sqrt_hamming__energy",33,32.8690198578286,126,0.680101952432046,4,0,FALSE
"no_components_or_four_labels__equal_features__sqrt_hamming__energy",34,32.8320543980543,122,0.58703181511815,3,0,FALSE
"no_components_or_four_labels__equal_features__sqrt_hamming__energy",35,32.868007380727,131,0.805989846809123,5,0,FALSE
"no_components_or_four_labels__equal_features__sqrt_hamming__energy",36,32.9466505063479,109,0.331398379810473,3,0,FALSE
"no_components_or_four_labels__equal_features__sqrt_hamming__energy",37,32.8511629728378,120,0.543013385467406,3,0,FALSE
"no_components_or_four_labels__equal_features__sqrt_hamming__energy",38,32.8221210408639,124,0.632758308161156,3,0,FALSE
"no_components_or_four_labels__equal_features__sqrt_hamming__energy",39,32.8700711986537,126,0.680093474987822,4,0,FALSE
"no_components_or_four_labels__equal_features__sqrt_hamming__energy",40,32.868007380727,131,0.805989846809123,4,0,FALSE
"no_components_or_four_labels__equal_features__sqrt_hamming__energy",41,32.8634413683331,124,0.63270356579792,4,0,FALSE
"no_components_or_four_labels__equal_features__sqrt_hamming__energy",42,32.9539137946599,111,0.366049191366264,3,0,FALSE
"no_components_or_four_labels__equal_features__sqrt_hamming__energy",43,32.8700711986537,126,0.680093474987822,4,0,FALSE
"no_components_or_four_labels__equal_features__sqrt_hamming__energy",44,32.8541860248094,119,0.521651763908076,3,0,FALSE
"no_components_or_four_labels__equal_features__sqrt_hamming__energy",45,32.8700711986537,126,0.680093474987822,3,0,FALSE
"no_components_or_four_labels__equal_features__sqrt_hamming__energy",46,32.8634413683331,124,0.63270356579792,3,0,FALSE
"no_components_or_four_labels__equal_features__sqrt_hamming__energy",47,32.8467695957121,127,0.704453625952981,4,0,FALSE
"no_components_or_four_labels__equal_features__sqrt_hamming__energy",48,32.8634413683331,124,0.63270356579792,3,0,FALSE
"no_components_or_four_labels__equal_features__sqrt_hamming__energy",49,32.8700711986538,126,0.680093474987822,3,0,FALSE
"no_components_or_four_labels__equal_features__sqrt_hamming__energy",50,32.881342997489,124,0.63270356579792,3,0,FALSE
"no_components_or_four_labels__equal_features__sqrt_hamming__energy",51,32.8634413683331,124,0.63270356579792,3,0,FALSE
"no_components_or_four_labels__equal_features__sqrt_hamming__energy",52,32.8690198578286,126,0.680101952432046,3,0,FALSE
"no_components_or_four_labels__equal_features__sqrt_hamming__energy",53,32.8680073807269,131,0.805989846809123,6,0,FALSE
"no_components_or_four_labels__equal_features__sqrt_hamming__energy",54,32.868007380727,131,0.805989846809123,4,0,FALSE
"no_components_or_four_labels__equal_features__sqrt_hamming__energy",55,32.8669157524107,123,0.609652418061975,3,0,FALSE
"no_components_or_four_labels__equal_features__sqrt_hamming__energy",56,32.8700711986538,126,0.680093474987822,3,0,FALSE
"no_components_or_four_labels__equal_features__sqrt_hamming__energy",57,32.8654049511343,125,0.656191096122399,3,0,FALSE
"no_components_or_four_labels__equal_features__sqrt_hamming__energy",58,32.8690198578286,126,0.680101952432046,4,0,FALSE
"no_components_or_four_labels__equal_features__sqrt_hamming__energy",59,32.868007380727,131,0.805989846809123,4,0,FALSE
"no_components_or_four_labels__equal_features__sqrt_hamming__energy",60,32.9466505063478,109,0.331398379810473,5,0,FALSE
"no_components_or_four_labels__equal_features__sqrt_hamming__energy",61,32.9293015541813,115,0.440618363712426,3,0,FALSE
"no_components_or_four_labels__equal_features__sqrt_hamming__energy",62,32.8639105264129,122,0.587009928007509,3,0,FALSE
"no_components_or_four_labels__equal_features__sqrt_hamming__energy",63,32.8591189247161,123,0.60966276179142,3,0,FALSE
"no_components_or_four_labels__equal_features__sqrt_hamming__energy",64,32.8611683979159,126,0.680101952432046,3,0,FALSE
"no_components_or_four_labels__equal_features__sqrt_hamming__energy",65,32.868007380727,131,0.805989846809123,3,0,FALSE
"no_components_or_four_labels__equal_features__sqrt_hamming__energy",66,32.9899772435561,116,0.460114543894976,3,0,FALSE
"no_components_or_four_labels__equal_features__sqrt_hamming__energy",67,32.8320543980542,122,0.58703181511815,3,0,FALSE
"no_components_or_four_labels__equal_features__sqrt_hamming__energy",68,34.3234046956908,90,0.0860267709348126,4,0,FALSE
"no_components_or_four_labels__equal_features__sqrt_hamming__energy",69,32.8328663310611,121,0.564825417741791,4,0,FALSE
"no_components_or_four_labels__equal_features__sqrt_hamming__energy",70,32.868007380727,131,0.805989846809123,5,0,FALSE
"no_components_or_four_labels__equal_features__sqrt_hamming__energy",71,32.8700711986538,126,0.680093474987822,4,0,FALSE
"no_components_or_four_labels__equal_features__sqrt_hamming__energy",72,33.3217644990056,114,0.421495210539944,5,0,FALSE
"no_components_or_four_labels__equal_features__sqrt_hamming__energy",73,32.8725545779705,127,0.70442621366831,2,0,FALSE
"no_components_or_four_labels__equal_features__sqrt_hamming__energy",74,32.8223081033258,125,0.656232090438534,3,0,FALSE
"no_components_or_four_labels__equal_features__sqrt_hamming__energy",75,34.2882571528862,81,0.0231789778819185,4,0,FALSE
"no_components_or_four_labels__equal_features__sqrt_hamming__energy",76,32.8467695957122,127,0.704453625952981,3,0,FALSE
"no_components_or_four_labels__equal_features__sqrt_hamming__energy",77,32.8672924454087,128,0.729182352662061,3,0,FALSE
"no_components_or_four_labels__equal_features__sqrt_hamming__energy",78,32.9826023976681,115,0.440451617975337,4,0,FALSE
"no_components_or_four_labels__equal_features__sqrt_hamming__energy",79,32.8725545779706,127,0.70442621366831,5,0,FALSE
"no_components_or_four_labels__equal_features__sqrt_hamming__energy",80,32.868007380727,131,0.805989846809123,10,0,FALSE
"no_components_or_four_labels__equal_features__sqrt_hamming__energy",81,32.8223081033258,125,0.656232090438534,2,0,FALSE
"no_components_or_four_labels__equal_features__sqrt_hamming__energy",82,32.8813429974889,124,0.63270356579792,3,0,FALSE
"no_components_or_four_labels__equal_features__sqrt_hamming__energy",83,32.8666698797584,129,0.754361761598834,4,0,FALSE
"no_components_or_four_labels__equal_features__sqrt_hamming__energy",84,32.9286201876674,114,0.421395608555237,2,0,FALSE
"no_components_or_four_labels__equal_features__sqrt_hamming__energy",85,32.8511629728378,120,0.543013385467406,4,0,FALSE
"no_components_or_four_labels__equal_features__sqrt_hamming__energy",86,32.8634413683331,124,0.63270356579792,3,0,FALSE
"no_components_or_four_labels__equal_features__sqrt_hamming__energy",87,32.868007380727,131,0.805989846809123,5,0,FALSE
"no_components_or_four_labels__equal_features__sqrt_hamming__energy",88,32.8672924454087,128,0.729182352662061,3,0,FALSE
"no_components_or_four_labels__equal_features__sqrt_hamming__energy",89,32.8666698797584,129,0.754361761598834,3,0,FALSE
"no_components_or_four_labels__equal_features__sqrt_hamming__energy",90,34.2163626850244,71,-0.00646089584353617,4,0,FALSE
"no_components_or_four_labels__equal_features__sqrt_hamming__energy",91,32.9363017161923,107,0.298448371163928,4,0,FALSE
"no_components_or_four_labels__equal_features__sqrt_hamming__energy",92,34.2365850664209,74,-0.00182618074731812,3,0,FALSE
"no_components_or_four_labels__equal_features__sqrt_hamming__energy",93,32.9190882686065,112,0.384226413507358,3,0,FALSE
"no_components_or_four_labels__equal_features__sqrt_hamming__energy",94,32.8328663310611,121,0.564825417741791,4,0,FALSE
"no_components_or_four_labels__equal_features__sqrt_hamming__energy",95,32.868007380727,131,0.805989846809123,3,0,FALSE
"no_components_or_four_labels__equal_features__sqrt_hamming__energy",96,32.9407232394437,108,0.314710753742723,3,0,FALSE
"no_components_or_four_labels__equal_features__sqrt_hamming__energy",97,32.868007380727,131,0.805989846809123,3,0,FALSE
"no_components_or_four_labels__equal_features__sqrt_hamming__energy",98,32.9190882686065,112,0.384226413507358,3,0,FALSE
"no_components_or_four_labels__equal_features__sqrt_hamming__energy",99,32.8634413683331,124,0.63270356579792,3,0,FALSE
"no_components_or_four_labels__equal_features__sqrt_hamming__energy",100,32.868007380727,131,0.805989846809123,5,0,FALSE
"no_components_or_four_labels__equal_domains__sqrt_hamming__energy",1,31.782135290933,117,0.480274562291262,3,0,FALSE
"no_components_or_four_labels__equal_domains__sqrt_hamming__energy",2,31.8882351822314,126,0.680109369827184,4,0,FALSE
"no_components_or_four_labels__equal_domains__sqrt_hamming__energy",3,31.8882351822313,126,0.680109369827184,4,0,FALSE
"no_components_or_four_labels__equal_domains__sqrt_hamming__energy",4,31.7821352909331,117,0.480274562291262,3,0,FALSE
"no_components_or_four_labels__equal_domains__sqrt_hamming__energy",5,31.782135290933,117,0.480274562291262,3,0,FALSE
"no_components_or_four_labels__equal_domains__sqrt_hamming__energy",6,31.8980912237351,124,0.632709649088646,3,0,FALSE
"no_components_or_four_labels__equal_domains__sqrt_hamming__energy",7,31.8882351822314,126,0.680109369827184,3,0,FALSE
"no_components_or_four_labels__equal_domains__sqrt_hamming__energy",8,31.8882351822314,126,0.680109369827184,3,0,FALSE
"no_components_or_four_labels__equal_domains__sqrt_hamming__energy",9,31.898091223735,124,0.632709649088646,3,0,FALSE
"no_components_or_four_labels__equal_domains__sqrt_hamming__energy",10,31.782135290933,117,0.480274562291262,3,0,FALSE
"no_components_or_four_labels__equal_domains__sqrt_hamming__energy",11,31.8980912237351,124,0.632709649088646,3,0,FALSE
"no_components_or_four_labels__equal_domains__sqrt_hamming__energy",12,31.8882351822314,126,0.680109369827184,3,0,FALSE
"no_components_or_four_labels__equal_domains__sqrt_hamming__energy",13,31.8882351822313,126,0.680109369827184,4,0,FALSE
"no_components_or_four_labels__equal_domains__sqrt_hamming__energy",14,31.8882351822314,126,0.680109369827184,4,0,FALSE
"no_components_or_four_labels__equal_domains__sqrt_hamming__energy",15,31.782135290933,117,0.480274562291262,3,0,FALSE
"no_components_or_four_labels__equal_domains__sqrt_hamming__energy",16,31.7821352909329,117,0.480274562291262,3,0,TRUE
"no_components_or_four_labels__equal_domains__sqrt_hamming__energy",17,31.8882351822314,126,0.680109369827184,3,0,FALSE
"no_components_or_four_labels__equal_domains__sqrt_hamming__energy",18,31.8999022855178,122,0.587046861161047,2,0,FALSE
"no_components_or_four_labels__equal_domains__sqrt_hamming__energy",19,31.8980912237351,124,0.632709649088646,3,0,FALSE
"no_components_or_four_labels__equal_domains__sqrt_hamming__energy",20,31.782135290933,117,0.480274562291262,3,0,FALSE
"no_components_or_four_labels__equal_domains__sqrt_hamming__energy",21,31.8882351822314,126,0.680109369827184,4,0,FALSE
"no_components_or_four_labels__equal_domains__sqrt_hamming__energy",22,31.782135290933,117,0.480274562291262,3,0,FALSE
"no_components_or_four_labels__equal_domains__sqrt_hamming__energy",23,31.8882351822313,126,0.680109369827184,4,0,FALSE
"no_components_or_four_labels__equal_domains__sqrt_hamming__energy",24,31.782135290933,117,0.480274562291262,3,0,FALSE
"no_components_or_four_labels__equal_domains__sqrt_hamming__energy",25,31.8882351822313,126,0.680109369827184,4,0,FALSE
"no_components_or_four_labels__equal_domains__sqrt_hamming__energy",26,31.8980912237351,124,0.632709649088646,3,0,FALSE
"no_components_or_four_labels__equal_domains__sqrt_hamming__energy",27,31.782135290933,117,0.480274562291262,3,0,FALSE
"no_components_or_four_labels__equal_domains__sqrt_hamming__energy",28,31.782135290933,117,0.480274562291262,3,0,FALSE
"no_components_or_four_labels__equal_domains__sqrt_hamming__energy",29,31.8882351822313,126,0.680109369827184,4,0,FALSE
"no_components_or_four_labels__equal_domains__sqrt_hamming__energy",30,31.7821352909331,117,0.480274562291262,3,0,FALSE
"no_components_or_four_labels__equal_domains__sqrt_hamming__energy",31,31.782135290933,117,0.480274562291262,3,0,FALSE
"no_components_or_four_labels__equal_domains__sqrt_hamming__energy",32,31.782135290933,117,0.480274562291262,3,0,FALSE
"no_components_or_four_labels__equal_domains__sqrt_hamming__energy",33,31.782135290933,117,0.480274562291262,3,0,FALSE
"no_components_or_four_labels__equal_domains__sqrt_hamming__energy",34,31.8980912237351,124,0.632709649088646,3,0,FALSE
"no_components_or_four_labels__equal_domains__sqrt_hamming__energy",35,31.8882351822314,126,0.680109369827184,4,0,FALSE
"no_components_or_four_labels__equal_domains__sqrt_hamming__energy",36,31.782135290933,117,0.480274562291262,3,0,FALSE
"no_components_or_four_labels__equal_domains__sqrt_hamming__energy",37,31.898091223735,124,0.632709649088646,3,0,FALSE
"no_components_or_four_labels__equal_domains__sqrt_hamming__energy",38,31.782135290933,117,0.480274562291262,2,0,FALSE
"no_components_or_four_labels__equal_domains__sqrt_hamming__energy",39,31.782135290933,117,0.480274562291262,4,0,FALSE
"no_components_or_four_labels__equal_domains__sqrt_hamming__energy",40,31.8980912237351,124,0.632709649088646,4,0,FALSE
"no_components_or_four_labels__equal_domains__sqrt_hamming__energy",41,31.782135290933,117,0.480274562291262,3,0,FALSE
"no_components_or_four_labels__equal_domains__sqrt_hamming__energy",42,31.782135290933,117,0.480274562291262,2,0,FALSE
"no_components_or_four_labels__equal_domains__sqrt_hamming__energy",43,31.8882351822314,126,0.680109369827184,4,0,FALSE
"no_components_or_four_labels__equal_domains__sqrt_hamming__energy",44,31.8980912237351,124,0.632709649088646,3,0,FALSE
"no_components_or_four_labels__equal_domains__sqrt_hamming__energy",45,31.782135290933,117,0.480274562291262,3,0,FALSE
"no_components_or_four_labels__equal_domains__sqrt_hamming__energy",46,31.782135290933,117,0.480274562291262,2,0,FALSE
"no_components_or_four_labels__equal_domains__sqrt_hamming__energy",47,31.782135290933,117,0.480274562291262,3,0,FALSE
"no_components_or_four_labels__equal_domains__sqrt_hamming__energy",48,31.782135290933,117,0.480274562291262,3,0,FALSE
"no_components_or_four_labels__equal_domains__sqrt_hamming__energy",49,31.8882351822314,126,0.680109369827184,4,0,FALSE
"no_components_or_four_labels__equal_domains__sqrt_hamming__energy",50,31.782135290933,117,0.480274562291262,3,0,FALSE
"no_components_or_four_labels__equal_domains__sqrt_hamming__energy",51,31.782135290933,117,0.480274562291262,4,0,FALSE
"no_components_or_four_labels__equal_domains__sqrt_hamming__energy",52,31.8882351822314,126,0.680109369827184,3,0,FALSE
"no_components_or_four_labels__equal_domains__sqrt_hamming__energy",53,31.8882351822314,126,0.680109369827184,4,0,FALSE
"no_components_or_four_labels__equal_domains__sqrt_hamming__energy",54,31.7821352909329,117,0.480274562291262,3,0,FALSE
"no_components_or_four_labels__equal_domains__sqrt_hamming__energy",55,31.8882351822313,126,0.680109369827184,3,0,FALSE
"no_components_or_four_labels__equal_domains__sqrt_hamming__energy",56,31.8882351822314,126,0.680109369827184,3,0,FALSE
"no_components_or_four_labels__equal_domains__sqrt_hamming__energy",57,31.8882351822313,126,0.680109369827184,3,0,FALSE
"no_components_or_four_labels__equal_domains__sqrt_hamming__energy",58,31.782135290933,117,0.480274562291262,3,0,FALSE
"no_components_or_four_labels__equal_domains__sqrt_hamming__energy",59,31.782135290933,117,0.480274562291262,3,0,FALSE
"no_components_or_four_labels__equal_domains__sqrt_hamming__energy",60,31.782135290933,117,0.480274562291262,4,0,FALSE
"no_components_or_four_labels__equal_domains__sqrt_hamming__energy",61,31.782135290933,117,0.480274562291262,2,0,FALSE
"no_components_or_four_labels__equal_domains__sqrt_hamming__energy",62,31.8999022855178,122,0.587046861161047,4,0,FALSE
"no_components_or_four_labels__equal_domains__sqrt_hamming__energy",63,31.8980912237351,124,0.632709649088646,3,0,FALSE
"no_components_or_four_labels__equal_domains__sqrt_hamming__energy",64,31.8980912237351,124,0.632709649088646,3,0,FALSE
"no_components_or_four_labels__equal_domains__sqrt_hamming__energy",65,31.8882351822313,126,0.680109369827184,3,0,FALSE
"no_components_or_four_labels__equal_domains__sqrt_hamming__energy",66,31.782135290933,117,0.480274562291262,3,0,FALSE
"no_components_or_four_labels__equal_domains__sqrt_hamming__energy",67,31.7821352909331,117,0.480274562291262,3,0,FALSE
"no_components_or_four_labels__equal_domains__sqrt_hamming__energy",68,31.782135290933,117,0.480274562291262,5,0,FALSE
"no_components_or_four_labels__equal_domains__sqrt_hamming__energy",69,31.8882351822313,126,0.680109369827184,3,0,FALSE
"no_components_or_four_labels__equal_domains__sqrt_hamming__energy",70,31.8882351822314,126,0.680109369827184,4,0,FALSE
"no_components_or_four_labels__equal_domains__sqrt_hamming__energy",71,31.782135290933,117,0.480274562291262,3,0,FALSE
"no_components_or_four_labels__equal_domains__sqrt_hamming__energy",72,31.782135290933,117,0.480274562291262,3,0,FALSE
"no_components_or_four_labels__equal_domains__sqrt_hamming__energy",73,31.782135290933,117,0.480274562291262,3,0,FALSE
"no_components_or_four_labels__equal_domains__sqrt_hamming__energy",74,31.7821352909329,117,0.480274562291262,2,0,FALSE
"no_components_or_four_labels__equal_domains__sqrt_hamming__energy",75,31.8882351822313,126,0.680109369827184,4,0,FALSE
"no_components_or_four_labels__equal_domains__sqrt_hamming__energy",76,31.782135290933,117,0.480274562291262,3,0,FALSE
"no_components_or_four_labels__equal_domains__sqrt_hamming__energy",77,31.8980912237351,124,0.632709649088646,3,0,FALSE
"no_components_or_four_labels__equal_domains__sqrt_hamming__energy",78,31.8882351822314,126,0.680109369827184,4,0,FALSE
"no_components_or_four_labels__equal_domains__sqrt_hamming__energy",79,31.782135290933,117,0.480274562291262,3,0,FALSE
"no_components_or_four_labels__equal_domains__sqrt_hamming__energy",80,31.782135290933,117,0.480274562291262,9,0,FALSE
"no_components_or_four_labels__equal_domains__sqrt_hamming__energy",81,31.8882351822313,126,0.680109369827184,2,0,FALSE
"no_components_or_four_labels__equal_domains__sqrt_hamming__energy",82,31.8980912237351,124,0.632709649088646,3,0,FALSE
"no_components_or_four_labels__equal_domains__sqrt_hamming__energy",83,31.8882351822313,126,0.680109369827184,3,0,FALSE
"no_components_or_four_labels__equal_domains__sqrt_hamming__energy",84,31.7821352909331,117,0.480274562291262,2,0,FALSE
"no_components_or_four_labels__equal_domains__sqrt_hamming__energy",85,31.782135290933,117,0.480274562291262,3,0,FALSE
"no_components_or_four_labels__equal_domains__sqrt_hamming__energy",86,31.898091223735,124,0.632709649088646,3,0,FALSE
"no_components_or_four_labels__equal_domains__sqrt_hamming__energy",87,31.8882351822314,126,0.680109369827184,3,0,FALSE
"no_components_or_four_labels__equal_domains__sqrt_hamming__energy",88,31.7821352909329,117,0.480274562291262,2,0,FALSE
"no_components_or_four_labels__equal_domains__sqrt_hamming__energy",89,31.782135290933,117,0.480274562291262,3,0,FALSE
"no_components_or_four_labels__equal_domains__sqrt_hamming__energy",90,31.782135290933,117,0.480274562291262,4,0,FALSE
"no_components_or_four_labels__equal_domains__sqrt_hamming__energy",91,31.782135290933,117,0.480274562291262,3,0,FALSE
"no_components_or_four_labels__equal_domains__sqrt_hamming__energy",92,31.8882351822313,126,0.680109369827184,3,0,FALSE
"no_components_or_four_labels__equal_domains__sqrt_hamming__energy",93,31.782135290933,117,0.480274562291262,3,0,FALSE
"no_components_or_four_labels__equal_domains__sqrt_hamming__energy",94,31.9672047389115,112,0.384128542725611,6,0,FALSE
"no_components_or_four_labels__equal_domains__sqrt_hamming__energy",95,31.782135290933,117,0.480274562291262,3,0,FALSE
"no_components_or_four_labels__equal_domains__sqrt_hamming__energy",96,31.782135290933,117,0.480274562291262,3,0,FALSE
"no_components_or_four_labels__equal_domains__sqrt_hamming__energy",97,31.8882351822313,126,0.680109369827184,3,0,FALSE
"no_components_or_four_labels__equal_domains__sqrt_hamming__energy",98,31.782135290933,117,0.480274562291262,2,0,FALSE
"no_components_or_four_labels__equal_domains__sqrt_hamming__energy",99,31.8980912237351,124,0.632709649088646,3,0,FALSE
"no_components_or_four_labels__equal_domains__sqrt_hamming__energy",100,31.8882351822314,126,0.680109369827184,4,0,FALSE
"no_components_or_four_labels__unique_profiles__sqrt_hamming__energy",1,32.9479681078174,126,0.680101952432046,4,0,FALSE
"no_components_or_four_labels__unique_profiles__sqrt_hamming__energy",2,32.9468726934698,129,0.754373152541918,4,0,FALSE
"no_components_or_four_labels__unique_profiles__sqrt_hamming__energy",3,32.9465334336468,131,0.805989846809123,5,0,FALSE
"no_components_or_four_labels__unique_profiles__sqrt_hamming__energy",4,32.9465334336469,131,0.805989846809123,4,0,FALSE
"no_components_or_four_labels__unique_profiles__sqrt_hamming__energy",5,32.9455423274255,129,0.754361761598834,4,0,FALSE
"no_components_or_four_labels__unique_profiles__sqrt_hamming__energy",6,32.9423819701038,124,0.63270356579792,4,0,FALSE
"no_components_or_four_labels__unique_profiles__sqrt_hamming__energy",7,32.9465334336467,131,0.805989846809123,4,0,FALSE
"no_components_or_four_labels__unique_profiles__sqrt_hamming__energy",8,32.9465334336469,131,0.805989846809123,4,0,FALSE
"no_components_or_four_labels__unique_profiles__sqrt_hamming__energy",9,32.9299054020775,120,0.543013385467406,4,0,FALSE
"no_components_or_four_labels__unique_profiles__sqrt_hamming__energy",10,32.9442606089494,125,0.656191096122399,4,0,FALSE
"no_components_or_four_labels__unique_profiles__sqrt_hamming__energy",11,32.9111990070507,121,0.564825417741791,4,0,FALSE
"no_components_or_four_labels__unique_profiles__sqrt_hamming__energy",12,32.9465334336468,131,0.805989846809123,4,0,FALSE
"no_components_or_four_labels__unique_profiles__sqrt_hamming__energy",13,32.9465334336468,131,0.805989846809123,5,0,FALSE
"no_components_or_four_labels__unique_profiles__sqrt_hamming__energy",14,32.9000068014215,124,0.632758308161156,3,0,FALSE
"no_components_or_four_labels__unique_profiles__sqrt_hamming__energy",15,33.0153485967725,107,0.298448371163928,5,0,FALSE
"no_components_or_four_labels__unique_profiles__sqrt_hamming__energy",16,32.9423819701038,124,0.63270356579792,3,0,FALSE
"no_components_or_four_labels__unique_profiles__sqrt_hamming__energy",17,32.9104168793089,123,0.609675690682355,3,0,FALSE
"no_components_or_four_labels__unique_profiles__sqrt_hamming__energy",18,32.9105032306845,122,0.587046861161047,3,0,FALSE
"no_components_or_four_labels__unique_profiles__sqrt_hamming__energy",19,32.9468726934698,129,0.754373152541918,4,0,FALSE
"no_components_or_four_labels__unique_profiles__sqrt_hamming__energy",20,32.9605992600305,124,0.63270356579792,3,0,FALSE
"no_components_or_four_labels__unique_profiles__sqrt_hamming__energy",21,32.9465334336469,131,0.805989846809123,5,0,FALSE
"no_components_or_four_labels__unique_profiles__sqrt_hamming__energy",22,33.0191967214073,112,0.384085714474941,4,0,FALSE
"no_components_or_four_labels__unique_profiles__sqrt_hamming__energy",23,32.9465334336468,131,0.805989846809123,5,0,FALSE
"no_components_or_four_labels__unique_profiles__sqrt_hamming__energy",24,32.9357691580522,129,0.754373152541918,4,0,FALSE
"no_components_or_four_labels__unique_profiles__sqrt_hamming__energy",25,32.9465334336468,131,0.805989846809123,5,0,FALSE
"no_components_or_four_labels__unique_profiles__sqrt_hamming__energy",26,32.9328446193176,119,0.521651763908076,3,0,FALSE
"no_components_or_four_labels__unique_profiles__sqrt_hamming__energy",27,32.9423819701036,124,0.63270356579792,3,0,FALSE
"no_components_or_four_labels__unique_profiles__sqrt_hamming__energy",28,32.9104766531978,122,0.58703181511815,3,0,FALSE
"no_components_or_four_labels__unique_profiles__sqrt_hamming__energy",29,32.9111990070506,121,0.564825417741791,4,0,FALSE
"no_components_or_four_labels__unique_profiles__sqrt_hamming__energy",30,32.951704570325,127,0.70442621366831,3,0,FALSE
"no_components_or_four_labels__unique_profiles__sqrt_hamming__energy",31,33.0258049799584,109,0.331398379810473,4,0,FALSE
"no_components_or_four_labels__unique_profiles__sqrt_hamming__energy",32,32.9517045703251,127,0.70442621366831,3,0,FALSE
"no_components_or_four_labels__unique_profiles__sqrt_hamming__energy",33,32.9479681078173,126,0.680101952432046,4,0,FALSE
"no_components_or_four_labels__unique_profiles__sqrt_hamming__energy",34,32.9104766531978,122,0.58703181511815,3,0,FALSE
"no_components_or_four_labels__unique_profiles__sqrt_hamming__energy",35,32.9465334336466,131,0.805989846809123,5,0,FALSE
"no_components_or_four_labels__unique_profiles__sqrt_hamming__energy",36,33.0258049799583,109,0.331398379810473,3,0,FALSE
"no_components_or_four_labels__unique_profiles__sqrt_hamming__energy",37,32.9299054020778,120,0.543013385467406,3,0,FALSE
"no_components_or_four_labels__unique_profiles__sqrt_hamming__energy",38,32.9000068014215,124,0.632758308161156,3,0,TRUE
"no_components_or_four_labels__unique_profiles__sqrt_hamming__energy",39,32.9493098544216,126,0.680093474987822,4,0,FALSE
"no_components_or_four_labels__unique_profiles__sqrt_hamming__energy",40,32.9465334336469,131,0.805989846809123,4,0,FALSE
"no_components_or_four_labels__unique_profiles__sqrt_hamming__energy",41,32.9423819701039,124,0.63270356579792,4,0,FALSE
"no_components_or_four_labels__unique_profiles__sqrt_hamming__energy",42,33.0330715033816,111,0.366049191366264,3,0,FALSE
"no_components_or_four_labels__unique_profiles__sqrt_hamming__energy",43,32.9493098544215,126,0.680093474987822,4,0,FALSE
"no_components_or_four_labels__unique_profiles__sqrt_hamming__energy",44,32.9328446193176,119,0.521651763908076,3,0,FALSE
"no_components_or_four_labels__unique_profiles__sqrt_hamming__energy",45,32.9493098544216,126,0.680093474987822,3,0,FALSE
"no_components_or_four_labels__unique_profiles__sqrt_hamming__energy",46,32.9423819701038,124,0.63270356579792,3,0,FALSE
"no_components_or_four_labels__unique_profiles__sqrt_hamming__energy",47,32.9249478049432,127,0.704453625952981,4,0,FALSE
"no_components_or_four_labels__unique_profiles__sqrt_hamming__energy",48,32.9423819701039,124,0.63270356579792,3,0,FALSE
"no_components_or_four_labels__unique_profiles__sqrt_hamming__energy",49,32.9493098544215,126,0.680093474987822,3,0,FALSE
"no_components_or_four_labels__unique_profiles__sqrt_hamming__energy",50,32.9605992600304,124,0.63270356579792,3,0,FALSE
"no_components_or_four_labels__unique_profiles__sqrt_hamming__energy",51,32.9423819701039,124,0.63270356579792,3,0,FALSE
"no_components_or_four_labels__unique_profiles__sqrt_hamming__energy",52,32.9479681078173,126,0.680101952432046,3,0,FALSE
"no_components_or_four_labels__unique_profiles__sqrt_hamming__energy",53,32.9465334336469,131,0.805989846809123,6,0,FALSE
"no_components_or_four_labels__unique_profiles__sqrt_hamming__energy",54,32.9428229520977,122,0.587009928007509,3,0,FALSE
"no_components_or_four_labels__unique_profiles__sqrt_hamming__energy",55,32.9457513240177,123,0.609652418061975,3,0,FALSE
"no_components_or_four_labels__unique_profiles__sqrt_hamming__energy",56,32.9493098544216,126,0.680093474987822,3,0,FALSE
"no_components_or_four_labels__unique_profiles__sqrt_hamming__energy",57,32.9442606089495,125,0.656191096122399,3,0,FALSE
"no_components_or_four_labels__unique_profiles__sqrt_hamming__energy",58,32.9104766531979,122,0.58703181511815,4,0,FALSE
"no_components_or_four_labels__unique_profiles__sqrt_hamming__energy",59,32.9465334336468,131,0.805989846809123,4,0,FALSE
"no_components_or_four_labels__unique_profiles__sqrt_hamming__energy",60,33.0258049799585,109,0.331398379810473,4,0,FALSE
"no_components_or_four_labels__unique_profiles__sqrt_hamming__energy",61,33.0078417609421,115,0.440618363712426,3,0,FALSE
"no_components_or_four_labels__unique_profiles__sqrt_hamming__energy",62,32.9428229520978,122,0.587009928007509,3,0,FALSE
"no_components_or_four_labels__unique_profiles__sqrt_hamming__energy",63,32.9376766948008,123,0.60966276179142,3,0,FALSE
"no_components_or_four_labels__unique_profiles__sqrt_hamming__energy",64,32.9398571496511,126,0.680101952432046,3,0,FALSE
"no_components_or_four_labels__unique_profiles__sqrt_hamming__energy",65,32.9465334336468,131,0.805989846809123,3,0,FALSE
"no_components_or_four_labels__unique_profiles__sqrt_hamming__energy",66,33.069670391258,116,0.460114543894976,3,0,FALSE
"no_components_or_four_labels__unique_profiles__sqrt_hamming__energy",67,32.9104766531979,122,0.58703181511815,3,0,FALSE
"no_components_or_four_labels__unique_profiles__sqrt_hamming__energy",68,34.4131615690908,90,0.0860267709348126,4,0,FALSE
"no_components_or_four_labels__unique_profiles__sqrt_hamming__energy",69,32.9111990070506,121,0.564825417741791,4,0,FALSE
"no_components_or_four_labels__unique_profiles__sqrt_hamming__energy",70,32.9465334336468,131,0.805989846809123,5,0,FALSE
"no_components_or_four_labels__unique_profiles__sqrt_hamming__energy",71,32.9493098544216,126,0.680093474987822,4,0,FALSE
"no_components_or_four_labels__unique_profiles__sqrt_hamming__energy",72,33.4030944896081,114,0.421495210539944,5,0,FALSE
"no_components_or_four_labels__unique_profiles__sqrt_hamming__energy",73,32.9517045703249,127,0.70442621366831,2,0,FALSE
"no_components_or_four_labels__unique_profiles__sqrt_hamming__energy",74,32.900280203531,125,0.656232090438534,3,0,FALSE
"no_components_or_four_labels__unique_profiles__sqrt_hamming__energy",75,34.3769100508847,81,0.0231789778819185,4,0,FALSE
"no_components_or_four_labels__unique_profiles__sqrt_hamming__energy",76,32.9249478049433,127,0.704453625952981,3,0,FALSE
"no_components_or_four_labels__unique_profiles__sqrt_hamming__energy",77,32.9517918243443,127,0.70442621366831,3,0,FALSE
"no_components_or_four_labels__unique_profiles__sqrt_hamming__energy",78,33.0622203735851,115,0.440451617975337,4,0,FALSE
"no_components_or_four_labels__unique_profiles__sqrt_hamming__energy",79,32.9493098544216,126,0.680093474987822,5,0,FALSE
"no_components_or_four_labels__unique_profiles__sqrt_hamming__energy",80,32.9465334336467,131,0.805989846809123,10,0,FALSE
"no_components_or_four_labels__unique_profiles__sqrt_hamming__energy",81,32.900280203531,125,0.656232090438534,2,0,FALSE
"no_components_or_four_labels__unique_profiles__sqrt_hamming__energy",82,32.9605992600305,124,0.63270356579792,3,0,FALSE
"no_components_or_four_labels__unique_profiles__sqrt_hamming__energy",83,32.9455423274254,129,0.754361761598834,4,0,FALSE
"no_components_or_four_labels__unique_profiles__sqrt_hamming__energy",84,33.0071242374522,114,0.421395608555237,2,0,FALSE
"no_components_or_four_labels__unique_profiles__sqrt_hamming__energy",85,32.9299054020777,120,0.543013385467406,4,0,FALSE
"no_components_or_four_labels__unique_profiles__sqrt_hamming__energy",86,32.9423819701039,124,0.63270356579792,3,0,FALSE
"no_components_or_four_labels__unique_profiles__sqrt_hamming__energy",87,32.9465334336468,131,0.805989846809123,5,0,FALSE
"no_components_or_four_labels__unique_profiles__sqrt_hamming__energy",88,32.9462628791821,128,0.729182352662061,3,0,FALSE
"no_components_or_four_labels__unique_profiles__sqrt_hamming__energy",89,32.9455423274255,129,0.754361761598834,3,0,FALSE
"no_components_or_four_labels__unique_profiles__sqrt_hamming__energy",90,34.2927896390976,73,-0.00393530146304067,4,0,FALSE
"no_components_or_four_labels__unique_profiles__sqrt_hamming__energy",91,33.0153485967724,107,0.298448371163928,4,0,FALSE
"no_components_or_four_labels__unique_profiles__sqrt_hamming__energy",92,34.3265077928095,74,-0.00182618074731812,3,0,FALSE
"no_components_or_four_labels__unique_profiles__sqrt_hamming__energy",93,32.9975149276635,112,0.384226413507358,3,0,FALSE
"no_components_or_four_labels__unique_profiles__sqrt_hamming__energy",94,32.9111990070506,121,0.564825417741791,4,0,FALSE
"no_components_or_four_labels__unique_profiles__sqrt_hamming__energy",95,32.9465334336469,131,0.805989846809123,3,0,FALSE
"no_components_or_four_labels__unique_profiles__sqrt_hamming__energy",96,33.0198195549304,108,0.314710753742723,3,0,FALSE
"no_components_or_four_labels__unique_profiles__sqrt_hamming__energy",97,32.9465334336468,131,0.805989846809123,3,0,FALSE
"no_components_or_four_labels__unique_profiles__sqrt_hamming__energy",98,32.9975149276636,112,0.384226413507358,3,0,FALSE
"no_components_or_four_labels__unique_profiles__sqrt_hamming__energy",99,32.9423819701039,124,0.63270356579792,3,0,FALSE
"no_components_or_four_labels__unique_profiles__sqrt_hamming__energy",100,32.9465334336469,131,0.805989846809123,5,0,FALSE
"no_morph__equal_features__sqrt_hamming__energy",1,33.3309473591613,87,0.0614482022329376,5,0,FALSE
"no_morph__equal_features__sqrt_hamming__energy",2,32.441760766785,128,0.729186838037711,4,0,FALSE
"no_morph__equal_features__sqrt_hamming__energy",3,33.0786375383426,102,0.223084153541853,6,0,FALSE
"no_morph__equal_features__sqrt_hamming__energy",4,32.4381841601269,134,0.886593983196741,4,0,FALSE
"no_morph__equal_features__sqrt_hamming__energy",5,32.5280693413643,115,0.440451617975337,4,0,FALSE
"no_morph__equal_features__sqrt_hamming__energy",6,32.4191247210789,126,0.680109369827184,6,0,FALSE
"no_morph__equal_features__sqrt_hamming__energy",7,32.4417607667849,128,0.729186838037711,4,0,FALSE
"no_morph__equal_features__sqrt_hamming__energy",8,32.4504828239226,130,0.779958474859348,3,0,FALSE
"no_morph__equal_features__sqrt_hamming__energy",9,32.561176874226,117,0.480154049379412,5,0,FALSE
"no_morph__equal_features__sqrt_hamming__energy",10,32.438184160127,134,0.886593983196741,4,0,FALSE
"no_morph__equal_features__sqrt_hamming__energy",11,32.5611768742259,117,0.480154049379412,5,0,FALSE
"no_morph__equal_features__sqrt_hamming__energy",12,32.4452046976931,129,0.754361761598834,3,0,FALSE
"no_morph__equal_features__sqrt_hamming__energy",13,32.8116487235523,120,0.543002789188638,4,0,FALSE
"no_morph__equal_features__sqrt_hamming__energy",14,32.438184160127,134,0.886593983196741,4,0,FALSE
"no_morph__equal_features__sqrt_hamming__energy",15,33.3954962971609,80,0.0186663592880617,4,0,FALSE
"no_morph__equal_features__sqrt_hamming__energy",16,32.4191247210788,126,0.680109369827184,4,0,TRUE
"no_morph__equal_features__sqrt_hamming__energy",17,32.5611768742259,117,0.480154049379412,4,0,FALSE
"no_morph__equal_features__sqrt_hamming__energy",18,32.4224969949866,127,0.704436004353702,2,0,FALSE
"no_morph__equal_features__sqrt_hamming__energy",19,32.4417607667848,128,0.729186838037711,5,0,FALSE
"no_morph__equal_features__sqrt_hamming__energy",20,32.4224969949866,127,0.704436004353702,3,0,FALSE
"no_morph__equal_features__sqrt_hamming__energy",21,32.6307335412603,130,0.779983983405476,5,0,FALSE
"no_morph__equal_features__sqrt_hamming__energy",22,32.6701499205582,111,0.366128962429392,6,0,FALSE
"no_morph__equal_features__sqrt_hamming__energy",23,32.419124721079,126,0.680109369827184,5,0,FALSE
"no_morph__equal_features__sqrt_hamming__energy",24,32.451130096012,128,0.729182352662061,4,0,FALSE
"no_morph__equal_features__sqrt_hamming__energy",25,32.4560585543881,134,0.886593607531598,4,0,FALSE
"no_morph__equal_features__sqrt_hamming__energy",26,33.0305742222775,105,0.267320781488531,6,0,FALSE
"no_morph__equal_features__sqrt_hamming__energy",27,32.419124721079,126,0.680109369827184,5,0,FALSE
"no_morph__equal_features__sqrt_hamming__energy",28,32.4212447036701,132,0.83242936038251,3,0,FALSE
"no_morph__equal_features__sqrt_hamming__energy",29,32.5373171385411,116,0.460164608685144,9,0,FALSE
"no_morph__equal_features__sqrt_hamming__energy",30,32.9759969911572,113,0.402313323048824,4,0,FALSE
"no_morph__equal_features__sqrt_hamming__energy",31,32.561176874226,117,0.480154049379412,3,0,FALSE
"no_morph__equal_features__sqrt_hamming__energy",32,32.4511300960119,128,0.729182352662061,4,0,FALSE
"no_morph__equal_features__sqrt_hamming__energy",33,32.4504828239226,130,0.779958474859348,3,0,FALSE
"no_morph__equal_features__sqrt_hamming__energy",34,32.4365120327853,132,0.832429915469811,4,0,FALSE
"no_morph__equal_features__sqrt_hamming__energy",35,32.4668638224077,131,0.805983420138755,4,0,FALSE
"no_morph__equal_features__sqrt_hamming__energy",36,32.5611768742259,117,0.480154049379412,5,0,FALSE
"no_morph__equal_features__sqrt_hamming__energy",37,32.4191247210789,126,0.680109369827184,6,0,FALSE
"no_morph__equal_features__sqrt_hamming__energy",38,32.419124721079,126,0.680109369827184,3,0,FALSE
"no_morph__equal_features__sqrt_hamming__energy",39,32.4417607667849,128,0.729186838037711,4,0,FALSE
"no_morph__equal_features__sqrt_hamming__energy",40,32.4332884201655,128,0.729182352662061,4,0,FALSE
"no_morph__equal_features__sqrt_hamming__energy",41,32.980206075752,105,0.267539019148198,9,0,FALSE
"no_morph__equal_features__sqrt_hamming__energy",42,32.5277910316791,119,0.521651763908076,3,0,FALSE
"no_morph__equal_features__sqrt_hamming__energy",43,32.441760766785,128,0.729186838037711,7,0,FALSE
"no_morph__equal_features__sqrt_hamming__energy",44,32.4365120327853,132,0.832429915469811,4,0,FALSE
"no_morph__equal_features__sqrt_hamming__energy",45,32.5611768742259,117,0.480154049379412,3,0,FALSE
"no_morph__equal_features__sqrt_hamming__energy",46,32.4191247210789,126,0.680109369827184,3,0,FALSE
"no_morph__equal_features__sqrt_hamming__energy",47,32.5611768742259,117,0.480154049379412,4,0,FALSE
"no_morph__equal_features__sqrt_hamming__energy",48,32.5610688076489,116,0.460066258337687,3,0,FALSE
"no_morph__equal_features__sqrt_hamming__energy",49,32.4332884201655,128,0.729182352662061,3,0,FALSE
"no_morph__equal_features__sqrt_hamming__energy",50,32.6838977034961,120,0.543043657842143,4,0,FALSE
"no_morph__equal_features__sqrt_hamming__energy",51,32.5610688076489,116,0.460066258337687,3,0,FALSE
"no_morph__equal_features__sqrt_hamming__energy",52,32.447194629882,130,0.779958474859348,4,0,FALSE
"no_morph__equal_features__sqrt_hamming__energy",53,32.6763908698461,110,0.348511207662976,7,0,FALSE
"no_morph__equal_features__sqrt_hamming__energy",54,32.419124721079,126,0.680109369827184,3,0,FALSE
"no_morph__equal_features__sqrt_hamming__energy",55,32.419124721079,126,0.680109369827184,3,0,FALSE
"no_morph__equal_features__sqrt_hamming__energy",56,33.1390278305208,97,0.158567378017712,6,0,FALSE
"no_morph__equal_features__sqrt_hamming__energy",57,32.4191247210789,126,0.680109369827184,3,0,FALSE
"no_morph__equal_features__sqrt_hamming__energy",58,33.4438326437659,87,0.0612305726888279,4,0,FALSE
"no_morph__equal_features__sqrt_hamming__energy",59,32.527399782629,115,0.440451617975337,4,0,FALSE
"no_morph__equal_features__sqrt_hamming__energy",60,32.4191247210789,126,0.680109369827184,4,0,FALSE
"no_morph__equal_features__sqrt_hamming__energy",61,32.5412912059031,118,0.500754382062401,4,0,FALSE
"no_morph__equal_features__sqrt_hamming__energy",62,32.427030665354,131,0.805982134753588,4,0,FALSE
"no_morph__equal_features__sqrt_hamming__energy",63,32.4365120327852,132,0.832429915469811,4,0,FALSE
"no_morph__equal_features__sqrt_hamming__energy",64,32.441760766785,128,0.729186838037711,4,0,FALSE
"no_morph__equal_features__sqrt_hamming__energy",65,32.6307335412603,130,0.779983983405476,3,0,FALSE
"no_morph__equal_features__sqrt_hamming__energy",66,32.4191247210789,126,0.680109369827184,4,0,FALSE
"no_morph__equal_features__sqrt_hamming__energy",67,32.438184160127,134,0.886593983196741,4,0,FALSE
"no_morph__equal_features__sqrt_hamming__energy",68,32.419124721079,126,0.680109369827184,4,0,FALSE
"no_morph__equal_features__sqrt_hamming__energy",69,33.4419365690647,85,0.0468369869846401,3,0,FALSE
"no_morph__equal_features__sqrt_hamming__energy",70,32.9676142922008,113,0.402313323048824,4,0,FALSE
"no_morph__equal_features__sqrt_hamming__energy",71,32.4191247210789,126,0.680109369827184,6,0,FALSE
"no_morph__equal_features__sqrt_hamming__energy",72,32.5542691924093,118,0.500679962720674,5,0,FALSE
"no_morph__equal_features__sqrt_hamming__energy",73,32.4381841601271,134,0.886593983196741,3,0,FALSE
"no_morph__equal_features__sqrt_hamming__energy",74,32.438184160127,134,0.886593983196741,3,0,FALSE
"no_morph__equal_features__sqrt_hamming__energy",75,32.4224969949866,127,0.704436004353702,5,0,FALSE
"no_morph__equal_features__sqrt_hamming__energy",76,32.4642011403677,132,0.832429915469811,3,0,FALSE
"no_morph__equal_features__sqrt_hamming__energy",77,32.4212447036702,132,0.83242936038251,4,0,FALSE
"no_morph__equal_features__sqrt_hamming__energy",78,32.4417607667849,128,0.729186838037711,5,0,FALSE
"no_morph__equal_features__sqrt_hamming__energy",79,32.4511300960119,128,0.729182352662061,5,0,FALSE
"no_morph__equal_features__sqrt_hamming__energy",80,33.1006814752363,112,0.384046959972268,6,0,FALSE
"no_morph__equal_features__sqrt_hamming__energy",81,32.438184160127,134,0.886593983196741,4,0,FALSE
"no_morph__equal_features__sqrt_hamming__energy",82,32.419124721079,126,0.680109369827184,4,0,FALSE
"no_morph__equal_features__sqrt_hamming__energy",83,32.4504828239226,130,0.779958474859348,4,0,FALSE
"no_morph__equal_features__sqrt_hamming__energy",84,32.5314217836218,116,0.460114543894976,3,0,FALSE
"no_morph__equal_features__sqrt_hamming__energy",85,32.4662425179556,133,0.85930002138619,4,0,FALSE
"no_morph__equal_features__sqrt_hamming__energy",86,32.419124721079,126,0.680109369827184,5,0,FALSE
"no_morph__equal_features__sqrt_hamming__energy",87,33.0288016103578,117,0.480222920743063,8,0,FALSE
"no_morph__equal_features__sqrt_hamming__energy",88,32.5575841412249,121,0.564862890939718,3,0,FALSE
"no_morph__equal_features__sqrt_hamming__energy",89,32.4434671516187,129,0.754361761598834,3,0,FALSE
"no_morph__equal_features__sqrt_hamming__energy",90,32.5445164465044,119,0.521651763908076,5,0,FALSE
"no_morph__equal_features__sqrt_hamming__energy",91,32.9759969911571,113,0.402313323048824,5,0,FALSE
"no_morph__equal_features__sqrt_hamming__energy",92,32.5611768742259,117,0.480154049379412,7,0,FALSE
"no_morph__equal_features__sqrt_hamming__energy",93,32.4191247210789,126,0.680109369827184,7,0,FALSE
"no_morph__equal_features__sqrt_hamming__energy",94,33.4772851747616,82,0.0284320351481997,4,0,FALSE
"no_morph__equal_features__sqrt_hamming__energy",95,32.456058554388,134,0.886593607531598,4,0,FALSE
"no_morph__equal_features__sqrt_hamming__energy",96,32.4391172443604,128,0.729182352662061,4,0,FALSE
"no_morph__equal_features__sqrt_hamming__energy",97,32.438184160127,134,0.886593983196741,4,0,FALSE
"no_morph__equal_features__sqrt_hamming__energy",98,32.438184160127,134,0.886593983196741,4,0,FALSE
"no_morph__equal_features__sqrt_hamming__energy",99,32.419124721079,126,0.680109369827184,3,0,FALSE
"no_morph__equal_features__sqrt_hamming__energy",100,32.4212447036701,132,0.83242936038251,4,0,FALSE
"no_morph__equal_domains__sqrt_hamming__energy",1,29.9995525325587,103,0.237788234678377,4,0,FALSE
"no_morph__equal_domains__sqrt_hamming__energy",2,29.9995525325586,103,0.237788234678377,4,0,FALSE
"no_morph__equal_domains__sqrt_hamming__energy",3,29.9995525325586,103,0.237788234678377,4,0,FALSE
"no_morph__equal_domains__sqrt_hamming__energy",4,29.9995525325586,103,0.237788234678377,2,0,FALSE
"no_morph__equal_domains__sqrt_hamming__energy",5,29.9995525325586,103,0.237788234678377,3,0,FALSE
"no_morph__equal_domains__sqrt_hamming__energy",6,29.9995525325586,103,0.237788234678377,5,0,FALSE
"no_morph__equal_domains__sqrt_hamming__energy",7,29.9995525325587,103,0.237788234678377,4,0,FALSE
"no_morph__equal_domains__sqrt_hamming__energy",8,29.9995525325587,103,0.237788234678377,3,0,FALSE
"no_morph__equal_domains__sqrt_hamming__energy",9,29.9995525325586,103,0.237788234678377,4,0,FALSE
"no_morph__equal_domains__sqrt_hamming__energy",10,29.9995525325587,103,0.237788234678377,3,0,FALSE
"no_morph__equal_domains__sqrt_hamming__energy",11,29.9995525325586,103,0.237788234678377,4,0,FALSE
"no_morph__equal_domains__sqrt_hamming__energy",12,29.9995525325586,103,0.237788234678377,3,0,FALSE
"no_morph__equal_domains__sqrt_hamming__energy",13,29.9995525325586,103,0.237788234678377,4,0,FALSE
"no_morph__equal_domains__sqrt_hamming__energy",14,29.9995525325587,103,0.237788234678377,4,0,FALSE
"no_morph__equal_domains__sqrt_hamming__energy",15,29.9995525325587,103,0.237788234678377,3,0,FALSE
"no_morph__equal_domains__sqrt_hamming__energy",16,29.9995525325588,103,0.237788234678377,4,0,FALSE
"no_morph__equal_domains__sqrt_hamming__energy",17,29.9995525325586,103,0.237788234678377,3,0,FALSE
"no_morph__equal_domains__sqrt_hamming__energy",18,29.9995525325587,103,0.237788234678377,3,0,FALSE
"no_morph__equal_domains__sqrt_hamming__energy",19,29.9995525325587,103,0.237788234678377,4,0,FALSE
"no_morph__equal_domains__sqrt_hamming__energy",20,29.9995525325587,103,0.237788234678377,3,0,FALSE
"no_morph__equal_domains__sqrt_hamming__energy",21,29.9995525325587,103,0.237788234678377,3,0,FALSE
"no_morph__equal_domains__sqrt_hamming__energy",22,29.9995525325587,103,0.237788234678377,3,0,FALSE
"no_morph__equal_domains__sqrt_hamming__energy",23,29.9995525325586,103,0.237788234678377,3,0,FALSE
"no_morph__equal_domains__sqrt_hamming__energy",24,29.9995525325586,103,0.237788234678377,3,0,FALSE
"no_morph__equal_domains__sqrt_hamming__energy",25,29.9995525325587,103,0.237788234678377,4,0,FALSE
"no_morph__equal_domains__sqrt_hamming__energy",26,29.9995525325586,103,0.237788234678377,3,0,FALSE
"no_morph__equal_domains__sqrt_hamming__energy",27,29.9995525325586,103,0.237788234678377,4,0,FALSE
"no_morph__equal_domains__sqrt_hamming__energy",28,29.9995525325586,103,0.237788234678377,3,0,FALSE
"no_morph__equal_domains__sqrt_hamming__energy",29,29.9995525325587,103,0.237788234678377,3,0,FALSE
"no_morph__equal_domains__sqrt_hamming__energy",30,29.9995525325586,103,0.237788234678377,3,0,FALSE
"no_morph__equal_domains__sqrt_hamming__energy",31,29.9995525325586,103,0.237788234678377,3,0,FALSE
"no_morph__equal_domains__sqrt_hamming__energy",32,29.9995525325586,103,0.237788234678377,3,0,FALSE
"no_morph__equal_domains__sqrt_hamming__energy",33,29.9995525325587,103,0.237788234678377,4,0,FALSE
"no_morph__equal_domains__sqrt_hamming__energy",34,29.9995525325586,103,0.237788234678377,4,0,FALSE
"no_morph__equal_domains__sqrt_hamming__energy",35,29.9995525325586,103,0.237788234678377,3,0,FALSE
"no_morph__equal_domains__sqrt_hamming__energy",36,29.9995525325585,103,0.237788234678377,4,0,FALSE
"no_morph__equal_domains__sqrt_hamming__energy",37,29.9995525325586,103,0.237788234678377,6,0,FALSE
"no_morph__equal_domains__sqrt_hamming__energy",38,29.9995525325587,103,0.237788234678377,2,0,FALSE
"no_morph__equal_domains__sqrt_hamming__energy",39,29.9995525325586,103,0.237788234678377,4,0,FALSE
"no_morph__equal_domains__sqrt_hamming__energy",40,29.9995525325587,103,0.237788234678377,3,0,FALSE
"no_morph__equal_domains__sqrt_hamming__energy",41,29.9995525325586,103,0.237788234678377,3,0,FALSE
"no_morph__equal_domains__sqrt_hamming__energy",42,29.9995525325587,103,0.237788234678377,2,0,FALSE
"no_morph__equal_domains__sqrt_hamming__energy",43,29.9995525325586,103,0.237788234678377,4,0,FALSE
"no_morph__equal_domains__sqrt_hamming__energy",44,29.9995525325587,103,0.237788234678377,3,0,FALSE
"no_morph__equal_domains__sqrt_hamming__energy",45,29.9995525325587,103,0.237788234678377,4,0,FALSE
"no_morph__equal_domains__sqrt_hamming__energy",46,29.9995525325586,103,0.237788234678377,3,0,FALSE
"no_morph__equal_domains__sqrt_hamming__energy",47,29.9995525325587,103,0.237788234678377,3,0,FALSE
"no_morph__equal_domains__sqrt_hamming__energy",48,29.9995525325587,103,0.237788234678377,3,0,FALSE
"no_morph__equal_domains__sqrt_hamming__energy",49,29.9995525325587,103,0.237788234678377,4,0,FALSE
"no_morph__equal_domains__sqrt_hamming__energy",50,29.9995525325586,103,0.237788234678377,3,0,FALSE
"no_morph__equal_domains__sqrt_hamming__energy",51,29.9995525325587,103,0.237788234678377,3,0,FALSE
"no_morph__equal_domains__sqrt_hamming__energy",52,29.9995525325586,103,0.237788234678377,3,0,FALSE
"no_morph__equal_domains__sqrt_hamming__energy",53,29.9995525325587,103,0.237788234678377,4,0,FALSE
"no_morph__equal_domains__sqrt_hamming__energy",54,29.9995525325586,103,0.237788234678377,3,0,FALSE
"no_morph__equal_domains__sqrt_hamming__energy",55,29.9995525325586,103,0.237788234678377,2,0,FALSE
"no_morph__equal_domains__sqrt_hamming__energy",56,29.9995525325587,103,0.237788234678377,3,0,FALSE
"no_morph__equal_domains__sqrt_hamming__energy",57,29.9995525325586,103,0.237788234678377,3,0,FALSE
"no_morph__equal_domains__sqrt_hamming__energy",58,29.9995525325586,103,0.237788234678377,3,0,FALSE
"no_morph__equal_domains__sqrt_hamming__energy",59,29.9995525325587,103,0.237788234678377,3,0,FALSE
"no_morph__equal_domains__sqrt_hamming__energy",60,29.9995525325586,103,0.237788234678377,4,0,FALSE
"no_morph__equal_domains__sqrt_hamming__energy",61,29.9995525325587,103,0.237788234678377,3,0,FALSE
"no_morph__equal_domains__sqrt_hamming__energy",62,29.9995525325587,103,0.237788234678377,3,0,FALSE
"no_morph__equal_domains__sqrt_hamming__energy",63,29.9995525325586,103,0.237788234678377,3,0,FALSE
"no_morph__equal_domains__sqrt_hamming__energy",64,29.9995525325587,103,0.237788234678377,3,0,FALSE
"no_morph__equal_domains__sqrt_hamming__energy",65,29.9995525325585,103,0.237788234678377,4,0,FALSE
"no_morph__equal_domains__sqrt_hamming__energy",66,29.9995525325586,103,0.237788234678377,3,0,FALSE
"no_morph__equal_domains__sqrt_hamming__energy",67,29.9995525325586,103,0.237788234678377,3,0,FALSE
"no_morph__equal_domains__sqrt_hamming__energy",68,29.9995525325587,103,0.237788234678377,3,0,FALSE
"no_morph__equal_domains__sqrt_hamming__energy",69,29.9995525325586,103,0.237788234678377,4,0,FALSE
"no_morph__equal_domains__sqrt_hamming__energy",70,29.9995525325586,103,0.237788234678377,3,0,FALSE
"no_morph__equal_domains__sqrt_hamming__energy",71,29.9995525325586,103,0.237788234678377,4,0,FALSE
"no_morph__equal_domains__sqrt_hamming__energy",72,29.9995525325587,103,0.237788234678377,3,0,FALSE
"no_morph__equal_domains__sqrt_hamming__energy",73,29.9995525325586,103,0.237788234678377,3,0,FALSE
"no_morph__equal_domains__sqrt_hamming__energy",74,29.9995525325587,103,0.237788234678377,5,0,FALSE
"no_morph__equal_domains__sqrt_hamming__energy",75,29.9995525325587,103,0.237788234678377,3,0,FALSE
"no_morph__equal_domains__sqrt_hamming__energy",76,29.9995525325586,103,0.237788234678377,3,0,FALSE
"no_morph__equal_domains__sqrt_hamming__energy",77,29.9995525325586,103,0.237788234678377,3,0,FALSE
"no_morph__equal_domains__sqrt_hamming__energy",78,29.9995525325586,103,0.237788234678377,3,0,FALSE
"no_morph__equal_domains__sqrt_hamming__energy",79,29.9995525325586,103,0.237788234678377,4,0,FALSE
"no_morph__equal_domains__sqrt_hamming__energy",80,29.9995525325586,103,0.237788234678377,4,0,FALSE
"no_morph__equal_domains__sqrt_hamming__energy",81,29.9995525325586,103,0.237788234678377,3,0,FALSE
"no_morph__equal_domains__sqrt_hamming__energy",82,29.9995525325587,103,0.237788234678377,5,0,FALSE
"no_morph__equal_domains__sqrt_hamming__energy",83,29.9995525325587,103,0.237788234678377,3,0,FALSE
"no_morph__equal_domains__sqrt_hamming__energy",84,29.9995525325586,103,0.237788234678377,3,0,FALSE
"no_morph__equal_domains__sqrt_hamming__energy",85,29.9995525325587,103,0.237788234678377,3,0,FALSE
"no_morph__equal_domains__sqrt_hamming__energy",86,29.9995525325586,103,0.237788234678377,3,0,FALSE
"no_morph__equal_domains__sqrt_hamming__energy",87,29.9995525325587,103,0.237788234678377,3,0,FALSE
"no_morph__equal_domains__sqrt_hamming__energy",88,29.9995525325586,103,0.237788234678377,3,0,FALSE
"no_morph__equal_domains__sqrt_hamming__energy",89,29.9995525325587,103,0.237788234678377,3,0,FALSE
"no_morph__equal_domains__sqrt_hamming__energy",90,29.9995525325586,103,0.237788234678377,3,0,FALSE
"no_morph__equal_domains__sqrt_hamming__energy",91,29.9995525325587,103,0.237788234678377,4,0,FALSE
"no_morph__equal_domains__sqrt_hamming__energy",92,29.9995525325586,103,0.237788234678377,3,0,FALSE
"no_morph__equal_domains__sqrt_hamming__energy",93,29.9995525325587,103,0.237788234678377,3,0,FALSE
"no_morph__equal_domains__sqrt_hamming__energy",94,29.9995525325587,103,0.237788234678377,3,0,FALSE
"no_morph__equal_domains__sqrt_hamming__energy",95,29.9995525325586,103,0.237788234678377,3,0,FALSE
"no_morph__equal_domains__sqrt_hamming__energy",96,29.9995525325586,103,0.237788234678377,3,0,FALSE
"no_morph__equal_domains__sqrt_hamming__energy",97,29.9995525325585,103,0.237788234678377,3,0,TRUE
"no_morph__equal_domains__sqrt_hamming__energy",98,29.9995525325587,103,0.237788234678377,2,0,FALSE
"no_morph__equal_domains__sqrt_hamming__energy",99,29.9995525325587,103,0.237788234678377,3,0,FALSE
"no_morph__equal_domains__sqrt_hamming__energy",100,29.9995525325587,103,0.237788234678377,4,0,FALSE
"no_phon__equal_features__sqrt_hamming__energy",1,28.5457959120614,115,0.440577612821402,4,0,FALSE
"no_phon__equal_features__sqrt_hamming__energy",2,28.4335831110177,130,0.77996940781764,3,0,FALSE
"no_phon__equal_features__sqrt_hamming__energy",3,28.42482593325,131,0.805989846809123,5,0,FALSE
"no_phon__equal_features__sqrt_hamming__energy",4,28.42482593325,131,0.805989846809123,4,0,FALSE
"no_phon__equal_features__sqrt_hamming__energy",5,28.42482593325,131,0.805989846809123,4,0,FALSE
"no_phon__equal_features__sqrt_hamming__energy",6,28.4246276226719,131,0.805985990857994,6,0,FALSE
"no_phon__equal_features__sqrt_hamming__energy",7,28.4222235203667,130,0.77996430590564,4,0,FALSE
"no_phon__equal_features__sqrt_hamming__energy",8,28.4222235203669,130,0.77996430590564,3,0,FALSE
"no_phon__equal_features__sqrt_hamming__energy",9,28.4048983192781,123,0.609691204220982,4,0,FALSE
"no_phon__equal_features__sqrt_hamming__energy",10,28.4248659239051,128,0.729193117314019,3,0,FALSE
"no_phon__equal_features__sqrt_hamming__energy",11,28.422808634056,125,0.656218426752752,3,0,FALSE
"no_phon__equal_features__sqrt_hamming__energy",12,28.427949166323,132,0.832434356035834,5,0,FALSE
"no_phon__equal_features__sqrt_hamming__energy",13,28.4246276226721,131,0.805985990857994,5,0,FALSE
"no_phon__equal_features__sqrt_hamming__energy",14,28.4279658586085,125,0.656218426752752,3,0,FALSE
"no_phon__equal_features__sqrt_hamming__energy",15,29.5356440809705,90,0.0860873156842851,4,0,FALSE
"no_phon__equal_features__sqrt_hamming__energy",16,28.4246276226719,131,0.805985990857994,5,0,FALSE
"no_phon__equal_features__sqrt_hamming__energy",17,28.4060204101999,125,0.656232090438534,3,0,FALSE
"no_phon__equal_features__sqrt_hamming__energy",18,28.4309446955579,130,0.77996940781764,3,0,FALSE
"no_phon__equal_features__sqrt_hamming__energy",19,28.4288665674567,129,0.75436664356095,3,0,FALSE
"no_phon__equal_features__sqrt_hamming__energy",20,28.424627622672,131,0.805985990857994,4,0,FALSE
"no_phon__equal_features__sqrt_hamming__energy",21,28.4279491663232,132,0.832434356035834,6,0,FALSE
"no_phon__equal_features__sqrt_hamming__energy",22,28.5444980172704,114,0.421351542890547,4,0,FALSE
"no_phon__equal_features__sqrt_hamming__energy",23,28.4279491663232,132,0.832434356035834,5,0,FALSE
"no_phon__equal_features__sqrt_hamming__energy",24,28.42482593325,131,0.805989846809123,4,0,FALSE
"no_phon__equal_features__sqrt_hamming__energy",25,28.4248259332499,131,0.805989846809123,4,0,FALSE
"no_phon__equal_features__sqrt_hamming__energy",26,28.4048983192783,123,0.609691204220982,4,0,FALSE
"no_phon__equal_features__sqrt_hamming__energy",27,28.4357369492649,129,0.75436664356095,4,0,FALSE
"no_phon__equal_features__sqrt_hamming__energy",28,28.4186488177471,126,0.680118905972665,3,0,FALSE
"no_phon__equal_features__sqrt_hamming__energy",29,28.4048983192784,123,0.609691204220982,5,0,FALSE
"no_phon__equal_features__sqrt_hamming__energy",30,28.4246276226719,131,0.805985990857994,4,0,FALSE
"no_phon__equal_features__sqrt_hamming__energy",31,28.5457959120615,115,0.440577612821402,10,0,FALSE
"no_phon__equal_features__sqrt_hamming__energy",32,28.4248259332499,131,0.805989846809123,3,0,FALSE
"no_phon__equal_features__sqrt_hamming__energy",33,28.4248659239051,128,0.729193117314019,3,0,FALSE
"no_phon__equal_features__sqrt_hamming__energy",34,28.4043096373356,124,0.632742495376833,4,0,TRUE
"no_phon__equal_features__sqrt_hamming__energy",35,28.4279491663231,132,0.832434356035834,5,0,FALSE
"no_phon__equal_features__sqrt_hamming__energy",36,28.4294641919571,128,0.729193117314019,4,0,FALSE
"no_phon__equal_features__sqrt_hamming__energy",37,28.4043096373357,124,0.632742495376833,3,0,FALSE
"no_phon__equal_features__sqrt_hamming__energy",38,28.4048983192784,123,0.609691204220982,3,0,FALSE
"no_phon__equal_features__sqrt_hamming__energy",39,28.424627622672,131,0.805985990857994,4,0,FALSE
"no_phon__equal_features__sqrt_hamming__energy",40,28.4222235203669,130,0.77996430590564,4,0,FALSE
"no_phon__equal_features__sqrt_hamming__energy",41,28.4357369492651,129,0.75436664356095,4,0,FALSE
"no_phon__equal_features__sqrt_hamming__energy",42,28.4048983192782,123,0.609691204220982,3,0,FALSE
"no_phon__equal_features__sqrt_hamming__energy",43,28.4043096373358,124,0.632742495376833,4,0,FALSE
"no_phon__equal_features__sqrt_hamming__energy",44,28.4048983192783,123,0.609691204220982,4,0,FALSE
"no_phon__equal_features__sqrt_hamming__energy",45,28.4246276226719,131,0.805985990857994,4,0,FALSE
"no_phon__equal_features__sqrt_hamming__energy",46,28.424627622672,131,0.805985990857994,5,0,FALSE
"no_phon__equal_features__sqrt_hamming__energy",47,28.4248259332498,131,0.805989846809123,5,0,FALSE
"no_phon__equal_features__sqrt_hamming__energy",48,28.424627622672,131,0.805985990857994,5,0,FALSE
"no_phon__equal_features__sqrt_hamming__energy",49,28.4279491663231,132,0.832434356035834,3,0,FALSE
"no_phon__equal_features__sqrt_hamming__energy",50,28.4299576660439,129,0.75436664356095,3,0,FALSE
"no_phon__equal_features__sqrt_hamming__energy",51,28.4246276226721,131,0.805985990857994,4,0,FALSE
"no_phon__equal_features__sqrt_hamming__energy",52,28.4288665674567,129,0.75436664356095,3,0,FALSE
"no_phon__equal_features__sqrt_hamming__energy",53,28.42482593325,131,0.805989846809123,6,0,FALSE
"no_phon__equal_features__sqrt_hamming__energy",54,28.4246276226719,131,0.805985990857994,3,0,FALSE
"no_phon__equal_features__sqrt_hamming__energy",55,28.4058642569994,124,0.632758308161156,2,0,FALSE
"no_phon__equal_features__sqrt_hamming__energy",56,28.4222235203669,130,0.77996430590564,4,0,FALSE
"no_phon__equal_features__sqrt_hamming__energy",57,28.424627622672,131,0.805985990857994,4,0,FALSE
"no_phon__equal_features__sqrt_hamming__energy",58,28.4048983192784,123,0.609691204220982,4,0,FALSE
"no_phon__equal_features__sqrt_hamming__energy",59,28.4279491663231,132,0.832434356035834,4,0,FALSE
"no_phon__equal_features__sqrt_hamming__energy",60,28.4357369492652,129,0.75436664356095,6,0,FALSE
"no_phon__equal_features__sqrt_hamming__energy",61,28.4222235203669,130,0.77996430590564,3,0,FALSE
"no_phon__equal_features__sqrt_hamming__energy",62,28.4248659239051,128,0.729193117314019,3,0,FALSE
"no_phon__equal_features__sqrt_hamming__energy",63,28.4222235203668,130,0.77996430590564,4,0,FALSE
"no_phon__equal_features__sqrt_hamming__energy",64,28.4246276226719,131,0.805985990857994,4,0,FALSE
"no_phon__equal_features__sqrt_hamming__energy",65,28.4248259332498,131,0.805989846809123,4,0,FALSE
"no_phon__equal_features__sqrt_hamming__energy",66,28.4357369492651,129,0.75436664356095,5,0,FALSE
"no_phon__equal_features__sqrt_hamming__energy",67,28.418648817747,126,0.680118905972665,3,0,FALSE
"no_phon__equal_features__sqrt_hamming__energy",68,28.4279491663231,132,0.832434356035834,8,0,FALSE
"no_phon__equal_features__sqrt_hamming__energy",69,28.4048983192783,123,0.609691204220982,4,0,FALSE
"no_phon__equal_features__sqrt_hamming__energy",70,28.4279491663232,132,0.832434356035834,5,0,FALSE
"no_phon__equal_features__sqrt_hamming__energy",71,28.424627622672,131,0.805985990857994,4,0,FALSE
"no_phon__equal_features__sqrt_hamming__energy",72,28.424627622672,131,0.805985990857994,3,0,FALSE
"no_phon__equal_features__sqrt_hamming__energy",73,28.4248259332498,131,0.805989846809123,2,0,FALSE
"no_phon__equal_features__sqrt_hamming__energy",74,28.4043096373357,124,0.632742495376833,2,0,FALSE
"no_phon__equal_features__sqrt_hamming__energy",75,28.4279491663231,132,0.832434356035834,6,0,FALSE
"no_phon__equal_features__sqrt_hamming__energy",76,28.426630184325,127,0.704443836435021,3,0,FALSE
"no_phon__equal_features__sqrt_hamming__energy",77,28.4222235203668,130,0.77996430590564,3,0,FALSE
"no_phon__equal_features__sqrt_hamming__energy",78,28.424627622672,131,0.805985990857994,4,0,FALSE
"no_phon__equal_features__sqrt_hamming__energy",79,28.4279491663232,132,0.832434356035834,7,0,FALSE
"no_phon__equal_features__sqrt_hamming__energy",80,28.4279491663231,132,0.832434356035834,4,0,FALSE
"no_phon__equal_features__sqrt_hamming__energy",81,28.4246400171045,127,0.704453625952981,3,0,FALSE
"no_phon__equal_features__sqrt_hamming__energy",82,28.4186488177471,126,0.680118905972665,3,0,FALSE
"no_phon__equal_features__sqrt_hamming__energy",83,28.4248259332498,131,0.805989846809123,4,0,FALSE
"no_phon__equal_features__sqrt_hamming__energy",84,28.4058642569994,124,0.632758308161156,3,0,FALSE
"no_phon__equal_features__sqrt_hamming__energy",85,28.4248259332499,131,0.805989846809123,4,0,FALSE
"no_phon__equal_features__sqrt_hamming__energy",86,28.4357369492651,129,0.75436664356095,5,0,FALSE
"no_phon__equal_features__sqrt_hamming__energy",87,28.424627622672,131,0.805985990857994,4,0,FALSE
"no_phon__equal_features__sqrt_hamming__energy",88,28.424627622672,131,0.805985990857994,3,0,FALSE
"no_phon__equal_features__sqrt_hamming__energy",89,28.424627622672,131,0.805985990857994,3,0,FALSE
"no_phon__equal_features__sqrt_hamming__energy",90,28.4279491663232,132,0.832434356035834,5,0,FALSE
"no_phon__equal_features__sqrt_hamming__energy",91,28.427949166323,132,0.832434356035834,8,0,FALSE
"no_phon__equal_features__sqrt_hamming__energy",92,29.6575004115037,75,0.000528004406272312,3,0,FALSE
"no_phon__equal_features__sqrt_hamming__energy",93,28.551899275667,112,0.384175443023702,4,0,FALSE
"no_phon__equal_features__sqrt_hamming__energy",94,28.4048983192784,123,0.609691204220982,4,0,FALSE
"no_phon__equal_features__sqrt_hamming__energy",95,28.4288665674567,129,0.75436664356095,3,0,FALSE
"no_phon__equal_features__sqrt_hamming__energy",96,28.4294641919572,128,0.729193117314019,3,0,FALSE
"no_phon__equal_features__sqrt_hamming__energy",97,28.4279491663231,132,0.832434356035834,3,0,FALSE
"no_phon__equal_features__sqrt_hamming__energy",98,28.4058642569993,124,0.632758308161156,3,0,FALSE
"no_phon__equal_features__sqrt_hamming__energy",99,28.4357369492652,129,0.75436664356095,5,0,FALSE
"no_phon__equal_features__sqrt_hamming__energy",100,28.4246276226721,131,0.805985990857994,5,0,FALSE
"no_phon__equal_domains__sqrt_hamming__energy",1,29.3471419095492,128,0.729193117314019,4,0,FALSE
"no_phon__equal_domains__sqrt_hamming__energy",2,29.3399939405118,131,0.805985990857994,3,0,FALSE
"no_phon__equal_domains__sqrt_hamming__energy",3,29.3399939405118,131,0.805985990857994,5,0,FALSE
"no_phon__equal_domains__sqrt_hamming__energy",4,29.3357720633234,130,0.77996430590564,4,0,FALSE
"no_phon__equal_domains__sqrt_hamming__energy",5,29.3524494091538,125,0.656218426752752,4,0,FALSE
"no_phon__equal_domains__sqrt_hamming__energy",6,29.3654445807006,130,0.779958474859348,5,0,FALSE
"no_phon__equal_domains__sqrt_hamming__energy",7,29.3399939405117,131,0.805985990857994,4,0,FALSE
"no_phon__equal_domains__sqrt_hamming__energy",8,29.3357720633234,130,0.77996430590564,3,0,FALSE
"no_phon__equal_domains__sqrt_hamming__energy",9,29.3569447886558,123,0.609691204220982,4,0,FALSE
"no_phon__equal_domains__sqrt_hamming__energy",10,29.3357720633233,130,0.77996430590564,3,0,FALSE
"no_phon__equal_domains__sqrt_hamming__energy",11,30.4765083017029,83,0.034148650963376,3,0,FALSE
"no_phon__equal_domains__sqrt_hamming__energy",12,29.3654445807006,130,0.779958474859348,3,0,FALSE
"no_phon__equal_domains__sqrt_hamming__energy",13,29.3399939405118,131,0.805985990857994,6,0,FALSE
"no_phon__equal_domains__sqrt_hamming__energy",14,29.3658057373979,126,0.680118905972665,3,0,FALSE
"no_phon__equal_domains__sqrt_hamming__energy",15,30.5663989732604,76,0.00325064111457707,3,0,FALSE
"no_phon__equal_domains__sqrt_hamming__energy",16,29.3654445807006,130,0.779958474859348,5,0,FALSE
"no_phon__equal_domains__sqrt_hamming__energy",17,29.3567421278322,133,0.859300953535738,3,0,FALSE
"no_phon__equal_domains__sqrt_hamming__energy",18,29.3357720633234,130,0.77996430590564,3,0,FALSE
"no_phon__equal_domains__sqrt_hamming__energy",19,29.3357720633233,130,0.77996430590564,3,0,FALSE
"no_phon__equal_domains__sqrt_hamming__energy",20,29.3608713591415,129,0.754358506849612,3,0,FALSE
"no_phon__equal_domains__sqrt_hamming__energy",21,29.3399939405118,131,0.805985990857994,6,0,FALSE
"no_phon__equal_domains__sqrt_hamming__energy",22,29.5251476790075,115,0.440507210932188,5,0,FALSE
"no_phon__equal_domains__sqrt_hamming__energy",23,29.35783735523,134,0.886593983196741,5,0,FALSE
"no_phon__equal_domains__sqrt_hamming__energy",24,29.3357720633233,130,0.77996430590564,4,0,FALSE
"no_phon__equal_domains__sqrt_hamming__energy",25,29.3357720633233,130,0.77996430590564,4,0,FALSE
"no_phon__equal_domains__sqrt_hamming__energy",26,29.3569447886559,123,0.609691204220982,5,0,FALSE
"no_phon__equal_domains__sqrt_hamming__energy",27,29.3654445807005,130,0.779958474859348,4,0,FALSE
"no_phon__equal_domains__sqrt_hamming__energy",28,29.3524494091537,125,0.656218426752752,3,0,FALSE
"no_phon__equal_domains__sqrt_hamming__energy",29,29.5251476790075,115,0.440507210932188,4,0,FALSE
"no_phon__equal_domains__sqrt_hamming__energy",30,29.3399939405117,131,0.805985990857994,3,0,FALSE
"no_phon__equal_domains__sqrt_hamming__energy",31,29.5389209402273,119,0.521651763908076,6,0,FALSE
"no_phon__equal_domains__sqrt_hamming__energy",32,29.3357720633233,130,0.77996430590564,3,0,FALSE
"no_phon__equal_domains__sqrt_hamming__energy",33,29.3471419095492,128,0.729193117314019,4,0,FALSE
"no_phon__equal_domains__sqrt_hamming__energy",34,29.3654445807006,130,0.779958474859348,4,0,FALSE
"no_phon__equal_domains__sqrt_hamming__energy",35,29.3399939405117,131,0.805985990857994,4,0,FALSE
"no_phon__equal_domains__sqrt_hamming__energy",36,29.3357720633233,130,0.77996430590564,5,0,TRUE
"no_phon__equal_domains__sqrt_hamming__energy",37,29.3548221986393,124,0.632742495376833,4,0,FALSE
"no_phon__equal_domains__sqrt_hamming__energy",38,29.3399939405117,131,0.805985990857994,3,0,FALSE
"no_phon__equal_domains__sqrt_hamming__energy",39,29.3399939405117,131,0.805985990857994,4,0,FALSE
"no_phon__equal_domains__sqrt_hamming__energy",40,29.3357720633233,130,0.77996430590564,4,0,FALSE
"no_phon__equal_domains__sqrt_hamming__energy",41,29.3654445807006,130,0.779958474859348,4,0,FALSE
"no_phon__equal_domains__sqrt_hamming__energy",42,29.3569447886559,123,0.609691204220982,3,0,FALSE
"no_phon__equal_domains__sqrt_hamming__energy",43,29.3548221986393,124,0.632742495376833,4,0,FALSE
"no_phon__equal_domains__sqrt_hamming__energy",44,29.3524494091538,125,0.656218426752752,4,0,FALSE
"no_phon__equal_domains__sqrt_hamming__energy",45,29.3399939405118,131,0.805985990857994,4,0,FALSE
"no_phon__equal_domains__sqrt_hamming__energy",46,29.3654445807006,130,0.779958474859348,5,0,FALSE
"no_phon__equal_domains__sqrt_hamming__energy",47,29.3357720633233,130,0.77996430590564,6,0,FALSE
"no_phon__equal_domains__sqrt_hamming__energy",48,29.3608713591415,129,0.754358506849612,4,0,FALSE
"no_phon__equal_domains__sqrt_hamming__energy",49,29.3399939405118,131,0.805985990857994,3,0,FALSE
"no_phon__equal_domains__sqrt_hamming__energy",50,29.3770297067999,127,0.704430130020303,3,0,FALSE
"no_phon__equal_domains__sqrt_hamming__energy",51,29.3608713591415,129,0.754358506849612,4,0,FALSE
"no_phon__equal_domains__sqrt_hamming__energy",52,29.3357720633233,130,0.77996430590564,3,0,FALSE
"no_phon__equal_domains__sqrt_hamming__energy",53,29.3357720633234,130,0.77996430590564,7,0,FALSE
"no_phon__equal_domains__sqrt_hamming__energy",54,29.3399939405118,131,0.805985990857994,3,0,FALSE
"no_phon__equal_domains__sqrt_hamming__energy",55,29.3357720633234,130,0.77996430590564,3,0,FALSE
"no_phon__equal_domains__sqrt_hamming__energy",56,29.3357720633234,130,0.77996430590564,4,0,FALSE
"no_phon__equal_domains__sqrt_hamming__energy",57,29.3731429756446,132,0.83242936038251,4,0,FALSE
"no_phon__equal_domains__sqrt_hamming__energy",58,29.3524494091538,125,0.656218426752752,6,0,FALSE
"no_phon__equal_domains__sqrt_hamming__energy",59,29.512394715267,122,0.587064641434664,3,0,FALSE
"no_phon__equal_domains__sqrt_hamming__energy",60,29.5389209402273,119,0.521651763908076,6,0,FALSE
"no_phon__equal_domains__sqrt_hamming__energy",61,29.5046955743205,121,0.564862890939718,3,0,FALSE
"no_phon__equal_domains__sqrt_hamming__energy",62,29.3471419095492,128,0.729193117314019,3,0,FALSE
"no_phon__equal_domains__sqrt_hamming__energy",63,29.3700449588401,130,0.779958474859348,3,0,FALSE
"no_phon__equal_domains__sqrt_hamming__energy",64,29.3399939405118,131,0.805985990857994,4,0,FALSE
"no_phon__equal_domains__sqrt_hamming__energy",65,29.3357720633233,130,0.77996430590564,3,0,FALSE
"no_phon__equal_domains__sqrt_hamming__energy",66,29.3654445807006,130,0.779958474859348,5,0,FALSE
"no_phon__equal_domains__sqrt_hamming__energy",67,29.3357720633233,130,0.77996430590564,3,0,FALSE
"no_phon__equal_domains__sqrt_hamming__energy",68,29.5389209402273,119,0.521651763908076,5,0,FALSE
"no_phon__equal_domains__sqrt_hamming__energy",69,30.4687965984123,83,0.034148650963376,3,0,FALSE
"no_phon__equal_domains__sqrt_hamming__energy",70,29.3399939405118,131,0.805985990857994,6,0,FALSE
"no_phon__equal_domains__sqrt_hamming__energy",71,29.3654445807006,130,0.779958474859348,4,0,FALSE
"no_phon__equal_domains__sqrt_hamming__energy",72,29.5068253821893,123,0.609691204220982,4,0,FALSE
"no_phon__equal_domains__sqrt_hamming__energy",73,29.3357720633234,130,0.77996430590564,3,0,FALSE
"no_phon__equal_domains__sqrt_hamming__energy",74,29.3548221986393,124,0.632742495376833,2,0,FALSE
"no_phon__equal_domains__sqrt_hamming__energy",75,29.3399939405118,131,0.805985990857994,5,0,FALSE
"no_phon__equal_domains__sqrt_hamming__energy",76,29.3357720633233,130,0.77996430590564,3,0,FALSE
"no_phon__equal_domains__sqrt_hamming__energy",77,29.3658365346035,129,0.754358506849612,3,0,FALSE
"no_phon__equal_domains__sqrt_hamming__energy",78,29.3399939405118,131,0.805985990857994,4,0,FALSE
"no_phon__equal_domains__sqrt_hamming__energy",79,29.3357720633233,130,0.77996430590564,5,0,FALSE
"no_phon__equal_domains__sqrt_hamming__energy",80,29.3399939405117,131,0.805985990857994,4,0,FALSE
"no_phon__equal_domains__sqrt_hamming__energy",81,29.3357720633233,130,0.77996430590564,3,0,FALSE
"no_phon__equal_domains__sqrt_hamming__energy",82,29.3525701172251,127,0.704443836435021,3,0,FALSE
"no_phon__equal_domains__sqrt_hamming__energy",83,29.3357720633233,130,0.77996430590564,4,0,FALSE
"no_phon__equal_domains__sqrt_hamming__energy",84,29.3569447886559,123,0.609691204220982,3,0,FALSE
"no_phon__equal_domains__sqrt_hamming__energy",85,29.3357720633233,130,0.77996430590564,4,0,FALSE
"no_phon__equal_domains__sqrt_hamming__energy",86,29.3688202659689,131,0.805982134753588,5,0,FALSE
"no_phon__equal_domains__sqrt_hamming__energy",87,29.3399939405118,131,0.805985990857994,4,0,FALSE
"no_phon__equal_domains__sqrt_hamming__energy",88,29.3399939405117,131,0.805985990857994,4,0,FALSE
"no_phon__equal_domains__sqrt_hamming__energy",89,29.3688202659689,131,0.805982134753588,3,0,FALSE
"no_phon__equal_domains__sqrt_hamming__energy",90,29.5169304655675,113,0.402467707359881,6,0,FALSE
"no_phon__equal_domains__sqrt_hamming__energy",91,29.3578373552301,134,0.886593983196741,5,0,FALSE
"no_phon__equal_domains__sqrt_hamming__energy",92,30.6711292923849,74,-0.00182618074731812,4,0,FALSE
"no_phon__equal_domains__sqrt_hamming__energy",93,30.5693377908579,75,0.000475041171689441,3,0,FALSE
"no_phon__equal_domains__sqrt_hamming__energy",94,29.3472068713208,126,0.680118905972665,5,0,FALSE
"no_phon__equal_domains__sqrt_hamming__energy",95,29.3357720633233,130,0.77996430590564,3,0,FALSE
"no_phon__equal_domains__sqrt_hamming__energy",96,29.3357720633233,130,0.77996430590564,3,0,FALSE
"no_phon__equal_domains__sqrt_hamming__energy",97,29.3357720633234,130,0.77996430590564,4,0,FALSE
"no_phon__equal_domains__sqrt_hamming__energy",98,29.3569447886559,123,0.609691204220982,3,0,FALSE
"no_phon__equal_domains__sqrt_hamming__energy",99,29.368820265969,131,0.805982134753588,4,0,FALSE
"no_phon__equal_domains__sqrt_hamming__energy",100,29.3357720633233,130,0.77996430590564,6,0,FALSE
"no_phon__unique_profiles__sqrt_hamming__energy",1,28.5969288296547,128,0.729193117314019,4,0,FALSE
"no_phon__unique_profiles__sqrt_hamming__energy",2,28.6058417557801,130,0.77996940781764,3,0,FALSE
"no_phon__unique_profiles__sqrt_hamming__energy",3,28.5970002807086,131,0.805989846809123,5,0,FALSE
"no_phon__unique_profiles__sqrt_hamming__energy",4,28.5970002807086,131,0.805989846809123,4,0,FALSE
"no_phon__unique_profiles__sqrt_hamming__energy",5,28.5759270890876,124,0.632742495376833,5,0,FALSE
"no_phon__unique_profiles__sqrt_hamming__energy",6,28.5968572674505,131,0.805985990857994,6,0,FALSE
"no_phon__unique_profiles__sqrt_hamming__energy",7,28.594344404292,130,0.77996430590564,4,0,FALSE
"no_phon__unique_profiles__sqrt_hamming__energy",8,28.594344404292,130,0.77996430590564,3,0,FALSE
"no_phon__unique_profiles__sqrt_hamming__energy",9,28.5764540825186,123,0.609691204220982,4,0,FALSE
"no_phon__unique_profiles__sqrt_hamming__energy",10,28.5969288296547,128,0.729193117314019,3,0,FALSE
"no_phon__unique_profiles__sqrt_hamming__energy",11,28.5946222948768,125,0.656218426752752,3,0,FALSE
"no_phon__unique_profiles__sqrt_hamming__energy",12,28.6002387143444,132,0.832434356035834,5,0,FALSE
"no_phon__unique_profiles__sqrt_hamming__energy",13,28.5968572674505,131,0.805985990857994,5,0,FALSE
"no_phon__unique_profiles__sqrt_hamming__energy",14,28.5999013778537,125,0.656218426752752,3,0,FALSE
"no_phon__unique_profiles__sqrt_hamming__energy",15,29.7260013715795,90,0.0860873156842851,4,0,FALSE
"no_phon__unique_profiles__sqrt_hamming__energy",16,28.5968572674504,131,0.805985990857994,5,0,FALSE
"no_phon__unique_profiles__sqrt_hamming__energy",17,28.5776843405371,125,0.656232090438534,3,0,FALSE
"no_phon__unique_profiles__sqrt_hamming__energy",18,28.6031461333395,130,0.77996940781764,3,0,FALSE
"no_phon__unique_profiles__sqrt_hamming__energy",19,28.6010112153511,129,0.75436664356095,3,0,FALSE
"no_phon__unique_profiles__sqrt_hamming__energy",20,28.5968572674505,131,0.805985990857994,4,0,FALSE
"no_phon__unique_profiles__sqrt_hamming__energy",21,28.6002387143443,132,0.832434356035834,6,0,FALSE
"no_phon__unique_profiles__sqrt_hamming__energy",22,28.7181399776654,114,0.421351542890547,4,0,FALSE
"no_phon__unique_profiles__sqrt_hamming__energy",23,28.6002387143443,132,0.832434356035834,5,0,FALSE
"no_phon__unique_profiles__sqrt_hamming__energy",24,28.5970002807086,131,0.805989846809123,4,0,FALSE
"no_phon__unique_profiles__sqrt_hamming__energy",25,28.5970002807086,131,0.805989846809123,4,0,FALSE
"no_phon__unique_profiles__sqrt_hamming__energy",26,28.5764540825186,123,0.609691204220982,4,0,FALSE
"no_phon__unique_profiles__sqrt_hamming__energy",27,28.6079827204924,129,0.75436664356095,4,0,FALSE
"no_phon__unique_profiles__sqrt_hamming__energy",28,28.5904910998014,126,0.680118905972665,3,0,FALSE
"no_phon__unique_profiles__sqrt_hamming__energy",29,28.5764540825186,123,0.609691204220982,5,0,FALSE
"no_phon__unique_profiles__sqrt_hamming__energy",30,28.5968572674505,131,0.805985990857994,4,0,FALSE
"no_phon__unique_profiles__sqrt_hamming__energy",31,28.7194386286277,115,0.440577612821402,8,0,FALSE
"no_phon__unique_profiles__sqrt_hamming__energy",32,28.5970002807086,131,0.805989846809123,3,0,FALSE
"no_phon__unique_profiles__sqrt_hamming__energy",33,28.5969288296547,128,0.729193117314019,3,0,FALSE
"no_phon__unique_profiles__sqrt_hamming__energy",34,28.5759270890876,124,0.632742495376833,4,0,FALSE
"no_phon__unique_profiles__sqrt_hamming__energy",35,28.6002387143444,132,0.832434356035834,5,0,FALSE
"no_phon__unique_profiles__sqrt_hamming__energy",36,28.6015658854655,128,0.729193117314019,4,0,FALSE
"no_phon__unique_profiles__sqrt_hamming__energy",37,28.5759270890875,124,0.632742495376833,3,0,TRUE
"no_phon__unique_profiles__sqrt_hamming__energy",38,28.5764540825186,123,0.609691204220982,3,0,FALSE
"no_phon__unique_profiles__sqrt_hamming__energy",39,28.5968572674505,131,0.805985990857994,4,0,FALSE
"no_phon__unique_profiles__sqrt_hamming__energy",40,28.594344404292,130,0.77996430590564,4,0,FALSE
"no_phon__unique_profiles__sqrt_hamming__energy",41,28.5764540825186,123,0.609691204220982,5,0,FALSE
"no_phon__unique_profiles__sqrt_hamming__energy",42,28.5764540825186,123,0.609691204220982,3,0,FALSE
"no_phon__unique_profiles__sqrt_hamming__energy",43,28.5759270890876,124,0.632742495376833,4,0,FALSE
"no_phon__unique_profiles__sqrt_hamming__energy",44,28.5764540825186,123,0.609691204220982,4,0,FALSE
"no_phon__unique_profiles__sqrt_hamming__energy",45,28.5968572674505,131,0.805985990857994,4,0,FALSE
"no_phon__unique_profiles__sqrt_hamming__energy",46,28.5968572674504,131,0.805985990857994,5,0,FALSE
"no_phon__unique_profiles__sqrt_hamming__energy",47,28.5970002807085,131,0.805989846809123,5,0,FALSE
"no_phon__unique_profiles__sqrt_hamming__energy",48,28.5968572674504,131,0.805985990857994,4,0,FALSE
"no_phon__unique_profiles__sqrt_hamming__energy",49,28.5968572674504,131,0.805985990857994,3,0,FALSE
"no_phon__unique_profiles__sqrt_hamming__energy",50,28.6021529150443,129,0.75436664356095,3,0,FALSE
"no_phon__unique_profiles__sqrt_hamming__energy",51,28.5968572674504,131,0.805985990857994,4,0,FALSE
"no_phon__unique_profiles__sqrt_hamming__energy",52,28.5764540825186,123,0.609691204220982,3,0,FALSE
"no_phon__unique_profiles__sqrt_hamming__energy",53,28.5970002807085,131,0.805989846809123,6,0,FALSE
"no_phon__unique_profiles__sqrt_hamming__energy",54,28.5968572674505,131,0.805985990857994,3,0,FALSE
"no_phon__unique_profiles__sqrt_hamming__energy",55,28.577459498617,124,0.632758308161156,2,0,FALSE
"no_phon__unique_profiles__sqrt_hamming__energy",56,28.594344404292,130,0.77996430590564,4,0,FALSE
"no_phon__unique_profiles__sqrt_hamming__energy",57,28.5968572674505,131,0.805985990857994,4,0,FALSE
"no_phon__unique_profiles__sqrt_hamming__energy",58,28.5764540825186,123,0.609691204220982,4,0,FALSE
"no_phon__unique_profiles__sqrt_hamming__energy",59,28.6002387143443,132,0.832434356035834,4,0,FALSE
"no_phon__unique_profiles__sqrt_hamming__energy",60,28.6079827204922,129,0.75436664356095,6,0,FALSE
"no_phon__unique_profiles__sqrt_hamming__energy",61,28.5943444042919,130,0.77996430590564,3,0,FALSE
"no_phon__unique_profiles__sqrt_hamming__energy",62,28.5969288296547,128,0.729193117314019,3,0,FALSE
"no_phon__unique_profiles__sqrt_hamming__energy",63,28.5943444042921,130,0.77996430590564,4,0,FALSE
"no_phon__unique_profiles__sqrt_hamming__energy",64,28.5968572674504,131,0.805985990857994,4,0,FALSE
"no_phon__unique_profiles__sqrt_hamming__energy",65,28.5970002807085,131,0.805989846809123,4,0,FALSE
"no_phon__unique_profiles__sqrt_hamming__energy",66,28.6079827204922,129,0.75436664356095,5,0,FALSE
"no_phon__unique_profiles__sqrt_hamming__energy",67,28.5904910998014,126,0.680118905972665,3,0,FALSE
"no_phon__unique_profiles__sqrt_hamming__energy",68,28.6002387143443,132,0.832434356035834,8,0,FALSE
"no_phon__unique_profiles__sqrt_hamming__energy",69,28.5764540825186,123,0.609691204220982,4,0,FALSE
"no_phon__unique_profiles__sqrt_hamming__energy",70,28.6002387143443,132,0.832434356035834,5,0,FALSE
"no_phon__unique_profiles__sqrt_hamming__energy",71,28.5968572674505,131,0.805985990857994,4,0,FALSE
"no_phon__unique_profiles__sqrt_hamming__energy",72,28.5968572674504,131,0.805985990857994,3,0,FALSE
"no_phon__unique_profiles__sqrt_hamming__energy",73,28.5970002807085,131,0.805989846809123,2,0,FALSE
"no_phon__unique_profiles__sqrt_hamming__energy",74,28.5759270890876,124,0.632742495376833,2,0,FALSE
"no_phon__unique_profiles__sqrt_hamming__energy",75,28.6002387143444,132,0.832434356035834,6,0,FALSE
"no_phon__unique_profiles__sqrt_hamming__energy",76,28.5986784339434,127,0.704443836435021,3,0,FALSE
"no_phon__unique_profiles__sqrt_hamming__energy",77,28.594344404292,130,0.77996430590564,3,0,FALSE
"no_phon__unique_profiles__sqrt_hamming__energy",78,28.5968572674504,131,0.805985990857994,4,0,FALSE
"no_phon__unique_profiles__sqrt_hamming__energy",79,28.5970002807086,131,0.805989846809123,7,0,FALSE
"no_phon__unique_profiles__sqrt_hamming__energy",80,28.6002387143443,132,0.832434356035834,4,0,FALSE
"no_phon__unique_profiles__sqrt_hamming__energy",81,28.5966415719338,127,0.704453625952981,3,0,FALSE
"no_phon__unique_profiles__sqrt_hamming__energy",82,28.5904910998014,126,0.680118905972665,3,0,FALSE
"no_phon__unique_profiles__sqrt_hamming__energy",83,28.5970002807086,131,0.805989846809123,4,0,FALSE
"no_phon__unique_profiles__sqrt_hamming__energy",84,28.5774594986171,124,0.632758308161156,3,0,FALSE
"no_phon__unique_profiles__sqrt_hamming__energy",85,28.5970002807086,131,0.805989846809123,4,0,FALSE
"no_phon__unique_profiles__sqrt_hamming__energy",86,28.6079827204923,129,0.75436664356095,5,0,FALSE
"no_phon__unique_profiles__sqrt_hamming__energy",87,28.5968572674505,131,0.805985990857994,4,0,FALSE
"no_phon__unique_profiles__sqrt_hamming__energy",88,28.5968572674504,131,0.805985990857994,3,0,FALSE
"no_phon__unique_profiles__sqrt_hamming__energy",89,28.5968572674505,131,0.805985990857994,3,0,FALSE
"no_phon__unique_profiles__sqrt_hamming__energy",90,28.6002387143443,132,0.832434356035834,5,0,FALSE
"no_phon__unique_profiles__sqrt_hamming__energy",91,28.6002387143443,132,0.832434356035834,8,0,FALSE
"no_phon__unique_profiles__sqrt_hamming__energy",92,29.8464268510983,75,0.000528004406272312,3,0,FALSE
"no_phon__unique_profiles__sqrt_hamming__energy",93,28.7256691632553,112,0.384175443023702,4,0,FALSE
"no_phon__unique_profiles__sqrt_hamming__energy",94,28.5764540825187,123,0.609691204220982,4,0,FALSE
"no_phon__unique_profiles__sqrt_hamming__energy",95,28.601011215351,129,0.75436664356095,3,0,FALSE
"no_phon__unique_profiles__sqrt_hamming__energy",96,28.6015658854655,128,0.729193117314019,3,0,FALSE
"no_phon__unique_profiles__sqrt_hamming__energy",97,28.6002387143444,132,0.832434356035834,3,0,FALSE
"no_phon__unique_profiles__sqrt_hamming__energy",98,28.5774594986171,124,0.632758308161156,3,0,FALSE
"no_phon__unique_profiles__sqrt_hamming__energy",99,28.6079827204923,129,0.75436664356095,5,0,FALSE
"no_phon__unique_profiles__sqrt_hamming__energy",100,28.5968572674505,131,0.805985990857994,5,0,FALSE
"no_sem__equal_features__sqrt_hamming__energy",1,28.2861811572365,92,0.104704055549976,4,0,FALSE
"no_sem__equal_features__sqrt_hamming__energy",2,27.3521184350754,130,0.77996940781764,3,0,FALSE
"no_sem__equal_features__sqrt_hamming__energy",3,27.7568339874803,117,0.480202261250161,6,0,FALSE
"no_sem__equal_features__sqrt_hamming__energy",4,27.7568339874803,117,0.480202261250161,5,0,FALSE
"no_sem__equal_features__sqrt_hamming__energy",5,28.3828415097545,82,0.0286894368793455,7,0,FALSE
"no_sem__equal_features__sqrt_hamming__energy",6,27.3649362108209,126,0.680096654082059,5,0,FALSE
"no_sem__equal_features__sqrt_hamming__energy",7,27.7568339874803,117,0.480202261250161,3,0,FALSE
"no_sem__equal_features__sqrt_hamming__energy",8,27.6631618933231,122,0.587134380032653,4,0,FALSE
"no_sem__equal_features__sqrt_hamming__energy",9,27.3444255054934,122,0.587019503903878,4,0,FALSE
"no_sem__equal_features__sqrt_hamming__energy",10,27.3444255054933,122,0.587019503903878,4,0,FALSE
"no_sem__equal_features__sqrt_hamming__energy",11,27.3379947227874,128,0.72920119024141,3,0,FALSE
"no_sem__equal_features__sqrt_hamming__energy",12,27.7551809639398,116,0.460094873043811,3,0,FALSE
"no_sem__equal_features__sqrt_hamming__energy",13,27.3521184350754,130,0.77996940781764,6,0,FALSE
"no_sem__equal_features__sqrt_hamming__energy",14,27.3521184350754,130,0.77996940781764,5,0,FALSE
"no_sem__equal_features__sqrt_hamming__energy",15,27.376751319466,114,0.421311303160522,4,0,FALSE
"no_sem__equal_features__sqrt_hamming__energy",16,27.3444255054934,122,0.587019503903878,3,0,FALSE
"no_sem__equal_features__sqrt_hamming__energy",17,27.3444255054934,122,0.587019503903878,4,0,FALSE
"no_sem__equal_features__sqrt_hamming__energy",18,27.3502731032644,121,0.564811003254715,2,0,FALSE
"no_sem__equal_features__sqrt_hamming__energy",19,27.3379947227875,128,0.72920119024141,4,0,FALSE
"no_sem__equal_features__sqrt_hamming__energy",20,27.3540594128262,124,0.632709649088646,3,0,FALSE
"no_sem__equal_features__sqrt_hamming__energy",21,27.8744826469246,110,0.348355829028242,3,0,FALSE
"no_sem__equal_features__sqrt_hamming__energy",22,27.7551809639398,116,0.460094873043811,3,0,FALSE
"no_sem__equal_features__sqrt_hamming__energy",23,27.7551809639397,116,0.460094873043811,5,0,FALSE
"no_sem__equal_features__sqrt_hamming__energy",24,27.3521184350754,130,0.77996940781764,4,0,FALSE
"no_sem__equal_features__sqrt_hamming__energy",25,27.7568339874803,117,0.480202261250161,4,0,FALSE
"no_sem__equal_features__sqrt_hamming__energy",26,27.3444255054933,122,0.587019503903878,3,0,FALSE
"no_sem__equal_features__sqrt_hamming__energy",27,27.3540594128263,124,0.632709649088646,3,0,FALSE
"no_sem__equal_features__sqrt_hamming__energy",28,27.3735367786552,114,0.421242307743948,3,0,FALSE
"no_sem__equal_features__sqrt_hamming__energy",29,27.3735367786553,114,0.421242307743948,5,0,FALSE
"no_sem__equal_features__sqrt_hamming__energy",30,27.3444255054933,122,0.587019503903878,4,0,FALSE
"no_sem__equal_features__sqrt_hamming__energy",31,28.3091286221488,69,-0.00718708764439355,5,0,FALSE
"no_sem__equal_features__sqrt_hamming__energy",32,27.3540594128262,124,0.632709649088646,4,0,FALSE
"no_sem__equal_features__sqrt_hamming__energy",33,27.7551809639397,116,0.460094873043811,3,0,FALSE
"no_sem__equal_features__sqrt_hamming__energy",34,27.3444255054934,122,0.587019503903878,4,0,FALSE
"no_sem__equal_features__sqrt_hamming__energy",35,27.8760463517875,109,0.331212341441787,3,0,FALSE
"no_sem__equal_features__sqrt_hamming__energy",36,27.3444255054934,122,0.587019503903878,3,0,FALSE
"no_sem__equal_features__sqrt_hamming__energy",37,27.3444255054933,122,0.587019503903878,4,0,FALSE
"no_sem__equal_features__sqrt_hamming__energy",38,27.325923708337,124,0.632758308161156,2,0,FALSE
"no_sem__equal_features__sqrt_hamming__energy",39,27.3444255054933,122,0.587019503903878,4,0,FALSE
"no_sem__equal_features__sqrt_hamming__energy",40,27.3521184350754,130,0.77996940781764,4,0,FALSE
"no_sem__equal_features__sqrt_hamming__energy",41,27.7568339874802,117,0.480202261250161,4,0,FALSE
"no_sem__equal_features__sqrt_hamming__energy",42,27.3735132765208,115,0.440507210932188,3,0,FALSE
"no_sem__equal_features__sqrt_hamming__energy",43,27.3444255054933,122,0.587019503903878,7,0,FALSE
"no_sem__equal_features__sqrt_hamming__energy",44,27.3444255054933,122,0.587019503903878,4,0,FALSE
"no_sem__equal_features__sqrt_hamming__energy",45,27.3649362108209,126,0.680096654082059,4,0,FALSE
"no_sem__equal_features__sqrt_hamming__energy",46,27.3540594128263,124,0.632709649088646,4,0,FALSE
"no_sem__equal_features__sqrt_hamming__energy",47,27.3521184350754,130,0.77996940781764,5,0,FALSE
"no_sem__equal_features__sqrt_hamming__energy",48,28.705920983622,69,-0.00722712014162948,3,0,FALSE
"no_sem__equal_features__sqrt_hamming__energy",49,27.3876376880076,116,0.460137789416631,6,0,FALSE
"no_sem__equal_features__sqrt_hamming__energy",50,27.3735367786553,114,0.421242307743948,3,0,FALSE
"no_sem__equal_features__sqrt_hamming__energy",51,27.3540594128262,124,0.632709649088646,3,0,FALSE
"no_sem__equal_features__sqrt_hamming__energy",52,27.3259237083369,124,0.632758308161156,3,0,TRUE
"no_sem__equal_features__sqrt_hamming__energy",53,27.7551809639397,116,0.460094873043811,5,0,FALSE
"no_sem__equal_features__sqrt_hamming__energy",54,27.3379947227875,128,0.72920119024141,3,0,FALSE
"no_sem__equal_features__sqrt_hamming__energy",55,27.325923708337,124,0.632758308161156,3,0,FALSE
"no_sem__equal_features__sqrt_hamming__energy",56,27.3649362108209,126,0.680096654082059,3,0,FALSE
"no_sem__equal_features__sqrt_hamming__energy",57,27.3649362108209,126,0.680096654082059,3,0,FALSE
"no_sem__equal_features__sqrt_hamming__energy",58,27.8744826469246,110,0.348355829028242,4,0,FALSE
"no_sem__equal_features__sqrt_hamming__energy",59,27.3773125001041,115,0.440540561404208,5,0,FALSE
"no_sem__equal_features__sqrt_hamming__energy",60,27.3444255054933,122,0.587019503903878,5,0,FALSE
"no_sem__equal_features__sqrt_hamming__energy",61,27.3405825859291,118,0.500911416736242,3,0,FALSE
"no_sem__equal_features__sqrt_hamming__energy",62,27.3540594128263,124,0.632709649088646,3,0,FALSE
"no_sem__equal_features__sqrt_hamming__energy",63,27.3379947227874,128,0.72920119024141,3,0,FALSE
"no_sem__equal_features__sqrt_hamming__energy",64,27.3260815259997,126,0.6801305604895,3,0,FALSE
"no_sem__equal_features__sqrt_hamming__energy",65,28.7042772830525,75,0.000296248806561188,6,0,FALSE
"no_sem__equal_features__sqrt_hamming__energy",66,27.3540594128263,124,0.632709649088646,3,0,FALSE
"no_sem__equal_features__sqrt_hamming__energy",67,27.3358467470797,124,0.632729114264912,3,0,FALSE
"no_sem__equal_features__sqrt_hamming__energy",68,27.3444255054934,122,0.587019503903878,4,0,FALSE
"no_sem__equal_features__sqrt_hamming__energy",69,27.3281493075372,125,0.656232090438534,3,0,FALSE
"no_sem__equal_features__sqrt_hamming__energy",70,27.7551809639398,116,0.460094873043811,3,0,FALSE
"no_sem__equal_features__sqrt_hamming__energy",71,28.302747777091,75,0.000289625638717959,5,0,FALSE
"no_sem__equal_features__sqrt_hamming__energy",72,27.3521184350755,130,0.77996940781764,3,0,FALSE
"no_sem__equal_features__sqrt_hamming__energy",73,27.3391570664209,123,0.609675690682355,4,0,FALSE
"no_sem__equal_features__sqrt_hamming__energy",74,27.3259854532489,125,0.656232090438534,2,0,FALSE
"no_sem__equal_features__sqrt_hamming__energy",75,27.9031961889451,111,0.365910593894665,4,0,FALSE
"no_sem__equal_features__sqrt_hamming__energy",76,27.3400320337605,127,0.704453625952981,3,0,FALSE
"no_sem__equal_features__sqrt_hamming__energy",77,27.325923708337,124,0.632758308161156,3,0,FALSE
"no_sem__equal_features__sqrt_hamming__energy",78,27.7509229732908,116,0.460114543894976,4,0,FALSE
"no_sem__equal_features__sqrt_hamming__energy",79,27.3379947227874,128,0.72920119024141,3,0,FALSE
"no_sem__equal_features__sqrt_hamming__energy",80,28.1139100143744,103,0.237288329058765,4,0,FALSE
"no_sem__equal_features__sqrt_hamming__energy",81,27.3259854532489,125,0.656232090438534,2,0,FALSE
"no_sem__equal_features__sqrt_hamming__energy",82,27.3444255054933,122,0.587019503903878,3,0,FALSE
"no_sem__equal_features__sqrt_hamming__energy",83,27.7551809639398,116,0.460094873043811,5,0,FALSE
"no_sem__equal_features__sqrt_hamming__energy",84,27.3717479134838,118,0.500838697170625,3,0,FALSE
"no_sem__equal_features__sqrt_hamming__energy",85,27.7568339874803,117,0.480202261250161,4,0,FALSE
"no_sem__equal_features__sqrt_hamming__energy",86,28.3390627217742,81,0.0232760378798225,3,0,FALSE
"no_sem__equal_features__sqrt_hamming__energy",87,27.6294584807511,127,0.704479075664942,4,0,FALSE
"no_sem__equal_features__sqrt_hamming__energy",88,27.7568339874803,117,0.480202261250161,5,0,FALSE
"no_sem__equal_features__sqrt_hamming__energy",89,27.360131187202,128,0.729186838037711,3,0,FALSE
"no_sem__equal_features__sqrt_hamming__energy",90,27.3521184350754,130,0.77996940781764,6,0,FALSE
"no_sem__equal_features__sqrt_hamming__energy",91,27.8744826469247,110,0.348355829028242,4,0,FALSE
"no_sem__equal_features__sqrt_hamming__energy",92,28.3093178956291,74,-0.00170675008471111,4,0,FALSE
"no_sem__equal_features__sqrt_hamming__energy",93,27.3732286470326,112,0.384046959972268,4,0,FALSE
"no_sem__equal_features__sqrt_hamming__energy",94,28.3095950991853,71,-0.0061142895306586,4,0,FALSE
"no_sem__equal_features__sqrt_hamming__energy",95,27.3444255054933,122,0.587019503903878,4,0,FALSE
"no_sem__equal_features__sqrt_hamming__energy",96,27.3643291565534,115,0.440540561404208,4,0,FALSE
"no_sem__equal_features__sqrt_hamming__energy",97,27.3645432521286,127,0.704430130020303,3,0,FALSE
"no_sem__equal_features__sqrt_hamming__energy",98,27.3560961666768,117,0.480339960189862,2,0,FALSE
"no_sem__equal_features__sqrt_hamming__energy",99,27.3649362108209,126,0.680096654082059,4,0,FALSE
"no_sem__equal_features__sqrt_hamming__energy",100,27.3521184350754,130,0.77996940781764,6,0,FALSE
"no_sem__equal_domains__sqrt_hamming__energy",1,26.6286705742285,103,0.237788234678377,3,0,FALSE
"no_sem__equal_domains__sqrt_hamming__energy",2,26.6286705742285,103,0.237788234678377,3,0,FALSE
"no_sem__equal_domains__sqrt_hamming__energy",3,26.6286705742286,103,0.237788234678377,3,0,FALSE
"no_sem__equal_domains__sqrt_hamming__energy",4,26.6286705742285,103,0.237788234678377,3,0,FALSE
"no_sem__equal_domains__sqrt_hamming__energy",5,26.6286705742285,103,0.237788234678377,3,0,FALSE
"no_sem__equal_domains__sqrt_hamming__energy",6,26.6286705742286,103,0.237788234678377,5,0,FALSE
"no_sem__equal_domains__sqrt_hamming__energy",7,26.6286705742287,103,0.237788234678377,3,0,FALSE
"no_sem__equal_domains__sqrt_hamming__energy",8,26.6286705742285,103,0.237788234678377,3,0,FALSE
"no_sem__equal_domains__sqrt_hamming__energy",9,26.6286705742286,103,0.237788234678377,4,0,FALSE
"no_sem__equal_domains__sqrt_hamming__energy",10,26.6286705742285,103,0.237788234678377,3,0,FALSE
"no_sem__equal_domains__sqrt_hamming__energy",11,26.6286705742285,103,0.237788234678377,4,0,FALSE
"no_sem__equal_domains__sqrt_hamming__energy",12,26.6286705742286,103,0.237788234678377,3,0,FALSE
"no_sem__equal_domains__sqrt_hamming__energy",13,26.6286705742285,103,0.237788234678377,4,0,FALSE
"no_sem__equal_domains__sqrt_hamming__energy",14,26.6286705742285,103,0.237788234678377,4,0,FALSE
"no_sem__equal_domains__sqrt_hamming__energy",15,26.6286705742285,103,0.237788234678377,3,0,FALSE
"no_sem__equal_domains__sqrt_hamming__energy",16,26.6286705742286,103,0.237788234678377,3,0,FALSE
"no_sem__equal_domains__sqrt_hamming__energy",17,26.6286705742286,103,0.237788234678377,3,0,FALSE
"no_sem__equal_domains__sqrt_hamming__energy",18,26.6286705742285,103,0.237788234678377,3,0,FALSE
"no_sem__equal_domains__sqrt_hamming__energy",19,26.6286705742286,103,0.237788234678377,4,0,FALSE
"no_sem__equal_domains__sqrt_hamming__energy",20,26.6286705742286,103,0.237788234678377,3,0,FALSE
"no_sem__equal_domains__sqrt_hamming__energy",21,26.6286705742285,103,0.237788234678377,3,0,FALSE
"no_sem__equal_domains__sqrt_hamming__energy",22,26.6286705742285,103,0.237788234678377,3,0,FALSE
"no_sem__equal_domains__sqrt_hamming__energy",23,26.6286705742285,103,0.237788234678377,3,0,FALSE
"no_sem__equal_domains__sqrt_hamming__energy",24,26.6286705742285,103,0.237788234678377,3,0,FALSE
"no_sem__equal_domains__sqrt_hamming__energy",25,26.6286705742286,103,0.237788234678377,4,0,FALSE
"no_sem__equal_domains__sqrt_hamming__energy",26,26.6286705742285,103,0.237788234678377,4,0,FALSE
"no_sem__equal_domains__sqrt_hamming__energy",27,26.6286705742287,103,0.237788234678377,3,0,FALSE
"no_sem__equal_domains__sqrt_hamming__energy",28,26.6286705742286,103,0.237788234678377,2,0,FALSE
"no_sem__equal_domains__sqrt_hamming__energy",29,26.6286705742286,103,0.237788234678377,3,0,FALSE
"no_sem__equal_domains__sqrt_hamming__energy",30,26.6286705742286,103,0.237788234678377,3,0,FALSE
"no_sem__equal_domains__sqrt_hamming__energy",31,26.6286705742285,103,0.237788234678377,3,0,FALSE
"no_sem__equal_domains__sqrt_hamming__energy",32,26.6286705742285,103,0.237788234678377,2,0,FALSE
"no_sem__equal_domains__sqrt_hamming__energy",33,26.6286705742286,103,0.237788234678377,4,0,FALSE
"no_sem__equal_domains__sqrt_hamming__energy",34,26.6286705742285,103,0.237788234678377,3,0,FALSE
"no_sem__equal_domains__sqrt_hamming__energy",35,26.6286705742285,103,0.237788234678377,4,0,FALSE
"no_sem__equal_domains__sqrt_hamming__energy",36,26.6286705742287,103,0.237788234678377,3,0,FALSE
"no_sem__equal_domains__sqrt_hamming__energy",37,26.6286705742285,103,0.237788234678377,5,0,FALSE
"no_sem__equal_domains__sqrt_hamming__energy",38,26.6286705742285,103,0.237788234678377,2,0,FALSE
"no_sem__equal_domains__sqrt_hamming__energy",39,26.6286705742286,103,0.237788234678377,3,0,FALSE
"no_sem__equal_domains__sqrt_hamming__energy",40,26.6286705742285,103,0.237788234678377,3,0,FALSE
"no_sem__equal_domains__sqrt_hamming__energy",41,26.6286705742285,103,0.237788234678377,3,0,FALSE
"no_sem__equal_domains__sqrt_hamming__energy",42,26.6286705742285,103,0.237788234678377,2,0,FALSE
"no_sem__equal_domains__sqrt_hamming__energy",43,26.6286705742285,103,0.237788234678377,3,0,FALSE
"no_sem__equal_domains__sqrt_hamming__energy",44,26.6286705742285,103,0.237788234678377,3,0,FALSE
"no_sem__equal_domains__sqrt_hamming__energy",45,26.6286705742286,103,0.237788234678377,3,0,FALSE
"no_sem__equal_domains__sqrt_hamming__energy",46,26.6286705742285,103,0.237788234678377,3,0,FALSE
"no_sem__equal_domains__sqrt_hamming__energy",47,26.6286705742285,103,0.237788234678377,3,0,FALSE
"no_sem__equal_domains__sqrt_hamming__energy",48,26.6286705742285,103,0.237788234678377,3,0,FALSE
"no_sem__equal_domains__sqrt_hamming__energy",49,26.6286705742285,103,0.237788234678377,3,0,FALSE
"no_sem__equal_domains__sqrt_hamming__energy",50,26.6286705742286,103,0.237788234678377,3,0,FALSE
"no_sem__equal_domains__sqrt_hamming__energy",51,26.6286705742285,103,0.237788234678377,3,0,FALSE
"no_sem__equal_domains__sqrt_hamming__energy",52,26.6286705742285,103,0.237788234678377,3,0,FALSE
"no_sem__equal_domains__sqrt_hamming__energy",53,26.6286705742286,103,0.237788234678377,4,0,FALSE
"no_sem__equal_domains__sqrt_hamming__energy",54,26.6286705742286,103,0.237788234678377,3,0,FALSE
"no_sem__equal_domains__sqrt_hamming__energy",55,26.6286705742285,103,0.237788234678377,3,0,FALSE
"no_sem__equal_domains__sqrt_hamming__energy",56,26.6286705742285,103,0.237788234678377,3,0,FALSE
"no_sem__equal_domains__sqrt_hamming__energy",57,26.6286705742286,103,0.237788234678377,3,0,FALSE
"no_sem__equal_domains__sqrt_hamming__energy",58,26.6286705742285,103,0.237788234678377,3,0,FALSE
"no_sem__equal_domains__sqrt_hamming__energy",59,26.6286705742285,103,0.237788234678377,3,0,FALSE
"no_sem__equal_domains__sqrt_hamming__energy",60,26.6286705742285,103,0.237788234678377,3,0,FALSE
"no_sem__equal_domains__sqrt_hamming__energy",61,26.6286705742285,103,0.237788234678377,2,0,FALSE
"no_sem__equal_domains__sqrt_hamming__energy",62,26.6286705742285,103,0.237788234678377,2,0,FALSE
"no_sem__equal_domains__sqrt_hamming__energy",63,26.6286705742287,103,0.237788234678377,3,0,FALSE
"no_sem__equal_domains__sqrt_hamming__energy",64,26.6286705742285,103,0.237788234678377,3,0,FALSE
"no_sem__equal_domains__sqrt_hamming__energy",65,26.6286705742287,103,0.237788234678377,4,0,FALSE
"no_sem__equal_domains__sqrt_hamming__energy",66,26.6286705742286,103,0.237788234678377,3,0,FALSE
"no_sem__equal_domains__sqrt_hamming__energy",67,26.6286705742285,103,0.237788234678377,3,0,FALSE
"no_sem__equal_domains__sqrt_hamming__energy",68,26.6286705742285,103,0.237788234678377,3,0,FALSE
"no_sem__equal_domains__sqrt_hamming__energy",69,26.6286705742286,103,0.237788234678377,4,0,FALSE
"no_sem__equal_domains__sqrt_hamming__energy",70,26.6286705742286,103,0.237788234678377,4,0,FALSE
"no_sem__equal_domains__sqrt_hamming__energy",71,26.6286705742285,103,0.237788234678377,3,0,FALSE
"no_sem__equal_domains__sqrt_hamming__energy",72,26.6286705742285,103,0.237788234678377,3,0,FALSE
"no_sem__equal_domains__sqrt_hamming__energy",73,26.6286705742285,103,0.237788234678377,3,0,FALSE
"no_sem__equal_domains__sqrt_hamming__energy",74,26.6286705742286,103,0.237788234678377,4,0,FALSE
"no_sem__equal_domains__sqrt_hamming__energy",75,26.6286705742286,103,0.237788234678377,3,0,FALSE
"no_sem__equal_domains__sqrt_hamming__energy",76,26.6286705742286,103,0.237788234678377,3,0,FALSE
"no_sem__equal_domains__sqrt_hamming__energy",77,26.6286705742286,103,0.237788234678377,3,0,FALSE
"no_sem__equal_domains__sqrt_hamming__energy",78,26.6286705742286,103,0.237788234678377,4,0,FALSE
"no_sem__equal_domains__sqrt_hamming__energy",79,26.6286705742285,103,0.237788234678377,3,0,FALSE
"no_sem__equal_domains__sqrt_hamming__energy",80,26.6286705742286,103,0.237788234678377,3,0,FALSE
"no_sem__equal_domains__sqrt_hamming__energy",81,26.6286705742285,103,0.237788234678377,3,0,FALSE
"no_sem__equal_domains__sqrt_hamming__energy",82,26.6286705742285,103,0.237788234678377,3,0,FALSE
"no_sem__equal_domains__sqrt_hamming__energy",83,26.6286705742286,103,0.237788234678377,3,0,FALSE
"no_sem__equal_domains__sqrt_hamming__energy",84,26.6286705742285,103,0.237788234678377,4,0,FALSE
"no_sem__equal_domains__sqrt_hamming__energy",85,26.6286705742285,103,0.237788234678377,3,0,FALSE
"no_sem__equal_domains__sqrt_hamming__energy",86,26.6286705742286,103,0.237788234678377,3,0,FALSE
"no_sem__equal_domains__sqrt_hamming__energy",87,26.6286705742286,103,0.237788234678377,3,0,FALSE
"no_sem__equal_domains__sqrt_hamming__energy",88,26.6286705742286,103,0.237788234678377,3,0,FALSE
"no_sem__equal_domains__sqrt_hamming__energy",89,26.6286705742286,103,0.237788234678377,3,0,FALSE
"no_sem__equal_domains__sqrt_hamming__energy",90,26.6286705742285,103,0.237788234678377,3,0,FALSE
"no_sem__equal_domains__sqrt_hamming__energy",91,26.6286705742285,103,0.237788234678377,3,0,FALSE
"no_sem__equal_domains__sqrt_hamming__energy",92,26.6286705742286,103,0.237788234678377,3,0,FALSE
"no_sem__equal_domains__sqrt_hamming__energy",93,26.6286705742286,103,0.237788234678377,2,0,FALSE
"no_sem__equal_domains__sqrt_hamming__energy",94,26.6286705742284,103,0.237788234678377,3,0,TRUE
"no_sem__equal_domains__sqrt_hamming__energy",95,26.6286705742285,103,0.237788234678377,3,0,FALSE
"no_sem__equal_domains__sqrt_hamming__energy",96,26.6286705742285,103,0.237788234678377,3,0,FALSE
"no_sem__equal_domains__sqrt_hamming__energy",97,26.6286705742287,103,0.237788234678377,3,0,FALSE
"no_sem__equal_domains__sqrt_hamming__energy",98,26.6286705742286,103,0.237788234678377,2,0,FALSE
"no_sem__equal_domains__sqrt_hamming__energy",99,26.6286705742285,103,0.237788234678377,3,0,FALSE
"no_sem__equal_domains__sqrt_hamming__energy",100,26.6286705742286,103,0.237788234678377,4,0,FALSE
"no_synt__equal_features__sqrt_hamming__energy",1,25.612650791171,129,0.754373152541918,4,0,FALSE
"no_synt__equal_features__sqrt_hamming__energy",2,25.612650791171,129,0.754373152541918,3,0,FALSE
"no_synt__equal_features__sqrt_hamming__energy",3,25.6036088034356,125,0.656232090438534,4,0,FALSE
"no_synt__equal_features__sqrt_hamming__energy",4,25.612650791171,129,0.754373152541918,3,0,FALSE
"no_synt__equal_features__sqrt_hamming__energy",5,25.612650791171,129,0.754373152541918,3,0,FALSE
"no_synt__equal_features__sqrt_hamming__energy",6,25.612650791171,129,0.754373152541918,3,0,FALSE
"no_synt__equal_features__sqrt_hamming__energy",7,25.6126507911711,129,0.754373152541918,3,0,FALSE
"no_synt__equal_features__sqrt_hamming__energy",8,25.612650791171,129,0.754373152541918,3,0,FALSE
"no_synt__equal_features__sqrt_hamming__energy",9,25.6126507911712,129,0.754373152541918,4,0,FALSE
"no_synt__equal_features__sqrt_hamming__energy",10,25.6036088034355,125,0.656232090438534,3,0,FALSE
"no_synt__equal_features__sqrt_hamming__energy",11,25.6036809878471,124,0.632758308161156,5,0,FALSE
"no_synt__equal_features__sqrt_hamming__energy",12,25.6126507911711,129,0.754373152541918,3,0,FALSE
"no_synt__equal_features__sqrt_hamming__energy",13,25.612650791171,129,0.754373152541918,4,0,FALSE
"no_synt__equal_features__sqrt_hamming__energy",14,25.612650791171,129,0.754373152541918,3,0,FALSE
"no_synt__equal_features__sqrt_hamming__energy",15,25.6126507911711,129,0.754373152541918,5,0,FALSE
"no_synt__equal_features__sqrt_hamming__energy",16,25.612650791171,129,0.754373152541918,4,0,FALSE
"no_synt__equal_features__sqrt_hamming__energy",17,25.6036088034355,125,0.656232090438534,3,0,FALSE
"no_synt__equal_features__sqrt_hamming__energy",18,25.609227283287,123,0.60970930179085,3,0,FALSE
"no_synt__equal_features__sqrt_hamming__energy",19,25.603680987847,124,0.632758308161156,3,0,FALSE
"no_synt__equal_features__sqrt_hamming__energy",20,25.612650791171,129,0.754373152541918,4,0,FALSE
"no_synt__equal_features__sqrt_hamming__energy",21,25.612650791171,129,0.754373152541918,6,0,FALSE
"no_synt__equal_features__sqrt_hamming__energy",22,27.3433299461677,79,0.0138372096692871,4,0,FALSE
"no_synt__equal_features__sqrt_hamming__energy",23,25.612650791171,129,0.754373152541918,3,0,FALSE
"no_synt__equal_features__sqrt_hamming__energy",24,25.612650791171,129,0.754373152541918,3,0,FALSE
"no_synt__equal_features__sqrt_hamming__energy",25,25.612650791171,129,0.754373152541918,3,0,FALSE
"no_synt__equal_features__sqrt_hamming__energy",26,25.609227283287,123,0.60970930179085,3,0,FALSE
"no_synt__equal_features__sqrt_hamming__energy",27,25.6126507911711,129,0.754373152541918,4,0,FALSE
"no_synt__equal_features__sqrt_hamming__energy",28,25.6036809878471,124,0.632758308161156,3,0,FALSE
"no_synt__equal_features__sqrt_hamming__energy",29,25.603680987847,124,0.632758308161156,4,0,FALSE
"no_synt__equal_features__sqrt_hamming__energy",30,25.609227283287,123,0.60970930179085,3,0,FALSE
"no_synt__equal_features__sqrt_hamming__energy",31,25.6036809878471,124,0.632758308161156,5,0,FALSE
"no_synt__equal_features__sqrt_hamming__energy",32,25.612650791171,129,0.754373152541918,4,0,FALSE
"no_synt__equal_features__sqrt_hamming__energy",33,25.609227283287,123,0.60970930179085,3,0,FALSE
"no_synt__equal_features__sqrt_hamming__energy",34,25.6036809878471,124,0.632758308161156,3,0,FALSE
"no_synt__equal_features__sqrt_hamming__energy",35,25.6036088034355,125,0.656232090438534,3,0,FALSE
"no_synt__equal_features__sqrt_hamming__energy",36,25.612650791171,129,0.754373152541918,4,0,FALSE
"no_synt__equal_features__sqrt_hamming__energy",37,25.603680987847,124,0.632758308161156,3,0,FALSE
"no_synt__equal_features__sqrt_hamming__energy",38,25.6036088034356,125,0.656232090438534,3,0,FALSE
"no_synt__equal_features__sqrt_hamming__energy",39,25.612650791171,129,0.754373152541918,4,0,FALSE
"no_synt__equal_features__sqrt_hamming__energy",40,25.612650791171,129,0.754373152541918,4,0,FALSE
"no_synt__equal_features__sqrt_hamming__energy",41,25.612650791171,129,0.754373152541918,4,0,FALSE
"no_synt__equal_features__sqrt_hamming__energy",42,25.6092272832869,123,0.60970930179085,3,0,FALSE
"no_synt__equal_features__sqrt_hamming__energy",43,25.612650791171,129,0.754373152541918,4,0,FALSE
"no_synt__equal_features__sqrt_hamming__energy",44,25.6092272832869,123,0.60970930179085,3,0,FALSE
"no_synt__equal_features__sqrt_hamming__energy",45,25.6126507911709,129,0.754373152541918,5,0,FALSE
"no_synt__equal_features__sqrt_hamming__energy",46,25.612650791171,129,0.754373152541918,4,0,FALSE
"no_synt__equal_features__sqrt_hamming__energy",47,25.609227283287,123,0.60970930179085,3,0,FALSE
"no_synt__equal_features__sqrt_hamming__energy",48,25.612650791171,129,0.754373152541918,4,0,FALSE
"no_synt__equal_features__sqrt_hamming__energy",49,25.6126507911711,129,0.754373152541918,3,0,FALSE
"no_synt__equal_features__sqrt_hamming__energy",50,25.609227283287,123,0.60970930179085,4,0,FALSE
"no_synt__equal_features__sqrt_hamming__energy",51,25.612650791171,129,0.754373152541918,4,0,FALSE
"no_synt__equal_features__sqrt_hamming__energy",52,25.6036088034355,125,0.656232090438534,3,0,FALSE
"no_synt__equal_features__sqrt_hamming__energy",53,25.612650791171,129,0.754373152541918,4,0,FALSE
"no_synt__equal_features__sqrt_hamming__energy",54,25.6126507911711,129,0.754373152541918,3,0,FALSE
"no_synt__equal_features__sqrt_hamming__energy",55,25.609227283287,123,0.60970930179085,3,0,FALSE
"no_synt__equal_features__sqrt_hamming__energy",56,25.612650791171,129,0.754373152541918,3,0,FALSE
"no_synt__equal_features__sqrt_hamming__energy",57,25.612650791171,129,0.754373152541918,3,0,FALSE
"no_synt__equal_features__sqrt_hamming__energy",58,25.612650791171,129,0.754373152541918,3,0,FALSE
"no_synt__equal_features__sqrt_hamming__energy",59,25.612650791171,129,0.754373152541918,3,0,FALSE
"no_synt__equal_features__sqrt_hamming__energy",60,25.612650791171,129,0.754373152541918,4,0,FALSE
"no_synt__equal_features__sqrt_hamming__energy",61,25.612650791171,129,0.754373152541918,4,0,FALSE
"no_synt__equal_features__sqrt_hamming__energy",62,25.612650791171,129,0.754373152541918,3,0,FALSE
"no_synt__equal_features__sqrt_hamming__energy",63,25.6126507911711,129,0.754373152541918,3,0,FALSE
"no_synt__equal_features__sqrt_hamming__energy",64,25.612650791171,129,0.754373152541918,3,0,FALSE
"no_synt__equal_features__sqrt_hamming__energy",65,25.612650791171,129,0.754373152541918,3,0,FALSE
"no_synt__equal_features__sqrt_hamming__energy",66,25.6126507911709,129,0.754373152541918,5,0,FALSE
"no_synt__equal_features__sqrt_hamming__energy",67,25.6036088034355,125,0.656232090438534,3,0,FALSE
"no_synt__equal_features__sqrt_hamming__energy",68,25.892827608207,116,0.460137789416631,4,0,FALSE
"no_synt__equal_features__sqrt_hamming__energy",69,25.612650791171,129,0.754373152541918,3,0,FALSE
"no_synt__equal_features__sqrt_hamming__energy",70,25.612650791171,129,0.754373152541918,3,0,FALSE
"no_synt__equal_features__sqrt_hamming__energy",71,25.612650791171,129,0.754373152541918,4,0,FALSE
"no_synt__equal_features__sqrt_hamming__energy",72,25.6036809878471,124,0.632758308161156,4,0,FALSE
"no_synt__equal_features__sqrt_hamming__energy",73,25.6036088034357,125,0.656232090438534,2,0,FALSE
"no_synt__equal_features__sqrt_hamming__energy",74,25.6036809878471,124,0.632758308161156,2,0,FALSE
"no_synt__equal_features__sqrt_hamming__energy",75,25.603680987847,124,0.632758308161156,5,0,FALSE
"no_synt__equal_features__sqrt_hamming__energy",76,25.612650791171,129,0.754373152541918,2,0,FALSE
"no_synt__equal_features__sqrt_hamming__energy",77,25.612650791171,129,0.754373152541918,3,0,FALSE
"no_synt__equal_features__sqrt_hamming__energy",78,25.612650791171,129,0.754373152541918,3,0,FALSE
"no_synt__equal_features__sqrt_hamming__energy",79,25.612650791171,129,0.754373152541918,4,0,FALSE
"no_synt__equal_features__sqrt_hamming__energy",80,25.612650791171,129,0.754373152541918,4,0,FALSE
"no_synt__equal_features__sqrt_hamming__energy",81,25.6273379225487,127,0.704453625952981,3,0,FALSE
"no_synt__equal_features__sqrt_hamming__energy",82,25.6036088034355,125,0.656232090438534,3,0,TRUE
"no_synt__equal_features__sqrt_hamming__energy",83,25.6126507911711,129,0.754373152541918,3,0,FALSE
"no_synt__equal_features__sqrt_hamming__energy",84,25.603680987847,124,0.632758308161156,3,0,FALSE
"no_synt__equal_features__sqrt_hamming__energy",85,25.612650791171,129,0.754373152541918,3,0,FALSE
"no_synt__equal_features__sqrt_hamming__energy",86,25.612650791171,129,0.754373152541918,5,0,FALSE
"no_synt__equal_features__sqrt_hamming__energy",87,25.612650791171,129,0.754373152541918,4,0,FALSE
"no_synt__equal_features__sqrt_hamming__energy",88,25.612650791171,129,0.754373152541918,4,0,FALSE
"no_synt__equal_features__sqrt_hamming__energy",89,25.612650791171,129,0.754373152541918,3,0,FALSE
"no_synt__equal_features__sqrt_hamming__energy",90,25.6036809878472,124,0.632758308161156,5,0,FALSE
"no_synt__equal_features__sqrt_hamming__energy",91,25.6036809878471,124,0.632758308161156,5,0,FALSE
"no_synt__equal_features__sqrt_hamming__energy",92,25.8226757794611,115,0.440618363712426,10,0,FALSE
"no_synt__equal_features__sqrt_hamming__energy",93,25.609227283287,123,0.60970930179085,3,0,FALSE
"no_synt__equal_features__sqrt_hamming__energy",94,25.6036809878471,124,0.632758308161156,4,0,FALSE
"no_synt__equal_features__sqrt_hamming__energy",95,25.612650791171,129,0.754373152541918,3,0,FALSE
"no_synt__equal_features__sqrt_hamming__energy",96,25.612650791171,129,0.754373152541918,4,0,FALSE
"no_synt__equal_features__sqrt_hamming__energy",97,25.612650791171,129,0.754373152541918,3,0,FALSE
"no_synt__equal_features__sqrt_hamming__energy",98,25.6036809878472,124,0.632758308161156,3,0,FALSE
"no_synt__equal_features__sqrt_hamming__energy",99,25.612650791171,129,0.754373152541918,4,0,FALSE
"no_synt__equal_features__sqrt_hamming__energy",100,25.612650791171,129,0.754373152541918,5,0,FALSE
"no_synt__equal_domains__sqrt_hamming__energy",1,26.365820640822,107,0.2985552169859,3,0,FALSE
"no_synt__equal_domains__sqrt_hamming__energy",2,26.365820640822,107,0.2985552169859,4,0,FALSE
"no_synt__equal_domains__sqrt_hamming__energy",3,26.3658206408221,107,0.2985552169859,3,0,FALSE
"no_synt__equal_domains__sqrt_hamming__energy",4,26.2687655706494,103,0.237788234678377,3,0,FALSE
"no_synt__equal_domains__sqrt_hamming__energy",5,26.2687655706494,103,0.237788234678377,3,0,FALSE
"no_synt__equal_domains__sqrt_hamming__energy",6,26.3658206408221,107,0.2985552169859,3,0,FALSE
"no_synt__equal_domains__sqrt_hamming__energy",7,26.365820640822,107,0.2985552169859,3,0,FALSE
"no_synt__equal_domains__sqrt_hamming__energy",8,26.2687655706495,103,0.237788234678377,3,0,FALSE
"no_synt__equal_domains__sqrt_hamming__energy",9,26.3658206408221,107,0.2985552169859,4,0,FALSE
"no_synt__equal_domains__sqrt_hamming__energy",10,26.2687655706495,103,0.237788234678377,3,0,FALSE
"no_synt__equal_domains__sqrt_hamming__energy",11,29.479603435845,82,0.028441690175143,4,0,FALSE
"no_synt__equal_domains__sqrt_hamming__energy",12,26.3658206408221,107,0.2985552169859,3,0,FALSE
"no_synt__equal_domains__sqrt_hamming__energy",13,26.2687655706495,103,0.237788234678377,4,0,FALSE
"no_synt__equal_domains__sqrt_hamming__energy",14,26.365820640822,107,0.2985552169859,3,0,FALSE
"no_synt__equal_domains__sqrt_hamming__energy",15,26.2687655706494,103,0.237788234678377,3,0,FALSE
"no_synt__equal_domains__sqrt_hamming__energy",16,26.365820640822,107,0.2985552169859,3,0,FALSE
"no_synt__equal_domains__sqrt_hamming__energy",17,26.365820640822,107,0.2985552169859,3,0,FALSE
"no_synt__equal_domains__sqrt_hamming__energy",18,26.365820640822,107,0.2985552169859,2,0,FALSE
"no_synt__equal_domains__sqrt_hamming__energy",19,26.2687655706494,103,0.237788234678377,4,0,FALSE
"no_synt__equal_domains__sqrt_hamming__energy",20,26.3658206408221,107,0.2985552169859,3,0,FALSE
"no_synt__equal_domains__sqrt_hamming__energy",21,26.2687655706494,103,0.237788234678377,3,0,FALSE
"no_synt__equal_domains__sqrt_hamming__energy",22,26.3658206408221,107,0.2985552169859,2,0,FALSE
"no_synt__equal_domains__sqrt_hamming__energy",23,26.2687655706494,103,0.237788234678377,2,0,FALSE
"no_synt__equal_domains__sqrt_hamming__energy",24,26.365820640822,107,0.2985552169859,2,0,FALSE
"no_synt__equal_domains__sqrt_hamming__energy",25,26.365820640822,107,0.2985552169859,3,0,FALSE
"no_synt__equal_domains__sqrt_hamming__energy",26,26.2687655706494,103,0.237788234678377,2,0,FALSE
"no_synt__equal_domains__sqrt_hamming__energy",27,26.365820640822,107,0.2985552169859,2,0,FALSE
"no_synt__equal_domains__sqrt_hamming__energy",28,26.2687655706495,103,0.237788234678377,2,0,FALSE
"no_synt__equal_domains__sqrt_hamming__energy",29,26.2687655706494,103,0.237788234678377,3,0,FALSE
"no_synt__equal_domains__sqrt_hamming__energy",30,26.365820640822,107,0.2985552169859,3,0,FALSE
"no_synt__equal_domains__sqrt_hamming__energy",31,26.2687655706493,103,0.237788234678377,2,0,FALSE
"no_synt__equal_domains__sqrt_hamming__energy",32,26.3658206408221,107,0.2985552169859,2,0,FALSE
"no_synt__equal_domains__sqrt_hamming__energy",33,26.365820640822,107,0.2985552169859,3,0,FALSE
"no_synt__equal_domains__sqrt_hamming__energy",34,26.2687655706494,103,0.237788234678377,3,0,FALSE
"no_synt__equal_domains__sqrt_hamming__energy",35,26.2687655706494,103,0.237788234678377,3,0,FALSE
"no_synt__equal_domains__sqrt_hamming__energy",36,26.3658206408222,107,0.2985552169859,3,0,FALSE
"no_synt__equal_domains__sqrt_hamming__energy",37,26.2687655706494,103,0.237788234678377,3,0,FALSE
"no_synt__equal_domains__sqrt_hamming__energy",38,26.2687655706493,103,0.237788234678377,2,0,FALSE
"no_synt__equal_domains__sqrt_hamming__energy",39,26.365820640822,107,0.2985552169859,3,0,FALSE
"no_synt__equal_domains__sqrt_hamming__energy",40,26.2687655706494,103,0.237788234678377,3,0,FALSE
"no_synt__equal_domains__sqrt_hamming__energy",41,26.365820640822,107,0.2985552169859,3,0,FALSE
"no_synt__equal_domains__sqrt_hamming__energy",42,26.2687655706493,103,0.237788234678377,3,0,TRUE
"no_synt__equal_domains__sqrt_hamming__energy",43,26.365820640822,107,0.2985552169859,3,0,FALSE
"no_synt__equal_domains__sqrt_hamming__energy",44,26.3658206408221,107,0.2985552169859,3,0,FALSE
"no_synt__equal_domains__sqrt_hamming__energy",45,26.365820640822,107,0.2985552169859,3,0,FALSE
"no_synt__equal_domains__sqrt_hamming__energy",46,26.2687655706494,103,0.237788234678377,3,0,FALSE
"no_synt__equal_domains__sqrt_hamming__energy",47,26.3658206408221,107,0.2985552169859,3,0,FALSE
"no_synt__equal_domains__sqrt_hamming__energy",48,26.365820640822,107,0.2985552169859,3,0,FALSE
"no_synt__equal_domains__sqrt_hamming__energy",49,26.2687655706495,103,0.237788234678377,3,0,FALSE
"no_synt__equal_domains__sqrt_hamming__energy",50,26.3658206408221,107,0.2985552169859,2,0,FALSE
"no_synt__equal_domains__sqrt_hamming__energy",51,26.2687655706494,103,0.237788234678377,3,0,FALSE
"no_synt__equal_domains__sqrt_hamming__energy",52,26.2687655706494,103,0.237788234678377,2,0,FALSE
"no_synt__equal_domains__sqrt_hamming__energy",53,26.365820640822,107,0.2985552169859,3,0,FALSE
"no_synt__equal_domains__sqrt_hamming__energy",54,26.3658206408221,107,0.2985552169859,3,0,FALSE
"no_synt__equal_domains__sqrt_hamming__energy",55,26.2687655706494,103,0.237788234678377,3,0,FALSE
"no_synt__equal_domains__sqrt_hamming__energy",56,26.2687655706494,103,0.237788234678377,3,0,FALSE
"no_synt__equal_domains__sqrt_hamming__energy",57,26.365820640822,107,0.2985552169859,3,0,FALSE
"no_synt__equal_domains__sqrt_hamming__energy",58,26.365820640822,107,0.2985552169859,3,0,FALSE
"no_synt__equal_domains__sqrt_hamming__energy",59,26.2687655706494,103,0.237788234678377,3,0,FALSE
"no_synt__equal_domains__sqrt_hamming__energy",60,26.365820640822,107,0.2985552169859,3,0,FALSE
"no_synt__equal_domains__sqrt_hamming__energy",61,26.2687655706494,103,0.237788234678377,3,0,FALSE
"no_synt__equal_domains__sqrt_hamming__energy",62,26.2687655706494,103,0.237788234678377,2,0,FALSE
"no_synt__equal_domains__sqrt_hamming__energy",63,26.365820640822,107,0.2985552169859,3,0,FALSE
"no_synt__equal_domains__sqrt_hamming__energy",64,26.2687655706494,103,0.237788234678377,3,0,FALSE
"no_synt__equal_domains__sqrt_hamming__energy",65,26.365820640822,107,0.2985552169859,3,0,FALSE
"no_synt__equal_domains__sqrt_hamming__energy",66,26.3658206408221,107,0.2985552169859,3,0,FALSE
"no_synt__equal_domains__sqrt_hamming__energy",67,26.365820640822,107,0.2985552169859,3,0,FALSE
"no_synt__equal_domains__sqrt_hamming__energy",68,26.3658206408221,107,0.2985552169859,4,0,FALSE
"no_synt__equal_domains__sqrt_hamming__energy",69,26.3658206408221,107,0.2985552169859,3,0,FALSE
"no_synt__equal_domains__sqrt_hamming__energy",70,26.3658206408221,107,0.2985552169859,3,0,FALSE
"no_synt__equal_domains__sqrt_hamming__energy",71,26.2687655706494,103,0.237788234678377,3,0,FALSE
"no_synt__equal_domains__sqrt_hamming__energy",72,26.365820640822,107,0.2985552169859,3,0,FALSE
"no_synt__equal_domains__sqrt_hamming__energy",73,26.3658206408221,107,0.2985552169859,2,0,FALSE
"no_synt__equal_domains__sqrt_hamming__energy",74,26.3658206408221,107,0.2985552169859,3,0,FALSE
"no_synt__equal_domains__sqrt_hamming__energy",75,26.365820640822,107,0.2985552169859,3,0,FALSE
"no_synt__equal_domains__sqrt_hamming__energy",76,26.3658206408221,107,0.2985552169859,3,0,FALSE
"no_synt__equal_domains__sqrt_hamming__energy",77,26.3658206408221,107,0.2985552169859,3,0,FALSE
"no_synt__equal_domains__sqrt_hamming__energy",78,26.365820640822,107,0.2985552169859,3,0,FALSE
"no_synt__equal_domains__sqrt_hamming__energy",79,26.365820640822,107,0.2985552169859,2,0,FALSE
"no_synt__equal_domains__sqrt_hamming__energy",80,26.365820640822,107,0.2985552169859,3,0,FALSE
"no_synt__equal_domains__sqrt_hamming__energy",81,26.3658206408221,107,0.2985552169859,3,0,FALSE
"no_synt__equal_domains__sqrt_hamming__energy",82,26.365820640822,107,0.2985552169859,3,0,FALSE
"no_synt__equal_domains__sqrt_hamming__energy",83,26.2687655706495,103,0.237788234678377,3,0,FALSE
"no_synt__equal_domains__sqrt_hamming__energy",84,26.3658206408221,107,0.2985552169859,3,0,FALSE
"no_synt__equal_domains__sqrt_hamming__energy",85,26.3658206408221,107,0.2985552169859,3,0,FALSE
"no_synt__equal_domains__sqrt_hamming__energy",86,26.2687655706495,103,0.237788234678377,3,0,FALSE
"no_synt__equal_domains__sqrt_hamming__energy",87,26.3658206408221,107,0.2985552169859,3,0,FALSE
"no_synt__equal_domains__sqrt_hamming__energy",88,26.365820640822,107,0.2985552169859,3,0,FALSE
"no_synt__equal_domains__sqrt_hamming__energy",89,26.2687655706494,103,0.237788234678377,3,0,FALSE
"no_synt__equal_domains__sqrt_hamming__energy",90,26.3658206408221,107,0.2985552169859,3,0,FALSE
"no_synt__equal_domains__sqrt_hamming__energy",91,26.365820640822,107,0.2985552169859,3,0,FALSE
"no_synt__equal_domains__sqrt_hamming__energy",92,26.3658206408221,107,0.2985552169859,3,0,FALSE
"no_synt__equal_domains__sqrt_hamming__energy",93,26.2687655706495,103,0.237788234678377,2,0,FALSE
"no_synt__equal_domains__sqrt_hamming__energy",94,26.2687655706494,103,0.237788234678377,3,0,FALSE
"no_synt__equal_domains__sqrt_hamming__energy",95,26.2687655706494,103,0.237788234678377,3,0,FALSE
"no_synt__equal_domains__sqrt_hamming__energy",96,26.3658206408219,107,0.2985552169859,2,0,FALSE
"no_synt__equal_domains__sqrt_hamming__energy",97,26.3658206408221,107,0.2985552169859,3,0,FALSE
"no_synt__equal_domains__sqrt_hamming__energy",98,26.2687655706494,103,0.237788234678377,3,0,FALSE
"no_synt__equal_domains__sqrt_hamming__energy",99,26.365820640822,107,0.2985552169859,3,0,FALSE
"no_synt__equal_domains__sqrt_hamming__energy",100,26.3658206408221,107,0.2985552169859,3,0,FALSE
"no_synt__unique_profiles__sqrt_hamming__energy",1,25.7966705578384,129,0.754373152541918,4,0,FALSE
"no_synt__unique_profiles__sqrt_hamming__energy",2,25.7966705578384,129,0.754373152541918,3,0,FALSE
"no_synt__unique_profiles__sqrt_hamming__energy",3,25.7966705578383,129,0.754373152541918,4,0,FALSE
"no_synt__unique_profiles__sqrt_hamming__energy",4,25.7966705578384,129,0.754373152541918,3,0,FALSE
"no_synt__unique_profiles__sqrt_hamming__energy",5,25.7966705578384,129,0.754373152541918,3,0,FALSE
"no_synt__unique_profiles__sqrt_hamming__energy",6,25.7966705578384,129,0.754373152541918,3,0,FALSE
"no_synt__unique_profiles__sqrt_hamming__energy",7,25.7966705578383,129,0.754373152541918,3,0,FALSE
"no_synt__unique_profiles__sqrt_hamming__energy",8,25.7966705578384,129,0.754373152541918,3,0,FALSE
"no_synt__unique_profiles__sqrt_hamming__energy",9,25.7966705578383,129,0.754373152541918,4,0,FALSE
"no_synt__unique_profiles__sqrt_hamming__energy",10,25.7879917241689,125,0.656232090438534,3,0,FALSE
"no_synt__unique_profiles__sqrt_hamming__energy",11,25.7881669555822,124,0.632758308161156,5,0,FALSE
"no_synt__unique_profiles__sqrt_hamming__energy",12,25.7966705578383,129,0.754373152541918,3,0,FALSE
"no_synt__unique_profiles__sqrt_hamming__energy",13,25.7966705578384,129,0.754373152541918,4,0,FALSE
"no_synt__unique_profiles__sqrt_hamming__energy",14,25.7966705578384,129,0.754373152541918,3,0,FALSE
"no_synt__unique_profiles__sqrt_hamming__energy",15,27.5676429936277,81,0.0231401484812615,3,0,FALSE
"no_synt__unique_profiles__sqrt_hamming__energy",16,25.7966705578383,129,0.754373152541918,3,0,FALSE
"no_synt__unique_profiles__sqrt_hamming__energy",17,25.7879917241689,125,0.656232090438534,3,0,FALSE
"no_synt__unique_profiles__sqrt_hamming__energy",18,25.7938787468787,123,0.60970930179085,3,0,FALSE
"no_synt__unique_profiles__sqrt_hamming__energy",19,25.7881669555822,124,0.632758308161156,3,0,FALSE
"no_synt__unique_profiles__sqrt_hamming__energy",20,25.7966705578384,129,0.754373152541918,4,0,FALSE
"no_synt__unique_profiles__sqrt_hamming__energy",21,25.7966705578383,129,0.754373152541918,6,0,FALSE
"no_synt__unique_profiles__sqrt_hamming__energy",22,27.5671510569238,79,0.0138372096692871,4,0,FALSE
"no_synt__unique_profiles__sqrt_hamming__energy",23,25.7966705578384,129,0.754373152541918,3,0,FALSE
"no_synt__unique_profiles__sqrt_hamming__energy",24,25.7966705578384,129,0.754373152541918,3,0,FALSE
"no_synt__unique_profiles__sqrt_hamming__energy",25,25.7966705578384,129,0.754373152541918,3,0,FALSE
"no_synt__unique_profiles__sqrt_hamming__energy",26,25.7938787468787,123,0.60970930179085,3,0,FALSE
"no_synt__unique_profiles__sqrt_hamming__energy",27,25.7966705578383,129,0.754373152541918,4,0,FALSE
"no_synt__unique_profiles__sqrt_hamming__energy",28,25.7881669555823,124,0.632758308161156,3,0,FALSE
"no_synt__unique_profiles__sqrt_hamming__energy",29,25.7881669555823,124,0.632758308161156,5,0,FALSE
"no_synt__unique_profiles__sqrt_hamming__energy",30,25.7938787468788,123,0.60970930179085,3,0,FALSE
"no_synt__unique_profiles__sqrt_hamming__energy",31,25.7966705578384,129,0.754373152541918,5,0,FALSE
"no_synt__unique_profiles__sqrt_hamming__energy",32,25.7881669555823,124,0.632758308161156,3,0,FALSE
"no_synt__unique_profiles__sqrt_hamming__energy",33,25.7938787468787,123,0.60970930179085,3,0,FALSE
"no_synt__unique_profiles__sqrt_hamming__energy",34,25.7881669555822,124,0.632758308161156,3,0,FALSE
"no_synt__unique_profiles__sqrt_hamming__energy",35,25.7879917241687,125,0.656232090438534,3,0,TRUE
"no_synt__unique_profiles__sqrt_hamming__energy",36,25.7966705578384,129,0.754373152541918,4,0,FALSE
"no_synt__unique_profiles__sqrt_hamming__energy",37,25.7881669555823,124,0.632758308161156,3,0,FALSE
"no_synt__unique_profiles__sqrt_hamming__energy",38,25.7879917241688,125,0.656232090438534,3,0,FALSE
"no_synt__unique_profiles__sqrt_hamming__energy",39,25.7966705578384,129,0.754373152541918,4,0,FALSE
"no_synt__unique_profiles__sqrt_hamming__energy",40,25.7966705578384,129,0.754373152541918,4,0,FALSE
"no_synt__unique_profiles__sqrt_hamming__energy",41,25.7966705578384,129,0.754373152541918,4,0,FALSE
"no_synt__unique_profiles__sqrt_hamming__energy",42,25.7938787468787,123,0.60970930179085,3,0,FALSE
"no_synt__unique_profiles__sqrt_hamming__energy",43,25.7966705578384,129,0.754373152541918,4,0,FALSE
"no_synt__unique_profiles__sqrt_hamming__energy",44,25.7881669555823,124,0.632758308161156,5,0,FALSE
"no_synt__unique_profiles__sqrt_hamming__energy",45,25.7966705578385,129,0.754373152541918,5,0,FALSE
"no_synt__unique_profiles__sqrt_hamming__energy",46,25.7966705578384,129,0.754373152541918,4,0,FALSE
"no_synt__unique_profiles__sqrt_hamming__energy",47,25.7938787468788,123,0.60970930179085,3,0,FALSE
"no_synt__unique_profiles__sqrt_hamming__energy",48,25.7966705578384,129,0.754373152541918,4,0,FALSE
"no_synt__unique_profiles__sqrt_hamming__energy",49,25.7966705578382,129,0.754373152541918,3,0,FALSE
"no_synt__unique_profiles__sqrt_hamming__energy",50,25.7881669555823,124,0.632758308161156,3,0,FALSE
"no_synt__unique_profiles__sqrt_hamming__energy",51,25.7966705578384,129,0.754373152541918,4,0,FALSE
"no_synt__unique_profiles__sqrt_hamming__energy",52,25.7879917241689,125,0.656232090438534,3,0,FALSE
"no_synt__unique_profiles__sqrt_hamming__energy",53,25.7966705578384,129,0.754373152541918,4,0,FALSE
"no_synt__unique_profiles__sqrt_hamming__energy",54,25.7966705578384,129,0.754373152541918,3,0,FALSE
"no_synt__unique_profiles__sqrt_hamming__energy",55,25.7938787468787,123,0.60970930179085,3,0,FALSE
"no_synt__unique_profiles__sqrt_hamming__energy",56,25.7966705578384,129,0.754373152541918,3,0,FALSE
"no_synt__unique_profiles__sqrt_hamming__energy",57,25.7966705578384,129,0.754373152541918,3,0,FALSE
"no_synt__unique_profiles__sqrt_hamming__energy",58,25.7966705578384,129,0.754373152541918,4,0,FALSE
"no_synt__unique_profiles__sqrt_hamming__energy",59,25.7966705578383,129,0.754373152541918,3,0,FALSE
"no_synt__unique_profiles__sqrt_hamming__energy",60,25.7966705578384,129,0.754373152541918,4,0,FALSE
"no_synt__unique_profiles__sqrt_hamming__energy",61,25.7966705578384,129,0.754373152541918,3,0,FALSE
"no_synt__unique_profiles__sqrt_hamming__energy",62,25.7966705578384,129,0.754373152541918,3,0,FALSE
"no_synt__unique_profiles__sqrt_hamming__energy",63,25.7966705578383,129,0.754373152541918,3,0,FALSE
"no_synt__unique_profiles__sqrt_hamming__energy",64,25.7966705578384,129,0.754373152541918,3,0,FALSE
"no_synt__unique_profiles__sqrt_hamming__energy",65,25.7966705578383,129,0.754373152541918,3,0,FALSE
"no_synt__unique_profiles__sqrt_hamming__energy",66,25.7966705578385,129,0.754373152541918,5,0,FALSE
"no_synt__unique_profiles__sqrt_hamming__energy",67,25.7879917241689,125,0.656232090438534,3,0,FALSE
"no_synt__unique_profiles__sqrt_hamming__energy",68,26.0843136425094,116,0.460137789416631,4,0,FALSE
"no_synt__unique_profiles__sqrt_hamming__energy",69,25.7966705578384,129,0.754373152541918,3,0,FALSE
"no_synt__unique_profiles__sqrt_hamming__energy",70,25.7966705578384,129,0.754373152541918,3,0,FALSE
"no_synt__unique_profiles__sqrt_hamming__energy",71,25.7966705578384,129,0.754373152541918,3,0,FALSE
"no_synt__unique_profiles__sqrt_hamming__energy",72,25.7881669555823,124,0.632758308161156,4,0,FALSE
"no_synt__unique_profiles__sqrt_hamming__energy",73,25.7879917241688,125,0.656232090438534,2,0,FALSE
"no_synt__unique_profiles__sqrt_hamming__energy",74,25.7881669555823,124,0.632758308161156,2,0,FALSE
"no_synt__unique_profiles__sqrt_hamming__energy",75,25.7881669555823,124,0.632758308161156,5,0,FALSE
"no_synt__unique_profiles__sqrt_hamming__energy",76,25.7966705578384,129,0.754373152541918,2,0,FALSE
"no_synt__unique_profiles__sqrt_hamming__energy",77,25.7966705578384,129,0.754373152541918,3,0,FALSE
"no_synt__unique_profiles__sqrt_hamming__energy",78,25.7966705578384,129,0.754373152541918,3,0,FALSE
"no_synt__unique_profiles__sqrt_hamming__energy",79,25.7966705578383,129,0.754373152541918,4,0,FALSE
"no_synt__unique_profiles__sqrt_hamming__energy",80,25.7966705578383,129,0.754373152541918,4,0,FALSE
"no_synt__unique_profiles__sqrt_hamming__energy",81,25.8118546399542,127,0.704453625952981,3,0,FALSE
"no_synt__unique_profiles__sqrt_hamming__energy",82,25.7879917241689,125,0.656232090438534,3,0,FALSE
"no_synt__unique_profiles__sqrt_hamming__energy",83,25.7966705578384,129,0.754373152541918,3,0,FALSE
"no_synt__unique_profiles__sqrt_hamming__energy",84,25.7881669555822,124,0.632758308161156,3,0,FALSE
"no_synt__unique_profiles__sqrt_hamming__energy",85,25.7966705578384,129,0.754373152541918,3,0,FALSE
"no_synt__unique_profiles__sqrt_hamming__energy",86,25.7966705578384,129,0.754373152541918,5,0,FALSE
"no_synt__unique_profiles__sqrt_hamming__energy",87,25.7966705578384,129,0.754373152541918,4,0,FALSE
"no_synt__unique_profiles__sqrt_hamming__energy",88,25.7966705578384,129,0.754373152541918,4,0,FALSE
"no_synt__unique_profiles__sqrt_hamming__energy",89,25.7966705578385,129,0.754373152541918,3,0,FALSE
"no_synt__unique_profiles__sqrt_hamming__energy",90,25.7881669555822,124,0.632758308161156,9,0,FALSE
"no_synt__unique_profiles__sqrt_hamming__energy",91,26.0188398103951,116,0.460266497608434,5,0,FALSE
"no_synt__unique_profiles__sqrt_hamming__energy",92,25.7966705578382,129,0.754373152541918,4,0,FALSE
"no_synt__unique_profiles__sqrt_hamming__energy",93,25.7938787468786,123,0.60970930179085,3,0,FALSE
"no_synt__unique_profiles__sqrt_hamming__energy",94,25.7881669555822,124,0.632758308161156,4,0,FALSE
"no_synt__unique_profiles__sqrt_hamming__energy",95,25.7966705578384,129,0.754373152541918,3,0,FALSE
"no_synt__unique_profiles__sqrt_hamming__energy",96,25.7966705578384,129,0.754373152541918,4,0,FALSE
"no_synt__unique_profiles__sqrt_hamming__energy",97,25.7966705578385,129,0.754373152541918,3,0,FALSE
"no_synt__unique_profiles__sqrt_hamming__energy",98,25.7881669555821,124,0.632758308161156,3,0,FALSE
"no_synt__unique_profiles__sqrt_hamming__energy",99,25.7966705578384,129,0.754373152541918,4,0,FALSE
"no_synt__unique_profiles__sqrt_hamming__energy",100,25.7966705578384,129,0.754373152541918,5,0,FALSE
"morph_only__equal_features__sqrt_hamming__energy",1,20.9486741046597,126,0.680160222700603,3,0,FALSE
"morph_only__equal_features__sqrt_hamming__energy",2,22.1584478237417,73,-0.00370256488724611,3,0,FALSE
"morph_only__equal_features__sqrt_hamming__energy",3,22.1577509785523,71,-0.00624090646335717,3,0,FALSE
"morph_only__equal_features__sqrt_hamming__energy",4,22.1745730131317,70,-0.0067829667236539,3,0,FALSE
"morph_only__equal_features__sqrt_hamming__energy",5,22.1577509785523,71,-0.00624090646335717,3,0,FALSE
"morph_only__equal_features__sqrt_hamming__energy",6,21.4680295801044,120,0.542990678554031,5,0,FALSE
"morph_only__equal_features__sqrt_hamming__energy",7,20.9486741046597,126,0.680160222700603,4,0,FALSE
"morph_only__equal_features__sqrt_hamming__energy",8,22.1745730131317,70,-0.0067829667236539,3,0,FALSE
"morph_only__equal_features__sqrt_hamming__energy",9,20.9647720935787,124,0.632758308161156,3,0,FALSE
"morph_only__equal_features__sqrt_hamming__energy",10,22.145340721259,71,-0.00634088971316533,5,0,FALSE
"morph_only__equal_features__sqrt_hamming__energy",11,20.9486741046597,126,0.680160222700603,3,0,FALSE
"morph_only__equal_features__sqrt_hamming__energy",12,21.4680295801044,120,0.542990678554031,4,0,FALSE
"morph_only__equal_features__sqrt_hamming__energy",13,22.1577509785522,71,-0.00624090646335717,3,0,FALSE
"morph_only__equal_features__sqrt_hamming__energy",14,21.4680295801043,120,0.542990678554031,3,0,FALSE
"morph_only__equal_features__sqrt_hamming__energy",15,22.1577509785522,71,-0.00624090646335717,3,0,FALSE
"morph_only__equal_features__sqrt_hamming__energy",16,20.962511033436,123,0.60970930179085,3,0,FALSE
"morph_only__equal_features__sqrt_hamming__energy",17,20.9625110334361,123,0.60970930179085,3,0,FALSE
"morph_only__equal_features__sqrt_hamming__energy",18,20.962511033436,123,0.60970930179085,3,0,FALSE
"morph_only__equal_features__sqrt_hamming__energy",19,20.9486741046597,126,0.680160222700603,3,0,FALSE
"morph_only__equal_features__sqrt_hamming__energy",20,20.962511033436,123,0.60970930179085,4,0,FALSE
"morph_only__equal_features__sqrt_hamming__energy",21,22.1723737735363,71,-0.00618092604921914,3,0,FALSE
"morph_only__equal_features__sqrt_hamming__energy",22,21.4680295801043,120,0.542990678554031,3,0,FALSE
"morph_only__equal_features__sqrt_hamming__energy",23,22.1416787304144,70,-0.00695302600973284,3,0,FALSE
"morph_only__equal_features__sqrt_hamming__energy",24,20.9683338204984,125,0.656232090438534,2,0,FALSE
"morph_only__equal_features__sqrt_hamming__energy",25,22.1923453525774,78,0.0098918518201547,3,0,FALSE
"morph_only__equal_features__sqrt_hamming__energy",26,20.9683338204984,125,0.656232090438534,4,0,FALSE
"morph_only__equal_features__sqrt_hamming__energy",27,20.962511033436,123,0.60970930179085,3,0,FALSE
"morph_only__equal_features__sqrt_hamming__energy",28,20.9625110334361,123,0.60970930179085,3,0,FALSE
"morph_only__equal_features__sqrt_hamming__energy",29,22.2239432767312,82,0.0286894368793455,3,0,FALSE
"morph_only__equal_features__sqrt_hamming__energy",30,20.962511033436,123,0.60970930179085,3,0,FALSE
"morph_only__equal_features__sqrt_hamming__energy",31,21.4680295801044,120,0.542990678554031,3,0,FALSE
"morph_only__equal_features__sqrt_hamming__energy",32,20.9453000623098,125,0.656266244901628,2,0,FALSE
"morph_only__equal_features__sqrt_hamming__energy",33,20.9486741046597,126,0.680160222700603,3,0,FALSE
"morph_only__equal_features__sqrt_hamming__energy",34,22.1616190776788,74,-0.00182618074731812,4,0,FALSE
"morph_only__equal_features__sqrt_hamming__energy",35,20.9486741046597,126,0.680160222700603,3,0,FALSE
"morph_only__equal_features__sqrt_hamming__energy",36,20.9683338204983,125,0.656232090438534,4,0,FALSE
"morph_only__equal_features__sqrt_hamming__energy",37,22.1597270909161,86,0.0538183076143763,4,0,FALSE
"morph_only__equal_features__sqrt_hamming__energy",38,20.9486741046596,126,0.680160222700603,2,0,FALSE
"morph_only__equal_features__sqrt_hamming__energy",39,22.145340721259,71,-0.00634088971316533,5,0,FALSE
"morph_only__equal_features__sqrt_hamming__energy",40,20.9625110334361,123,0.60970930179085,5,0,FALSE
"morph_only__equal_features__sqrt_hamming__energy",41,22.155504570922,70,-0.00690300260921331,3,0,FALSE
"morph_only__equal_features__sqrt_hamming__energy",42,20.9625110334361,123,0.60970930179085,4,0,FALSE
"morph_only__equal_features__sqrt_hamming__energy",43,22.1616190776788,74,-0.00182618074731812,4,0,FALSE
"morph_only__equal_features__sqrt_hamming__energy",44,21.4680295801044,120,0.542990678554031,5,0,FALSE
"morph_only__equal_features__sqrt_hamming__energy",45,22.1416787304144,70,-0.00695302600973284,3,0,FALSE
"morph_only__equal_features__sqrt_hamming__energy",46,22.1584478237417,73,-0.00370256488724611,2,0,FALSE
"morph_only__equal_features__sqrt_hamming__energy",47,20.962511033436,123,0.60970930179085,3,0,FALSE
"morph_only__equal_features__sqrt_hamming__energy",48,22.2166656786599,83,0.034321388983865,3,0,FALSE
"morph_only__equal_features__sqrt_hamming__energy",49,22.1453407212591,71,-0.00634088971316533,6,0,FALSE
"morph_only__equal_features__sqrt_hamming__energy",50,22.1577509785522,71,-0.00624090646335717,3,0,FALSE
"morph_only__equal_features__sqrt_hamming__energy",51,20.9625110334361,123,0.60970930179085,3,0,FALSE
"morph_only__equal_features__sqrt_hamming__energy",52,22.2766959557722,79,0.0139286689812781,3,0,FALSE
"morph_only__equal_features__sqrt_hamming__energy",53,21.4680295801044,120,0.542990678554031,3,0,FALSE
"morph_only__equal_features__sqrt_hamming__energy",54,20.9486741046596,126,0.680160222700603,4,0,FALSE
"morph_only__equal_features__sqrt_hamming__energy",55,20.9486741046597,126,0.680160222700603,2,0,FALSE
"morph_only__equal_features__sqrt_hamming__energy",56,20.9486741046597,126,0.680160222700603,3,0,FALSE
"morph_only__equal_features__sqrt_hamming__energy",57,20.9683338204984,125,0.656232090438534,3,0,FALSE
"morph_only__equal_features__sqrt_hamming__energy",58,20.962511033436,123,0.60970930179085,4,0,FALSE
"morph_only__equal_features__sqrt_hamming__energy",59,22.1753865392875,69,-0.00702698947242639,4,0,FALSE
"morph_only__equal_features__sqrt_hamming__energy",60,22.1577509785523,71,-0.00624090646335717,4,0,FALSE
"morph_only__equal_features__sqrt_hamming__energy",61,20.9486741046597,126,0.680160222700603,3,0,FALSE
"morph_only__equal_features__sqrt_hamming__energy",62,20.9625110334361,123,0.60970930179085,3,0,FALSE
"morph_only__equal_features__sqrt_hamming__energy",63,21.4680295801044,120,0.542990678554031,5,0,FALSE
"morph_only__equal_features__sqrt_hamming__energy",64,22.1901344375332,79,0.0139286689812781,3,0,FALSE
"morph_only__equal_features__sqrt_hamming__energy",65,20.9486741046597,126,0.680160222700603,3,0,FALSE
"morph_only__equal_features__sqrt_hamming__energy",66,20.962511033436,123,0.60970930179085,3,0,FALSE
"morph_only__equal_features__sqrt_hamming__energy",67,22.1901138834334,86,0.0540721171002685,3,0,FALSE
"morph_only__equal_features__sqrt_hamming__energy",68,22.1416787304145,70,-0.00695302600973284,3,0,FALSE
"morph_only__equal_features__sqrt_hamming__energy",69,20.9453000623098,125,0.656266244901628,2,0,FALSE
"morph_only__equal_features__sqrt_hamming__energy",70,21.4680295801044,120,0.542990678554031,4,0,FALSE
"morph_only__equal_features__sqrt_hamming__energy",71,22.1901344375332,79,0.0139286689812781,3,0,FALSE
"morph_only__equal_features__sqrt_hamming__energy",72,22.1616190776788,74,-0.00182618074731812,3,0,FALSE
"morph_only__equal_features__sqrt_hamming__energy",73,20.9625110334361,123,0.60970930179085,3,0,FALSE
"morph_only__equal_features__sqrt_hamming__energy",74,20.9453000623098,125,0.656266244901628,2,0,FALSE
"morph_only__equal_features__sqrt_hamming__energy",75,21.4680295801044,120,0.542990678554031,3,0,FALSE
"morph_only__equal_features__sqrt_hamming__energy",76,20.9486741046596,126,0.680160222700603,2,0,FALSE
"morph_only__equal_features__sqrt_hamming__energy",77,20.9683338204984,125,0.656232090438534,3,0,FALSE
"morph_only__equal_features__sqrt_hamming__energy",78,20.9486741046597,126,0.680160222700603,3,0,FALSE
"morph_only__equal_features__sqrt_hamming__energy",79,20.9486741046597,126,0.680160222700603,3,0,FALSE
"morph_only__equal_features__sqrt_hamming__energy",80,22.1745730131316,70,-0.0067829667236539,4,0,FALSE
"morph_only__equal_features__sqrt_hamming__energy",81,20.9486741046597,126,0.680160222700603,3,0,FALSE
"morph_only__equal_features__sqrt_hamming__energy",82,20.9453000623099,125,0.656266244901628,3,0,FALSE
"morph_only__equal_features__sqrt_hamming__energy",83,22.1453407212591,71,-0.00634088971316533,3,0,FALSE
"morph_only__equal_features__sqrt_hamming__energy",84,20.9453000623097,125,0.656266244901628,2,0,TRUE
"morph_only__equal_features__sqrt_hamming__energy",85,21.4680295801044,120,0.542990678554031,5,0,FALSE
"morph_only__equal_features__sqrt_hamming__energy",86,22.155504570922,70,-0.00690300260921331,3,0,FALSE
"morph_only__equal_features__sqrt_hamming__energy",87,20.9486741046596,126,0.680160222700603,4,0,FALSE
"morph_only__equal_features__sqrt_hamming__energy",88,22.1745730131317,70,-0.0067829667236539,3,0,FALSE
"morph_only__equal_features__sqrt_hamming__energy",89,20.9683338204983,125,0.656232090438534,3,0,FALSE
"morph_only__equal_features__sqrt_hamming__energy",90,22.1577509785522,71,-0.00624090646335717,4,0,FALSE
"morph_only__equal_features__sqrt_hamming__energy",91,20.9625110334361,123,0.60970930179085,6,0,FALSE
"morph_only__equal_features__sqrt_hamming__energy",92,22.1584478237416,73,-0.00370256488724611,3,0,FALSE
"morph_only__equal_features__sqrt_hamming__energy",93,20.962511033436,123,0.60970930179085,4,0,FALSE
"morph_only__equal_features__sqrt_hamming__energy",94,22.1584478237417,73,-0.00370256488724611,3,0,FALSE
"morph_only__equal_features__sqrt_hamming__energy",95,21.4680295801044,120,0.542990678554031,3,0,FALSE
"morph_only__equal_features__sqrt_hamming__energy",96,20.9625110334361,123,0.60970930179085,6,0,FALSE
"morph_only__equal_features__sqrt_hamming__energy",97,20.9486741046597,126,0.680160222700603,3,0,FALSE
"morph_only__equal_features__sqrt_hamming__energy",98,20.9453000623098,125,0.656266244901628,3,0,FALSE
"morph_only__equal_features__sqrt_hamming__energy",99,20.9683338204983,125,0.656232090438534,2,0,FALSE
"morph_only__equal_features__sqrt_hamming__energy",100,22.1577509785522,71,-0.00624090646335717,3,0,FALSE
"morph_without_components__equal_features__sqrt_hamming__energy",1,32.1299682260737,124,0.632758308161156,4,0,FALSE
"morph_without_components__equal_features__sqrt_hamming__energy",2,34.4770838464458,71,-0.0061142895306586,2,0,FALSE
"morph_without_components__equal_features__sqrt_hamming__energy",3,34.4770838464458,71,-0.0061142895306586,3,0,FALSE
"morph_without_components__equal_features__sqrt_hamming__energy",4,34.477083846446,71,-0.0061142895306586,4,0,FALSE
"morph_without_components__equal_features__sqrt_hamming__energy",5,34.4697639259334,70,-0.0067829667236539,3,0,FALSE
"morph_without_components__equal_features__sqrt_hamming__energy",6,34.4697639259334,70,-0.0067829667236539,3,0,FALSE
"morph_without_components__equal_features__sqrt_hamming__energy",7,32.1168717347537,125,0.656266244901628,3,0,FALSE
"morph_without_components__equal_features__sqrt_hamming__energy",8,34.4770838464459,71,-0.0061142895306586,2,0,FALSE
"morph_without_components__equal_features__sqrt_hamming__energy",9,32.1299682260736,124,0.632758308161156,3,0,FALSE
"morph_without_components__equal_features__sqrt_hamming__energy",10,34.6532556573557,79,0.0139286689812781,3,0,FALSE
"morph_without_components__equal_features__sqrt_hamming__energy",11,32.1299682260737,124,0.632758308161156,4,0,FALSE
"morph_without_components__equal_features__sqrt_hamming__energy",12,33.404495425946,120,0.542990678554031,2,0,FALSE
"morph_without_components__equal_features__sqrt_hamming__energy",13,34.4697639259333,70,-0.0067829667236539,2,0,FALSE
"morph_without_components__equal_features__sqrt_hamming__energy",14,34.4973851097839,70,-0.00684631542994675,3,0,FALSE
"morph_without_components__equal_features__sqrt_hamming__energy",15,34.4697639259333,70,-0.0067829667236539,2,0,FALSE
"morph_without_components__equal_features__sqrt_hamming__energy",16,32.1299682260738,124,0.632758308161156,4,0,FALSE
"morph_without_components__equal_features__sqrt_hamming__energy",17,32.1299682260738,124,0.632758308161156,4,0,FALSE
"morph_without_components__equal_features__sqrt_hamming__energy",18,32.1299682260738,124,0.632758308161156,4,0,FALSE
"morph_without_components__equal_features__sqrt_hamming__energy",19,32.1299682260739,124,0.632758308161156,3,0,FALSE
"morph_without_components__equal_features__sqrt_hamming__energy",20,34.454809865193,73,-0.00370256488724611,2,0,FALSE
"morph_without_components__equal_features__sqrt_hamming__energy",21,34.4697639259333,70,-0.0067829667236539,2,0,FALSE
"morph_without_components__equal_features__sqrt_hamming__energy",22,33.4044954259461,120,0.542990678554031,2,0,FALSE
"morph_without_components__equal_features__sqrt_hamming__energy",23,34.4743719808182,70,-0.00695302600973284,3,0,FALSE
"morph_without_components__equal_features__sqrt_hamming__energy",24,32.1299682260738,124,0.632758308161156,3,0,FALSE
"morph_without_components__equal_features__sqrt_hamming__energy",25,34.454809865193,73,-0.00370256488724611,3,0,FALSE
"morph_without_components__equal_features__sqrt_hamming__energy",26,34.6532556573557,79,0.0139286689812781,3,0,FALSE
"morph_without_components__equal_features__sqrt_hamming__energy",27,32.1299682260736,124,0.632758308161156,4,0,FALSE
"morph_without_components__equal_features__sqrt_hamming__energy",28,34.4902767056726,75,0.00058758133643884,3,0,FALSE
"morph_without_components__equal_features__sqrt_hamming__energy",29,34.406265733158,82,0.0289724213000639,4,0,FALSE
"morph_without_components__equal_features__sqrt_hamming__energy",30,32.1299682260738,124,0.632758308161156,4,0,FALSE
"morph_without_components__equal_features__sqrt_hamming__energy",31,33.404495425946,120,0.542990678554031,2,0,FALSE
"morph_without_components__equal_features__sqrt_hamming__energy",32,32.1168717347536,125,0.656266244901628,2,0,FALSE
"morph_without_components__equal_features__sqrt_hamming__energy",33,34.4973851097838,70,-0.00684631542994675,4,0,FALSE
"morph_without_components__equal_features__sqrt_hamming__energy",34,34.4697639259333,70,-0.0067829667236539,2,0,FALSE
"morph_without_components__equal_features__sqrt_hamming__energy",35,33.4044954259461,120,0.542990678554031,2,0,FALSE
"morph_without_components__equal_features__sqrt_hamming__energy",36,34.3019595506586,93,0.114999572832677,4,0,FALSE
"morph_without_components__equal_features__sqrt_hamming__energy",37,32.1299682260738,124,0.632758308161156,7,0,FALSE
"morph_without_components__equal_features__sqrt_hamming__energy",38,32.1168717347536,125,0.656266244901628,3,0,TRUE
"morph_without_components__equal_features__sqrt_hamming__energy",39,34.3019595506585,93,0.114999572832677,7,0,FALSE
"morph_without_components__equal_features__sqrt_hamming__energy",40,34.6532556573557,79,0.0139286689812781,3,0,FALSE
"morph_without_components__equal_features__sqrt_hamming__energy",41,34.4961081470076,70,-0.00684631542994675,3,0,FALSE
"morph_without_components__equal_features__sqrt_hamming__energy",42,32.1299682260738,124,0.632758308161156,4,0,FALSE
"morph_without_components__equal_features__sqrt_hamming__energy",43,34.6532556573557,79,0.0139286689812781,3,0,FALSE
"morph_without_components__equal_features__sqrt_hamming__energy",44,34.4770838464458,71,-0.0061142895306586,3,0,FALSE
"morph_without_components__equal_features__sqrt_hamming__energy",45,34.454809865193,73,-0.00370256488724611,3,0,FALSE
"morph_without_components__equal_features__sqrt_hamming__energy",46,34.454809865193,73,-0.00370256488724611,2,0,FALSE
"morph_without_components__equal_features__sqrt_hamming__energy",47,32.1299682260738,124,0.632758308161156,3,0,FALSE
"morph_without_components__equal_features__sqrt_hamming__energy",48,34.4954326441318,77,0.00657582133161584,4,0,FALSE
"morph_without_components__equal_features__sqrt_hamming__energy",49,33.4044954259459,120,0.542990678554031,2,0,FALSE
"morph_without_components__equal_features__sqrt_hamming__energy",50,34.4770838464459,71,-0.0061142895306586,2,0,FALSE
"morph_without_components__equal_features__sqrt_hamming__energy",51,32.1299682260738,124,0.632758308161156,3,0,FALSE
"morph_without_components__equal_features__sqrt_hamming__energy",52,34.4770838464459,71,-0.0061142895306586,3,0,FALSE
"morph_without_components__equal_features__sqrt_hamming__energy",53,34.4743719808182,70,-0.00695302600973284,3,0,FALSE
"morph_without_components__equal_features__sqrt_hamming__energy",54,34.6532556573557,79,0.0139286689812781,3,0,FALSE
"morph_without_components__equal_features__sqrt_hamming__energy",55,32.1168717347536,125,0.656266244901628,3,0,FALSE
"morph_without_components__equal_features__sqrt_hamming__energy",56,32.1299682260738,124,0.632758308161156,3,0,FALSE
"morph_without_components__equal_features__sqrt_hamming__energy",57,32.1299682260738,124,0.632758308161156,4,0,FALSE
"morph_without_components__equal_features__sqrt_hamming__energy",58,32.1299682260737,124,0.632758308161156,7,0,FALSE
"morph_without_components__equal_features__sqrt_hamming__energy",59,34.4770838464459,71,-0.0061142895306586,3,0,FALSE
"morph_without_components__equal_features__sqrt_hamming__energy",60,34.4697639259332,70,-0.0067829667236539,3,0,FALSE
"morph_without_components__equal_features__sqrt_hamming__energy",61,33.404495425946,120,0.542990678554031,2,0,FALSE
"morph_without_components__equal_features__sqrt_hamming__energy",62,34.3019595506586,93,0.114999572832677,4,0,FALSE
"morph_without_components__equal_features__sqrt_hamming__energy",63,34.454809865193,73,-0.00370256488724611,3,0,FALSE
"morph_without_components__equal_features__sqrt_hamming__energy",64,34.3019595506587,93,0.114999572832677,4,0,FALSE
"morph_without_components__equal_features__sqrt_hamming__energy",65,32.1168717347538,125,0.656266244901628,4,0,FALSE
"morph_without_components__equal_features__sqrt_hamming__energy",66,32.1299682260738,124,0.632758308161156,3,0,FALSE
"morph_without_components__equal_features__sqrt_hamming__energy",67,34.4992874994393,69,-0.00702698947242639,3,0,FALSE
"morph_without_components__equal_features__sqrt_hamming__energy",68,34.4743719808181,70,-0.00695302600973284,2,0,FALSE
"morph_without_components__equal_features__sqrt_hamming__energy",69,32.136610159235,123,0.60970930179085,2,0,FALSE
"morph_without_components__equal_features__sqrt_hamming__energy",70,34.4697639259333,70,-0.0067829667236539,3,0,FALSE
"morph_without_components__equal_features__sqrt_hamming__energy",71,34.3019595506586,93,0.114999572832677,7,0,FALSE
"morph_without_components__equal_features__sqrt_hamming__energy",72,34.4697639259333,70,-0.0067829667236539,2,0,FALSE
"morph_without_components__equal_features__sqrt_hamming__energy",73,32.1299682260737,124,0.632758308161156,2,0,FALSE
"morph_without_components__equal_features__sqrt_hamming__energy",74,32.1168717347537,125,0.656266244901628,3,0,FALSE
"morph_without_components__equal_features__sqrt_hamming__energy",75,33.404495425946,120,0.542990678554031,3,0,FALSE
"morph_without_components__equal_features__sqrt_hamming__energy",76,32.1168717347537,125,0.656266244901628,4,0,FALSE
"morph_without_components__equal_features__sqrt_hamming__energy",77,32.1299682260737,124,0.632758308161156,3,0,FALSE
"morph_without_components__equal_features__sqrt_hamming__energy",78,34.4697639259332,70,-0.0067829667236539,3,0,FALSE
"morph_without_components__equal_features__sqrt_hamming__energy",79,32.1168717347537,125,0.656266244901628,3,0,FALSE
"morph_without_components__equal_features__sqrt_hamming__energy",80,33.404495425946,120,0.542990678554031,3,0,FALSE
"morph_without_components__equal_features__sqrt_hamming__energy",81,32.1299682260738,124,0.632758308161156,2,0,FALSE
"morph_without_components__equal_features__sqrt_hamming__energy",82,32.1299682260738,124,0.632758308161156,2,0,FALSE
"morph_without_components__equal_features__sqrt_hamming__energy",83,34.4961081470076,70,-0.00684631542994675,3,0,FALSE
"morph_without_components__equal_features__sqrt_hamming__energy",84,32.1168717347537,125,0.656266244901628,2,0,FALSE
"morph_without_components__equal_features__sqrt_hamming__energy",85,34.3019595506586,93,0.114999572832677,7,0,FALSE
"morph_without_components__equal_features__sqrt_hamming__energy",86,34.4697639259333,70,-0.0067829667236539,3,0,FALSE
"morph_without_components__equal_features__sqrt_hamming__energy",87,33.4044954259461,120,0.542990678554031,2,0,FALSE
"morph_without_components__equal_features__sqrt_hamming__energy",88,34.4697639259333,70,-0.0067829667236539,3,0,FALSE
"morph_without_components__equal_features__sqrt_hamming__energy",89,32.1299682260738,124,0.632758308161156,3,0,FALSE
"morph_without_components__equal_features__sqrt_hamming__energy",90,34.4697639259333,70,-0.0067829667236539,3,0,FALSE
"morph_without_components__equal_features__sqrt_hamming__energy",91,32.1299682260739,124,0.632758308161156,7,0,FALSE
"morph_without_components__equal_features__sqrt_hamming__energy",92,34.454809865193,73,-0.00370256488724611,2,0,FALSE
"morph_without_components__equal_features__sqrt_hamming__energy",93,32.1299682260739,124,0.632758308161156,4,0,FALSE
"morph_without_components__equal_features__sqrt_hamming__energy",94,34.3019595506586,93,0.114999572832677,6,0,FALSE
"morph_without_components__equal_features__sqrt_hamming__energy",95,32.1299682260739,124,0.632758308161156,5,0,FALSE
"morph_without_components__equal_features__sqrt_hamming__energy",96,34.3019595506585,93,0.114999572832677,6,0,FALSE
"morph_without_components__equal_features__sqrt_hamming__energy",97,32.1299682260737,124,0.632758308161156,3,0,FALSE
"morph_without_components__equal_features__sqrt_hamming__energy",98,32.1299682260738,124,0.632758308161156,2,0,FALSE
"morph_without_components__equal_features__sqrt_hamming__energy",99,32.1299682260737,124,0.632758308161156,3,0,FALSE
"morph_without_components__equal_features__sqrt_hamming__energy",100,34.4697639259332,70,-0.0067829667236539,3,0,FALSE
"phon_only__equal_features__sqrt_hamming__energy",1,13.1867789802382,104,0.251977752107056,2,0,FALSE
"phon_only__equal_features__sqrt_hamming__energy",2,13.1867789802382,104,0.251977752107056,2,0,FALSE
"phon_only__equal_features__sqrt_hamming__energy",3,13.1867789802382,104,0.251977752107056,2,0,FALSE
"phon_only__equal_features__sqrt_hamming__energy",4,12.8404775796207,106,0.282611269548514,2,0,FALSE
"phon_only__equal_features__sqrt_hamming__energy",5,12.8404775796207,106,0.282611269548514,2,0,FALSE
"phon_only__equal_features__sqrt_hamming__energy",6,13.1867789802381,104,0.251977752107056,2,0,FALSE
"phon_only__equal_features__sqrt_hamming__energy",7,13.1867789802378,104,0.251977752107056,2,0,FALSE
"phon_only__equal_features__sqrt_hamming__energy",8,13.1867789802382,104,0.251977752107056,2,0,FALSE
"phon_only__equal_features__sqrt_hamming__energy",9,12.8404775796203,106,0.282611269548514,2,0,FALSE
"phon_only__equal_features__sqrt_hamming__energy",10,12.8404775796207,106,0.282611269548514,3,0,FALSE
"phon_only__equal_features__sqrt_hamming__energy",11,13.1867789802382,104,0.251977752107056,2,0,FALSE
"phon_only__equal_features__sqrt_hamming__energy",12,12.8404775796205,106,0.282611269548514,2,0,FALSE
"phon_only__equal_features__sqrt_hamming__energy",13,13.1867789802381,104,0.251977752107056,2,0,FALSE
"phon_only__equal_features__sqrt_hamming__energy",14,13.1867789802381,104,0.251977752107056,2,0,FALSE
"phon_only__equal_features__sqrt_hamming__energy",15,12.6097669672547,103,0.237788234678377,3,0,FALSE
"phon_only__equal_features__sqrt_hamming__energy",16,12.8404775796204,106,0.282611269548514,2,0,FALSE
"phon_only__equal_features__sqrt_hamming__energy",17,12.8404775796207,106,0.282611269548514,3,0,FALSE
"phon_only__equal_features__sqrt_hamming__energy",18,12.8404775796207,106,0.282611269548514,2,0,FALSE
"phon_only__equal_features__sqrt_hamming__energy",19,13.1867789802381,104,0.251977752107056,3,0,FALSE
"phon_only__equal_features__sqrt_hamming__energy",20,12.8404775796207,106,0.282611269548514,2,0,FALSE
"phon_only__equal_features__sqrt_hamming__energy",21,12.8404775796207,106,0.282611269548514,2,0,FALSE
"phon_only__equal_features__sqrt_hamming__energy",22,13.1867789802381,104,0.251977752107056,2,0,FALSE
"phon_only__equal_features__sqrt_hamming__energy",23,13.1867789802381,104,0.251977752107056,2,0,FALSE
"phon_only__equal_features__sqrt_hamming__energy",24,13.1867789802382,104,0.251977752107056,2,0,FALSE
"phon_only__equal_features__sqrt_hamming__energy",25,13.1867789802381,104,0.251977752107056,2,0,FALSE
"phon_only__equal_features__sqrt_hamming__energy",26,13.1867789802382,104,0.251977752107056,2,0,FALSE
"phon_only__equal_features__sqrt_hamming__energy",27,13.1867789802375,104,0.251977752107056,2,0,FALSE
"phon_only__equal_features__sqrt_hamming__energy",28,13.1867789802382,104,0.251977752107056,2,0,FALSE
"phon_only__equal_features__sqrt_hamming__energy",29,13.1867789802382,104,0.251977752107056,2,0,FALSE
"phon_only__equal_features__sqrt_hamming__energy",30,12.8404775796206,106,0.282611269548514,3,0,FALSE
"phon_only__equal_features__sqrt_hamming__energy",31,13.4434857088007,101,0.209617595128007,3,0,FALSE
"phon_only__equal_features__sqrt_hamming__energy",32,12.8404775796207,106,0.282611269548514,2,0,FALSE
"phon_only__equal_features__sqrt_hamming__energy",33,13.1867789802382,104,0.251977752107056,2,0,FALSE
"phon_only__equal_features__sqrt_hamming__energy",34,13.1867789802381,104,0.251977752107056,2,0,FALSE
"phon_only__equal_features__sqrt_hamming__energy",35,13.1867789802378,104,0.251977752107056,2,0,FALSE
"phon_only__equal_features__sqrt_hamming__energy",36,13.1867789802378,104,0.251977752107056,2,0,FALSE
"phon_only__equal_features__sqrt_hamming__energy",37,12.6097669672548,103,0.237788234678377,3,0,FALSE
"phon_only__equal_features__sqrt_hamming__energy",38,13.1867789802382,104,0.251977752107056,3,0,FALSE
"phon_only__equal_features__sqrt_hamming__energy",39,13.1867789802382,104,0.251977752107056,2,0,FALSE
"phon_only__equal_features__sqrt_hamming__energy",40,13.4434857088007,101,0.209617595128007,2,0,FALSE
"phon_only__equal_features__sqrt_hamming__energy",41,13.1867789802381,104,0.251977752107056,2,0,FALSE
"phon_only__equal_features__sqrt_hamming__energy",42,13.1867789802381,104,0.251977752107056,2,0,FALSE
"phon_only__equal_features__sqrt_hamming__energy",43,13.1867789802381,104,0.251977752107056,2,0,FALSE
"phon_only__equal_features__sqrt_hamming__energy",44,13.1867789802381,104,0.251977752107056,2,0,FALSE
"phon_only__equal_features__sqrt_hamming__energy",45,13.1867789802379,104,0.251977752107056,2,0,FALSE
"phon_only__equal_features__sqrt_hamming__energy",46,13.1867789802381,104,0.251977752107056,2,0,FALSE
"phon_only__equal_features__sqrt_hamming__energy",47,13.1867789802381,104,0.251977752107056,2,0,FALSE
"phon_only__equal_features__sqrt_hamming__energy",48,13.1867789802381,104,0.251977752107056,2,0,FALSE
"phon_only__equal_features__sqrt_hamming__energy",49,13.1867789802379,104,0.251977752107056,2,0,FALSE
"phon_only__equal_features__sqrt_hamming__energy",50,13.1867789802377,104,0.251977752107056,2,0,FALSE
"phon_only__equal_features__sqrt_hamming__energy",51,12.6097669672549,103,0.237788234678377,3,0,FALSE
"phon_only__equal_features__sqrt_hamming__energy",52,13.1867789802382,104,0.251977752107056,2,0,FALSE
"phon_only__equal_features__sqrt_hamming__energy",53,12.8404775796207,106,0.282611269548514,2,0,FALSE
"phon_only__equal_features__sqrt_hamming__energy",54,13.1867789802377,104,0.251977752107056,2,0,FALSE
"phon_only__equal_features__sqrt_hamming__energy",55,13.1867789802381,104,0.251977752107056,2,0,FALSE
"phon_only__equal_features__sqrt_hamming__energy",56,12.8404775796207,106,0.282611269548514,2,0,FALSE
"phon_only__equal_features__sqrt_hamming__energy",57,13.186778980238,104,0.251977752107056,2,0,FALSE
"phon_only__equal_features__sqrt_hamming__energy",58,12.8404775796207,106,0.282611269548514,2,0,FALSE
"phon_only__equal_features__sqrt_hamming__energy",59,12.6097669672547,103,0.237788234678377,2,0,FALSE
"phon_only__equal_features__sqrt_hamming__energy",60,13.1867789802382,104,0.251977752107056,2,0,FALSE
"phon_only__equal_features__sqrt_hamming__energy",61,12.8404775796207,106,0.282611269548514,2,0,FALSE
"phon_only__equal_features__sqrt_hamming__energy",62,13.1867789802381,104,0.251977752107056,2,0,FALSE
"phon_only__equal_features__sqrt_hamming__energy",63,13.1867789802376,104,0.251977752107056,2,0,FALSE
"phon_only__equal_features__sqrt_hamming__energy",64,12.8404775796206,106,0.282611269548514,3,0,FALSE
"phon_only__equal_features__sqrt_hamming__energy",65,13.1867789802381,104,0.251977752107056,2,0,FALSE
"phon_only__equal_features__sqrt_hamming__energy",66,13.1867789802378,104,0.251977752107056,2,0,FALSE
"phon_only__equal_features__sqrt_hamming__energy",67,13.1867789802381,104,0.251977752107056,2,0,FALSE
"phon_only__equal_features__sqrt_hamming__energy",68,13.1867789802379,104,0.251977752107056,3,0,FALSE
"phon_only__equal_features__sqrt_hamming__energy",69,13.1867789802382,104,0.251977752107056,2,0,FALSE
"phon_only__equal_features__sqrt_hamming__energy",70,13.1867789802382,104,0.251977752107056,2,0,FALSE
"phon_only__equal_features__sqrt_hamming__energy",71,13.1867789802382,104,0.251977752107056,2,0,FALSE
"phon_only__equal_features__sqrt_hamming__energy",72,12.8404775796206,106,0.282611269548514,2,0,FALSE
"phon_only__equal_features__sqrt_hamming__energy",73,13.1867789802381,104,0.251977752107056,2,0,FALSE
"phon_only__equal_features__sqrt_hamming__energy",74,13.1867789802381,104,0.251977752107056,2,0,FALSE
"phon_only__equal_features__sqrt_hamming__energy",75,13.1867789802381,104,0.251977752107056,2,0,FALSE
"phon_only__equal_features__sqrt_hamming__energy",76,12.8404775796207,106,0.282611269548514,2,0,FALSE
"phon_only__equal_features__sqrt_hamming__energy",77,13.1867789802381,104,0.251977752107056,2,0,FALSE
"phon_only__equal_features__sqrt_hamming__energy",78,13.1867789802382,104,0.251977752107056,2,0,FALSE
"phon_only__equal_features__sqrt_hamming__energy",79,13.1867789802382,104,0.251977752107056,2,0,FALSE
"phon_only__equal_features__sqrt_hamming__energy",80,13.1867789802378,104,0.251977752107056,2,0,FALSE
"phon_only__equal_features__sqrt_hamming__energy",81,12.8404775796207,106,0.282611269548514,2,0,FALSE
"phon_only__equal_features__sqrt_hamming__energy",82,13.1867789802381,104,0.251977752107056,3,0,FALSE
"phon_only__equal_features__sqrt_hamming__energy",83,13.1867789802381,104,0.251977752107056,2,0,FALSE
"phon_only__equal_features__sqrt_hamming__energy",84,12.8404775796206,106,0.282611269548514,2,0,FALSE
"phon_only__equal_features__sqrt_hamming__energy",85,13.1867789802381,104,0.251977752107056,2,0,FALSE
"phon_only__equal_features__sqrt_hamming__energy",86,13.186778980238,104,0.251977752107056,2,0,FALSE
"phon_only__equal_features__sqrt_hamming__energy",87,13.1867789802381,104,0.251977752107056,2,0,FALSE
"phon_only__equal_features__sqrt_hamming__energy",88,13.1867789802381,104,0.251977752107056,2,0,FALSE
"phon_only__equal_features__sqrt_hamming__energy",89,13.186778980238,104,0.251977752107056,2,0,FALSE
"phon_only__equal_features__sqrt_hamming__energy",90,13.1867789802381,104,0.251977752107056,2,0,FALSE
"phon_only__equal_features__sqrt_hamming__energy",91,12.8404775796205,106,0.282611269548514,2,0,FALSE
"phon_only__equal_features__sqrt_hamming__energy",92,13.1867789802378,104,0.251977752107056,2,0,FALSE
"phon_only__equal_features__sqrt_hamming__energy",93,12.6097669672544,103,0.237788234678377,3,0,FALSE
"phon_only__equal_features__sqrt_hamming__energy",94,12.8404775796207,106,0.282611269548514,2,0,FALSE
"phon_only__equal_features__sqrt_hamming__energy",95,12.8404775796207,106,0.282611269548514,2,0,FALSE
"phon_only__equal_features__sqrt_hamming__energy",96,13.1867789802382,104,0.251977752107056,2,0,FALSE
"phon_only__equal_features__sqrt_hamming__energy",97,12.8404775796207,106,0.282611269548514,2,0,FALSE
"phon_only__equal_features__sqrt_hamming__energy",98,12.6097669672544,103,0.237788234678377,3,0,TRUE
"phon_only__equal_features__sqrt_hamming__energy",99,13.186778980238,104,0.251977752107056,2,0,FALSE
"phon_only__equal_features__sqrt_hamming__energy",100,13.1867789802382,104,0.251977752107056,2,0,FALSE
"sem_only__equal_features__sqrt_hamming__energy",1,31.4732576053594,87,0.0612243532188342,3,0,FALSE
"sem_only__equal_features__sqrt_hamming__energy",2,31.0490581230474,127,0.70442621366831,4,0,FALSE
"sem_only__equal_features__sqrt_hamming__energy",3,31.4802084009729,83,0.034148650963376,3,0,FALSE
"sem_only__equal_features__sqrt_hamming__energy",4,30.9991022820254,132,0.832429915469811,4,0,FALSE
"sem_only__equal_features__sqrt_hamming__energy",5,31.0171679080672,129,0.754358506849612,3,0,FALSE
"sem_only__equal_features__sqrt_hamming__energy",6,31.0364937334194,125,0.656191096122399,4,0,FALSE
"sem_only__equal_features__sqrt_hamming__energy",7,31.0490581230477,127,0.70442621366831,4,0,FALSE
"sem_only__equal_features__sqrt_hamming__energy",8,31.0544142895411,128,0.729179661365352,5,0,FALSE
"sem_only__equal_features__sqrt_hamming__energy",9,31.1743655099572,110,0.348345036093084,5,0,FALSE
"sem_only__equal_features__sqrt_hamming__energy",10,31.0902989497851,125,0.656186540594849,4,0,FALSE
"sem_only__equal_features__sqrt_hamming__energy",11,31.476581666593,84,0.0402804249634655,3,0,FALSE
"sem_only__equal_features__sqrt_hamming__energy",12,31.0454966514454,125,0.656184262785802,3,0,FALSE
"sem_only__equal_features__sqrt_hamming__energy",13,31.0277505024393,129,0.754356879442656,5,0,FALSE
"sem_only__equal_features__sqrt_hamming__energy",14,31.0171679080672,129,0.754358506849612,3,0,FALSE
"sem_only__equal_features__sqrt_hamming__energy",15,31.4802084009732,83,0.034148650963376,2,0,FALSE
"sem_only__equal_features__sqrt_hamming__energy",16,31.4875393607186,81,0.0231466202624112,6,0,FALSE
"sem_only__equal_features__sqrt_hamming__energy",17,31.8584823656288,72,-0.0053938637849975,5,0,FALSE
"sem_only__equal_features__sqrt_hamming__energy",18,31.4875393607184,81,0.0231466202624112,3,0,FALSE
"sem_only__equal_features__sqrt_hamming__energy",19,31.0277505024394,129,0.754356879442656,3,0,FALSE
"sem_only__equal_features__sqrt_hamming__energy",20,31.174365509957,110,0.348345036093084,3,0,FALSE
"sem_only__equal_features__sqrt_hamming__energy",21,31.480208400973,83,0.034148650963376,2,0,FALSE
"sem_only__equal_features__sqrt_hamming__energy",22,31.4748801901541,85,0.0468369869846401,3,0,FALSE
"sem_only__equal_features__sqrt_hamming__energy",23,31.0544142895411,128,0.729179661365352,3,0,FALSE
"sem_only__equal_features__sqrt_hamming__energy",24,30.9991022820254,132,0.832429915469811,5,0,TRUE
"sem_only__equal_features__sqrt_hamming__energy",25,31.0544142895411,128,0.729179661365352,5,0,FALSE
"sem_only__equal_features__sqrt_hamming__energy",26,31.4875393607184,81,0.0231466202624112,3,0,FALSE
"sem_only__equal_features__sqrt_hamming__energy",27,31.0544142895414,128,0.729179661365352,5,0,FALSE
"sem_only__equal_features__sqrt_hamming__energy",28,31.1807607994979,122,0.587009928007509,3,0,FALSE
"sem_only__equal_features__sqrt_hamming__energy",29,31.8928984832963,94,0.124908881997554,4,0,FALSE
"sem_only__equal_features__sqrt_hamming__energy",30,31.4732576053594,87,0.0612243532188342,3,0,FALSE
"sem_only__equal_features__sqrt_hamming__energy",31,31.1770910608073,109,0.331212341441787,3,0,FALSE
"sem_only__equal_features__sqrt_hamming__energy",32,31.047299293222,125,0.656184262785802,3,0,FALSE
"sem_only__equal_features__sqrt_hamming__energy",33,31.4732576053595,87,0.0612243532188342,3,0,FALSE
"sem_only__equal_features__sqrt_hamming__energy",34,31.4732576053595,87,0.0612243532188342,4,0,FALSE
"sem_only__equal_features__sqrt_hamming__energy",35,31.3544620480205,114,0.421274890962955,5,0,FALSE
"sem_only__equal_features__sqrt_hamming__energy",36,31.1755714467399,114,0.421167544141014,3,0,FALSE
"sem_only__equal_features__sqrt_hamming__energy",37,31.0490581230475,127,0.70442621366831,4,0,FALSE
"sem_only__equal_features__sqrt_hamming__energy",38,31.1770910608073,109,0.331212341441787,4,0,FALSE
"sem_only__equal_features__sqrt_hamming__energy",39,31.2845159894419,117,0.4801850437515,5,0,FALSE
"sem_only__equal_features__sqrt_hamming__energy",40,31.4424644343288,108,0.314565486763214,3,0,FALSE
"sem_only__equal_features__sqrt_hamming__energy",41,31.174365509957,110,0.348345036093084,5,0,FALSE
"sem_only__equal_features__sqrt_hamming__energy",42,31.1770910608073,109,0.331212341441787,3,0,FALSE
"sem_only__equal_features__sqrt_hamming__energy",43,31.0153121797566,127,0.704424255453394,3,0,FALSE
"sem_only__equal_features__sqrt_hamming__energy",44,31.4875393607185,81,0.0231466202624112,3,0,FALSE
"sem_only__equal_features__sqrt_hamming__energy",45,31.174365509957,110,0.348345036093084,3,0,FALSE
"sem_only__equal_features__sqrt_hamming__energy",46,31.1743655099569,110,0.348345036093084,3,0,FALSE
"sem_only__equal_features__sqrt_hamming__energy",47,31.4875393607185,81,0.0231466202624112,3,0,FALSE
"sem_only__equal_features__sqrt_hamming__energy",48,31.0544142895412,128,0.729179661365352,6,0,FALSE
"sem_only__equal_features__sqrt_hamming__energy",49,31.1422208280773,122,0.587009928007509,3,0,FALSE
"sem_only__equal_features__sqrt_hamming__energy",50,31.4681005056859,85,0.0468369869846401,4,0,FALSE
"sem_only__equal_features__sqrt_hamming__energy",51,31.1625929697123,112,0.383914341889392,3,0,FALSE
"sem_only__equal_features__sqrt_hamming__energy",52,31.2087708675851,119,0.521629580512458,2,0,FALSE
"sem_only__equal_features__sqrt_hamming__energy",53,31.8375298113228,78,0.00986233517938036,3,0,FALSE
"sem_only__equal_features__sqrt_hamming__energy",54,31.0544142895412,128,0.729179661365352,5,0,FALSE
"sem_only__equal_features__sqrt_hamming__energy",55,31.0593643536555,121,0.564790821368477,3,0,FALSE
"sem_only__equal_features__sqrt_hamming__energy",56,31.0464793240646,126,0.680093474987822,3,0,FALSE
"sem_only__equal_features__sqrt_hamming__energy",57,31.0510347676655,123,0.609652418061975,4,0,FALSE
"sem_only__equal_features__sqrt_hamming__energy",58,31.4875393607184,81,0.0231466202624112,3,0,FALSE
"sem_only__equal_features__sqrt_hamming__energy",59,31.4875393607185,81,0.0231466202624112,3,0,FALSE
"sem_only__equal_features__sqrt_hamming__energy",60,31.1743655099569,110,0.348345036093084,4,0,FALSE
"sem_only__equal_features__sqrt_hamming__energy",61,31.1815270936236,113,0.402329161008542,4,0,FALSE
"sem_only__equal_features__sqrt_hamming__energy",62,31.0454966514453,125,0.656184262785802,4,0,FALSE
"sem_only__equal_features__sqrt_hamming__energy",63,31.0460058763751,123,0.609639487629229,4,0,FALSE
"sem_only__equal_features__sqrt_hamming__energy",64,31.0490581230476,127,0.70442621366831,4,0,FALSE
"sem_only__equal_features__sqrt_hamming__energy",65,31.0277505024394,129,0.754356879442656,3,0,FALSE
"sem_only__equal_features__sqrt_hamming__energy",66,31.174365509957,110,0.348345036093084,4,0,FALSE
"sem_only__equal_features__sqrt_hamming__energy",67,31.0874414543041,123,0.609644659905124,5,0,FALSE
"sem_only__equal_features__sqrt_hamming__energy",68,32.1794115864295,87,0.0612865442105846,3,0,FALSE
"sem_only__equal_features__sqrt_hamming__energy",69,31.4747821848073,84,0.0402772458271044,3,0,FALSE
"sem_only__equal_features__sqrt_hamming__energy",70,31.0277505024393,129,0.754356879442656,3,0,FALSE
"sem_only__equal_features__sqrt_hamming__energy",71,31.0512080141686,125,0.656191096122399,4,0,FALSE
"sem_only__equal_features__sqrt_hamming__energy",72,31.4732576053595,87,0.0612243532188342,3,0,FALSE
"sem_only__equal_features__sqrt_hamming__energy",73,31.0266236459515,130,0.779957745956832,3,0,FALSE
"sem_only__equal_features__sqrt_hamming__energy",74,31.0952234787344,121,0.564799470977498,4,0,FALSE
"sem_only__equal_features__sqrt_hamming__energy",75,31.4681005056857,85,0.0468369869846401,4,0,FALSE
"sem_only__equal_features__sqrt_hamming__energy",76,31.2087708675851,119,0.521629580512458,3,0,FALSE
"sem_only__equal_features__sqrt_hamming__energy",77,31.1603851216202,120,0.542995220117228,3,0,FALSE
"sem_only__equal_features__sqrt_hamming__energy",78,31.0544142895411,128,0.729179661365352,6,0,FALSE
"sem_only__equal_features__sqrt_hamming__energy",79,31.0544142895411,128,0.729179661365352,5,0,FALSE
"sem_only__equal_features__sqrt_hamming__energy",80,31.4875393607185,81,0.0231466202624112,3,0,FALSE
"sem_only__equal_features__sqrt_hamming__energy",81,31.0277505024393,129,0.754356879442656,3,0,FALSE
"sem_only__equal_features__sqrt_hamming__energy",82,30.9991035083462,131,0.805982134753588,4,0,FALSE
"sem_only__equal_features__sqrt_hamming__energy",83,31.0454966514454,125,0.656184262785802,3,0,FALSE
"sem_only__equal_features__sqrt_hamming__energy",84,31.0858598346998,123,0.60966276179142,5,0,FALSE
"sem_only__equal_features__sqrt_hamming__energy",85,31.0364937334192,125,0.656191096122399,4,0,FALSE
"sem_only__equal_features__sqrt_hamming__energy",86,31.0544142895411,128,0.729179661365352,7,0,FALSE
"sem_only__equal_features__sqrt_hamming__energy",87,31.0544142895412,128,0.729179661365352,4,0,FALSE
"sem_only__equal_features__sqrt_hamming__energy",88,31.174365509957,110,0.348345036093084,3,0,FALSE
"sem_only__equal_features__sqrt_hamming__energy",89,31.046005876375,123,0.609639487629229,3,0,FALSE
"sem_only__equal_features__sqrt_hamming__energy",90,31.444840786646,107,0.298290365528995,5,0,FALSE
"sem_only__equal_features__sqrt_hamming__energy",91,31.0544142895414,128,0.729179661365352,5,0,FALSE
"sem_only__equal_features__sqrt_hamming__energy",92,32.3934452069958,76,0.00449360395619512,4,0,FALSE
"sem_only__equal_features__sqrt_hamming__energy",93,31.0904188402561,127,0.704443836435021,6,0,FALSE
"sem_only__equal_features__sqrt_hamming__energy",94,31.4732576053593,87,0.0612243532188342,3,0,FALSE
"sem_only__equal_features__sqrt_hamming__energy",95,31.0171679080672,129,0.754358506849612,3,0,FALSE
"sem_only__equal_features__sqrt_hamming__energy",96,31.2094962312703,112,0.383914341889392,3,0,FALSE
"sem_only__equal_features__sqrt_hamming__energy",97,31.0277505024394,129,0.754356879442656,3,0,FALSE
"sem_only__equal_features__sqrt_hamming__energy",98,31.2193442905493,118,0.500754382062401,2,0,FALSE
"sem_only__equal_features__sqrt_hamming__energy",99,31.1570700221385,116,0.46005194984717,3,0,FALSE
"sem_only__equal_features__sqrt_hamming__energy",100,31.1075111890622,119,0.521629580512458,3,0,FALSE
"synt_only__equal_features__sqrt_hamming__energy",1,32.8658985538921,91,0.0952028620342215,3,0,FALSE
"synt_only__equal_features__sqrt_hamming__energy",2,32.5800431932907,112,0.384085714474941,4,0,FALSE
"synt_only__equal_features__sqrt_hamming__energy",3,33.5918861609954,74,-0.00200869926046889,4,0,FALSE
"synt_only__equal_features__sqrt_hamming__energy",4,32.5430843226822,103,0.237258010672503,3,0,FALSE
"synt_only__equal_features__sqrt_hamming__energy",5,33.2218071853492,89,0.0774754824443889,6,0,FALSE
"synt_only__equal_features__sqrt_hamming__energy",6,32.9849588209676,109,0.331265505824892,4,0,FALSE
"synt_only__equal_features__sqrt_hamming__energy",7,32.5558273824349,105,0.266883915791478,5,0,FALSE
"synt_only__equal_features__sqrt_hamming__energy",8,32.5243189135636,112,0.384281452153624,6,0,FALSE
"synt_only__equal_features__sqrt_hamming__energy",9,32.718484823497,88,0.0690643372758339,5,0,FALSE
"synt_only__equal_features__sqrt_hamming__energy",10,33.2049206479858,97,0.158667706876338,4,0,FALSE
"synt_only__equal_features__sqrt_hamming__energy",11,32.7190529131268,101,0.20932959386495,4,0,FALSE
"synt_only__equal_features__sqrt_hamming__energy",12,32.8643546328513,106,0.282789383827299,4,0,FALSE
"synt_only__equal_features__sqrt_hamming__energy",13,32.5430843226822,103,0.237258010672503,4,0,FALSE
"synt_only__equal_features__sqrt_hamming__energy",14,32.7817825127454,125,0.656186540594849,4,0,FALSE
"synt_only__equal_features__sqrt_hamming__energy",15,33.5233416914587,87,0.0613176366165911,3,0,FALSE
"synt_only__equal_features__sqrt_hamming__energy",16,32.7479875169845,115,0.440477562729972,4,0,FALSE
"synt_only__equal_features__sqrt_hamming__energy",17,32.7537043702953,121,0.564799470977498,6,0,FALSE
"synt_only__equal_features__sqrt_hamming__energy",18,32.7478202317121,123,0.609675690682355,3,0,FALSE
"synt_only__equal_features__sqrt_hamming__energy",19,32.7514057231177,120,0.543027008532379,4,0,FALSE
"synt_only__equal_features__sqrt_hamming__energy",20,32.6887223572743,110,0.348390364018392,3,0,FALSE
"synt_only__equal_features__sqrt_hamming__energy",21,32.5312903717874,99,0.183093808379067,3,0,FALSE
"synt_only__equal_features__sqrt_hamming__energy",22,33.4044169800498,69,-0.00730719468385027,3,0,FALSE
"synt_only__equal_features__sqrt_hamming__energy",23,33.3338680052761,73,-0.00392199932259389,6,0,FALSE
"synt_only__equal_features__sqrt_hamming__energy",24,33.130840508514,105,0.266879058801727,4,0,FALSE
"synt_only__equal_features__sqrt_hamming__energy",25,32.537752263657,102,0.223084153541853,3,0,FALSE
"synt_only__equal_features__sqrt_hamming__energy",26,32.9178411583337,83,0.0349095141251984,7,0,FALSE
"synt_only__equal_features__sqrt_hamming__energy",27,32.8052928756004,121,0.564799470977498,3,0,FALSE
"synt_only__equal_features__sqrt_hamming__energy",28,32.7475024154697,116,0.460114543894976,4,0,FALSE
"synt_only__equal_features__sqrt_hamming__energy",29,33.4377505227963,69,-0.00732721530879657,4,0,FALSE
"synt_only__equal_features__sqrt_hamming__energy",30,32.5312903717874,99,0.183093808379067,5,0,FALSE
"synt_only__equal_features__sqrt_hamming__energy",31,32.7351554899881,118,0.500732885420119,5,0,FALSE
"synt_only__equal_features__sqrt_hamming__energy",32,32.567987120531,108,0.31452007820111,5,0,FALSE
"synt_only__equal_features__sqrt_hamming__energy",33,32.8597642691892,109,0.331212341441787,3,0,FALSE
"synt_only__equal_features__sqrt_hamming__energy",34,32.7874403958593,121,0.564811003254715,3,0,FALSE
"synt_only__equal_features__sqrt_hamming__energy",35,32.5351411734441,100,0.196002119678388,3,0,FALSE
"synt_only__equal_features__sqrt_hamming__energy",36,32.8707081943383,109,0.331203479889426,4,0,FALSE
"synt_only__equal_features__sqrt_hamming__energy",37,33.2249510446702,85,0.047184176090894,3,0,FALSE
"synt_only__equal_features__sqrt_hamming__energy",38,32.710064485553,119,0.521708797479194,4,0,FALSE
"synt_only__equal_features__sqrt_hamming__energy",39,32.710064485553,119,0.521708797479194,4,0,FALSE
"synt_only__equal_features__sqrt_hamming__energy",40,32.7248499043639,117,0.480274562291262,4,0,FALSE
"synt_only__equal_features__sqrt_hamming__energy",41,33.3394230684991,99,0.183110044386821,5,0,FALSE
"synt_only__equal_features__sqrt_hamming__energy",42,32.7117781071739,120,0.543043657842143,4,0,FALSE
"synt_only__equal_features__sqrt_hamming__energy",43,33.0768424044584,81,0.0232760378798225,4,0,FALSE
"synt_only__equal_features__sqrt_hamming__energy",44,32.7891031989021,109,0.331358523159413,4,0,FALSE
"synt_only__equal_features__sqrt_hamming__energy",45,32.710064485553,119,0.521708797479194,4,0,FALSE
"synt_only__equal_features__sqrt_hamming__energy",46,33.0321997736696,97,0.158985257145892,6,0,FALSE
"synt_only__equal_features__sqrt_hamming__energy",47,32.7203938776891,104,0.251866249228943,3,0,FALSE
"synt_only__equal_features__sqrt_hamming__energy",48,33.346787848739,72,-0.0053938637849975,5,0,FALSE
"synt_only__equal_features__sqrt_hamming__energy",49,33.0796313795498,78,0.00992792532464222,3,0,FALSE
"synt_only__equal_features__sqrt_hamming__energy",50,32.5725207747441,115,0.440507210932188,3,0,FALSE
"synt_only__equal_features__sqrt_hamming__energy",51,32.7887227556445,110,0.348370938536857,3,0,FALSE
"synt_only__equal_features__sqrt_hamming__energy",52,32.5308219833795,100,0.196002119678388,4,0,FALSE
"synt_only__equal_features__sqrt_hamming__energy",53,32.7203938776892,104,0.251866249228943,4,0,FALSE
"synt_only__equal_features__sqrt_hamming__energy",54,32.5480981430046,102,0.223081579955275,3,0,FALSE
"synt_only__equal_features__sqrt_hamming__energy",55,32.7711120573198,121,0.564842713865886,4,0,FALSE
"synt_only__equal_features__sqrt_hamming__energy",56,32.5763374524984,106,0.282345120799934,3,0,FALSE
"synt_only__equal_features__sqrt_hamming__energy",57,32.7376644763473,122,0.587009928007509,3,0,FALSE
"synt_only__equal_features__sqrt_hamming__energy",58,32.742215208817,117,0.480202261250161,4,0,FALSE
"synt_only__equal_features__sqrt_hamming__energy",59,32.8783048109506,113,0.402432087290523,4,0,FALSE
"synt_only__equal_features__sqrt_hamming__energy",60,32.9862634346807,91,0.0950829748456428,3,0,FALSE
"synt_only__equal_features__sqrt_hamming__energy",61,32.7599704935747,115,0.440577612821402,4,0,FALSE
"synt_only__equal_features__sqrt_hamming__energy",62,32.713259198637,105,0.266883915791478,3,0,FALSE
"synt_only__equal_features__sqrt_hamming__energy",63,33.5641622548721,84,0.0403281094815533,3,0,FALSE
"synt_only__equal_features__sqrt_hamming__energy",64,32.7479875169845,115,0.440477562729972,5,0,FALSE
"synt_only__equal_features__sqrt_hamming__energy",65,33.0243939156258,85,0.0470137694134309,4,0,FALSE
"synt_only__equal_features__sqrt_hamming__energy",66,32.7248499043639,117,0.480274562291262,3,0,FALSE
"synt_only__equal_features__sqrt_hamming__energy",67,32.5741673790778,114,0.421274890962955,3,0,FALSE
"synt_only__equal_features__sqrt_hamming__energy",68,32.7100644855529,119,0.521708797479194,3,0,FALSE
"synt_only__equal_features__sqrt_hamming__energy",69,32.5390722122994,100,0.195999456380731,5,0,FALSE
"synt_only__equal_features__sqrt_hamming__energy",70,32.5421949889443,101,0.20932959386495,3,0,FALSE
"synt_only__equal_features__sqrt_hamming__energy",71,32.8140983183973,111,0.366175136501376,5,0,FALSE
"synt_only__equal_features__sqrt_hamming__energy",72,32.713259198637,105,0.266883915791478,3,0,FALSE
"synt_only__equal_features__sqrt_hamming__energy",73,32.6091299798757,113,0.402400421441275,5,0,FALSE
"synt_only__equal_features__sqrt_hamming__energy",74,32.722834370092,122,0.587064641434664,3,0,FALSE
"synt_only__equal_features__sqrt_hamming__energy",75,32.8254729967002,94,0.125398504899186,3,0,FALSE
"synt_only__equal_features__sqrt_hamming__energy",76,32.7529631075022,120,0.543027008532379,5,0,FALSE
"synt_only__equal_features__sqrt_hamming__energy",77,32.8219539688115,133,0.85930002138619,3,0,FALSE
"synt_only__equal_features__sqrt_hamming__energy",78,33.3230160650332,86,0.0538684536158523,4,0,FALSE
"synt_only__equal_features__sqrt_hamming__energy",79,32.4818919566407,118,0.500911416736242,6,0,TRUE
"synt_only__equal_features__sqrt_hamming__energy",80,32.7598983408182,92,0.104644744119474,3,0,FALSE
"synt_only__equal_features__sqrt_hamming__energy",81,32.5480981430046,102,0.223081579955275,4,0,FALSE
"synt_only__equal_features__sqrt_hamming__energy",82,32.9796564117612,95,0.135705857433821,3,0,FALSE
"synt_only__equal_features__sqrt_hamming__energy",83,33.1296528103319,106,0.282345120799934,7,0,FALSE
"synt_only__equal_features__sqrt_hamming__energy",84,32.7482805895253,94,0.124920477039284,7,0,FALSE
"synt_only__equal_features__sqrt_hamming__energy",85,33.0402265601014,102,0.223145914505044,4,0,FALSE
"synt_only__equal_features__sqrt_hamming__energy",86,32.7643183792972,91,0.0950829748456428,5,0,FALSE
"synt_only__equal_features__sqrt_hamming__energy",87,32.7208069710097,108,0.314504183782956,3,0,FALSE
"synt_only__equal_features__sqrt_hamming__energy",88,32.5351411734441,100,0.196002119678388,2,0,FALSE
"synt_only__equal_features__sqrt_hamming__energy",89,32.7521751403033,124,0.632729114264912,3,0,FALSE
"synt_only__equal_features__sqrt_hamming__energy",90,33.0501870297137,69,-0.00642041265091787,5,0,FALSE
"synt_only__equal_features__sqrt_hamming__energy",91,32.8140112753057,94,0.125398504899186,4,0,FALSE
"synt_only__equal_features__sqrt_hamming__energy",92,33.5233670697836,75,0.000891974757087585,3,0,FALSE
"synt_only__equal_features__sqrt_hamming__energy",93,32.8279178276484,93,0.114577436091797,4,0,FALSE
"synt_only__equal_features__sqrt_hamming__energy",94,32.5377303368758,101,0.20932959386495,4,0,FALSE
"synt_only__equal_features__sqrt_hamming__energy",95,32.71379028549,120,0.543063332735079,3,0,FALSE
"synt_only__equal_features__sqrt_hamming__energy",96,32.8349001841727,117,0.480150605332133,3,0,FALSE
"synt_only__equal_features__sqrt_hamming__energy",97,32.5430843226822,103,0.237258010672503,5,0,FALSE
"synt_only__equal_features__sqrt_hamming__energy",98,32.8371308023524,116,0.460050161232533,3,0,FALSE
"synt_only__equal_features__sqrt_hamming__energy",99,32.7248499043639,117,0.480274562291262,4,0,FALSE
"synt_only__equal_features__sqrt_hamming__energy",100,32.8744585229379,110,0.34847452772345,3,0,FALSE
"synt_without_four_labels__equal_features__sqrt_hamming__energy",1,33.1116928765138,70,-0.00695302600973284,3,0,FALSE
"synt_without_four_labels__equal_features__sqrt_hamming__energy",2,32.3478242760225,110,0.348647103198147,6,0,FALSE
"synt_without_four_labels__equal_features__sqrt_hamming__energy",3,32.8593683543251,89,0.0773960363500008,5,0,FALSE
"synt_without_four_labels__equal_features__sqrt_hamming__energy",4,32.2683953993526,96,0.146913107401871,3,0,FALSE
"synt_without_four_labels__equal_features__sqrt_hamming__energy",5,32.2852349154491,94,0.124934970409354,5,0,FALSE
"synt_without_four_labels__equal_features__sqrt_hamming__energy",6,32.2634077212768,98,0.17061271293139,5,0,FALSE
"synt_without_four_labels__equal_features__sqrt_hamming__energy",7,32.2634077212767,98,0.17061271293139,4,0,FALSE
"synt_without_four_labels__equal_features__sqrt_hamming__energy",8,32.4140030957529,102,0.223289985239755,6,0,FALSE
"synt_without_four_labels__equal_features__sqrt_hamming__energy",9,32.4520454339448,81,0.0231466202624112,5,0,FALSE
"synt_without_four_labels__equal_features__sqrt_hamming__energy",10,32.4486496824679,83,0.0347242041833026,5,0,FALSE
"synt_without_four_labels__equal_features__sqrt_hamming__energy",11,32.7220788732481,75,0.000428693736660465,4,0,FALSE
"synt_without_four_labels__equal_features__sqrt_hamming__energy",12,32.280989541717,96,0.14693853981879,3,0,FALSE
"synt_without_four_labels__equal_features__sqrt_hamming__energy",13,32.3720985106163,101,0.209345308436558,3,0,FALSE
"synt_without_four_labels__equal_features__sqrt_hamming__energy",14,32.5261673705677,110,0.348511207662976,5,0,FALSE
"synt_without_four_labels__equal_features__sqrt_hamming__energy",15,32.9320267588928,88,0.0692493253192146,4,0,FALSE
"synt_without_four_labels__equal_features__sqrt_hamming__energy",16,32.9204341652555,81,0.0232372161953574,4,0,FALSE
"synt_without_four_labels__equal_features__sqrt_hamming__energy",17,32.5906556330075,112,0.383955153535333,6,0,FALSE
"synt_without_four_labels__equal_features__sqrt_hamming__energy",18,32.5261673705676,110,0.348511207662976,5,0,FALSE
"synt_without_four_labels__equal_features__sqrt_hamming__energy",19,32.7226969818561,78,0.00992792532464222,4,0,FALSE
"synt_without_four_labels__equal_features__sqrt_hamming__energy",20,32.334729285867,112,0.384281452153624,6,0,FALSE
"synt_without_four_labels__equal_features__sqrt_hamming__energy",21,32.327747935886,91,0.0951129496211751,3,0,FALSE
"synt_without_four_labels__equal_features__sqrt_hamming__energy",22,32.3102853299812,112,0.384226413507358,5,0,FALSE
"synt_without_four_labels__equal_features__sqrt_hamming__energy",23,32.3719748714137,108,0.314928538797302,8,0,FALSE
"synt_without_four_labels__equal_features__sqrt_hamming__energy",24,32.871856877511,94,0.124911780786793,5,0,FALSE
"synt_without_four_labels__equal_features__sqrt_hamming__energy",25,32.3218854249114,90,0.086005578377275,3,0,FALSE
"synt_without_four_labels__equal_features__sqrt_hamming__energy",26,32.4155224981459,90,0.086005578377275,6,0,FALSE
"synt_without_four_labels__equal_features__sqrt_hamming__energy",27,32.6341782979787,83,0.0344940652286196,4,0,FALSE
"synt_without_four_labels__equal_features__sqrt_hamming__energy",28,32.5261673705677,110,0.348511207662976,5,0,FALSE
"synt_without_four_labels__equal_features__sqrt_hamming__energy",29,32.527574693753,110,0.348597497113627,7,0,FALSE
"synt_without_four_labels__equal_features__sqrt_hamming__energy",30,32.3544938850955,109,0.331491360187137,7,0,FALSE
"synt_without_four_labels__equal_features__sqrt_hamming__energy",31,32.6640781719684,84,0.0402804249634655,5,0,FALSE
"synt_without_four_labels__equal_features__sqrt_hamming__energy",32,32.4271259729573,103,0.237288329058765,7,0,FALSE
"synt_without_four_labels__equal_features__sqrt_hamming__energy",33,32.6734397186363,105,0.266893629577916,4,0,FALSE
"synt_without_four_labels__equal_features__sqrt_hamming__energy",34,32.7510466805494,100,0.196002119678388,6,0,FALSE
"synt_without_four_labels__equal_features__sqrt_hamming__energy",35,32.2575780524598,99,0.183093808379067,3,0,FALSE
"synt_without_four_labels__equal_features__sqrt_hamming__energy",36,32.8426451009399,69,-0.00702698947242639,3,0,FALSE
"synt_without_four_labels__equal_features__sqrt_hamming__energy",37,33.035729564218,70,-0.00708644604726181,5,0,FALSE
"synt_without_four_labels__equal_features__sqrt_hamming__energy",38,32.6564426086026,92,0.104671435235661,5,0,FALSE
"synt_without_four_labels__equal_features__sqrt_hamming__energy",39,32.8719636558688,103,0.237263063904265,5,0,FALSE
"synt_without_four_labels__equal_features__sqrt_hamming__energy",40,32.7487448947145,84,0.0403916814684994,4,0,FALSE
"synt_without_four_labels__equal_features__sqrt_hamming__energy",41,33.3114002375792,77,0.00621383526456259,3,0,FALSE
"synt_without_four_labels__equal_features__sqrt_hamming__energy",42,32.5275746937529,110,0.348597497113627,4,0,FALSE
"synt_without_four_labels__equal_features__sqrt_hamming__energy",43,32.4575678963027,82,0.0284320351481997,5,0,FALSE
"synt_without_four_labels__equal_features__sqrt_hamming__energy",44,32.6246653394864,96,0.147141944576986,6,0,FALSE
"synt_without_four_labels__equal_features__sqrt_hamming__energy",45,32.519541655039,109,0.331398379810473,5,0,FALSE
"synt_without_four_labels__equal_features__sqrt_hamming__energy",46,32.6731693961172,92,0.104956041488594,7,0,FALSE
"synt_without_four_labels__equal_features__sqrt_hamming__energy",47,32.7377372352614,71,-0.00624090646335717,4,0,FALSE
"synt_without_four_labels__equal_features__sqrt_hamming__energy",48,32.5386864947679,74,-0.00138840748641342,4,0,FALSE
"synt_without_four_labels__equal_features__sqrt_hamming__energy",49,32.3189406484419,97,0.158550654214853,6,0,FALSE
"synt_without_four_labels__equal_features__sqrt_hamming__energy",50,32.3102853299812,112,0.384226413507358,5,0,FALSE
"synt_without_four_labels__equal_features__sqrt_hamming__energy",51,32.6604764548646,99,0.183099220453361,3,0,FALSE
"synt_without_four_labels__equal_features__sqrt_hamming__energy",52,32.527574693753,110,0.348597497113627,6,0,FALSE
"synt_without_four_labels__equal_features__sqrt_hamming__energy",53,32.5859661130698,79,0.0142616987764146,5,0,FALSE
"synt_without_four_labels__equal_features__sqrt_hamming__energy",54,32.2850797889919,96,0.146924410885491,3,0,FALSE
"synt_without_four_labels__equal_features__sqrt_hamming__energy",55,32.8109580645946,112,0.383883729606175,4,0,FALSE
"synt_without_four_labels__equal_features__sqrt_hamming__energy",56,32.2575780524597,99,0.183093808379067,4,0,TRUE
"synt_without_four_labels__equal_features__sqrt_hamming__energy",57,32.387868832229,117,0.480305542294948,7,0,FALSE
"synt_without_four_labels__equal_features__sqrt_hamming__energy",58,32.5895167824839,113,0.402348957277861,5,0,FALSE
"synt_without_four_labels__equal_features__sqrt_hamming__energy",59,32.9431375626554,76,0.00309216311223083,5,0,FALSE
"synt_without_four_labels__equal_features__sqrt_hamming__energy",60,32.2683953993527,96,0.146913107401871,6,0,FALSE
"synt_without_four_labels__equal_features__sqrt_hamming__energy",61,32.5275746937531,110,0.348597497113627,6,0,FALSE
"synt_without_four_labels__equal_features__sqrt_hamming__energy",62,32.5517097714766,86,0.053931128643547,4,0,FALSE
"synt_without_four_labels__equal_features__sqrt_hamming__energy",63,32.4673902677465,79,0.0138502763240021,5,0,FALSE
"synt_without_four_labels__equal_features__sqrt_hamming__energy",64,32.9168804391198,82,0.0285092699910578,5,0,FALSE
"synt_without_four_labels__equal_features__sqrt_hamming__energy",65,32.3311692057941,103,0.237273170166923,3,0,FALSE
"synt_without_four_labels__equal_features__sqrt_hamming__energy",66,32.8713851973545,104,0.251858814521784,4,0,FALSE
"synt_without_four_labels__equal_features__sqrt_hamming__energy",67,32.3528269308207,112,0.384128542725611,5,0,FALSE
"synt_without_four_labels__equal_features__sqrt_hamming__energy",68,33.191073519103,85,0.0469695799542128,4,0,FALSE
"synt_without_four_labels__equal_features__sqrt_hamming__energy",69,32.2893571173149,94,0.124934970409354,3,0,FALSE
"synt_without_four_labels__equal_features__sqrt_hamming__energy",70,32.2622959668849,96,0.146915933300858,4,0,FALSE
"synt_without_four_labels__equal_features__sqrt_hamming__energy",71,32.5612244853525,74,-0.00170675008471111,7,0,FALSE
"synt_without_four_labels__equal_features__sqrt_hamming__energy",72,32.6319270978745,104,0.251866249228943,4,0,FALSE
"synt_without_four_labels__equal_features__sqrt_hamming__energy",73,32.3677279346494,102,0.223081579955275,3,0,FALSE
"synt_without_four_labels__equal_features__sqrt_hamming__energy",74,32.527574693753,110,0.348597497113627,4,0,FALSE
"synt_without_four_labels__equal_features__sqrt_hamming__energy",75,32.6613250355978,107,0.298220634532017,4,0,FALSE
"synt_without_four_labels__equal_features__sqrt_hamming__energy",76,32.3511147273295,114,0.421351542890547,5,0,FALSE
"synt_without_four_labels__equal_features__sqrt_hamming__energy",77,32.6262636689919,74,-0.00156081793947341,4,0,FALSE
"synt_without_four_labels__equal_features__sqrt_hamming__energy",78,32.3102853299812,112,0.384226413507358,6,0,FALSE
"synt_without_four_labels__equal_features__sqrt_hamming__energy",79,32.3102853299813,112,0.384226413507358,5,0,FALSE
"synt_without_four_labels__equal_features__sqrt_hamming__energy",80,32.4520454339448,81,0.0231466202624112,4,0,FALSE
"synt_without_four_labels__equal_features__sqrt_hamming__energy",81,32.6513589035737,106,0.282345120799934,4,0,FALSE
"synt_without_four_labels__equal_features__sqrt_hamming__energy",82,32.7944004916735,91,0.0950949649941551,3,0,FALSE
"synt_without_four_labels__equal_features__sqrt_hamming__energy",83,33.0740997083424,86,0.0538966584059256,4,0,FALSE
"synt_without_four_labels__equal_features__sqrt_hamming__energy",84,32.5195416550391,109,0.331398379810473,4,0,FALSE
"synt_without_four_labels__equal_features__sqrt_hamming__energy",85,32.5527159933785,69,-0.00642041265091787,5,0,FALSE
"synt_without_four_labels__equal_features__sqrt_hamming__energy",86,32.7993588570943,91,0.0952028620342215,4,0,FALSE
"synt_without_four_labels__equal_features__sqrt_hamming__energy",87,32.5802783236726,87,0.0613176366165911,3,0,FALSE
"synt_without_four_labels__equal_features__sqrt_hamming__energy",88,32.2617361905541,98,0.170609965529596,3,0,FALSE
"synt_without_four_labels__equal_features__sqrt_hamming__energy",89,32.556109252974,100,0.196002119678388,5,0,FALSE
"synt_without_four_labels__equal_features__sqrt_hamming__energy",90,32.5625021916765,70,-0.00626314176494726,6,0,FALSE
"synt_without_four_labels__equal_features__sqrt_hamming__energy",91,33.3316635680102,71,-0.00641422339198757,4,0,FALSE
"synt_without_four_labels__equal_features__sqrt_hamming__energy",92,33.1304185028066,74,-0.00147792088913274,4,0,FALSE
"synt_without_four_labels__equal_features__sqrt_hamming__energy",93,32.4976724268488,79,0.0138960068887841,4,0,FALSE
"synt_without_four_labels__equal_features__sqrt_hamming__energy",94,33.0063443574005,72,-0.00542050718113134,4,0,FALSE
"synt_without_four_labels__equal_features__sqrt_hamming__energy",95,32.8014604197014,81,0.0232372161953574,6,0,FALSE
"synt_without_four_labels__equal_features__sqrt_hamming__energy",96,32.718771081438,105,0.266893629577916,4,0,FALSE
"synt_without_four_labels__equal_features__sqrt_hamming__energy",97,32.285079788992,96,0.146924410885491,5,0,FALSE
"synt_without_four_labels__equal_features__sqrt_hamming__energy",98,32.6899646678344,107,0.29819273825262,3,0,FALSE
"synt_without_four_labels__equal_features__sqrt_hamming__energy",99,32.7942315938044,93,0.114577436091797,3,0,FALSE
"synt_without_four_labels__equal_features__sqrt_hamming__energy",100,32.6577221059232,104,0.252014912347442,6,0,FALSE
"predict__morph__all_features__equal_features__sqrt_hamming__energy",1,33.7182897373416,91,0.0951668992132432,5,0,FALSE
"predict__morph__all_features__equal_features__sqrt_hamming__energy",2,32.8362792657269,128,0.729186838037711,4,0,FALSE
"predict__morph__all_features__equal_features__sqrt_hamming__energy",3,33.4899506052788,102,0.223084153541853,6,0,FALSE
"predict__morph__all_features__equal_features__sqrt_hamming__energy",4,32.8323064036436,134,0.886593983196741,4,0,FALSE
"predict__morph__all_features__equal_features__sqrt_hamming__energy",5,32.9242752726667,115,0.440451617975337,4,0,FALSE
"predict__morph__all_features__equal_features__sqrt_hamming__energy",6,32.8134340176053,126,0.680109369827184,6,0,FALSE
"predict__morph__all_features__equal_features__sqrt_hamming__energy",7,32.8362792657268,128,0.729186838037711,4,0,FALSE
"predict__morph__all_features__equal_features__sqrt_hamming__energy",8,32.8453794006107,130,0.779958474859348,3,0,FALSE
"predict__morph__all_features__equal_features__sqrt_hamming__energy",9,32.9584644612021,117,0.480154049379412,5,0,FALSE
"predict__morph__all_features__equal_features__sqrt_hamming__energy",10,32.8323064036436,134,0.886593983196741,4,0,FALSE
"predict__morph__all_features__equal_features__sqrt_hamming__energy",11,33.6633165906164,95,0.135705857433821,7,0,FALSE
"predict__morph__all_features__equal_features__sqrt_hamming__energy",12,32.8397665059865,129,0.754361761598834,3,0,FALSE
"predict__morph__all_features__equal_features__sqrt_hamming__energy",13,33.2166475008254,120,0.543002789188638,4,0,FALSE
"predict__morph__all_features__equal_features__sqrt_hamming__energy",14,32.8323064036436,134,0.886593983196741,4,0,FALSE
"predict__morph__all_features__equal_features__sqrt_hamming__energy",15,33.8105054187225,80,0.0186663592880617,4,0,FALSE
"predict__morph__all_features__equal_features__sqrt_hamming__energy",16,32.8134340176053,126,0.680109369827184,4,0,FALSE
"predict__morph__all_features__equal_features__sqrt_hamming__energy",17,32.9584644612021,117,0.480154049379412,4,0,FALSE
"predict__morph__all_features__equal_features__sqrt_hamming__energy",18,32.8169068938776,127,0.704436004353702,2,0,FALSE
"predict__morph__all_features__equal_features__sqrt_hamming__energy",19,32.8362792657269,128,0.729186838037711,5,0,FALSE
"predict__morph__all_features__equal_features__sqrt_hamming__energy",20,32.8169068938776,127,0.704436004353702,3,0,FALSE
"predict__morph__all_features__equal_features__sqrt_hamming__energy",21,33.0306488183303,130,0.779983983405476,5,0,FALSE
"predict__morph__all_features__equal_features__sqrt_hamming__energy",22,33.0706527189194,111,0.366128962429392,6,0,FALSE
"predict__morph__all_features__equal_features__sqrt_hamming__energy",23,32.8134340176053,126,0.680109369827184,5,0,FALSE
"predict__morph__all_features__equal_features__sqrt_hamming__energy",24,32.8462158718827,128,0.729182352662061,4,0,FALSE
"predict__morph__all_features__equal_features__sqrt_hamming__energy",25,32.8504604486412,134,0.886593607531598,4,0,FALSE
"predict__morph__all_features__equal_features__sqrt_hamming__energy",26,33.4381350620164,105,0.267320781488531,6,0,FALSE
"predict__morph__all_features__equal_features__sqrt_hamming__energy",27,32.8134340176053,126,0.680109369827184,5,0,FALSE
"predict__morph__all_features__equal_features__sqrt_hamming__energy",28,32.8152960945484,132,0.83242936038251,3,0,FALSE
"predict__morph__all_features__equal_features__sqrt_hamming__energy",29,32.9335618563424,116,0.460164608685144,9,0,FALSE
"predict__morph__all_features__equal_features__sqrt_hamming__energy",30,33.3856226613023,113,0.402313323048824,4,0,FALSE
"predict__morph__all_features__equal_features__sqrt_hamming__energy",31,32.9584644612022,117,0.480154049379412,3,0,FALSE
"predict__morph__all_features__equal_features__sqrt_hamming__energy",32,32.8462158718826,128,0.729182352662061,4,0,FALSE
"predict__morph__all_features__equal_features__sqrt_hamming__energy",33,32.8453794006107,130,0.779958474859348,3,0,FALSE
"predict__morph__all_features__equal_features__sqrt_hamming__energy",34,32.8308037422968,132,0.832429915469811,4,0,FALSE
"predict__morph__all_features__equal_features__sqrt_hamming__energy",35,32.8615583620694,131,0.805983420138755,4,0,FALSE
"predict__morph__all_features__equal_features__sqrt_hamming__energy",36,32.9584644612021,117,0.480154049379412,5,0,FALSE
"predict__morph__all_features__equal_features__sqrt_hamming__energy",37,32.8134340176053,126,0.680109369827184,6,0,FALSE
"predict__morph__all_features__equal_features__sqrt_hamming__energy",38,32.8134340176053,126,0.680109369827184,3,0,FALSE
"predict__morph__all_features__equal_features__sqrt_hamming__energy",39,32.836279265727,128,0.729186838037711,4,0,FALSE
"predict__morph__all_features__equal_features__sqrt_hamming__energy",40,32.8276601912292,128,0.729182352662061,4,0,FALSE
"predict__morph__all_features__equal_features__sqrt_hamming__energy",41,33.0576599477402,108,0.314710753742723,10,0,FALSE
"predict__morph__all_features__equal_features__sqrt_hamming__energy",42,32.9240909871553,119,0.521651763908076,3,0,FALSE
"predict__morph__all_features__equal_features__sqrt_hamming__energy",43,32.8362792657269,128,0.729186838037711,7,0,FALSE
"predict__morph__all_features__equal_features__sqrt_hamming__energy",44,32.8152960945484,132,0.83242936038251,4,0,FALSE
"predict__morph__all_features__equal_features__sqrt_hamming__energy",45,32.9584644612022,117,0.480154049379412,3,0,FALSE
"predict__morph__all_features__equal_features__sqrt_hamming__energy",46,32.8134340176053,126,0.680109369827184,3,0,FALSE
"predict__morph__all_features__equal_features__sqrt_hamming__energy",47,33.4354008795756,104,0.252341763329401,5,0,FALSE
"predict__morph__all_features__equal_features__sqrt_hamming__energy",48,32.9581148703029,116,0.460066258337687,3,0,FALSE
"predict__morph__all_features__equal_features__sqrt_hamming__energy",49,32.8276601912292,128,0.729182352662061,3,0,FALSE
"predict__morph__all_features__equal_features__sqrt_hamming__energy",50,33.0848970688869,120,0.543043657842143,4,0,FALSE
"predict__morph__all_features__equal_features__sqrt_hamming__energy",51,32.9581148703029,116,0.460066258337687,3,0,FALSE
"predict__morph__all_features__equal_features__sqrt_hamming__energy",52,32.8418537639588,130,0.779958474859348,4,0,FALSE
"predict__morph__all_features__equal_features__sqrt_hamming__energy",53,33.0576599477402,108,0.314710753742723,7,0,FALSE
"predict__morph__all_features__equal_features__sqrt_hamming__energy",54,32.8134340176052,126,0.680109369827184,3,0,FALSE
"predict__morph__all_features__equal_features__sqrt_hamming__energy",55,32.8217380575872,129,0.754358506849612,3,0,FALSE
"predict__morph__all_features__equal_features__sqrt_hamming__energy",56,33.5520637578457,97,0.158567378017712,6,0,FALSE
"predict__morph__all_features__equal_features__sqrt_hamming__energy",57,32.8134340176053,126,0.680109369827184,3,0,FALSE
"predict__morph__all_features__equal_features__sqrt_hamming__energy",58,33.8536076862602,87,0.0612305726888279,4,0,FALSE
"predict__morph__all_features__equal_features__sqrt_hamming__energy",59,32.9237130599396,115,0.440451617975337,4,0,FALSE
"predict__morph__all_features__equal_features__sqrt_hamming__energy",60,32.8134340176054,126,0.680109369827184,4,0,FALSE
"predict__morph__all_features__equal_features__sqrt_hamming__energy",61,32.9376319999392,118,0.500754382062401,4,0,FALSE
"predict__morph__all_features__equal_features__sqrt_hamming__energy",62,32.8212727550223,131,0.805982134753588,4,0,FALSE
"predict__morph__all_features__equal_features__sqrt_hamming__energy",63,32.8308037422967,132,0.832429915469811,4,0,FALSE
"predict__morph__all_features__equal_features__sqrt_hamming__energy",64,32.8362792657268,128,0.729186838037711,4,0,FALSE
"predict__morph__all_features__equal_features__sqrt_hamming__energy",65,33.0306488183303,130,0.779983983405476,3,0,FALSE
"predict__morph__all_features__equal_features__sqrt_hamming__energy",66,32.8134340176053,126,0.680109369827184,4,0,FALSE
"predict__morph__all_features__equal_features__sqrt_hamming__energy",67,32.8323064036436,134,0.886593983196741,4,0,FALSE
"predict__morph__all_features__equal_features__sqrt_hamming__energy",68,32.8134340176053,126,0.680109369827184,4,0,FALSE
"predict__morph__all_features__equal_features__sqrt_hamming__energy",69,33.854742918516,85,0.0468369869846401,3,0,FALSE
"predict__morph__all_features__equal_features__sqrt_hamming__energy",70,33.3774994453033,113,0.402313323048824,4,0,FALSE
"predict__morph__all_features__equal_features__sqrt_hamming__energy",71,32.8134340176053,126,0.680109369827184,6,0,FALSE
"predict__morph__all_features__equal_features__sqrt_hamming__energy",72,32.9514882135354,118,0.500679962720674,5,0,FALSE
"predict__morph__all_features__equal_features__sqrt_hamming__energy",73,32.8323064036435,134,0.886593983196741,3,0,FALSE
"predict__morph__all_features__equal_features__sqrt_hamming__energy",74,32.8323064036436,134,0.886593983196741,3,0,FALSE
"predict__morph__all_features__equal_features__sqrt_hamming__energy",75,32.8169068938776,127,0.704436004353702,5,0,FALSE
"predict__morph__all_features__equal_features__sqrt_hamming__energy",76,32.858895339342,132,0.832429915469811,3,0,FALSE
"predict__morph__all_features__equal_features__sqrt_hamming__energy",77,32.8152960945483,132,0.83242936038251,4,0,FALSE
"predict__morph__all_features__equal_features__sqrt_hamming__energy",78,32.8362792657269,128,0.729186838037711,5,0,FALSE
"predict__morph__all_features__equal_features__sqrt_hamming__energy",79,32.8462158718826,128,0.729182352662061,5,0,FALSE
"predict__morph__all_features__equal_features__sqrt_hamming__energy",80,33.510612888264,112,0.384046959972268,6,0,FALSE
"predict__morph__all_features__equal_features__sqrt_hamming__energy",81,32.8323064036436,134,0.886593983196741,4,0,FALSE
"predict__morph__all_features__equal_features__sqrt_hamming__energy",82,32.8134340176052,126,0.680109369827184,4,0,TRUE
"predict__morph__all_features__equal_features__sqrt_hamming__energy",83,32.8453794006106,130,0.779958474859348,4,0,FALSE
"predict__morph__all_features__equal_features__sqrt_hamming__energy",84,32.927681327079,116,0.460114543894976,3,0,FALSE
"predict__morph__all_features__equal_features__sqrt_hamming__energy",85,32.8610401200161,133,0.85930002138619,4,0,FALSE
"predict__morph__all_features__equal_features__sqrt_hamming__energy",86,32.8134340176053,126,0.680109369827184,5,0,FALSE
"predict__morph__all_features__equal_features__sqrt_hamming__energy",87,33.4111423220852,119,0.521708797479194,8,0,FALSE
"predict__morph__all_features__equal_features__sqrt_hamming__energy",88,32.9541144663374,121,0.564862890939718,3,0,FALSE
"predict__morph__all_features__equal_features__sqrt_hamming__energy",89,32.8380589716092,129,0.754361761598834,3,0,FALSE
"predict__morph__all_features__equal_features__sqrt_hamming__energy",90,32.9412194356376,119,0.521651763908076,5,0,FALSE
"predict__morph__all_features__equal_features__sqrt_hamming__energy",91,33.3856226613022,113,0.402313323048824,5,0,FALSE
"predict__morph__all_features__equal_features__sqrt_hamming__energy",92,33.0447965993447,128,0.729222715694862,5,0,FALSE
"predict__morph__all_features__equal_features__sqrt_hamming__energy",93,32.8134340176052,126,0.680109369827184,7,0,FALSE
"predict__morph__all_features__equal_features__sqrt_hamming__energy",94,33.8902231698873,82,0.0284320351481997,4,0,FALSE
"predict__morph__all_features__equal_features__sqrt_hamming__energy",95,32.8504604486412,134,0.886593607531598,4,0,FALSE
"predict__morph__all_features__equal_features__sqrt_hamming__energy",96,32.9249068360166,117,0.480202261250161,3,0,FALSE
"predict__morph__all_features__equal_features__sqrt_hamming__energy",97,32.8323064036435,134,0.886593983196741,4,0,FALSE
"predict__morph__all_features__equal_features__sqrt_hamming__energy",98,32.8323064036436,134,0.886593983196741,4,0,FALSE
"predict__morph__all_features__equal_features__sqrt_hamming__energy",99,32.8134340176054,126,0.680109369827184,3,0,FALSE
"predict__morph__all_features__equal_features__sqrt_hamming__energy",100,32.8152960945484,132,0.83242936038251,4,0,FALSE
"predict__morph__all_features__equal_domains__sqrt_hamming__energy",1,30.388189906585,103,0.237788234678377,4,0,FALSE
"predict__morph__all_features__equal_domains__sqrt_hamming__energy",2,30.3881899065849,103,0.237788234678377,6,0,FALSE
"predict__morph__all_features__equal_domains__sqrt_hamming__energy",3,30.3881899065849,103,0.237788234678377,4,0,FALSE
"predict__morph__all_features__equal_domains__sqrt_hamming__energy",4,30.3881899065849,103,0.237788234678377,2,0,FALSE
"predict__morph__all_features__equal_domains__sqrt_hamming__energy",5,30.3881899065849,103,0.237788234678377,3,0,FALSE
"predict__morph__all_features__equal_domains__sqrt_hamming__energy",6,30.3881899065849,103,0.237788234678377,5,0,FALSE
"predict__morph__all_features__equal_domains__sqrt_hamming__energy",7,30.3881899065849,103,0.237788234678377,6,0,FALSE
"predict__morph__all_features__equal_domains__sqrt_hamming__energy",8,30.388189906585,103,0.237788234678377,3,0,FALSE
"predict__morph__all_features__equal_domains__sqrt_hamming__energy",9,30.3881899065849,103,0.237788234678377,4,0,FALSE
"predict__morph__all_features__equal_domains__sqrt_hamming__energy",10,30.388189906585,103,0.237788234678377,3,0,FALSE
"predict__morph__all_features__equal_domains__sqrt_hamming__energy",11,30.388189906585,103,0.237788234678377,5,0,FALSE
"predict__morph__all_features__equal_domains__sqrt_hamming__energy",12,30.388189906585,103,0.237788234678377,3,0,FALSE
"predict__morph__all_features__equal_domains__sqrt_hamming__energy",13,30.3881899065849,103,0.237788234678377,4,0,FALSE
"predict__morph__all_features__equal_domains__sqrt_hamming__energy",14,30.388189906585,103,0.237788234678377,4,0,FALSE
"predict__morph__all_features__equal_domains__sqrt_hamming__energy",15,30.3881899065849,103,0.237788234678377,3,0,FALSE
"predict__morph__all_features__equal_domains__sqrt_hamming__energy",16,30.3881899065849,103,0.237788234678377,4,0,FALSE
"predict__morph__all_features__equal_domains__sqrt_hamming__energy",17,30.3881899065849,103,0.237788234678377,3,0,FALSE
"predict__morph__all_features__equal_domains__sqrt_hamming__energy",18,30.388189906585,103,0.237788234678377,3,0,FALSE
"predict__morph__all_features__equal_domains__sqrt_hamming__energy",19,30.388189906585,103,0.237788234678377,4,0,FALSE
"predict__morph__all_features__equal_domains__sqrt_hamming__energy",20,30.3881899065849,103,0.237788234678377,3,0,FALSE
"predict__morph__all_features__equal_domains__sqrt_hamming__energy",21,30.3881899065849,103,0.237788234678377,3,0,FALSE
"predict__morph__all_features__equal_domains__sqrt_hamming__energy",22,30.3881899065849,103,0.237788234678377,3,0,FALSE
"predict__morph__all_features__equal_domains__sqrt_hamming__energy",23,30.3881899065849,103,0.237788234678377,4,0,FALSE
"predict__morph__all_features__equal_domains__sqrt_hamming__energy",24,30.388189906585,103,0.237788234678377,3,0,FALSE
"predict__morph__all_features__equal_domains__sqrt_hamming__energy",25,30.3881899065849,103,0.237788234678377,5,0,FALSE
"predict__morph__all_features__equal_domains__sqrt_hamming__energy",26,30.3881899065849,103,0.237788234678377,3,0,FALSE
"predict__morph__all_features__equal_domains__sqrt_hamming__energy",27,30.3881899065849,103,0.237788234678377,4,0,FALSE
"predict__morph__all_features__equal_domains__sqrt_hamming__energy",28,30.3881899065849,103,0.237788234678377,3,0,FALSE
"predict__morph__all_features__equal_domains__sqrt_hamming__energy",29,30.3881899065849,103,0.237788234678377,3,0,FALSE
"predict__morph__all_features__equal_domains__sqrt_hamming__energy",30,30.388189906585,103,0.237788234678377,3,0,FALSE
"predict__morph__all_features__equal_domains__sqrt_hamming__energy",31,30.3881899065849,103,0.237788234678377,3,0,FALSE
"predict__morph__all_features__equal_domains__sqrt_hamming__energy",32,30.3881899065849,103,0.237788234678377,3,0,FALSE
"predict__morph__all_features__equal_domains__sqrt_hamming__energy",33,30.3881899065849,103,0.237788234678377,4,0,FALSE
"predict__morph__all_features__equal_domains__sqrt_hamming__energy",34,30.3881899065849,103,0.237788234678377,4,0,FALSE
"predict__morph__all_features__equal_domains__sqrt_hamming__energy",35,30.3881899065849,103,0.237788234678377,5,0,FALSE
"predict__morph__all_features__equal_domains__sqrt_hamming__energy",36,30.3881899065849,103,0.237788234678377,4,0,FALSE
"predict__morph__all_features__equal_domains__sqrt_hamming__energy",37,30.388189906585,103,0.237788234678377,7,0,FALSE
"predict__morph__all_features__equal_domains__sqrt_hamming__energy",38,30.3881899065849,103,0.237788234678377,3,0,FALSE
"predict__morph__all_features__equal_domains__sqrt_hamming__energy",39,30.3881899065849,103,0.237788234678377,4,0,FALSE
"predict__morph__all_features__equal_domains__sqrt_hamming__energy",40,30.3881899065849,103,0.237788234678377,3,0,FALSE
"predict__morph__all_features__equal_domains__sqrt_hamming__energy",41,30.3881899065849,103,0.237788234678377,3,0,FALSE
"predict__morph__all_features__equal_domains__sqrt_hamming__energy",42,30.3881899065849,103,0.237788234678377,2,0,FALSE
"predict__morph__all_features__equal_domains__sqrt_hamming__energy",43,30.3881899065849,103,0.237788234678377,4,0,FALSE
"predict__morph__all_features__equal_domains__sqrt_hamming__energy",44,30.3881899065849,103,0.237788234678377,3,0,FALSE
"predict__morph__all_features__equal_domains__sqrt_hamming__energy",45,30.3881899065849,103,0.237788234678377,4,0,FALSE
"predict__morph__all_features__equal_domains__sqrt_hamming__energy",46,30.3881899065849,103,0.237788234678377,3,0,FALSE
"predict__morph__all_features__equal_domains__sqrt_hamming__energy",47,30.3881899065849,103,0.237788234678377,4,0,FALSE
"predict__morph__all_features__equal_domains__sqrt_hamming__energy",48,30.388189906585,103,0.237788234678377,3,0,FALSE
"predict__morph__all_features__equal_domains__sqrt_hamming__energy",49,30.388189906585,103,0.237788234678377,4,0,FALSE
"predict__morph__all_features__equal_domains__sqrt_hamming__energy",50,30.3881899065849,103,0.237788234678377,3,0,FALSE
"predict__morph__all_features__equal_domains__sqrt_hamming__energy",51,30.388189906585,103,0.237788234678377,3,0,FALSE
"predict__morph__all_features__equal_domains__sqrt_hamming__energy",52,30.388189906585,103,0.237788234678377,4,0,FALSE
"predict__morph__all_features__equal_domains__sqrt_hamming__energy",53,30.3881899065849,103,0.237788234678377,4,0,FALSE
"predict__morph__all_features__equal_domains__sqrt_hamming__energy",54,30.3881899065849,103,0.237788234678377,3,0,FALSE
"predict__morph__all_features__equal_domains__sqrt_hamming__energy",55,30.388189906585,103,0.237788234678377,2,0,FALSE
"predict__morph__all_features__equal_domains__sqrt_hamming__energy",56,30.3881899065849,103,0.237788234678377,3,0,FALSE
"predict__morph__all_features__equal_domains__sqrt_hamming__energy",57,30.388189906585,103,0.237788234678377,3,0,FALSE
"predict__morph__all_features__equal_domains__sqrt_hamming__energy",58,30.3881899065849,103,0.237788234678377,3,0,FALSE
"predict__morph__all_features__equal_domains__sqrt_hamming__energy",59,30.388189906585,103,0.237788234678377,3,0,FALSE
"predict__morph__all_features__equal_domains__sqrt_hamming__energy",60,30.3881899065849,103,0.237788234678377,4,0,FALSE
"predict__morph__all_features__equal_domains__sqrt_hamming__energy",61,30.3881899065849,103,0.237788234678377,3,0,FALSE
"predict__morph__all_features__equal_domains__sqrt_hamming__energy",62,30.388189906585,103,0.237788234678377,3,0,FALSE
"predict__morph__all_features__equal_domains__sqrt_hamming__energy",63,30.3881899065849,103,0.237788234678377,4,0,FALSE
"predict__morph__all_features__equal_domains__sqrt_hamming__energy",64,30.3881899065849,103,0.237788234678377,3,0,FALSE
"predict__morph__all_features__equal_domains__sqrt_hamming__energy",65,30.388189906585,103,0.237788234678377,4,0,FALSE
"predict__morph__all_features__equal_domains__sqrt_hamming__energy",66,30.3881899065849,103,0.237788234678377,4,0,FALSE
"predict__morph__all_features__equal_domains__sqrt_hamming__energy",67,30.3881899065849,103,0.237788234678377,3,0,FALSE
"predict__morph__all_features__equal_domains__sqrt_hamming__energy",68,30.3881899065849,103,0.237788234678377,3,0,FALSE
"predict__morph__all_features__equal_domains__sqrt_hamming__energy",69,30.3881899065849,103,0.237788234678377,4,0,FALSE
"predict__morph__all_features__equal_domains__sqrt_hamming__energy",70,30.3881899065849,103,0.237788234678377,3,0,FALSE
"predict__morph__all_features__equal_domains__sqrt_hamming__energy",71,30.3881899065849,103,0.237788234678377,7,0,FALSE
"predict__morph__all_features__equal_domains__sqrt_hamming__energy",72,30.388189906585,103,0.237788234678377,3,0,FALSE
"predict__morph__all_features__equal_domains__sqrt_hamming__energy",73,30.3881899065849,103,0.237788234678377,3,0,FALSE
"predict__morph__all_features__equal_domains__sqrt_hamming__energy",74,30.388189906585,103,0.237788234678377,5,0,FALSE
"predict__morph__all_features__equal_domains__sqrt_hamming__energy",75,30.3881899065849,103,0.237788234678377,4,0,FALSE
"predict__morph__all_features__equal_domains__sqrt_hamming__energy",76,30.3881899065849,103,0.237788234678377,3,0,FALSE
"predict__morph__all_features__equal_domains__sqrt_hamming__energy",77,30.3881899065849,103,0.237788234678377,3,0,FALSE
"predict__morph__all_features__equal_domains__sqrt_hamming__energy",78,30.388189906585,103,0.237788234678377,3,0,FALSE
"predict__morph__all_features__equal_domains__sqrt_hamming__energy",79,30.3881899065849,103,0.237788234678377,4,0,FALSE
"predict__morph__all_features__equal_domains__sqrt_hamming__energy",80,30.3881899065849,103,0.237788234678377,4,0,FALSE
"predict__morph__all_features__equal_domains__sqrt_hamming__energy",81,30.3881899065849,103,0.237788234678377,3,0,FALSE
"predict__morph__all_features__equal_domains__sqrt_hamming__energy",82,30.3881899065849,103,0.237788234678377,5,0,FALSE
"predict__morph__all_features__equal_domains__sqrt_hamming__energy",83,30.3881899065849,103,0.237788234678377,3,0,FALSE
"predict__morph__all_features__equal_domains__sqrt_hamming__energy",84,30.3881899065849,103,0.237788234678377,4,0,FALSE
"predict__morph__all_features__equal_domains__sqrt_hamming__energy",85,30.3881899065849,103,0.237788234678377,3,0,FALSE
"predict__morph__all_features__equal_domains__sqrt_hamming__energy",86,30.388189906585,103,0.237788234678377,3,0,FALSE
"predict__morph__all_features__equal_domains__sqrt_hamming__energy",87,30.3881899065849,103,0.237788234678377,3,0,FALSE
"predict__morph__all_features__equal_domains__sqrt_hamming__energy",88,30.3881899065849,103,0.237788234678377,3,0,FALSE
"predict__morph__all_features__equal_domains__sqrt_hamming__energy",89,30.3881899065849,103,0.237788234678377,3,0,FALSE
"predict__morph__all_features__equal_domains__sqrt_hamming__energy",90,30.3881899065848,103,0.237788234678377,3,0,TRUE
"predict__morph__all_features__equal_domains__sqrt_hamming__energy",91,30.388189906585,103,0.237788234678377,5,0,FALSE
"predict__morph__all_features__equal_domains__sqrt_hamming__energy",92,30.3881899065849,103,0.237788234678377,3,0,FALSE
"predict__morph__all_features__equal_domains__sqrt_hamming__energy",93,30.388189906585,103,0.237788234678377,3,0,FALSE
"predict__morph__all_features__equal_domains__sqrt_hamming__energy",94,30.3881899065849,103,0.237788234678377,3,0,FALSE
"predict__morph__all_features__equal_domains__sqrt_hamming__energy",95,30.388189906585,103,0.237788234678377,3,0,FALSE
"predict__morph__all_features__equal_domains__sqrt_hamming__energy",96,30.3881899065849,103,0.237788234678377,4,0,FALSE
"predict__morph__all_features__equal_domains__sqrt_hamming__energy",97,30.3881899065849,103,0.237788234678377,3,0,FALSE
"predict__morph__all_features__equal_domains__sqrt_hamming__energy",98,30.3881899065849,103,0.237788234678377,2,0,FALSE
"predict__morph__all_features__equal_domains__sqrt_hamming__energy",99,30.3881899065849,103,0.237788234678377,3,0,FALSE
"predict__morph__all_features__equal_domains__sqrt_hamming__energy",100,30.3881899065849,103,0.237788234678377,4,0,FALSE
"predict__morph__omit_four_labels__equal_features__sqrt_hamming__energy",1,32.908596984636,116,0.460164608685144,4,0,FALSE
"predict__morph__omit_four_labels__equal_features__sqrt_hamming__energy",2,33.068396724854,114,0.421274890962955,4,0,FALSE
"predict__morph__omit_four_labels__equal_features__sqrt_hamming__energy",3,33.368666075467,101,0.209334832124893,6,0,FALSE
"predict__morph__omit_four_labels__equal_features__sqrt_hamming__energy",4,32.9272064274788,126,0.680093474987822,4,0,FALSE
"predict__morph__omit_four_labels__equal_features__sqrt_hamming__energy",5,32.8210897185044,113,0.402400421441275,4,0,FALSE
"predict__morph__omit_four_labels__equal_features__sqrt_hamming__energy",6,32.9906967529697,119,0.521620072713046,4,0,FALSE
"predict__morph__omit_four_labels__equal_features__sqrt_hamming__energy",7,32.9129946780508,126,0.680101952432046,4,0,FALSE
"predict__morph__omit_four_labels__equal_features__sqrt_hamming__energy",8,32.9706621583461,122,0.587009928007509,4,0,FALSE
"predict__morph__omit_four_labels__equal_features__sqrt_hamming__energy",9,33.947641836188,79,0.0138306762120771,3,0,FALSE
"predict__morph__omit_four_labels__equal_features__sqrt_hamming__energy",10,32.9326827161008,122,0.586998983582162,5,0,FALSE
"predict__morph__omit_four_labels__equal_features__sqrt_hamming__energy",11,33.5922698532034,84,0.0402772458271044,4,0,FALSE
"predict__morph__omit_four_labels__equal_features__sqrt_hamming__energy",12,32.8854305482811,128,0.729182352662061,4,0,FALSE
"predict__morph__omit_four_labels__equal_features__sqrt_hamming__energy",13,33.1908424633074,120,0.543002789188638,6,0,FALSE
"predict__morph__omit_four_labels__equal_features__sqrt_hamming__energy",14,32.9483924680539,124,0.63270356579792,3,0,FALSE
"predict__morph__omit_four_labels__equal_features__sqrt_hamming__energy",15,32.9183761111988,108,0.31481058907857,6,0,FALSE
"predict__morph__omit_four_labels__equal_features__sqrt_hamming__energy",16,32.8519144906066,118,0.500714694507599,5,0,FALSE
"predict__morph__omit_four_labels__equal_features__sqrt_hamming__energy",17,33.3215842722477,109,0.331243355025841,4,0,FALSE
"predict__morph__omit_four_labels__equal_features__sqrt_hamming__energy",18,32.8724013432233,128,0.729178764254562,3,0,FALSE
"predict__morph__omit_four_labels__equal_features__sqrt_hamming__energy",19,32.9046798880293,125,0.656184262785802,4,0,FALSE
"predict__morph__omit_four_labels__equal_features__sqrt_hamming__energy",20,32.8519144906067,118,0.500714694507599,4,0,FALSE
"predict__morph__omit_four_labels__equal_features__sqrt_hamming__energy",21,33.3109273388203,108,0.314504183782956,4,0,FALSE
"predict__morph__omit_four_labels__equal_features__sqrt_hamming__energy",22,33.005150846181,106,0.282725272876702,6,0,FALSE
"predict__morph__omit_four_labels__equal_features__sqrt_hamming__energy",23,32.9186984328927,128,0.729186838037711,7,0,FALSE
"predict__morph__omit_four_labels__equal_features__sqrt_hamming__energy",24,32.9148475785882,123,0.60963690143988,4,0,FALSE
"predict__morph__omit_four_labels__equal_features__sqrt_hamming__energy",25,32.8854305482811,128,0.729182352662061,4,0,FALSE
"predict__morph__omit_four_labels__equal_features__sqrt_hamming__energy",26,33.3569065286897,101,0.20967517020542,6,0,FALSE
"predict__morph__omit_four_labels__equal_features__sqrt_hamming__energy",27,32.9225724879604,126,0.680101952432046,4,0,FALSE
"predict__morph__omit_four_labels__equal_features__sqrt_hamming__energy",28,32.8180214101954,114,0.421213554797767,3,0,FALSE
"predict__morph__omit_four_labels__equal_features__sqrt_hamming__energy",29,32.8830202289487,114,0.421274890962955,6,0,FALSE
"predict__morph__omit_four_labels__equal_features__sqrt_hamming__energy",30,32.9225724879604,126,0.680101952432046,4,0,FALSE
"predict__morph__omit_four_labels__equal_features__sqrt_hamming__energy",31,32.918560200124,116,0.460066258337687,4,0,FALSE
"predict__morph__omit_four_labels__equal_features__sqrt_hamming__energy",32,32.8983132003794,126,0.680093474987822,4,0,FALSE
"predict__morph__omit_four_labels__equal_features__sqrt_hamming__energy",33,32.9477995173181,124,0.63270356579792,4,0,FALSE
"predict__morph__omit_four_labels__equal_features__sqrt_hamming__energy",34,32.9577416473618,125,0.656197929187377,4,0,FALSE
"predict__morph__omit_four_labels__equal_features__sqrt_hamming__energy",35,33.1908424633074,120,0.543002789188638,4,0,FALSE
"predict__morph__omit_four_labels__equal_features__sqrt_hamming__energy",36,33.5829401180342,95,0.13570013137231,4,0,FALSE
"predict__morph__omit_four_labels__equal_features__sqrt_hamming__energy",37,32.9427247712026,124,0.632729114264912,7,0,FALSE
"predict__morph__omit_four_labels__equal_features__sqrt_hamming__energy",38,32.8180214101953,114,0.421213554797767,7,0,TRUE
"predict__morph__omit_four_labels__equal_features__sqrt_hamming__energy",39,32.9225724879604,126,0.680101952432046,5,0,FALSE
"predict__morph__omit_four_labels__equal_features__sqrt_hamming__energy",40,32.8854305482811,128,0.729182352662061,4,0,FALSE
"predict__morph__omit_four_labels__equal_features__sqrt_hamming__energy",41,32.9906967529697,119,0.521620072713046,4,0,FALSE
"predict__morph__omit_four_labels__equal_features__sqrt_hamming__energy",42,32.8386561524513,111,0.366049191366264,3,0,FALSE
"predict__morph__omit_four_labels__equal_features__sqrt_hamming__energy",43,32.9388596554293,108,0.314710753742723,4,0,FALSE
"predict__morph__omit_four_labels__equal_features__sqrt_hamming__energy",44,32.8660357134044,129,0.754356879442656,6,0,FALSE
"predict__morph__omit_four_labels__equal_features__sqrt_hamming__energy",45,32.9225724879604,126,0.680101952432046,5,0,FALSE
"predict__morph__omit_four_labels__equal_features__sqrt_hamming__energy",46,32.918560200124,116,0.460066258337687,4,0,FALSE
"predict__morph__omit_four_labels__equal_features__sqrt_hamming__energy",47,33.3406866316542,98,0.171074018182981,6,0,FALSE
"predict__morph__omit_four_labels__equal_features__sqrt_hamming__energy",48,32.8180214101954,114,0.421213554797767,4,0,FALSE
"predict__morph__omit_four_labels__equal_features__sqrt_hamming__energy",49,32.8476139996017,117,0.480202261250161,3,0,FALSE
"predict__morph__omit_four_labels__equal_features__sqrt_hamming__energy",50,32.9388596554293,108,0.314710753742723,6,0,FALSE
"predict__morph__omit_four_labels__equal_features__sqrt_hamming__energy",51,32.8180214101954,114,0.421213554797767,3,0,FALSE
"predict__morph__omit_four_labels__equal_features__sqrt_hamming__energy",52,32.8210897185044,113,0.402400421441275,5,0,FALSE
"predict__morph__omit_four_labels__equal_features__sqrt_hamming__energy",53,33.3569065286897,101,0.20967517020542,7,0,FALSE
"predict__morph__omit_four_labels__equal_features__sqrt_hamming__energy",54,32.9129946780508,126,0.680101952432046,4,0,FALSE
"predict__morph__omit_four_labels__equal_features__sqrt_hamming__energy",55,32.8620395396997,130,0.779958474859348,4,0,FALSE
"predict__morph__omit_four_labels__equal_features__sqrt_hamming__energy",56,33.5165233196548,90,0.0859813571080624,8,0,FALSE
"predict__morph__omit_four_labels__equal_features__sqrt_hamming__energy",57,32.9427247712025,124,0.632729114264912,3,0,FALSE
"predict__morph__omit_four_labels__equal_features__sqrt_hamming__energy",58,33.5872556653766,87,0.0612305726888279,4,0,FALSE
"predict__morph__omit_four_labels__equal_features__sqrt_hamming__energy",59,32.9307429908278,111,0.366175136501376,5,0,FALSE
"predict__morph__omit_four_labels__equal_features__sqrt_hamming__energy",60,32.918560200124,116,0.460066258337687,4,0,FALSE
"predict__morph__omit_four_labels__equal_features__sqrt_hamming__energy",61,32.8210897185044,113,0.402400421441275,4,0,FALSE
"predict__morph__omit_four_labels__equal_features__sqrt_hamming__energy",62,32.8210897185044,113,0.402400421441275,5,0,FALSE
"predict__morph__omit_four_labels__equal_features__sqrt_hamming__energy",63,33.5852371432057,102,0.223104741620684,4,0,FALSE
"predict__morph__omit_four_labels__equal_features__sqrt_hamming__energy",64,32.9146450824894,127,0.704436004353702,4,0,FALSE
"predict__morph__omit_four_labels__equal_features__sqrt_hamming__energy",65,33.0471212506187,127,0.704479075664942,4,0,FALSE
"predict__morph__omit_four_labels__equal_features__sqrt_hamming__energy",66,32.9290192605631,118,0.500679962720674,4,0,FALSE
"predict__morph__omit_four_labels__equal_features__sqrt_hamming__energy",67,32.9272064274788,126,0.680093474987822,4,0,FALSE
"predict__morph__omit_four_labels__equal_features__sqrt_hamming__energy",68,33.6154001595094,91,0.0951129496211751,4,0,FALSE
"predict__morph__omit_four_labels__equal_features__sqrt_hamming__energy",69,33.5865083887544,85,0.0468369869846401,3,0,FALSE
"predict__morph__omit_four_labels__equal_features__sqrt_hamming__energy",70,33.3109273388204,108,0.314504183782956,4,0,FALSE
"predict__morph__omit_four_labels__equal_features__sqrt_hamming__energy",71,32.9146450824894,127,0.704436004353702,5,0,FALSE
"predict__morph__omit_four_labels__equal_features__sqrt_hamming__energy",72,33.6365799166712,73,-0.00393530146304067,4,0,FALSE
"predict__morph__omit_four_labels__equal_features__sqrt_hamming__energy",73,33.011121895613,119,0.521651763908076,3,0,FALSE
"predict__morph__omit_four_labels__equal_features__sqrt_hamming__energy",74,32.8724013432234,128,0.729178764254562,5,0,FALSE
"predict__morph__omit_four_labels__equal_features__sqrt_hamming__energy",75,32.8180214101953,114,0.421213554797767,5,0,FALSE
"predict__morph__omit_four_labels__equal_features__sqrt_hamming__energy",76,32.8180214101954,114,0.421213554797767,5,0,FALSE
"predict__morph__omit_four_labels__equal_features__sqrt_hamming__energy",77,32.8476139996018,117,0.480202261250161,3,0,FALSE
"predict__morph__omit_four_labels__equal_features__sqrt_hamming__energy",78,32.9430264138641,106,0.282611269548514,7,0,FALSE
"predict__morph__omit_four_labels__equal_features__sqrt_hamming__energy",79,32.9082070428737,125,0.656184262785802,5,0,FALSE
"predict__morph__omit_four_labels__equal_features__sqrt_hamming__energy",80,33.5836134536552,94,0.124920477039284,3,0,FALSE
"predict__morph__omit_four_labels__equal_features__sqrt_hamming__energy",81,32.9258525043055,127,0.704424255453394,3,0,FALSE
"predict__morph__omit_four_labels__equal_features__sqrt_hamming__energy",82,32.9225724879605,126,0.680101952432046,5,0,FALSE
"predict__morph__omit_four_labels__equal_features__sqrt_hamming__energy",83,32.9082070428737,125,0.656184262785802,5,0,FALSE
"predict__morph__omit_four_labels__equal_features__sqrt_hamming__energy",84,32.8943849510133,107,0.298448371163928,3,0,FALSE
"predict__morph__omit_four_labels__equal_features__sqrt_hamming__energy",85,32.9904306374012,123,0.609644659905124,6,0,FALSE
"predict__morph__omit_four_labels__equal_features__sqrt_hamming__energy",86,32.9225724879604,126,0.680101952432046,4,0,FALSE
"predict__morph__omit_four_labels__equal_features__sqrt_hamming__energy",87,33.5038691358253,108,0.314504183782956,4,0,FALSE
"predict__morph__omit_four_labels__equal_features__sqrt_hamming__energy",88,32.8210897185043,113,0.402400421441275,3,0,FALSE
"predict__morph__omit_four_labels__equal_features__sqrt_hamming__energy",89,32.8660357134043,129,0.754356879442656,3,0,FALSE
"predict__morph__omit_four_labels__equal_features__sqrt_hamming__energy",90,32.8210897185044,113,0.402400421441275,7,0,FALSE
"predict__morph__omit_four_labels__equal_features__sqrt_hamming__energy",91,33.302890922211,112,0.383900056535793,7,0,FALSE
"predict__morph__omit_four_labels__equal_features__sqrt_hamming__energy",92,33.8879725036235,80,0.0185363647909763,6,0,FALSE
"predict__morph__omit_four_labels__equal_features__sqrt_hamming__energy",93,33.6181815973396,71,-0.00587447112815542,3,0,FALSE
"predict__morph__omit_four_labels__equal_features__sqrt_hamming__energy",94,33.5865083887543,85,0.0468369869846401,5,0,FALSE
"predict__morph__omit_four_labels__equal_features__sqrt_hamming__energy",95,32.8660357134043,129,0.754356879442656,4,0,FALSE
"predict__morph__omit_four_labels__equal_features__sqrt_hamming__energy",96,32.8210897185044,113,0.402400421441275,5,0,FALSE
"predict__morph__omit_four_labels__equal_features__sqrt_hamming__energy",97,32.9097967767493,124,0.63269869902025,3,0,FALSE
"predict__morph__omit_four_labels__equal_features__sqrt_hamming__energy",98,32.8210897185044,113,0.402400421441275,4,0,FALSE
"predict__morph__omit_four_labels__equal_features__sqrt_hamming__energy",99,32.9427247712025,124,0.632729114264912,3,0,FALSE
"predict__morph__omit_four_labels__equal_features__sqrt_hamming__energy",100,32.8854305482811,128,0.729182352662061,4,0,FALSE
"predict__morph__omit_four_labels__equal_domains__sqrt_hamming__energy",1,30.2693479081242,103,0.237788234678377,4,0,FALSE
"predict__morph__omit_four_labels__equal_domains__sqrt_hamming__energy",2,30.2693479081241,103,0.237788234678377,4,0,FALSE
"predict__morph__omit_four_labels__equal_domains__sqrt_hamming__energy",3,30.2693479081241,103,0.237788234678377,4,0,FALSE
"predict__morph__omit_four_labels__equal_domains__sqrt_hamming__energy",4,30.2693479081242,103,0.237788234678377,2,0,FALSE
"predict__morph__omit_four_labels__equal_domains__sqrt_hamming__energy",5,30.2693479081241,103,0.237788234678377,3,0,FALSE
"predict__morph__omit_four_labels__equal_domains__sqrt_hamming__energy",6,30.2693479081241,103,0.237788234678377,5,0,FALSE
"predict__morph__omit_four_labels__equal_domains__sqrt_hamming__energy",7,30.269347908124,103,0.237788234678377,3,0,TRUE
"predict__morph__omit_four_labels__equal_domains__sqrt_hamming__energy",8,30.2693479081241,103,0.237788234678377,3,0,FALSE
"predict__morph__omit_four_labels__equal_domains__sqrt_hamming__energy",9,30.2693479081241,103,0.237788234678377,4,0,FALSE
"predict__morph__omit_four_labels__equal_domains__sqrt_hamming__energy",10,30.2693479081241,103,0.237788234678377,3,0,FALSE
"predict__morph__omit_four_labels__equal_domains__sqrt_hamming__energy",11,30.2693479081242,103,0.237788234678377,4,0,FALSE
"predict__morph__omit_four_labels__equal_domains__sqrt_hamming__energy",12,30.2693479081242,103,0.237788234678377,3,0,FALSE
"predict__morph__omit_four_labels__equal_domains__sqrt_hamming__energy",13,30.2693479081242,103,0.237788234678377,4,0,FALSE
"predict__morph__omit_four_labels__equal_domains__sqrt_hamming__energy",14,30.2693479081242,103,0.237788234678377,3,0,FALSE
"predict__morph__omit_four_labels__equal_domains__sqrt_hamming__energy",15,30.2693479081241,103,0.237788234678377,3,0,FALSE
"predict__morph__omit_four_labels__equal_domains__sqrt_hamming__energy",16,30.2693479081241,103,0.237788234678377,4,0,FALSE
"predict__morph__omit_four_labels__equal_domains__sqrt_hamming__energy",17,30.2693479081241,103,0.237788234678377,3,0,FALSE
"predict__morph__omit_four_labels__equal_domains__sqrt_hamming__energy",18,30.2693479081242,103,0.237788234678377,3,0,FALSE
"predict__morph__omit_four_labels__equal_domains__sqrt_hamming__energy",19,30.2693479081241,103,0.237788234678377,3,0,FALSE
"predict__morph__omit_four_labels__equal_domains__sqrt_hamming__energy",20,30.2693479081241,103,0.237788234678377,3,0,FALSE
"predict__morph__omit_four_labels__equal_domains__sqrt_hamming__energy",21,30.2693479081241,103,0.237788234678377,3,0,FALSE
"predict__morph__omit_four_labels__equal_domains__sqrt_hamming__energy",22,30.2693479081242,103,0.237788234678377,3,0,FALSE
"predict__morph__omit_four_labels__equal_domains__sqrt_hamming__energy",23,30.2693479081241,103,0.237788234678377,3,0,FALSE
"predict__morph__omit_four_labels__equal_domains__sqrt_hamming__energy",24,30.2693479081241,103,0.237788234678377,3,0,FALSE
"predict__morph__omit_four_labels__equal_domains__sqrt_hamming__energy",25,30.2693479081241,103,0.237788234678377,4,0,FALSE
"predict__morph__omit_four_labels__equal_domains__sqrt_hamming__energy",26,30.2693479081242,103,0.237788234678377,3,0,FALSE
"predict__morph__omit_four_labels__equal_domains__sqrt_hamming__energy",27,30.2693479081241,103,0.237788234678377,4,0,FALSE
"predict__morph__omit_four_labels__equal_domains__sqrt_hamming__energy",28,30.2693479081241,103,0.237788234678377,3,0,FALSE
"predict__morph__omit_four_labels__equal_domains__sqrt_hamming__energy",29,30.2693479081241,103,0.237788234678377,3,0,FALSE
"predict__morph__omit_four_labels__equal_domains__sqrt_hamming__energy",30,30.2693479081241,103,0.237788234678377,3,0,FALSE
"predict__morph__omit_four_labels__equal_domains__sqrt_hamming__energy",31,30.2693479081241,103,0.237788234678377,3,0,FALSE
"predict__morph__omit_four_labels__equal_domains__sqrt_hamming__energy",32,30.2693479081241,103,0.237788234678377,3,0,FALSE
"predict__morph__omit_four_labels__equal_domains__sqrt_hamming__energy",33,30.2693479081241,103,0.237788234678377,4,0,FALSE
"predict__morph__omit_four_labels__equal_domains__sqrt_hamming__energy",34,30.2693479081241,103,0.237788234678377,4,0,FALSE
"predict__morph__omit_four_labels__equal_domains__sqrt_hamming__energy",35,30.2693479081241,103,0.237788234678377,3,0,FALSE
"predict__morph__omit_four_labels__equal_domains__sqrt_hamming__energy",36,30.2693479081242,103,0.237788234678377,5,0,FALSE
"predict__morph__omit_four_labels__equal_domains__sqrt_hamming__energy",37,30.2693479081242,103,0.237788234678377,4,0,FALSE
"predict__morph__omit_four_labels__equal_domains__sqrt_hamming__energy",38,30.2693479081242,103,0.237788234678377,2,0,FALSE
"predict__morph__omit_four_labels__equal_domains__sqrt_hamming__energy",39,30.2693479081242,103,0.237788234678377,4,0,FALSE
"predict__morph__omit_four_labels__equal_domains__sqrt_hamming__energy",40,30.2693479081242,103,0.237788234678377,3,0,FALSE
"predict__morph__omit_four_labels__equal_domains__sqrt_hamming__energy",41,30.2693479081242,103,0.237788234678377,3,0,FALSE
"predict__morph__omit_four_labels__equal_domains__sqrt_hamming__energy",42,30.2693479081242,103,0.237788234678377,2,0,FALSE
"predict__morph__omit_four_labels__equal_domains__sqrt_hamming__energy",43,30.2693479081242,103,0.237788234678377,4,0,FALSE
"predict__morph__omit_four_labels__equal_domains__sqrt_hamming__energy",44,30.2693479081242,103,0.237788234678377,3,0,FALSE
"predict__morph__omit_four_labels__equal_domains__sqrt_hamming__energy",45,30.2693479081242,103,0.237788234678377,3,0,FALSE
"predict__morph__omit_four_labels__equal_domains__sqrt_hamming__energy",46,30.2693479081241,103,0.237788234678377,3,0,FALSE
"predict__morph__omit_four_labels__equal_domains__sqrt_hamming__energy",47,30.2693479081241,103,0.237788234678377,3,0,FALSE
"predict__morph__omit_four_labels__equal_domains__sqrt_hamming__energy",48,30.2693479081241,103,0.237788234678377,3,0,FALSE
"predict__morph__omit_four_labels__equal_domains__sqrt_hamming__energy",49,30.2693479081241,103,0.237788234678377,4,0,FALSE
"predict__morph__omit_four_labels__equal_domains__sqrt_hamming__energy",50,30.2693479081241,103,0.237788234678377,3,0,FALSE
"predict__morph__omit_four_labels__equal_domains__sqrt_hamming__energy",51,30.2693479081243,103,0.237788234678377,3,0,FALSE
"predict__morph__omit_four_labels__equal_domains__sqrt_hamming__energy",52,30.2693479081241,103,0.237788234678377,3,0,FALSE
"predict__morph__omit_four_labels__equal_domains__sqrt_hamming__energy",53,30.2693479081242,103,0.237788234678377,4,0,FALSE
"predict__morph__omit_four_labels__equal_domains__sqrt_hamming__energy",54,30.2693479081242,103,0.237788234678377,3,0,FALSE
"predict__morph__omit_four_labels__equal_domains__sqrt_hamming__energy",55,30.2693479081242,103,0.237788234678377,2,0,FALSE
"predict__morph__omit_four_labels__equal_domains__sqrt_hamming__energy",56,30.2693479081241,103,0.237788234678377,3,0,FALSE
"predict__morph__omit_four_labels__equal_domains__sqrt_hamming__energy",57,30.2693479081241,103,0.237788234678377,3,0,FALSE
"predict__morph__omit_four_labels__equal_domains__sqrt_hamming__energy",58,30.2693479081241,103,0.237788234678377,3,0,FALSE
"predict__morph__omit_four_labels__equal_domains__sqrt_hamming__energy",59,30.2693479081241,103,0.237788234678377,3,0,FALSE
"predict__morph__omit_four_labels__equal_domains__sqrt_hamming__energy",60,30.2693479081241,103,0.237788234678377,4,0,FALSE
"predict__morph__omit_four_labels__equal_domains__sqrt_hamming__energy",61,30.2693479081241,103,0.237788234678377,3,0,FALSE
"predict__morph__omit_four_labels__equal_domains__sqrt_hamming__energy",62,30.2693479081241,103,0.237788234678377,3,0,FALSE
"predict__morph__omit_four_labels__equal_domains__sqrt_hamming__energy",63,30.2693479081242,103,0.237788234678377,4,0,FALSE
"predict__morph__omit_four_labels__equal_domains__sqrt_hamming__energy",64,30.2693479081241,103,0.237788234678377,3,0,FALSE
"predict__morph__omit_four_labels__equal_domains__sqrt_hamming__energy",65,30.2693479081241,103,0.237788234678377,5,0,FALSE
"predict__morph__omit_four_labels__equal_domains__sqrt_hamming__energy",66,30.2693479081241,103,0.237788234678377,3,0,FALSE
"predict__morph__omit_four_labels__equal_domains__sqrt_hamming__energy",67,30.2693479081241,103,0.237788234678377,3,0,FALSE
"predict__morph__omit_four_labels__equal_domains__sqrt_hamming__energy",68,30.2693479081241,103,0.237788234678377,3,0,FALSE
"predict__morph__omit_four_labels__equal_domains__sqrt_hamming__energy",69,33.2170347002977,84,0.0402804249634655,4,0,FALSE
"predict__morph__omit_four_labels__equal_domains__sqrt_hamming__energy",70,30.2693479081242,103,0.237788234678377,3,0,FALSE
"predict__morph__omit_four_labels__equal_domains__sqrt_hamming__energy",71,30.2693479081241,103,0.237788234678377,3,0,FALSE
"predict__morph__omit_four_labels__equal_domains__sqrt_hamming__energy",72,30.2693479081241,103,0.237788234678377,3,0,FALSE
"predict__morph__omit_four_labels__equal_domains__sqrt_hamming__energy",73,30.2693479081242,103,0.237788234678377,3,0,FALSE
"predict__morph__omit_four_labels__equal_domains__sqrt_hamming__energy",74,30.269347908124,103,0.237788234678377,4,0,FALSE
"predict__morph__omit_four_labels__equal_domains__sqrt_hamming__energy",75,30.2693479081241,103,0.237788234678377,3,0,FALSE
"predict__morph__omit_four_labels__equal_domains__sqrt_hamming__energy",76,30.2693479081242,103,0.237788234678377,3,0,FALSE
"predict__morph__omit_four_labels__equal_domains__sqrt_hamming__energy",77,30.2693479081242,103,0.237788234678377,3,0,FALSE
"predict__morph__omit_four_labels__equal_domains__sqrt_hamming__energy",78,30.2693479081242,103,0.237788234678377,3,0,FALSE
"predict__morph__omit_four_labels__equal_domains__sqrt_hamming__energy",79,30.2693479081241,103,0.237788234678377,3,0,FALSE
"predict__morph__omit_four_labels__equal_domains__sqrt_hamming__energy",80,30.2693479081241,103,0.237788234678377,4,0,FALSE
"predict__morph__omit_four_labels__equal_domains__sqrt_hamming__energy",81,30.2693479081241,103,0.237788234678377,3,0,FALSE
"predict__morph__omit_four_labels__equal_domains__sqrt_hamming__energy",82,30.2693479081241,103,0.237788234678377,4,0,FALSE
"predict__morph__omit_four_labels__equal_domains__sqrt_hamming__energy",83,30.2693479081242,103,0.237788234678377,3,0,FALSE
"predict__morph__omit_four_labels__equal_domains__sqrt_hamming__energy",84,30.2693479081241,103,0.237788234678377,4,0,FALSE
"predict__morph__omit_four_labels__equal_domains__sqrt_hamming__energy",85,30.2693479081242,103,0.237788234678377,3,0,FALSE
"predict__morph__omit_four_labels__equal_domains__sqrt_hamming__energy",86,30.2693479081241,103,0.237788234678377,3,0,FALSE
"predict__morph__omit_four_labels__equal_domains__sqrt_hamming__energy",87,30.2693479081241,103,0.237788234678377,3,0,FALSE
"predict__morph__omit_four_labels__equal_domains__sqrt_hamming__energy",88,30.2693479081241,103,0.237788234678377,3,0,FALSE
"predict__morph__omit_four_labels__equal_domains__sqrt_hamming__energy",89,30.269347908124,103,0.237788234678377,3,0,FALSE
"predict__morph__omit_four_labels__equal_domains__sqrt_hamming__energy",90,30.2693479081241,103,0.237788234678377,3,0,FALSE
"predict__morph__omit_four_labels__equal_domains__sqrt_hamming__energy",91,30.2693479081241,103,0.237788234678377,4,0,FALSE
"predict__morph__omit_four_labels__equal_domains__sqrt_hamming__energy",92,30.2693479081241,103,0.237788234678377,3,0,FALSE
"predict__morph__omit_four_labels__equal_domains__sqrt_hamming__energy",93,30.2693479081241,103,0.237788234678377,3,0,FALSE
"predict__morph__omit_four_labels__equal_domains__sqrt_hamming__energy",94,30.2693479081242,103,0.237788234678377,4,0,FALSE
"predict__morph__omit_four_labels__equal_domains__sqrt_hamming__energy",95,30.2693479081242,103,0.237788234678377,3,0,FALSE
"predict__morph__omit_four_labels__equal_domains__sqrt_hamming__energy",96,30.2693479081241,103,0.237788234678377,3,0,FALSE
"predict__morph__omit_four_labels__equal_domains__sqrt_hamming__energy",97,30.2693479081241,103,0.237788234678377,3,0,FALSE
"predict__morph__omit_four_labels__equal_domains__sqrt_hamming__energy",98,30.2693479081241,103,0.237788234678377,3,0,FALSE
"predict__morph__omit_four_labels__equal_domains__sqrt_hamming__energy",99,30.2693479081241,103,0.237788234678377,3,0,FALSE
"predict__morph__omit_four_labels__equal_domains__sqrt_hamming__energy",100,30.2693479081241,103,0.237788234678377,4,0,FALSE
"predict__phon__all_features__equal_features__sqrt_hamming__energy",1,28.5457959120614,115,0.440577612821402,4,0,FALSE
"predict__phon__all_features__equal_features__sqrt_hamming__energy",2,28.4335831110177,130,0.77996940781764,3,0,FALSE
"predict__phon__all_features__equal_features__sqrt_hamming__energy",3,28.42482593325,131,0.805989846809123,5,0,FALSE
"predict__phon__all_features__equal_features__sqrt_hamming__energy",4,28.42482593325,131,0.805989846809123,4,0,FALSE
"predict__phon__all_features__equal_features__sqrt_hamming__energy",5,28.42482593325,131,0.805989846809123,4,0,FALSE
"predict__phon__all_features__equal_features__sqrt_hamming__energy",6,28.4246276226719,131,0.805985990857994,6,0,FALSE
"predict__phon__all_features__equal_features__sqrt_hamming__energy",7,28.4222235203667,130,0.77996430590564,4,0,FALSE
"predict__phon__all_features__equal_features__sqrt_hamming__energy",8,28.4222235203669,130,0.77996430590564,3,0,FALSE
"predict__phon__all_features__equal_features__sqrt_hamming__energy",9,28.4048983192781,123,0.609691204220982,4,0,FALSE
"predict__phon__all_features__equal_features__sqrt_hamming__energy",10,28.4248659239051,128,0.729193117314019,3,0,FALSE
"predict__phon__all_features__equal_features__sqrt_hamming__energy",11,28.422808634056,125,0.656218426752752,3,0,FALSE
"predict__phon__all_features__equal_features__sqrt_hamming__energy",12,28.427949166323,132,0.832434356035834,5,0,FALSE
"predict__phon__all_features__equal_features__sqrt_hamming__energy",13,28.4246276226721,131,0.805985990857994,5,0,FALSE
"predict__phon__all_features__equal_features__sqrt_hamming__energy",14,28.4279658586085,125,0.656218426752752,3,0,FALSE
"predict__phon__all_features__equal_features__sqrt_hamming__energy",15,29.5356440809705,90,0.0860873156842851,4,0,FALSE
"predict__phon__all_features__equal_features__sqrt_hamming__energy",16,28.4246276226719,131,0.805985990857994,5,0,FALSE
"predict__phon__all_features__equal_features__sqrt_hamming__energy",17,28.4060204101999,125,0.656232090438534,3,0,FALSE
"predict__phon__all_features__equal_features__sqrt_hamming__energy",18,28.4309446955579,130,0.77996940781764,3,0,FALSE
"predict__phon__all_features__equal_features__sqrt_hamming__energy",19,28.4288665674567,129,0.75436664356095,3,0,FALSE
"predict__phon__all_features__equal_features__sqrt_hamming__energy",20,28.424627622672,131,0.805985990857994,4,0,FALSE
"predict__phon__all_features__equal_features__sqrt_hamming__energy",21,28.4279491663232,132,0.832434356035834,6,0,FALSE
"predict__phon__all_features__equal_features__sqrt_hamming__energy",22,28.5444980172704,114,0.421351542890547,4,0,FALSE
"predict__phon__all_features__equal_features__sqrt_hamming__energy",23,28.4279491663232,132,0.832434356035834,5,0,FALSE
"predict__phon__all_features__equal_features__sqrt_hamming__energy",24,28.42482593325,131,0.805989846809123,4,0,FALSE
"predict__phon__all_features__equal_features__sqrt_hamming__energy",25,28.4248259332499,131,0.805989846809123,4,0,FALSE
"predict__phon__all_features__equal_features__sqrt_hamming__energy",26,28.4048983192783,123,0.609691204220982,4,0,FALSE
"predict__phon__all_features__equal_features__sqrt_hamming__energy",27,28.4357369492649,129,0.75436664356095,4,0,FALSE
"predict__phon__all_features__equal_features__sqrt_hamming__energy",28,28.4186488177471,126,0.680118905972665,3,0,FALSE
"predict__phon__all_features__equal_features__sqrt_hamming__energy",29,28.4048983192784,123,0.609691204220982,5,0,FALSE
"predict__phon__all_features__equal_features__sqrt_hamming__energy",30,28.4246276226719,131,0.805985990857994,4,0,FALSE
"predict__phon__all_features__equal_features__sqrt_hamming__energy",31,28.5457959120615,115,0.440577612821402,10,0,FALSE
"predict__phon__all_features__equal_features__sqrt_hamming__energy",32,28.4248259332499,131,0.805989846809123,3,0,FALSE
"predict__phon__all_features__equal_features__sqrt_hamming__energy",33,28.4248659239051,128,0.729193117314019,3,0,FALSE
"predict__phon__all_features__equal_features__sqrt_hamming__energy",34,28.4043096373356,124,0.632742495376833,4,0,TRUE
"predict__phon__all_features__equal_features__sqrt_hamming__energy",35,28.4279491663231,132,0.832434356035834,5,0,FALSE
"predict__phon__all_features__equal_features__sqrt_hamming__energy",36,28.4294641919571,128,0.729193117314019,4,0,FALSE
"predict__phon__all_features__equal_features__sqrt_hamming__energy",37,28.4043096373357,124,0.632742495376833,3,0,FALSE
"predict__phon__all_features__equal_features__sqrt_hamming__energy",38,28.4048983192784,123,0.609691204220982,3,0,FALSE
"predict__phon__all_features__equal_features__sqrt_hamming__energy",39,28.424627622672,131,0.805985990857994,4,0,FALSE
"predict__phon__all_features__equal_features__sqrt_hamming__energy",40,28.4222235203669,130,0.77996430590564,4,0,FALSE
"predict__phon__all_features__equal_features__sqrt_hamming__energy",41,28.4357369492651,129,0.75436664356095,4,0,FALSE
"predict__phon__all_features__equal_features__sqrt_hamming__energy",42,28.4048983192782,123,0.609691204220982,3,0,FALSE
"predict__phon__all_features__equal_features__sqrt_hamming__energy",43,28.4043096373358,124,0.632742495376833,4,0,FALSE
"predict__phon__all_features__equal_features__sqrt_hamming__energy",44,28.4048983192783,123,0.609691204220982,4,0,FALSE
"predict__phon__all_features__equal_features__sqrt_hamming__energy",45,28.4246276226719,131,0.805985990857994,4,0,FALSE
"predict__phon__all_features__equal_features__sqrt_hamming__energy",46,28.424627622672,131,0.805985990857994,5,0,FALSE
"predict__phon__all_features__equal_features__sqrt_hamming__energy",47,28.4248259332498,131,0.805989846809123,5,0,FALSE
"predict__phon__all_features__equal_features__sqrt_hamming__energy",48,28.424627622672,131,0.805985990857994,5,0,FALSE
"predict__phon__all_features__equal_features__sqrt_hamming__energy",49,28.4279491663231,132,0.832434356035834,3,0,FALSE
"predict__phon__all_features__equal_features__sqrt_hamming__energy",50,28.4299576660439,129,0.75436664356095,3,0,FALSE
"predict__phon__all_features__equal_features__sqrt_hamming__energy",51,28.4246276226721,131,0.805985990857994,4,0,FALSE
"predict__phon__all_features__equal_features__sqrt_hamming__energy",52,28.4288665674567,129,0.75436664356095,3,0,FALSE
"predict__phon__all_features__equal_features__sqrt_hamming__energy",53,28.42482593325,131,0.805989846809123,6,0,FALSE
"predict__phon__all_features__equal_features__sqrt_hamming__energy",54,28.4246276226719,131,0.805985990857994,3,0,FALSE
"predict__phon__all_features__equal_features__sqrt_hamming__energy",55,28.4058642569994,124,0.632758308161156,2,0,FALSE
"predict__phon__all_features__equal_features__sqrt_hamming__energy",56,28.4222235203669,130,0.77996430590564,4,0,FALSE
"predict__phon__all_features__equal_features__sqrt_hamming__energy",57,28.424627622672,131,0.805985990857994,4,0,FALSE
"predict__phon__all_features__equal_features__sqrt_hamming__energy",58,28.4048983192784,123,0.609691204220982,4,0,FALSE
"predict__phon__all_features__equal_features__sqrt_hamming__energy",59,28.4279491663231,132,0.832434356035834,4,0,FALSE
"predict__phon__all_features__equal_features__sqrt_hamming__energy",60,28.4357369492652,129,0.75436664356095,6,0,FALSE
"predict__phon__all_features__equal_features__sqrt_hamming__energy",61,28.4222235203669,130,0.77996430590564,3,0,FALSE
"predict__phon__all_features__equal_features__sqrt_hamming__energy",62,28.4248659239051,128,0.729193117314019,3,0,FALSE
"predict__phon__all_features__equal_features__sqrt_hamming__energy",63,28.4222235203668,130,0.77996430590564,4,0,FALSE
"predict__phon__all_features__equal_features__sqrt_hamming__energy",64,28.4246276226719,131,0.805985990857994,4,0,FALSE
"predict__phon__all_features__equal_features__sqrt_hamming__energy",65,28.4248259332498,131,0.805989846809123,4,0,FALSE
"predict__phon__all_features__equal_features__sqrt_hamming__energy",66,28.4357369492651,129,0.75436664356095,5,0,FALSE
"predict__phon__all_features__equal_features__sqrt_hamming__energy",67,28.418648817747,126,0.680118905972665,3,0,FALSE
"predict__phon__all_features__equal_features__sqrt_hamming__energy",68,28.4279491663231,132,0.832434356035834,8,0,FALSE
"predict__phon__all_features__equal_features__sqrt_hamming__energy",69,28.4048983192783,123,0.609691204220982,4,0,FALSE
"predict__phon__all_features__equal_features__sqrt_hamming__energy",70,28.4279491663232,132,0.832434356035834,5,0,FALSE
"predict__phon__all_features__equal_features__sqrt_hamming__energy",71,28.424627622672,131,0.805985990857994,4,0,FALSE
"predict__phon__all_features__equal_features__sqrt_hamming__energy",72,28.424627622672,131,0.805985990857994,3,0,FALSE
"predict__phon__all_features__equal_features__sqrt_hamming__energy",73,28.4248259332498,131,0.805989846809123,2,0,FALSE
"predict__phon__all_features__equal_features__sqrt_hamming__energy",74,28.4043096373357,124,0.632742495376833,2,0,FALSE
"predict__phon__all_features__equal_features__sqrt_hamming__energy",75,28.4279491663231,132,0.832434356035834,6,0,FALSE
"predict__phon__all_features__equal_features__sqrt_hamming__energy",76,28.426630184325,127,0.704443836435021,3,0,FALSE
"predict__phon__all_features__equal_features__sqrt_hamming__energy",77,28.4222235203668,130,0.77996430590564,3,0,FALSE
"predict__phon__all_features__equal_features__sqrt_hamming__energy",78,28.424627622672,131,0.805985990857994,4,0,FALSE
"predict__phon__all_features__equal_features__sqrt_hamming__energy",79,28.4279491663232,132,0.832434356035834,7,0,FALSE
"predict__phon__all_features__equal_features__sqrt_hamming__energy",80,28.4279491663231,132,0.832434356035834,4,0,FALSE
"predict__phon__all_features__equal_features__sqrt_hamming__energy",81,28.4246400171045,127,0.704453625952981,3,0,FALSE
"predict__phon__all_features__equal_features__sqrt_hamming__energy",82,28.4186488177471,126,0.680118905972665,3,0,FALSE
"predict__phon__all_features__equal_features__sqrt_hamming__energy",83,28.4248259332498,131,0.805989846809123,4,0,FALSE
"predict__phon__all_features__equal_features__sqrt_hamming__energy",84,28.4058642569994,124,0.632758308161156,3,0,FALSE
"predict__phon__all_features__equal_features__sqrt_hamming__energy",85,28.4248259332499,131,0.805989846809123,4,0,FALSE
"predict__phon__all_features__equal_features__sqrt_hamming__energy",86,28.4357369492651,129,0.75436664356095,5,0,FALSE
"predict__phon__all_features__equal_features__sqrt_hamming__energy",87,28.424627622672,131,0.805985990857994,4,0,FALSE
"predict__phon__all_features__equal_features__sqrt_hamming__energy",88,28.424627622672,131,0.805985990857994,3,0,FALSE
"predict__phon__all_features__equal_features__sqrt_hamming__energy",89,28.424627622672,131,0.805985990857994,3,0,FALSE
"predict__phon__all_features__equal_features__sqrt_hamming__energy",90,28.4279491663232,132,0.832434356035834,5,0,FALSE
"predict__phon__all_features__equal_features__sqrt_hamming__energy",91,28.427949166323,132,0.832434356035834,8,0,FALSE
"predict__phon__all_features__equal_features__sqrt_hamming__energy",92,29.6575004115037,75,0.000528004406272312,3,0,FALSE
"predict__phon__all_features__equal_features__sqrt_hamming__energy",93,28.551899275667,112,0.384175443023702,4,0,FALSE
"predict__phon__all_features__equal_features__sqrt_hamming__energy",94,28.4048983192784,123,0.609691204220982,4,0,FALSE
"predict__phon__all_features__equal_features__sqrt_hamming__energy",95,28.4288665674567,129,0.75436664356095,3,0,FALSE
"predict__phon__all_features__equal_features__sqrt_hamming__energy",96,28.4294641919572,128,0.729193117314019,3,0,FALSE
"predict__phon__all_features__equal_features__sqrt_hamming__energy",97,28.4279491663231,132,0.832434356035834,3,0,FALSE
"predict__phon__all_features__equal_features__sqrt_hamming__energy",98,28.4058642569993,124,0.632758308161156,3,0,FALSE
"predict__phon__all_features__equal_features__sqrt_hamming__energy",99,28.4357369492652,129,0.75436664356095,5,0,FALSE
"predict__phon__all_features__equal_features__sqrt_hamming__energy",100,28.4246276226721,131,0.805985990857994,5,0,FALSE
"predict__phon__all_features__equal_domains__sqrt_hamming__energy",1,29.3471419095492,128,0.729193117314019,4,0,FALSE
"predict__phon__all_features__equal_domains__sqrt_hamming__energy",2,29.3399939405118,131,0.805985990857994,3,0,FALSE
"predict__phon__all_features__equal_domains__sqrt_hamming__energy",3,29.3399939405118,131,0.805985990857994,5,0,FALSE
"predict__phon__all_features__equal_domains__sqrt_hamming__energy",4,29.3357720633234,130,0.77996430590564,4,0,FALSE
"predict__phon__all_features__equal_domains__sqrt_hamming__energy",5,29.3524494091538,125,0.656218426752752,4,0,FALSE
"predict__phon__all_features__equal_domains__sqrt_hamming__energy",6,29.3654445807006,130,0.779958474859348,5,0,FALSE
"predict__phon__all_features__equal_domains__sqrt_hamming__energy",7,29.3399939405117,131,0.805985990857994,4,0,FALSE
"predict__phon__all_features__equal_domains__sqrt_hamming__energy",8,29.3357720633234,130,0.77996430590564,3,0,FALSE
"predict__phon__all_features__equal_domains__sqrt_hamming__energy",9,29.3569447886558,123,0.609691204220982,4,0,FALSE
"predict__phon__all_features__equal_domains__sqrt_hamming__energy",10,29.3357720633233,130,0.77996430590564,3,0,FALSE
"predict__phon__all_features__equal_domains__sqrt_hamming__energy",11,30.4765083017029,83,0.034148650963376,3,0,FALSE
"predict__phon__all_features__equal_domains__sqrt_hamming__energy",12,29.3654445807006,130,0.779958474859348,3,0,FALSE
"predict__phon__all_features__equal_domains__sqrt_hamming__energy",13,29.3399939405118,131,0.805985990857994,6,0,FALSE
"predict__phon__all_features__equal_domains__sqrt_hamming__energy",14,29.3658057373979,126,0.680118905972665,3,0,FALSE
"predict__phon__all_features__equal_domains__sqrt_hamming__energy",15,30.5663989732604,76,0.00325064111457707,3,0,FALSE
"predict__phon__all_features__equal_domains__sqrt_hamming__energy",16,29.3654445807006,130,0.779958474859348,5,0,FALSE
"predict__phon__all_features__equal_domains__sqrt_hamming__energy",17,29.3567421278322,133,0.859300953535738,3,0,FALSE
"predict__phon__all_features__equal_domains__sqrt_hamming__energy",18,29.3357720633234,130,0.77996430590564,3,0,FALSE
"predict__phon__all_features__equal_domains__sqrt_hamming__energy",19,29.3357720633233,130,0.77996430590564,3,0,FALSE
"predict__phon__all_features__equal_domains__sqrt_hamming__energy",20,29.3608713591415,129,0.754358506849612,3,0,FALSE
"predict__phon__all_features__equal_domains__sqrt_hamming__energy",21,29.3399939405118,131,0.805985990857994,6,0,FALSE
"predict__phon__all_features__equal_domains__sqrt_hamming__energy",22,29.5251476790075,115,0.440507210932188,5,0,FALSE
"predict__phon__all_features__equal_domains__sqrt_hamming__energy",23,29.35783735523,134,0.886593983196741,5,0,FALSE
"predict__phon__all_features__equal_domains__sqrt_hamming__energy",24,29.3357720633233,130,0.77996430590564,4,0,FALSE
"predict__phon__all_features__equal_domains__sqrt_hamming__energy",25,29.3357720633233,130,0.77996430590564,4,0,FALSE
"predict__phon__all_features__equal_domains__sqrt_hamming__energy",26,29.3569447886559,123,0.609691204220982,5,0,FALSE
"predict__phon__all_features__equal_domains__sqrt_hamming__energy",27,29.3654445807005,130,0.779958474859348,4,0,FALSE
"predict__phon__all_features__equal_domains__sqrt_hamming__energy",28,29.3524494091537,125,0.656218426752752,3,0,FALSE
"predict__phon__all_features__equal_domains__sqrt_hamming__energy",29,29.5251476790075,115,0.440507210932188,4,0,FALSE
"predict__phon__all_features__equal_domains__sqrt_hamming__energy",30,29.3399939405117,131,0.805985990857994,3,0,FALSE
"predict__phon__all_features__equal_domains__sqrt_hamming__energy",31,29.5389209402273,119,0.521651763908076,6,0,FALSE
"predict__phon__all_features__equal_domains__sqrt_hamming__energy",32,29.3357720633233,130,0.77996430590564,3,0,FALSE
"predict__phon__all_features__equal_domains__sqrt_hamming__energy",33,29.3471419095492,128,0.729193117314019,4,0,FALSE
"predict__phon__all_features__equal_domains__sqrt_hamming__energy",34,29.3654445807006,130,0.779958474859348,4,0,FALSE
"predict__phon__all_features__equal_domains__sqrt_hamming__energy",35,29.3399939405117,131,0.805985990857994,4,0,FALSE
"predict__phon__all_features__equal_domains__sqrt_hamming__energy",36,29.3357720633233,130,0.77996430590564,5,0,TRUE
"predict__phon__all_features__equal_domains__sqrt_hamming__energy",37,29.3548221986393,124,0.632742495376833,4,0,FALSE
"predict__phon__all_features__equal_domains__sqrt_hamming__energy",38,29.3399939405117,131,0.805985990857994,3,0,FALSE
"predict__phon__all_features__equal_domains__sqrt_hamming__energy",39,29.3399939405117,131,0.805985990857994,4,0,FALSE
"predict__phon__all_features__equal_domains__sqrt_hamming__energy",40,29.3357720633233,130,0.77996430590564,4,0,FALSE
"predict__phon__all_features__equal_domains__sqrt_hamming__energy",41,29.3654445807006,130,0.779958474859348,4,0,FALSE
"predict__phon__all_features__equal_domains__sqrt_hamming__energy",42,29.3569447886559,123,0.609691204220982,3,0,FALSE
"predict__phon__all_features__equal_domains__sqrt_hamming__energy",43,29.3548221986393,124,0.632742495376833,4,0,FALSE
"predict__phon__all_features__equal_domains__sqrt_hamming__energy",44,29.3524494091538,125,0.656218426752752,4,0,FALSE
"predict__phon__all_features__equal_domains__sqrt_hamming__energy",45,29.3399939405118,131,0.805985990857994,4,0,FALSE
"predict__phon__all_features__equal_domains__sqrt_hamming__energy",46,29.3654445807006,130,0.779958474859348,5,0,FALSE
"predict__phon__all_features__equal_domains__sqrt_hamming__energy",47,29.3357720633233,130,0.77996430590564,6,0,FALSE
"predict__phon__all_features__equal_domains__sqrt_hamming__energy",48,29.3608713591415,129,0.754358506849612,4,0,FALSE
"predict__phon__all_features__equal_domains__sqrt_hamming__energy",49,29.3399939405118,131,0.805985990857994,3,0,FALSE
"predict__phon__all_features__equal_domains__sqrt_hamming__energy",50,29.3770297067999,127,0.704430130020303,3,0,FALSE
"predict__phon__all_features__equal_domains__sqrt_hamming__energy",51,29.3608713591415,129,0.754358506849612,4,0,FALSE
"predict__phon__all_features__equal_domains__sqrt_hamming__energy",52,29.3357720633233,130,0.77996430590564,3,0,FALSE
"predict__phon__all_features__equal_domains__sqrt_hamming__energy",53,29.3357720633234,130,0.77996430590564,7,0,FALSE
"predict__phon__all_features__equal_domains__sqrt_hamming__energy",54,29.3399939405118,131,0.805985990857994,3,0,FALSE
"predict__phon__all_features__equal_domains__sqrt_hamming__energy",55,29.3357720633234,130,0.77996430590564,3,0,FALSE
"predict__phon__all_features__equal_domains__sqrt_hamming__energy",56,29.3357720633234,130,0.77996430590564,4,0,FALSE
"predict__phon__all_features__equal_domains__sqrt_hamming__energy",57,29.3731429756446,132,0.83242936038251,4,0,FALSE
"predict__phon__all_features__equal_domains__sqrt_hamming__energy",58,29.3524494091538,125,0.656218426752752,6,0,FALSE
"predict__phon__all_features__equal_domains__sqrt_hamming__energy",59,29.512394715267,122,0.587064641434664,3,0,FALSE
"predict__phon__all_features__equal_domains__sqrt_hamming__energy",60,29.5389209402273,119,0.521651763908076,6,0,FALSE
"predict__phon__all_features__equal_domains__sqrt_hamming__energy",61,29.5046955743205,121,0.564862890939718,3,0,FALSE
"predict__phon__all_features__equal_domains__sqrt_hamming__energy",62,29.3471419095492,128,0.729193117314019,3,0,FALSE
"predict__phon__all_features__equal_domains__sqrt_hamming__energy",63,29.3700449588401,130,0.779958474859348,3,0,FALSE
"predict__phon__all_features__equal_domains__sqrt_hamming__energy",64,29.3399939405118,131,0.805985990857994,4,0,FALSE
"predict__phon__all_features__equal_domains__sqrt_hamming__energy",65,29.3357720633233,130,0.77996430590564,3,0,FALSE
"predict__phon__all_features__equal_domains__sqrt_hamming__energy",66,29.3654445807006,130,0.779958474859348,5,0,FALSE
"predict__phon__all_features__equal_domains__sqrt_hamming__energy",67,29.3357720633233,130,0.77996430590564,3,0,FALSE
"predict__phon__all_features__equal_domains__sqrt_hamming__energy",68,29.5389209402273,119,0.521651763908076,5,0,FALSE
"predict__phon__all_features__equal_domains__sqrt_hamming__energy",69,30.4687965984123,83,0.034148650963376,3,0,FALSE
"predict__phon__all_features__equal_domains__sqrt_hamming__energy",70,29.3399939405118,131,0.805985990857994,6,0,FALSE
"predict__phon__all_features__equal_domains__sqrt_hamming__energy",71,29.3654445807006,130,0.779958474859348,4,0,FALSE
"predict__phon__all_features__equal_domains__sqrt_hamming__energy",72,29.5068253821893,123,0.609691204220982,4,0,FALSE
"predict__phon__all_features__equal_domains__sqrt_hamming__energy",73,29.3357720633234,130,0.77996430590564,3,0,FALSE
"predict__phon__all_features__equal_domains__sqrt_hamming__energy",74,29.3548221986393,124,0.632742495376833,2,0,FALSE
"predict__phon__all_features__equal_domains__sqrt_hamming__energy",75,29.3399939405118,131,0.805985990857994,5,0,FALSE
"predict__phon__all_features__equal_domains__sqrt_hamming__energy",76,29.3357720633233,130,0.77996430590564,3,0,FALSE
"predict__phon__all_features__equal_domains__sqrt_hamming__energy",77,29.3658365346035,129,0.754358506849612,3,0,FALSE
"predict__phon__all_features__equal_domains__sqrt_hamming__energy",78,29.3399939405118,131,0.805985990857994,4,0,FALSE
"predict__phon__all_features__equal_domains__sqrt_hamming__energy",79,29.3357720633233,130,0.77996430590564,5,0,FALSE
"predict__phon__all_features__equal_domains__sqrt_hamming__energy",80,29.3399939405117,131,0.805985990857994,4,0,FALSE
"predict__phon__all_features__equal_domains__sqrt_hamming__energy",81,29.3357720633233,130,0.77996430590564,3,0,FALSE
"predict__phon__all_features__equal_domains__sqrt_hamming__energy",82,29.3525701172251,127,0.704443836435021,3,0,FALSE
"predict__phon__all_features__equal_domains__sqrt_hamming__energy",83,29.3357720633233,130,0.77996430590564,4,0,FALSE
"predict__phon__all_features__equal_domains__sqrt_hamming__energy",84,29.3569447886559,123,0.609691204220982,3,0,FALSE
"predict__phon__all_features__equal_domains__sqrt_hamming__energy",85,29.3357720633233,130,0.77996430590564,4,0,FALSE
"predict__phon__all_features__equal_domains__sqrt_hamming__energy",86,29.3688202659689,131,0.805982134753588,5,0,FALSE
"predict__phon__all_features__equal_domains__sqrt_hamming__energy",87,29.3399939405118,131,0.805985990857994,4,0,FALSE
"predict__phon__all_features__equal_domains__sqrt_hamming__energy",88,29.3399939405117,131,0.805985990857994,4,0,FALSE
"predict__phon__all_features__equal_domains__sqrt_hamming__energy",89,29.3688202659689,131,0.805982134753588,3,0,FALSE
"predict__phon__all_features__equal_domains__sqrt_hamming__energy",90,29.5169304655675,113,0.402467707359881,6,0,FALSE
"predict__phon__all_features__equal_domains__sqrt_hamming__energy",91,29.3578373552301,134,0.886593983196741,5,0,FALSE
"predict__phon__all_features__equal_domains__sqrt_hamming__energy",92,30.6711292923849,74,-0.00182618074731812,4,0,FALSE
"predict__phon__all_features__equal_domains__sqrt_hamming__energy",93,30.5693377908579,75,0.000475041171689441,3,0,FALSE
"predict__phon__all_features__equal_domains__sqrt_hamming__energy",94,29.3472068713208,126,0.680118905972665,5,0,FALSE
"predict__phon__all_features__equal_domains__sqrt_hamming__energy",95,29.3357720633233,130,0.77996430590564,3,0,FALSE
"predict__phon__all_features__equal_domains__sqrt_hamming__energy",96,29.3357720633233,130,0.77996430590564,3,0,FALSE
"predict__phon__all_features__equal_domains__sqrt_hamming__energy",97,29.3357720633234,130,0.77996430590564,4,0,FALSE
"predict__phon__all_features__equal_domains__sqrt_hamming__energy",98,29.3569447886559,123,0.609691204220982,3,0,FALSE
"predict__phon__all_features__equal_domains__sqrt_hamming__energy",99,29.368820265969,131,0.805982134753588,4,0,FALSE
"predict__phon__all_features__equal_domains__sqrt_hamming__energy",100,29.3357720633233,130,0.77996430590564,6,0,FALSE
"predict__phon__all_features__unique_profiles__sqrt_hamming__energy",1,28.5969288296547,128,0.729193117314019,4,0,FALSE
"predict__phon__all_features__unique_profiles__sqrt_hamming__energy",2,28.6058417557801,130,0.77996940781764,3,0,FALSE
"predict__phon__all_features__unique_profiles__sqrt_hamming__energy",3,28.5970002807086,131,0.805989846809123,5,0,FALSE
"predict__phon__all_features__unique_profiles__sqrt_hamming__energy",4,28.5970002807086,131,0.805989846809123,4,0,FALSE
"predict__phon__all_features__unique_profiles__sqrt_hamming__energy",5,28.5759270890876,124,0.632742495376833,5,0,FALSE
"predict__phon__all_features__unique_profiles__sqrt_hamming__energy",6,28.5968572674505,131,0.805985990857994,6,0,FALSE
"predict__phon__all_features__unique_profiles__sqrt_hamming__energy",7,28.594344404292,130,0.77996430590564,4,0,FALSE
"predict__phon__all_features__unique_profiles__sqrt_hamming__energy",8,28.594344404292,130,0.77996430590564,3,0,FALSE
"predict__phon__all_features__unique_profiles__sqrt_hamming__energy",9,28.5764540825186,123,0.609691204220982,4,0,FALSE
"predict__phon__all_features__unique_profiles__sqrt_hamming__energy",10,28.5969288296547,128,0.729193117314019,3,0,FALSE
"predict__phon__all_features__unique_profiles__sqrt_hamming__energy",11,28.5946222948768,125,0.656218426752752,3,0,FALSE
"predict__phon__all_features__unique_profiles__sqrt_hamming__energy",12,28.6002387143444,132,0.832434356035834,5,0,FALSE
"predict__phon__all_features__unique_profiles__sqrt_hamming__energy",13,28.5968572674505,131,0.805985990857994,5,0,FALSE
"predict__phon__all_features__unique_profiles__sqrt_hamming__energy",14,28.5999013778537,125,0.656218426752752,3,0,FALSE
"predict__phon__all_features__unique_profiles__sqrt_hamming__energy",15,29.7260013715795,90,0.0860873156842851,4,0,FALSE
"predict__phon__all_features__unique_profiles__sqrt_hamming__energy",16,28.5968572674504,131,0.805985990857994,5,0,FALSE
"predict__phon__all_features__unique_profiles__sqrt_hamming__energy",17,28.5776843405371,125,0.656232090438534,3,0,FALSE
"predict__phon__all_features__unique_profiles__sqrt_hamming__energy",18,28.6031461333395,130,0.77996940781764,3,0,FALSE
"predict__phon__all_features__unique_profiles__sqrt_hamming__energy",19,28.6010112153511,129,0.75436664356095,3,0,FALSE
"predict__phon__all_features__unique_profiles__sqrt_hamming__energy",20,28.5968572674505,131,0.805985990857994,4,0,FALSE
"predict__phon__all_features__unique_profiles__sqrt_hamming__energy",21,28.6002387143443,132,0.832434356035834,6,0,FALSE
"predict__phon__all_features__unique_profiles__sqrt_hamming__energy",22,28.7181399776654,114,0.421351542890547,4,0,FALSE
"predict__phon__all_features__unique_profiles__sqrt_hamming__energy",23,28.6002387143443,132,0.832434356035834,5,0,FALSE
"predict__phon__all_features__unique_profiles__sqrt_hamming__energy",24,28.5970002807086,131,0.805989846809123,4,0,FALSE
"predict__phon__all_features__unique_profiles__sqrt_hamming__energy",25,28.5970002807086,131,0.805989846809123,4,0,FALSE
"predict__phon__all_features__unique_profiles__sqrt_hamming__energy",26,28.5764540825186,123,0.609691204220982,4,0,FALSE
"predict__phon__all_features__unique_profiles__sqrt_hamming__energy",27,28.6079827204924,129,0.75436664356095,4,0,FALSE
"predict__phon__all_features__unique_profiles__sqrt_hamming__energy",28,28.5904910998014,126,0.680118905972665,3,0,FALSE
"predict__phon__all_features__unique_profiles__sqrt_hamming__energy",29,28.5764540825186,123,0.609691204220982,5,0,FALSE
"predict__phon__all_features__unique_profiles__sqrt_hamming__energy",30,28.5968572674505,131,0.805985990857994,4,0,FALSE
"predict__phon__all_features__unique_profiles__sqrt_hamming__energy",31,28.7194386286277,115,0.440577612821402,8,0,FALSE
"predict__phon__all_features__unique_profiles__sqrt_hamming__energy",32,28.5970002807086,131,0.805989846809123,3,0,FALSE
"predict__phon__all_features__unique_profiles__sqrt_hamming__energy",33,28.5969288296547,128,0.729193117314019,3,0,FALSE
"predict__phon__all_features__unique_profiles__sqrt_hamming__energy",34,28.5759270890876,124,0.632742495376833,4,0,FALSE
"predict__phon__all_features__unique_profiles__sqrt_hamming__energy",35,28.6002387143444,132,0.832434356035834,5,0,FALSE
"predict__phon__all_features__unique_profiles__sqrt_hamming__energy",36,28.6015658854655,128,0.729193117314019,4,0,FALSE
"predict__phon__all_features__unique_profiles__sqrt_hamming__energy",37,28.5759270890875,124,0.632742495376833,3,0,TRUE
"predict__phon__all_features__unique_profiles__sqrt_hamming__energy",38,28.5764540825186,123,0.609691204220982,3,0,FALSE
"predict__phon__all_features__unique_profiles__sqrt_hamming__energy",39,28.5968572674505,131,0.805985990857994,4,0,FALSE
"predict__phon__all_features__unique_profiles__sqrt_hamming__energy",40,28.594344404292,130,0.77996430590564,4,0,FALSE
"predict__phon__all_features__unique_profiles__sqrt_hamming__energy",41,28.5764540825186,123,0.609691204220982,5,0,FALSE
"predict__phon__all_features__unique_profiles__sqrt_hamming__energy",42,28.5764540825186,123,0.609691204220982,3,0,FALSE
"predict__phon__all_features__unique_profiles__sqrt_hamming__energy",43,28.5759270890876,124,0.632742495376833,4,0,FALSE
"predict__phon__all_features__unique_profiles__sqrt_hamming__energy",44,28.5764540825186,123,0.609691204220982,4,0,FALSE
"predict__phon__all_features__unique_profiles__sqrt_hamming__energy",45,28.5968572674505,131,0.805985990857994,4,0,FALSE
"predict__phon__all_features__unique_profiles__sqrt_hamming__energy",46,28.5968572674504,131,0.805985990857994,5,0,FALSE
"predict__phon__all_features__unique_profiles__sqrt_hamming__energy",47,28.5970002807085,131,0.805989846809123,5,0,FALSE
"predict__phon__all_features__unique_profiles__sqrt_hamming__energy",48,28.5968572674504,131,0.805985990857994,4,0,FALSE
"predict__phon__all_features__unique_profiles__sqrt_hamming__energy",49,28.5968572674504,131,0.805985990857994,3,0,FALSE
"predict__phon__all_features__unique_profiles__sqrt_hamming__energy",50,28.6021529150443,129,0.75436664356095,3,0,FALSE
"predict__phon__all_features__unique_profiles__sqrt_hamming__energy",51,28.5968572674504,131,0.805985990857994,4,0,FALSE
"predict__phon__all_features__unique_profiles__sqrt_hamming__energy",52,28.5764540825186,123,0.609691204220982,3,0,FALSE
"predict__phon__all_features__unique_profiles__sqrt_hamming__energy",53,28.5970002807085,131,0.805989846809123,6,0,FALSE
"predict__phon__all_features__unique_profiles__sqrt_hamming__energy",54,28.5968572674505,131,0.805985990857994,3,0,FALSE
"predict__phon__all_features__unique_profiles__sqrt_hamming__energy",55,28.577459498617,124,0.632758308161156,2,0,FALSE
"predict__phon__all_features__unique_profiles__sqrt_hamming__energy",56,28.594344404292,130,0.77996430590564,4,0,FALSE
"predict__phon__all_features__unique_profiles__sqrt_hamming__energy",57,28.5968572674505,131,0.805985990857994,4,0,FALSE
"predict__phon__all_features__unique_profiles__sqrt_hamming__energy",58,28.5764540825186,123,0.609691204220982,4,0,FALSE
"predict__phon__all_features__unique_profiles__sqrt_hamming__energy",59,28.6002387143443,132,0.832434356035834,4,0,FALSE
"predict__phon__all_features__unique_profiles__sqrt_hamming__energy",60,28.6079827204922,129,0.75436664356095,6,0,FALSE
"predict__phon__all_features__unique_profiles__sqrt_hamming__energy",61,28.5943444042919,130,0.77996430590564,3,0,FALSE
"predict__phon__all_features__unique_profiles__sqrt_hamming__energy",62,28.5969288296547,128,0.729193117314019,3,0,FALSE
"predict__phon__all_features__unique_profiles__sqrt_hamming__energy",63,28.5943444042921,130,0.77996430590564,4,0,FALSE
"predict__phon__all_features__unique_profiles__sqrt_hamming__energy",64,28.5968572674504,131,0.805985990857994,4,0,FALSE
"predict__phon__all_features__unique_profiles__sqrt_hamming__energy",65,28.5970002807085,131,0.805989846809123,4,0,FALSE
"predict__phon__all_features__unique_profiles__sqrt_hamming__energy",66,28.6079827204922,129,0.75436664356095,5,0,FALSE
"predict__phon__all_features__unique_profiles__sqrt_hamming__energy",67,28.5904910998014,126,0.680118905972665,3,0,FALSE
"predict__phon__all_features__unique_profiles__sqrt_hamming__energy",68,28.6002387143443,132,0.832434356035834,8,0,FALSE
"predict__phon__all_features__unique_profiles__sqrt_hamming__energy",69,28.5764540825186,123,0.609691204220982,4,0,FALSE
"predict__phon__all_features__unique_profiles__sqrt_hamming__energy",70,28.6002387143443,132,0.832434356035834,5,0,FALSE
"predict__phon__all_features__unique_profiles__sqrt_hamming__energy",71,28.5968572674505,131,0.805985990857994,4,0,FALSE
"predict__phon__all_features__unique_profiles__sqrt_hamming__energy",72,28.5968572674504,131,0.805985990857994,3,0,FALSE
"predict__phon__all_features__unique_profiles__sqrt_hamming__energy",73,28.5970002807085,131,0.805989846809123,2,0,FALSE
"predict__phon__all_features__unique_profiles__sqrt_hamming__energy",74,28.5759270890876,124,0.632742495376833,2,0,FALSE
"predict__phon__all_features__unique_profiles__sqrt_hamming__energy",75,28.6002387143444,132,0.832434356035834,6,0,FALSE
"predict__phon__all_features__unique_profiles__sqrt_hamming__energy",76,28.5986784339434,127,0.704443836435021,3,0,FALSE
"predict__phon__all_features__unique_profiles__sqrt_hamming__energy",77,28.594344404292,130,0.77996430590564,3,0,FALSE
"predict__phon__all_features__unique_profiles__sqrt_hamming__energy",78,28.5968572674504,131,0.805985990857994,4,0,FALSE
"predict__phon__all_features__unique_profiles__sqrt_hamming__energy",79,28.5970002807086,131,0.805989846809123,7,0,FALSE
"predict__phon__all_features__unique_profiles__sqrt_hamming__energy",80,28.6002387143443,132,0.832434356035834,4,0,FALSE
"predict__phon__all_features__unique_profiles__sqrt_hamming__energy",81,28.5966415719338,127,0.704453625952981,3,0,FALSE
"predict__phon__all_features__unique_profiles__sqrt_hamming__energy",82,28.5904910998014,126,0.680118905972665,3,0,FALSE
"predict__phon__all_features__unique_profiles__sqrt_hamming__energy",83,28.5970002807086,131,0.805989846809123,4,0,FALSE
"predict__phon__all_features__unique_profiles__sqrt_hamming__energy",84,28.5774594986171,124,0.632758308161156,3,0,FALSE
"predict__phon__all_features__unique_profiles__sqrt_hamming__energy",85,28.5970002807086,131,0.805989846809123,4,0,FALSE
"predict__phon__all_features__unique_profiles__sqrt_hamming__energy",86,28.6079827204923,129,0.75436664356095,5,0,FALSE
"predict__phon__all_features__unique_profiles__sqrt_hamming__energy",87,28.5968572674505,131,0.805985990857994,4,0,FALSE
"predict__phon__all_features__unique_profiles__sqrt_hamming__energy",88,28.5968572674504,131,0.805985990857994,3,0,FALSE
"predict__phon__all_features__unique_profiles__sqrt_hamming__energy",89,28.5968572674505,131,0.805985990857994,3,0,FALSE
"predict__phon__all_features__unique_profiles__sqrt_hamming__energy",90,28.6002387143443,132,0.832434356035834,5,0,FALSE
"predict__phon__all_features__unique_profiles__sqrt_hamming__energy",91,28.6002387143443,132,0.832434356035834,8,0,FALSE
"predict__phon__all_features__unique_profiles__sqrt_hamming__energy",92,29.8464268510983,75,0.000528004406272312,3,0,FALSE
"predict__phon__all_features__unique_profiles__sqrt_hamming__energy",93,28.7256691632553,112,0.384175443023702,4,0,FALSE
"predict__phon__all_features__unique_profiles__sqrt_hamming__energy",94,28.5764540825187,123,0.609691204220982,4,0,FALSE
"predict__phon__all_features__unique_profiles__sqrt_hamming__energy",95,28.601011215351,129,0.75436664356095,3,0,FALSE
"predict__phon__all_features__unique_profiles__sqrt_hamming__energy",96,28.6015658854655,128,0.729193117314019,3,0,FALSE
"predict__phon__all_features__unique_profiles__sqrt_hamming__energy",97,28.6002387143444,132,0.832434356035834,3,0,FALSE
"predict__phon__all_features__unique_profiles__sqrt_hamming__energy",98,28.5774594986171,124,0.632758308161156,3,0,FALSE
"predict__phon__all_features__unique_profiles__sqrt_hamming__energy",99,28.6079827204923,129,0.75436664356095,5,0,FALSE
"predict__phon__all_features__unique_profiles__sqrt_hamming__energy",100,28.5968572674505,131,0.805985990857994,5,0,FALSE
"predict__phon__omit_four_labels__equal_features__sqrt_hamming__energy",1,28.3245190759742,125,0.656197929187377,3,0,FALSE
"predict__phon__omit_four_labels__equal_features__sqrt_hamming__energy",2,28.2643603040441,125,0.656232090438534,4,0,FALSE
"predict__phon__omit_four_labels__equal_features__sqrt_hamming__energy",3,28.3215446513546,131,0.805989846809123,5,0,FALSE
"predict__phon__omit_four_labels__equal_features__sqrt_hamming__energy",4,28.3215446513545,131,0.805989846809123,4,0,FALSE
"predict__phon__omit_four_labels__equal_features__sqrt_hamming__energy",5,28.2774781494128,121,0.564825417741791,4,0,FALSE
"predict__phon__omit_four_labels__equal_features__sqrt_hamming__energy",6,28.3540241899461,125,0.656186540594849,4,0,FALSE
"predict__phon__omit_four_labels__equal_features__sqrt_hamming__energy",7,28.3255106308532,130,0.77996430590564,4,0,FALSE
"predict__phon__omit_four_labels__equal_features__sqrt_hamming__energy",8,28.3215446513545,131,0.805989846809123,4,0,FALSE
"predict__phon__omit_four_labels__equal_features__sqrt_hamming__energy",9,28.277478149413,121,0.564825417741791,4,0,FALSE
"predict__phon__omit_four_labels__equal_features__sqrt_hamming__energy",10,28.2829858134301,122,0.58703181511815,4,0,FALSE
"predict__phon__omit_four_labels__equal_features__sqrt_hamming__energy",11,28.2774781494128,121,0.564825417741791,5,0,FALSE
"predict__phon__omit_four_labels__equal_features__sqrt_hamming__energy",12,28.3215446513545,131,0.805989846809123,5,0,FALSE
"predict__phon__omit_four_labels__equal_features__sqrt_hamming__energy",13,28.3215446513544,131,0.805989846809123,5,0,FALSE
"predict__phon__omit_four_labels__equal_features__sqrt_hamming__energy",14,28.2627687300655,123,0.609691204220982,3,0,FALSE
"predict__phon__omit_four_labels__equal_features__sqrt_hamming__energy",15,28.3718300869496,109,0.331491360187137,5,0,FALSE
"predict__phon__omit_four_labels__equal_features__sqrt_hamming__energy",16,28.2829858134302,122,0.58703181511815,4,0,FALSE
"predict__phon__omit_four_labels__equal_features__sqrt_hamming__energy",17,28.2583364285105,124,0.632758308161156,3,0,FALSE
"predict__phon__omit_four_labels__equal_features__sqrt_hamming__energy",18,28.2583364285105,124,0.632758308161156,2,0,FALSE
"predict__phon__omit_four_labels__equal_features__sqrt_hamming__energy",19,28.2681944011127,124,0.632742495376833,4,0,FALSE
"predict__phon__omit_four_labels__equal_features__sqrt_hamming__energy",20,28.3224377045245,126,0.680101952432046,3,0,FALSE
"predict__phon__omit_four_labels__equal_features__sqrt_hamming__energy",21,29.209683175659,99,0.183110044386821,5,0,FALSE
"predict__phon__omit_four_labels__equal_features__sqrt_hamming__energy",22,28.3718300869495,109,0.331491360187137,4,0,FALSE
"predict__phon__omit_four_labels__equal_features__sqrt_hamming__energy",23,28.3215446513545,131,0.805989846809123,5,0,FALSE
"predict__phon__omit_four_labels__equal_features__sqrt_hamming__energy",24,28.314760315865,129,0.754373152541918,4,0,FALSE
"predict__phon__omit_four_labels__equal_features__sqrt_hamming__energy",25,28.3215446513545,131,0.805989846809123,5,0,FALSE
"predict__phon__omit_four_labels__equal_features__sqrt_hamming__energy",26,28.2774781494128,121,0.564825417741791,4,0,FALSE
"predict__phon__omit_four_labels__equal_features__sqrt_hamming__energy",27,28.3315050987116,125,0.656197929187377,4,0,FALSE
"predict__phon__omit_four_labels__equal_features__sqrt_hamming__energy",28,28.2774781494129,121,0.564825417741791,3,0,FALSE
"predict__phon__omit_four_labels__equal_features__sqrt_hamming__energy",29,28.3790544807393,114,0.421274890962955,4,0,FALSE
"predict__phon__omit_four_labels__equal_features__sqrt_hamming__energy",30,28.2774781494129,121,0.564825417741791,4,0,FALSE
"predict__phon__omit_four_labels__equal_features__sqrt_hamming__energy",31,29.3137556822392,81,0.0231401484812615,6,0,FALSE
"predict__phon__omit_four_labels__equal_features__sqrt_hamming__energy",32,28.3282967916804,126,0.680109369827184,3,0,FALSE
"predict__phon__omit_four_labels__equal_features__sqrt_hamming__energy",33,28.2774781494128,121,0.564825417741791,3,0,FALSE
"predict__phon__omit_four_labels__equal_features__sqrt_hamming__energy",34,28.2774781494129,121,0.564825417741791,3,0,FALSE
"predict__phon__omit_four_labels__equal_features__sqrt_hamming__energy",35,28.3215446513545,131,0.805989846809123,5,0,FALSE
"predict__phon__omit_four_labels__equal_features__sqrt_hamming__energy",36,28.3752299552963,113,0.402467707359881,4,0,FALSE
"predict__phon__omit_four_labels__equal_features__sqrt_hamming__energy",37,28.2774781494129,121,0.564825417741791,4,0,FALSE
"predict__phon__omit_four_labels__equal_features__sqrt_hamming__energy",38,28.2583364285104,124,0.632758308161156,3,0,TRUE
"predict__phon__omit_four_labels__equal_features__sqrt_hamming__energy",39,28.3532750965678,127,0.704424255453394,4,0,FALSE
"predict__phon__omit_four_labels__equal_features__sqrt_hamming__energy",40,28.3255106308532,130,0.77996430590564,4,0,FALSE
"predict__phon__omit_four_labels__equal_features__sqrt_hamming__energy",41,28.2774781494129,121,0.564825417741791,4,0,FALSE
"predict__phon__omit_four_labels__equal_features__sqrt_hamming__energy",42,28.2774781494128,121,0.564825417741791,3,0,FALSE
"predict__phon__omit_four_labels__equal_features__sqrt_hamming__energy",43,28.4779873380559,121,0.564811003254715,4,0,FALSE
"predict__phon__omit_four_labels__equal_features__sqrt_hamming__energy",44,28.2774781494128,121,0.564825417741791,4,0,FALSE
"predict__phon__omit_four_labels__equal_features__sqrt_hamming__energy",45,28.3532750965679,127,0.704424255453394,4,0,FALSE
"predict__phon__omit_four_labels__equal_features__sqrt_hamming__energy",46,28.3481852967117,124,0.63270356579792,3,0,FALSE
"predict__phon__omit_four_labels__equal_features__sqrt_hamming__energy",47,28.3215446513545,131,0.805989846809123,5,0,FALSE
"predict__phon__omit_four_labels__equal_features__sqrt_hamming__energy",48,28.4564784268047,118,0.500714694507599,3,0,FALSE
"predict__phon__omit_four_labels__equal_features__sqrt_hamming__energy",49,28.3215446513546,131,0.805989846809123,3,0,FALSE
"predict__phon__omit_four_labels__equal_features__sqrt_hamming__energy",50,28.2774781494129,121,0.564825417741791,3,0,FALSE
"predict__phon__omit_four_labels__equal_features__sqrt_hamming__energy",51,28.3562460469485,126,0.680093474987822,4,0,FALSE
"predict__phon__omit_four_labels__equal_features__sqrt_hamming__energy",52,28.2774781494128,121,0.564825417741791,3,0,FALSE
"predict__phon__omit_four_labels__equal_features__sqrt_hamming__energy",53,28.3215446513544,131,0.805989846809123,6,0,FALSE
"predict__phon__omit_four_labels__equal_features__sqrt_hamming__energy",54,28.2583364285106,124,0.632758308161156,3,0,FALSE
"predict__phon__omit_four_labels__equal_features__sqrt_hamming__energy",55,28.2583364285104,124,0.632758308161156,3,0,FALSE
"predict__phon__omit_four_labels__equal_features__sqrt_hamming__energy",56,28.2774781494128,121,0.564825417741791,3,0,FALSE
"predict__phon__omit_four_labels__equal_features__sqrt_hamming__energy",57,28.3342779865886,126,0.680109369827184,3,0,FALSE
"predict__phon__omit_four_labels__equal_features__sqrt_hamming__energy",58,28.2829858134301,122,0.58703181511815,5,0,FALSE
"predict__phon__omit_four_labels__equal_features__sqrt_hamming__energy",59,28.3215446513545,131,0.805989846809123,4,0,FALSE
"predict__phon__omit_four_labels__equal_features__sqrt_hamming__energy",60,28.3810985942956,112,0.384085714474941,6,0,FALSE
"predict__phon__omit_four_labels__equal_features__sqrt_hamming__energy",61,28.3656023922249,115,0.440577612821402,3,0,FALSE
"predict__phon__omit_four_labels__equal_features__sqrt_hamming__energy",62,28.2774781494128,121,0.564825417741791,3,0,FALSE
"predict__phon__omit_four_labels__equal_features__sqrt_hamming__energy",63,28.3245190759743,125,0.656197929187377,3,0,FALSE
"predict__phon__omit_four_labels__equal_features__sqrt_hamming__energy",64,28.2829858134302,122,0.58703181511815,3,0,FALSE
"predict__phon__omit_four_labels__equal_features__sqrt_hamming__energy",65,28.3215446513545,131,0.805989846809123,4,0,FALSE
"predict__phon__omit_four_labels__equal_features__sqrt_hamming__energy",66,28.4587145954885,117,0.480202261250161,3,0,FALSE
"predict__phon__omit_four_labels__equal_features__sqrt_hamming__energy",67,28.2829858134301,122,0.58703181511815,3,0,FALSE
"predict__phon__omit_four_labels__equal_features__sqrt_hamming__energy",68,29.4457916041396,90,0.0860267709348126,4,0,FALSE
"predict__phon__omit_four_labels__equal_features__sqrt_hamming__energy",69,28.2774781494128,121,0.564825417741791,4,0,FALSE
"predict__phon__omit_four_labels__equal_features__sqrt_hamming__energy",70,28.3215446513544,131,0.805989846809123,5,0,FALSE
"predict__phon__omit_four_labels__equal_features__sqrt_hamming__energy",71,28.338050188905,129,0.754358506849612,4,0,FALSE
"predict__phon__omit_four_labels__equal_features__sqrt_hamming__energy",72,28.2774781494128,121,0.564825417741791,5,0,FALSE
"predict__phon__omit_four_labels__equal_features__sqrt_hamming__energy",73,28.3267002285558,127,0.704436004353702,3,0,FALSE
"predict__phon__omit_four_labels__equal_features__sqrt_hamming__energy",74,28.2627687300656,123,0.609691204220982,2,0,FALSE
"predict__phon__omit_four_labels__equal_features__sqrt_hamming__energy",75,29.406892978756,81,0.0231789778819185,4,0,FALSE
"predict__phon__omit_four_labels__equal_features__sqrt_hamming__energy",76,28.2681944011127,124,0.632742495376833,3,0,FALSE
"predict__phon__omit_four_labels__equal_features__sqrt_hamming__energy",77,28.2774781494129,121,0.564825417741791,4,0,FALSE
"predict__phon__omit_four_labels__equal_features__sqrt_hamming__energy",78,28.3215446513544,131,0.805989846809123,6,0,FALSE
"predict__phon__omit_four_labels__equal_features__sqrt_hamming__energy",79,28.3319713867976,128,0.729182352662061,5,0,FALSE
"predict__phon__omit_four_labels__equal_features__sqrt_hamming__energy",80,28.3215446513545,131,0.805989846809123,12,0,FALSE
"predict__phon__omit_four_labels__equal_features__sqrt_hamming__energy",81,28.2643603040442,125,0.656232090438534,3,0,FALSE
"predict__phon__omit_four_labels__equal_features__sqrt_hamming__energy",82,28.2829858134301,122,0.58703181511815,4,0,FALSE
"predict__phon__omit_four_labels__equal_features__sqrt_hamming__energy",83,28.3355112220331,129,0.754361761598834,4,0,FALSE
"predict__phon__omit_four_labels__equal_features__sqrt_hamming__energy",84,28.3551038337232,114,0.421395608555237,2,0,FALSE
"predict__phon__omit_four_labels__equal_features__sqrt_hamming__energy",85,28.2774781494129,121,0.564825417741791,5,0,FALSE
"predict__phon__omit_four_labels__equal_features__sqrt_hamming__energy",86,28.2774781494129,121,0.564825417741791,4,0,FALSE
"predict__phon__omit_four_labels__equal_features__sqrt_hamming__energy",87,28.3215446513545,131,0.805989846809123,5,0,FALSE
"predict__phon__omit_four_labels__equal_features__sqrt_hamming__energy",88,28.3255106308531,130,0.77996430590564,3,0,FALSE
"predict__phon__omit_four_labels__equal_features__sqrt_hamming__energy",89,28.335511222033,129,0.754361761598834,3,0,FALSE
"predict__phon__omit_four_labels__equal_features__sqrt_hamming__energy",90,28.3215446513545,131,0.805989846809123,6,0,FALSE
"predict__phon__omit_four_labels__equal_features__sqrt_hamming__energy",91,28.3718300869495,109,0.331491360187137,4,0,FALSE
"predict__phon__omit_four_labels__equal_features__sqrt_hamming__energy",92,29.3662295928683,73,-0.00375575230483251,3,0,FALSE
"predict__phon__omit_four_labels__equal_features__sqrt_hamming__energy",93,28.3718300869496,109,0.331491360187137,4,0,FALSE
"predict__phon__omit_four_labels__equal_features__sqrt_hamming__energy",94,28.2774781494128,121,0.564825417741791,4,0,FALSE
"predict__phon__omit_four_labels__equal_features__sqrt_hamming__energy",95,28.2627687300656,123,0.609691204220982,3,0,FALSE
"predict__phon__omit_four_labels__equal_features__sqrt_hamming__energy",96,28.3693044675443,110,0.348597497113627,3,0,FALSE
"predict__phon__omit_four_labels__equal_features__sqrt_hamming__energy",97,28.3215446513545,131,0.805989846809123,4,0,FALSE
"predict__phon__omit_four_labels__equal_features__sqrt_hamming__energy",98,28.3551038337233,114,0.421395608555237,3,0,FALSE
"predict__phon__omit_four_labels__equal_features__sqrt_hamming__energy",99,28.3481852967118,124,0.63270356579792,3,0,FALSE
"predict__phon__omit_four_labels__equal_features__sqrt_hamming__energy",100,28.3215446513545,131,0.805989846809123,5,0,FALSE
"predict__phon__omit_four_labels__equal_domains__sqrt_hamming__energy",1,29.4930447819741,117,0.480247021409278,3,0,FALSE
"predict__phon__omit_four_labels__equal_domains__sqrt_hamming__energy",2,29.3877274921603,128,0.729193117314019,4,0,FALSE
"predict__phon__omit_four_labels__equal_domains__sqrt_hamming__energy",3,29.3904645839992,130,0.77996430590564,5,0,FALSE
"predict__phon__omit_four_labels__equal_domains__sqrt_hamming__energy",4,29.3904645839992,130,0.77996430590564,4,0,FALSE
"predict__phon__omit_four_labels__equal_domains__sqrt_hamming__energy",5,29.3799982081518,123,0.60966276179142,4,0,FALSE
"predict__phon__omit_four_labels__equal_domains__sqrt_hamming__energy",6,29.4130878295894,127,0.704424255453394,5,0,FALSE
"predict__phon__omit_four_labels__equal_domains__sqrt_hamming__energy",7,29.3904645839992,130,0.77996430590564,4,0,FALSE
"predict__phon__omit_four_labels__equal_domains__sqrt_hamming__energy",8,29.3904645839992,130,0.77996430590564,3,0,FALSE
"predict__phon__omit_four_labels__equal_domains__sqrt_hamming__energy",9,29.4583206254536,111,0.366128962429392,4,0,FALSE
"predict__phon__omit_four_labels__equal_domains__sqrt_hamming__energy",10,29.3824222627268,124,0.632718165357138,4,0,FALSE
"predict__phon__omit_four_labels__equal_domains__sqrt_hamming__energy",11,30.3220268712693,84,0.0402899622461778,3,0,FALSE
"predict__phon__omit_four_labels__equal_domains__sqrt_hamming__energy",12,29.3987691093542,129,0.754358506849612,4,0,FALSE
"predict__phon__omit_four_labels__equal_domains__sqrt_hamming__energy",13,29.8577234346212,121,0.564790821368477,5,0,FALSE
"predict__phon__omit_four_labels__equal_domains__sqrt_hamming__energy",14,29.3667907337972,123,0.609691204220982,3,0,FALSE
"predict__phon__omit_four_labels__equal_domains__sqrt_hamming__energy",15,30.3765938874832,70,-0.00684631542994675,4,0,FALSE
"predict__phon__omit_four_labels__equal_domains__sqrt_hamming__energy",16,29.4130878295894,127,0.704424255453394,4,0,FALSE
"predict__phon__omit_four_labels__equal_domains__sqrt_hamming__energy",17,29.3877274921602,128,0.729193117314019,3,0,FALSE
"predict__phon__omit_four_labels__equal_domains__sqrt_hamming__energy",18,29.398161229592,127,0.704430130020303,3,0,FALSE
"predict__phon__omit_four_labels__equal_domains__sqrt_hamming__energy",19,29.3877274921603,128,0.729193117314019,3,0,FALSE
"predict__phon__omit_four_labels__equal_domains__sqrt_hamming__energy",20,29.3912349026142,126,0.680101952432046,3,0,FALSE
"predict__phon__omit_four_labels__equal_domains__sqrt_hamming__energy",21,29.8577234346212,121,0.564790821368477,6,0,FALSE
"predict__phon__omit_four_labels__equal_domains__sqrt_hamming__energy",22,29.4618850607476,109,0.331491360187137,5,0,FALSE
"predict__phon__omit_four_labels__equal_domains__sqrt_hamming__energy",23,29.3904645839992,130,0.77996430590564,5,0,FALSE
"predict__phon__omit_four_labels__equal_domains__sqrt_hamming__energy",24,29.4049284338697,128,0.729193117314019,4,0,FALSE
"predict__phon__omit_four_labels__equal_domains__sqrt_hamming__energy",25,29.3904645839992,130,0.77996430590564,4,0,FALSE
"predict__phon__omit_four_labels__equal_domains__sqrt_hamming__energy",26,29.3773661295204,121,0.564825417741791,3,0,FALSE
"predict__phon__omit_four_labels__equal_domains__sqrt_hamming__energy",27,29.4130878295895,127,0.704424255453394,3,0,FALSE
"predict__phon__omit_four_labels__equal_domains__sqrt_hamming__energy",28,29.3799982081518,123,0.60966276179142,3,0,FALSE
"predict__phon__omit_four_labels__equal_domains__sqrt_hamming__energy",29,29.4872836969064,116,0.460164608685144,4,0,FALSE
"predict__phon__omit_four_labels__equal_domains__sqrt_hamming__energy",30,29.4130878295894,127,0.704424255453394,3,0,FALSE
"predict__phon__omit_four_labels__equal_domains__sqrt_hamming__energy",31,29.5014696543046,113,0.402400421441275,5,0,FALSE
"predict__phon__omit_four_labels__equal_domains__sqrt_hamming__energy",32,29.3912349026142,126,0.680101952432046,4,0,FALSE
"predict__phon__omit_four_labels__equal_domains__sqrt_hamming__energy",33,29.3934953643265,125,0.656197929187377,3,0,FALSE
"predict__phon__omit_four_labels__equal_domains__sqrt_hamming__energy",34,29.3799982081517,123,0.60966276179142,3,0,FALSE
"predict__phon__omit_four_labels__equal_domains__sqrt_hamming__energy",35,29.3904645839992,130,0.77996430590564,5,0,FALSE
"predict__phon__omit_four_labels__equal_domains__sqrt_hamming__energy",36,29.4838242540087,111,0.366049191366264,3,0,FALSE
"predict__phon__omit_four_labels__equal_domains__sqrt_hamming__energy",37,29.3773661295203,121,0.564825417741791,4,0,FALSE
"predict__phon__omit_four_labels__equal_domains__sqrt_hamming__energy",38,29.3904645839992,130,0.77996430590564,4,0,FALSE
"predict__phon__omit_four_labels__equal_domains__sqrt_hamming__energy",39,29.4130878295894,127,0.704424255453394,4,0,FALSE
"predict__phon__omit_four_labels__equal_domains__sqrt_hamming__energy",40,29.3904645839992,130,0.77996430590564,4,0,FALSE
"predict__phon__omit_four_labels__equal_domains__sqrt_hamming__energy",41,29.508023106385,116,0.460114543894976,4,0,FALSE
"predict__phon__omit_four_labels__equal_domains__sqrt_hamming__energy",42,29.4529942476132,112,0.384085714474941,3,0,FALSE
"predict__phon__omit_four_labels__equal_domains__sqrt_hamming__energy",43,29.4104469393979,126,0.680093474987822,4,0,FALSE
"predict__phon__omit_four_labels__equal_domains__sqrt_hamming__energy",44,29.3821741798681,122,0.58703181511815,4,0,FALSE
"predict__phon__omit_four_labels__equal_domains__sqrt_hamming__energy",45,29.5083342511725,119,0.521651763908076,4,0,FALSE
"predict__phon__omit_four_labels__equal_domains__sqrt_hamming__energy",46,29.4296952893273,124,0.63270356579792,3,0,FALSE
"predict__phon__omit_four_labels__equal_domains__sqrt_hamming__energy",47,29.3877274921603,128,0.729193117314019,5,0,FALSE
"predict__phon__omit_four_labels__equal_domains__sqrt_hamming__energy",48,29.5170463843522,120,0.543013385467406,3,0,FALSE
"predict__phon__omit_four_labels__equal_domains__sqrt_hamming__energy",49,29.4130878295894,127,0.704424255453394,3,0,FALSE
"predict__phon__omit_four_labels__equal_domains__sqrt_hamming__energy",50,29.3934953643266,125,0.656197929187377,4,0,FALSE
"predict__phon__omit_four_labels__equal_domains__sqrt_hamming__energy",51,29.5140925378791,116,0.460114543894976,3,0,FALSE
"predict__phon__omit_four_labels__equal_domains__sqrt_hamming__energy",52,29.3799982081518,123,0.60966276179142,3,0,FALSE
"predict__phon__omit_four_labels__equal_domains__sqrt_hamming__energy",53,29.3904645839992,130,0.77996430590564,6,0,FALSE
"predict__phon__omit_four_labels__equal_domains__sqrt_hamming__energy",54,29.3987691093541,129,0.754358506849612,4,0,FALSE
"predict__phon__omit_four_labels__equal_domains__sqrt_hamming__energy",55,29.3667907337972,123,0.609691204220982,4,0,FALSE
"predict__phon__omit_four_labels__equal_domains__sqrt_hamming__energy",56,30.320936164481,87,0.0612616688027014,4,0,FALSE
"predict__phon__omit_four_labels__equal_domains__sqrt_hamming__energy",57,29.4130878295894,127,0.704424255453394,4,0,FALSE
"predict__phon__omit_four_labels__equal_domains__sqrt_hamming__energy",58,29.3799982081518,123,0.60966276179142,4,0,FALSE
"predict__phon__omit_four_labels__equal_domains__sqrt_hamming__energy",59,29.4993264228299,119,0.521734141367742,3,0,FALSE
"predict__phon__omit_four_labels__equal_domains__sqrt_hamming__energy",60,29.508023106385,116,0.460114543894976,4,0,FALSE
"predict__phon__omit_four_labels__equal_domains__sqrt_hamming__energy",61,29.4959248825535,119,0.521686619373246,4,0,FALSE
"predict__phon__omit_four_labels__equal_domains__sqrt_hamming__energy",62,29.3934953643265,125,0.656197929187377,3,0,FALSE
"predict__phon__omit_four_labels__equal_domains__sqrt_hamming__energy",63,29.3799982081518,123,0.60966276179142,5,0,FALSE
"predict__phon__omit_four_labels__equal_domains__sqrt_hamming__energy",64,29.3923581434892,128,0.729182352662061,3,0,FALSE
"predict__phon__omit_four_labels__equal_domains__sqrt_hamming__energy",65,29.3904645839992,130,0.77996430590564,3,0,FALSE
"predict__phon__omit_four_labels__equal_domains__sqrt_hamming__energy",66,29.5080231063851,116,0.460114543894976,4,0,FALSE
"predict__phon__omit_four_labels__equal_domains__sqrt_hamming__energy",67,29.3824222627269,124,0.632718165357138,3,0,FALSE
"predict__phon__omit_four_labels__equal_domains__sqrt_hamming__energy",68,29.5068347634133,112,0.384012280756717,4,0,FALSE
"predict__phon__omit_four_labels__equal_domains__sqrt_hamming__energy",69,29.3799982081518,123,0.60966276179142,4,0,FALSE
"predict__phon__omit_four_labels__equal_domains__sqrt_hamming__energy",70,29.8577234346211,121,0.564790821368477,5,0,FALSE
"predict__phon__omit_four_labels__equal_domains__sqrt_hamming__energy",71,29.3987691093542,129,0.754358506849612,4,0,FALSE
"predict__phon__omit_four_labels__equal_domains__sqrt_hamming__energy",72,29.4993264228299,119,0.521734141367742,6,0,FALSE
"predict__phon__omit_four_labels__equal_domains__sqrt_hamming__energy",73,29.3904645839992,130,0.77996430590564,3,0,FALSE
"predict__phon__omit_four_labels__equal_domains__sqrt_hamming__energy",74,29.3667907337972,123,0.609691204220982,2,0,TRUE
"predict__phon__omit_four_labels__equal_domains__sqrt_hamming__energy",75,30.3081763865729,85,0.0468369869846401,4,0,FALSE
"predict__phon__omit_four_labels__equal_domains__sqrt_hamming__energy",76,29.3877274921602,128,0.729193117314019,3,0,FALSE
"predict__phon__omit_four_labels__equal_domains__sqrt_hamming__energy",77,29.3799982081518,123,0.60966276179142,3,0,FALSE
"predict__phon__omit_four_labels__equal_domains__sqrt_hamming__energy",78,29.3904645839992,130,0.77996430590564,4,0,FALSE
"predict__phon__omit_four_labels__equal_domains__sqrt_hamming__energy",79,29.410446939398,126,0.680093474987822,5,0,FALSE
"predict__phon__omit_four_labels__equal_domains__sqrt_hamming__energy",80,29.7019950989571,127,0.704479075664942,7,0,FALSE
"predict__phon__omit_four_labels__equal_domains__sqrt_hamming__energy",81,29.3711082037724,124,0.632742495376833,3,0,FALSE
"predict__phon__omit_four_labels__equal_domains__sqrt_hamming__energy",82,29.3799982081518,123,0.60966276179142,3,0,FALSE
"predict__phon__omit_four_labels__equal_domains__sqrt_hamming__energy",83,29.3923581434893,128,0.729182352662061,4,0,FALSE
"predict__phon__omit_four_labels__equal_domains__sqrt_hamming__energy",84,29.3667907337973,123,0.609691204220982,3,0,FALSE
"predict__phon__omit_four_labels__equal_domains__sqrt_hamming__energy",85,29.3841562138062,122,0.58703181511815,4,0,FALSE
"predict__phon__omit_four_labels__equal_domains__sqrt_hamming__energy",86,29.433386576297,123,0.609644659905124,4,0,FALSE
"predict__phon__omit_four_labels__equal_domains__sqrt_hamming__energy",87,29.3904645839992,130,0.77996430590564,7,0,FALSE
"predict__phon__omit_four_labels__equal_domains__sqrt_hamming__energy",88,29.3904645839992,130,0.77996430590564,5,0,FALSE
"predict__phon__omit_four_labels__equal_domains__sqrt_hamming__energy",89,29.3923581434893,128,0.729182352662061,3,0,FALSE
"predict__phon__omit_four_labels__equal_domains__sqrt_hamming__energy",90,29.4891479558217,110,0.348511207662976,6,0,FALSE
"predict__phon__omit_four_labels__equal_domains__sqrt_hamming__energy",91,29.8577234346211,121,0.564790821368477,6,0,FALSE
"predict__phon__omit_four_labels__equal_domains__sqrt_hamming__energy",92,29.4891479558217,110,0.348511207662976,7,0,FALSE
"predict__phon__omit_four_labels__equal_domains__sqrt_hamming__energy",93,30.315216570401,80,0.0185363647909763,5,0,FALSE
"predict__phon__omit_four_labels__equal_domains__sqrt_hamming__energy",94,29.3799982081518,123,0.60966276179142,5,0,FALSE
"predict__phon__omit_four_labels__equal_domains__sqrt_hamming__energy",95,29.3911641253412,127,0.704443836435021,3,0,FALSE
"predict__phon__omit_four_labels__equal_domains__sqrt_hamming__energy",96,29.4601261489562,111,0.366128962429392,3,0,FALSE
"predict__phon__omit_four_labels__equal_domains__sqrt_hamming__energy",97,29.3904645839992,130,0.77996430590564,4,0,FALSE
"predict__phon__omit_four_labels__equal_domains__sqrt_hamming__energy",98,29.3667907337972,123,0.609691204220982,3,0,FALSE
"predict__phon__omit_four_labels__equal_domains__sqrt_hamming__energy",99,29.4130878295894,127,0.704424255453394,3,0,FALSE
"predict__phon__omit_four_labels__equal_domains__sqrt_hamming__energy",100,29.3904645839992,130,0.77996430590564,5,0,FALSE
"predict__phon__omit_four_labels__unique_profiles__sqrt_hamming__energy",1,28.4513338605958,121,0.564825417741791,4,0,FALSE
"predict__phon__omit_four_labels__unique_profiles__sqrt_hamming__energy",2,28.4378684156136,125,0.656232090438534,4,0,FALSE
"predict__phon__omit_four_labels__unique_profiles__sqrt_hamming__energy",3,28.4960990399558,131,0.805989846809123,5,0,FALSE
"predict__phon__omit_four_labels__unique_profiles__sqrt_hamming__energy",4,28.4960990399558,131,0.805989846809123,4,0,FALSE
"predict__phon__omit_four_labels__unique_profiles__sqrt_hamming__energy",5,28.4513338605959,121,0.564825417741791,4,0,FALSE
"predict__phon__omit_four_labels__unique_profiles__sqrt_hamming__energy",6,28.529553520776,125,0.656186540594849,4,0,FALSE
"predict__phon__omit_four_labels__unique_profiles__sqrt_hamming__energy",7,28.5000953070857,130,0.77996430590564,4,0,FALSE
"predict__phon__omit_four_labels__unique_profiles__sqrt_hamming__energy",8,28.4960990399558,131,0.805989846809123,4,0,FALSE
"predict__phon__omit_four_labels__unique_profiles__sqrt_hamming__energy",9,28.4513338605961,121,0.564825417741791,4,0,FALSE
"predict__phon__omit_four_labels__unique_profiles__sqrt_hamming__energy",10,28.4513338605958,121,0.564825417741791,3,0,FALSE
"predict__phon__omit_four_labels__unique_profiles__sqrt_hamming__energy",11,28.4513338605958,121,0.564825417741791,5,0,FALSE
"predict__phon__omit_four_labels__unique_profiles__sqrt_hamming__energy",12,28.496099039956,131,0.805989846809123,5,0,FALSE
"predict__phon__omit_four_labels__unique_profiles__sqrt_hamming__energy",13,28.4960990399558,131,0.805989846809123,5,0,FALSE
"predict__phon__omit_four_labels__unique_profiles__sqrt_hamming__energy",14,28.4361520220241,123,0.609691204220982,3,0,FALSE
"predict__phon__omit_four_labels__unique_profiles__sqrt_hamming__energy",15,28.5472534229386,109,0.331491360187137,5,0,FALSE
"predict__phon__omit_four_labels__unique_profiles__sqrt_hamming__energy",16,28.4569976663228,122,0.58703181511815,4,0,FALSE
"predict__phon__omit_four_labels__unique_profiles__sqrt_hamming__energy",17,28.4316904400816,124,0.632758308161156,3,0,FALSE
"predict__phon__omit_four_labels__unique_profiles__sqrt_hamming__energy",18,28.4316904400815,124,0.632758308161156,2,0,TRUE
"predict__phon__omit_four_labels__unique_profiles__sqrt_hamming__energy",19,28.4417265718217,124,0.632742495376833,4,0,FALSE
"predict__phon__omit_four_labels__unique_profiles__sqrt_hamming__energy",20,28.4972133291173,126,0.680101952432046,3,0,FALSE
"predict__phon__omit_four_labels__unique_profiles__sqrt_hamming__energy",21,29.3932639622674,100,0.196010109465493,5,0,FALSE
"predict__phon__omit_four_labels__unique_profiles__sqrt_hamming__energy",22,28.5524403807605,110,0.348597497113627,4,0,FALSE
"predict__phon__omit_four_labels__unique_profiles__sqrt_hamming__energy",23,28.4960990399559,131,0.805989846809123,5,0,FALSE
"predict__phon__omit_four_labels__unique_profiles__sqrt_hamming__energy",24,28.4891081696391,129,0.754373152541918,4,0,FALSE
"predict__phon__omit_four_labels__unique_profiles__sqrt_hamming__energy",25,28.4960990399558,131,0.805989846809123,5,0,FALSE
"predict__phon__omit_four_labels__unique_profiles__sqrt_hamming__energy",26,28.4513338605958,121,0.564825417741791,4,0,FALSE
"predict__phon__omit_four_labels__unique_profiles__sqrt_hamming__energy",27,28.5062575173454,125,0.656197929187377,4,0,FALSE
"predict__phon__omit_four_labels__unique_profiles__sqrt_hamming__energy",28,28.4513338605958,121,0.564825417741791,3,0,FALSE
"predict__phon__omit_four_labels__unique_profiles__sqrt_hamming__energy",29,28.5544901537572,114,0.421274890962955,4,0,FALSE
"predict__phon__omit_four_labels__unique_profiles__sqrt_hamming__energy",30,28.4513338605959,121,0.564825417741791,4,0,FALSE
"predict__phon__omit_four_labels__unique_profiles__sqrt_hamming__energy",31,29.4819430077931,83,0.034148650963376,8,0,FALSE
"predict__phon__omit_four_labels__unique_profiles__sqrt_hamming__energy",32,28.5030322411003,126,0.680109369827184,3,0,FALSE
"predict__phon__omit_four_labels__unique_profiles__sqrt_hamming__energy",33,28.4513338605958,121,0.564825417741791,3,0,FALSE
"predict__phon__omit_four_labels__unique_profiles__sqrt_hamming__energy",34,28.4513338605959,121,0.564825417741791,3,0,FALSE
"predict__phon__omit_four_labels__unique_profiles__sqrt_hamming__energy",35,28.4960990399561,131,0.805989846809123,5,0,FALSE
"predict__phon__omit_four_labels__unique_profiles__sqrt_hamming__energy",36,28.5506783913486,113,0.402467707359881,4,0,FALSE
"predict__phon__omit_four_labels__unique_profiles__sqrt_hamming__energy",37,28.4513338605958,121,0.564825417741791,4,0,FALSE
"predict__phon__omit_four_labels__unique_profiles__sqrt_hamming__energy",38,28.4316904400816,124,0.632758308161156,3,0,FALSE
"predict__phon__omit_four_labels__unique_profiles__sqrt_hamming__energy",39,28.5289673581126,127,0.704424255453394,4,0,FALSE
"predict__phon__omit_four_labels__unique_profiles__sqrt_hamming__energy",40,28.5000953070854,130,0.77996430590564,4,0,FALSE
"predict__phon__omit_four_labels__unique_profiles__sqrt_hamming__energy",41,28.4513338605959,121,0.564825417741791,4,0,FALSE
"predict__phon__omit_four_labels__unique_profiles__sqrt_hamming__energy",42,28.451333860596,121,0.564825417741791,3,0,FALSE
"predict__phon__omit_four_labels__unique_profiles__sqrt_hamming__energy",43,28.6554015083681,121,0.564811003254715,4,0,FALSE
"predict__phon__omit_four_labels__unique_profiles__sqrt_hamming__energy",44,28.4513338605959,121,0.564825417741791,4,0,FALSE
"predict__phon__omit_four_labels__unique_profiles__sqrt_hamming__energy",45,28.5289673581126,127,0.704424255453394,4,0,FALSE
"predict__phon__omit_four_labels__unique_profiles__sqrt_hamming__energy",46,28.5295535207759,125,0.656186540594849,3,0,FALSE
"predict__phon__omit_four_labels__unique_profiles__sqrt_hamming__energy",47,28.4378684156136,125,0.656232090438534,4,0,FALSE
"predict__phon__omit_four_labels__unique_profiles__sqrt_hamming__energy",48,28.633428863207,118,0.500714694507599,3,0,FALSE
"predict__phon__omit_four_labels__unique_profiles__sqrt_hamming__energy",49,28.4960990399559,131,0.805989846809123,3,0,FALSE
"predict__phon__omit_four_labels__unique_profiles__sqrt_hamming__energy",50,28.451333860596,121,0.564825417741791,3,0,FALSE
"predict__phon__omit_four_labels__unique_profiles__sqrt_hamming__energy",51,28.5318971628635,126,0.680093474987822,4,0,FALSE
"predict__phon__omit_four_labels__unique_profiles__sqrt_hamming__energy",52,28.4513338605958,121,0.564825417741791,3,0,FALSE
"predict__phon__omit_four_labels__unique_profiles__sqrt_hamming__energy",53,28.4960990399558,131,0.805989846809123,6,0,FALSE
"predict__phon__omit_four_labels__unique_profiles__sqrt_hamming__energy",54,28.4316904400817,124,0.632758308161156,3,0,FALSE
"predict__phon__omit_four_labels__unique_profiles__sqrt_hamming__energy",55,28.4316904400817,124,0.632758308161156,3,0,FALSE
"predict__phon__omit_four_labels__unique_profiles__sqrt_hamming__energy",56,28.4513338605959,121,0.564825417741791,3,0,FALSE
"predict__phon__omit_four_labels__unique_profiles__sqrt_hamming__energy",57,28.5090679591156,126,0.680109369827184,3,0,FALSE
"predict__phon__omit_four_labels__unique_profiles__sqrt_hamming__energy",58,28.4569976663227,122,0.58703181511815,4,0,FALSE
"predict__phon__omit_four_labels__unique_profiles__sqrt_hamming__energy",59,28.6103365949455,122,0.587085155232524,5,0,FALSE
"predict__phon__omit_four_labels__unique_profiles__sqrt_hamming__energy",60,28.5566085501939,112,0.384085714474941,6,0,FALSE
"predict__phon__omit_four_labels__unique_profiles__sqrt_hamming__energy",61,28.5406462097504,115,0.440577612821402,3,0,FALSE
"predict__phon__omit_four_labels__unique_profiles__sqrt_hamming__energy",62,28.4513338605958,121,0.564825417741791,3,0,FALSE
"predict__phon__omit_four_labels__unique_profiles__sqrt_hamming__energy",63,28.4992067225072,125,0.656197929187377,3,0,FALSE
"predict__phon__omit_four_labels__unique_profiles__sqrt_hamming__energy",64,28.4569976663228,122,0.58703181511815,3,0,FALSE
"predict__phon__omit_four_labels__unique_profiles__sqrt_hamming__energy",65,28.4960990399559,131,0.805989846809123,4,0,FALSE
"predict__phon__omit_four_labels__unique_profiles__sqrt_hamming__energy",66,28.6358781481599,117,0.480202261250161,3,0,FALSE
"predict__phon__omit_four_labels__unique_profiles__sqrt_hamming__energy",67,28.4569976663227,122,0.58703181511815,3,0,FALSE
"predict__phon__omit_four_labels__unique_profiles__sqrt_hamming__energy",68,29.6370739013188,90,0.0860267709348126,4,0,FALSE
"predict__phon__omit_four_labels__unique_profiles__sqrt_hamming__energy",69,28.4513338605959,121,0.564825417741791,4,0,FALSE
"predict__phon__omit_four_labels__unique_profiles__sqrt_hamming__energy",70,28.4960990399558,131,0.805989846809123,5,0,FALSE
"predict__phon__omit_four_labels__unique_profiles__sqrt_hamming__energy",71,28.5132526746875,129,0.754358506849612,4,0,FALSE
"predict__phon__omit_four_labels__unique_profiles__sqrt_hamming__energy",72,28.4513338605959,121,0.564825417741791,6,0,FALSE
"predict__phon__omit_four_labels__unique_profiles__sqrt_hamming__energy",73,28.5015273235642,127,0.704436004353702,3,0,FALSE
"predict__phon__omit_four_labels__unique_profiles__sqrt_hamming__energy",74,28.4361520220241,123,0.609691204220982,2,0,FALSE
"predict__phon__omit_four_labels__unique_profiles__sqrt_hamming__energy",75,29.5952599362253,81,0.0231789778819185,4,0,FALSE
"predict__phon__omit_four_labels__unique_profiles__sqrt_hamming__energy",76,28.4417265718216,124,0.632742495376833,3,0,FALSE
"predict__phon__omit_four_labels__unique_profiles__sqrt_hamming__energy",77,28.4513338605959,121,0.564825417741791,4,0,FALSE
"predict__phon__omit_four_labels__unique_profiles__sqrt_hamming__energy",78,28.4960990399558,131,0.805989846809123,6,0,FALSE
"predict__phon__omit_four_labels__unique_profiles__sqrt_hamming__energy",79,28.506989595359,128,0.729182352662061,5,0,FALSE
"predict__phon__omit_four_labels__unique_profiles__sqrt_hamming__energy",80,28.496099039956,131,0.805989846809123,12,0,FALSE
"predict__phon__omit_four_labels__unique_profiles__sqrt_hamming__energy",81,28.4378684156135,125,0.656232090438534,3,0,FALSE
"predict__phon__omit_four_labels__unique_profiles__sqrt_hamming__energy",82,28.4569976663227,122,0.58703181511815,4,0,FALSE
"predict__phon__omit_four_labels__unique_profiles__sqrt_hamming__energy",83,28.4960990399559,131,0.805989846809123,4,0,FALSE
"predict__phon__omit_four_labels__unique_profiles__sqrt_hamming__energy",84,28.5300282898879,114,0.421395608555237,2,0,FALSE
"predict__phon__omit_four_labels__unique_profiles__sqrt_hamming__energy",85,28.4513338605958,121,0.564825417741791,5,0,FALSE
"predict__phon__omit_four_labels__unique_profiles__sqrt_hamming__energy",86,28.4513338605959,121,0.564825417741791,4,0,FALSE
"predict__phon__omit_four_labels__unique_profiles__sqrt_hamming__energy",87,28.4960990399559,131,0.805989846809123,5,0,FALSE
"predict__phon__omit_four_labels__unique_profiles__sqrt_hamming__energy",88,28.5000953070854,130,0.77996430590564,3,0,FALSE
"predict__phon__omit_four_labels__unique_profiles__sqrt_hamming__energy",89,28.5105717164043,129,0.754361761598834,3,0,FALSE
"predict__phon__omit_four_labels__unique_profiles__sqrt_hamming__energy",90,28.4960990399559,131,0.805989846809123,6,0,FALSE
"predict__phon__omit_four_labels__unique_profiles__sqrt_hamming__energy",91,28.5472534229387,109,0.331491360187137,4,0,FALSE
"predict__phon__omit_four_labels__unique_profiles__sqrt_hamming__energy",92,29.5557895657745,73,-0.00375575230483251,3,0,FALSE
"predict__phon__omit_four_labels__unique_profiles__sqrt_hamming__energy",93,28.5472534229388,109,0.331491360187137,4,0,FALSE
"predict__phon__omit_four_labels__unique_profiles__sqrt_hamming__energy",94,28.4513338605958,121,0.564825417741791,4,0,FALSE
"predict__phon__omit_four_labels__unique_profiles__sqrt_hamming__energy",95,28.4361520220242,123,0.609691204220982,3,0,FALSE
"predict__phon__omit_four_labels__unique_profiles__sqrt_hamming__energy",96,28.544700822918,110,0.348597497113627,3,0,FALSE
"predict__phon__omit_four_labels__unique_profiles__sqrt_hamming__energy",97,28.4960990399559,131,0.805989846809123,4,0,FALSE
"predict__phon__omit_four_labels__unique_profiles__sqrt_hamming__energy",98,28.530028289888,114,0.421395608555237,3,0,FALSE
"predict__phon__omit_four_labels__unique_profiles__sqrt_hamming__energy",99,28.5039598731066,126,0.680101952432046,4,0,FALSE
"predict__phon__omit_four_labels__unique_profiles__sqrt_hamming__energy",100,28.4960990399558,131,0.805989846809123,5,0,FALSE
"predict__sem__all_features__equal_features__sqrt_hamming__energy",1,28.5035648004119,90,0.0860540170647582,4,0,FALSE
"predict__sem__all_features__equal_features__sqrt_hamming__energy",2,27.5497135489338,130,0.77996940781764,3,0,FALSE
"predict__sem__all_features__equal_features__sqrt_hamming__energy",3,27.5497135489337,130,0.77996940781764,8,0,FALSE
"predict__sem__all_features__equal_features__sqrt_hamming__energy",4,27.9638623276553,117,0.480202261250161,5,0,FALSE
"predict__sem__all_features__equal_features__sqrt_hamming__energy",5,28.598302212249,82,0.0286894368793455,4,0,FALSE
"predict__sem__all_features__equal_features__sqrt_hamming__energy",6,28.0856149541928,109,0.331212341441787,5,0,FALSE
"predict__sem__all_features__equal_features__sqrt_hamming__energy",7,27.9638623276552,117,0.480202261250161,3,0,FALSE
"predict__sem__all_features__equal_features__sqrt_hamming__energy",8,27.8674218376572,122,0.587134380032653,4,0,FALSE
"predict__sem__all_features__equal_features__sqrt_hamming__energy",9,27.5417320796492,122,0.587019503903878,4,0,FALSE
"predict__sem__all_features__equal_features__sqrt_hamming__energy",10,27.5417320796495,122,0.587019503903878,4,0,FALSE
"predict__sem__all_features__equal_features__sqrt_hamming__energy",11,27.5351186150786,128,0.72920119024141,3,0,FALSE
"predict__sem__all_features__equal_features__sqrt_hamming__energy",12,27.9621813075481,116,0.460094873043811,3,0,FALSE
"predict__sem__all_features__equal_features__sqrt_hamming__energy",13,27.5497135489337,130,0.77996940781764,6,0,FALSE
"predict__sem__all_features__equal_features__sqrt_hamming__energy",14,27.5497135489338,130,0.77996940781764,5,0,FALSE
"predict__sem__all_features__equal_features__sqrt_hamming__energy",15,27.5744616785717,114,0.421311303160522,4,0,FALSE
"predict__sem__all_features__equal_features__sqrt_hamming__energy",16,27.5417320796494,122,0.587019503903878,3,0,FALSE
"predict__sem__all_features__equal_features__sqrt_hamming__energy",17,27.5417320796495,122,0.587019503903878,4,0,FALSE
"predict__sem__all_features__equal_features__sqrt_hamming__energy",18,27.5474987357423,121,0.564811003254715,2,0,FALSE
"predict__sem__all_features__equal_features__sqrt_hamming__energy",19,27.5351186150786,128,0.72920119024141,4,0,FALSE
"predict__sem__all_features__equal_features__sqrt_hamming__energy",20,27.5519722616989,124,0.632709649088646,3,0,FALSE
"predict__sem__all_features__equal_features__sqrt_hamming__energy",21,28.0840998178928,110,0.348355829028242,3,0,FALSE
"predict__sem__all_features__equal_features__sqrt_hamming__energy",22,27.9621813075483,116,0.460094873043811,4,0,FALSE
"predict__sem__all_features__equal_features__sqrt_hamming__energy",23,27.5497135489337,130,0.77996940781764,8,0,FALSE
"predict__sem__all_features__equal_features__sqrt_hamming__energy",24,27.5497135489338,130,0.77996940781764,4,0,FALSE
"predict__sem__all_features__equal_features__sqrt_hamming__energy",25,27.9638623276553,117,0.480202261250161,4,0,FALSE
"predict__sem__all_features__equal_features__sqrt_hamming__energy",26,27.5417320796495,122,0.587019503903878,3,0,FALSE
"predict__sem__all_features__equal_features__sqrt_hamming__energy",27,27.5519722616987,124,0.632709649088646,3,0,FALSE
"predict__sem__all_features__equal_features__sqrt_hamming__energy",28,27.5714628097413,114,0.421242307743948,3,0,FALSE
"predict__sem__all_features__equal_features__sqrt_hamming__energy",29,28.5219681684337,70,-0.00699638364416731,4,0,FALSE
"predict__sem__all_features__equal_features__sqrt_hamming__energy",30,27.5417320796494,122,0.587019503903878,4,0,FALSE
"predict__sem__all_features__equal_features__sqrt_hamming__energy",31,28.54774492323,78,0.00982297692065968,4,0,FALSE
"predict__sem__all_features__equal_features__sqrt_hamming__energy",32,27.5519722616989,124,0.632709649088646,4,0,FALSE
"predict__sem__all_features__equal_features__sqrt_hamming__energy",33,27.5497135489337,130,0.77996940781764,7,0,FALSE
"predict__sem__all_features__equal_features__sqrt_hamming__energy",34,27.5417320796494,122,0.587019503903878,4,0,FALSE
"predict__sem__all_features__equal_features__sqrt_hamming__energy",35,28.0856149541927,109,0.331212341441787,3,0,FALSE
"predict__sem__all_features__equal_features__sqrt_hamming__energy",36,27.5417320796494,122,0.587019503903878,3,0,FALSE
"predict__sem__all_features__equal_features__sqrt_hamming__energy",37,27.5417320796495,122,0.587019503903878,4,0,FALSE
"predict__sem__all_features__equal_features__sqrt_hamming__energy",38,27.5221718965849,124,0.632758308161156,2,0,FALSE
"predict__sem__all_features__equal_features__sqrt_hamming__energy",39,27.5417320796495,122,0.587019503903878,4,0,FALSE
"predict__sem__all_features__equal_features__sqrt_hamming__energy",40,28.5252792391667,71,-0.00648089964796162,7,0,FALSE
"predict__sem__all_features__equal_features__sqrt_hamming__energy",41,27.9638623276552,117,0.480202261250161,4,0,FALSE
"predict__sem__all_features__equal_features__sqrt_hamming__energy",42,27.5714628097412,114,0.421242307743948,3,0,FALSE
"predict__sem__all_features__equal_features__sqrt_hamming__energy",43,27.5417320796495,122,0.587019503903878,7,0,FALSE
"predict__sem__all_features__equal_features__sqrt_hamming__energy",44,27.5417320796495,122,0.587019503903878,4,0,FALSE
"predict__sem__all_features__equal_features__sqrt_hamming__energy",45,27.5633104004526,126,0.680096654082059,4,0,FALSE
"predict__sem__all_features__equal_features__sqrt_hamming__energy",46,27.551972261699,124,0.632709649088646,4,0,FALSE
"predict__sem__all_features__equal_features__sqrt_hamming__energy",47,27.5497135489336,130,0.77996940781764,5,0,FALSE
"predict__sem__all_features__equal_features__sqrt_hamming__energy",48,28.9274346060872,69,-0.00722712014162948,3,0,FALSE
"predict__sem__all_features__equal_features__sqrt_hamming__energy",49,27.5417320796494,122,0.587019503903878,6,0,FALSE
"predict__sem__all_features__equal_features__sqrt_hamming__energy",50,27.571462809741,114,0.421242307743948,3,0,FALSE
"predict__sem__all_features__equal_features__sqrt_hamming__energy",51,27.551972261699,124,0.632709649088646,3,0,FALSE
"predict__sem__all_features__equal_features__sqrt_hamming__energy",52,27.522171896585,124,0.632758308161156,3,0,FALSE
"predict__sem__all_features__equal_features__sqrt_hamming__energy",53,27.5497135489337,130,0.77996940781764,8,0,FALSE
"predict__sem__all_features__equal_features__sqrt_hamming__energy",54,27.5351186150785,128,0.72920119024141,3,0,FALSE
"predict__sem__all_features__equal_features__sqrt_hamming__energy",55,27.5221718965849,124,0.632758308161156,3,0,FALSE
"predict__sem__all_features__equal_features__sqrt_hamming__energy",56,27.5633104004528,126,0.680096654082059,3,0,FALSE
"predict__sem__all_features__equal_features__sqrt_hamming__energy",57,27.5417320796495,122,0.587019503903878,3,0,FALSE
"predict__sem__all_features__equal_features__sqrt_hamming__energy",58,28.0840998178928,110,0.348355829028242,4,0,FALSE
"predict__sem__all_features__equal_features__sqrt_hamming__energy",59,27.5751645973877,115,0.440540561404208,5,0,FALSE
"predict__sem__all_features__equal_features__sqrt_hamming__energy",60,27.5417320796495,122,0.587019503903878,5,0,FALSE
"predict__sem__all_features__equal_features__sqrt_hamming__energy",61,27.5771303163454,119,0.521762650032103,3,0,FALSE
"predict__sem__all_features__equal_features__sqrt_hamming__energy",62,27.5519722616989,124,0.632709649088646,3,0,FALSE
"predict__sem__all_features__equal_features__sqrt_hamming__energy",63,27.5351186150783,128,0.72920119024141,3,0,FALSE
"predict__sem__all_features__equal_features__sqrt_hamming__energy",64,27.5226080689204,126,0.6801305604895,3,0,FALSE
"predict__sem__all_features__equal_features__sqrt_hamming__energy",65,27.8462254149519,117,0.480419104050152,3,0,FALSE
"predict__sem__all_features__equal_features__sqrt_hamming__energy",66,27.5519722616989,124,0.632709649088646,3,0,FALSE
"predict__sem__all_features__equal_features__sqrt_hamming__energy",67,27.5328059873426,124,0.632729114264912,3,0,FALSE
"predict__sem__all_features__equal_features__sqrt_hamming__energy",68,27.5417320796494,122,0.587019503903878,4,0,FALSE
"predict__sem__all_features__equal_features__sqrt_hamming__energy",69,27.5245645443668,125,0.656232090438534,3,0,FALSE
"predict__sem__all_features__equal_features__sqrt_hamming__energy",70,27.9621813075483,116,0.460094873043811,3,0,FALSE
"predict__sem__all_features__equal_features__sqrt_hamming__energy",71,28.5204929654444,75,0.000289625638717959,5,0,FALSE
"predict__sem__all_features__equal_features__sqrt_hamming__energy",72,27.5497135489337,130,0.77996940781764,3,0,FALSE
"predict__sem__all_features__equal_features__sqrt_hamming__energy",73,27.5360096305369,123,0.609675690682355,4,0,FALSE
"predict__sem__all_features__equal_features__sqrt_hamming__energy",74,27.522368938952,125,0.656232090438534,2,0,FALSE
"predict__sem__all_features__equal_features__sqrt_hamming__energy",75,28.1127821842076,111,0.365910593894665,4,0,FALSE
"predict__sem__all_features__equal_features__sqrt_hamming__energy",76,27.5370311804938,127,0.704453625952981,3,0,FALSE
"predict__sem__all_features__equal_features__sqrt_hamming__energy",77,27.5221718965848,124,0.632758308161156,3,0,TRUE
"predict__sem__all_features__equal_features__sqrt_hamming__energy",78,27.5497135489338,130,0.77996940781764,7,0,FALSE
"predict__sem__all_features__equal_features__sqrt_hamming__energy",79,27.5351186150786,128,0.72920119024141,3,0,FALSE
"predict__sem__all_features__equal_features__sqrt_hamming__energy",80,28.3272073332876,103,0.237288329058765,4,0,FALSE
"predict__sem__all_features__equal_features__sqrt_hamming__energy",81,27.5223689389522,125,0.656232090438534,2,0,FALSE
"predict__sem__all_features__equal_features__sqrt_hamming__energy",82,27.5417320796495,122,0.587019503903878,3,0,FALSE
"predict__sem__all_features__equal_features__sqrt_hamming__energy",83,27.5497135489336,130,0.77996940781764,7,0,FALSE
"predict__sem__all_features__equal_features__sqrt_hamming__energy",84,27.5686966951884,118,0.500838697170625,3,0,FALSE
"predict__sem__all_features__equal_features__sqrt_hamming__energy",85,27.9638623276553,117,0.480202261250161,4,0,FALSE
"predict__sem__all_features__equal_features__sqrt_hamming__energy",86,28.5479435810413,80,0.0184323443938739,4,0,FALSE
"predict__sem__all_features__equal_features__sqrt_hamming__energy",87,27.8332514045071,127,0.704479075664942,4,0,FALSE
"predict__sem__all_features__equal_features__sqrt_hamming__energy",88,27.9638623276554,117,0.480202261250161,5,0,FALSE
"predict__sem__all_features__equal_features__sqrt_hamming__energy",89,27.5581724416537,128,0.729186838037711,3,0,FALSE
"predict__sem__all_features__equal_features__sqrt_hamming__energy",90,27.5497135489336,130,0.77996940781764,6,0,FALSE
"predict__sem__all_features__equal_features__sqrt_hamming__energy",91,28.0840998178927,110,0.348355829028242,4,0,FALSE
"predict__sem__all_features__equal_features__sqrt_hamming__energy",92,28.537445621199,76,0.00343876831149717,3,0,FALSE
"predict__sem__all_features__equal_features__sqrt_hamming__energy",93,27.5708689414296,112,0.384046959972268,4,0,FALSE
"predict__sem__all_features__equal_features__sqrt_hamming__energy",94,28.5235378675056,71,-0.0061142895306586,4,0,FALSE
"predict__sem__all_features__equal_features__sqrt_hamming__energy",95,27.5417320796495,122,0.587019503903878,4,0,FALSE
"predict__sem__all_features__equal_features__sqrt_hamming__energy",96,27.5617773182791,115,0.440540561404208,4,0,FALSE
"predict__sem__all_features__equal_features__sqrt_hamming__energy",97,27.5627652470333,127,0.704430130020303,3,0,FALSE
"predict__sem__all_features__equal_features__sqrt_hamming__energy",98,27.5531593082535,117,0.480339960189862,2,0,FALSE
"predict__sem__all_features__equal_features__sqrt_hamming__energy",99,27.5633104004527,126,0.680096654082059,4,0,FALSE
"predict__sem__all_features__equal_features__sqrt_hamming__energy",100,27.5497135489337,130,0.77996940781764,6,0,FALSE
"predict__sem__all_features__equal_domains__sqrt_hamming__energy",1,26.6881551870054,103,0.237788234678377,3,0,FALSE
"predict__sem__all_features__equal_domains__sqrt_hamming__energy",2,26.6881551870054,103,0.237788234678377,3,0,FALSE
"predict__sem__all_features__equal_domains__sqrt_hamming__energy",3,26.6881551870055,103,0.237788234678377,3,0,FALSE
"predict__sem__all_features__equal_domains__sqrt_hamming__energy",4,26.6881551870054,103,0.237788234678377,3,0,FALSE
"predict__sem__all_features__equal_domains__sqrt_hamming__energy",5,26.6881551870054,103,0.237788234678377,3,0,FALSE
"predict__sem__all_features__equal_domains__sqrt_hamming__energy",6,26.6881551870054,103,0.237788234678377,5,0,FALSE
"predict__sem__all_features__equal_domains__sqrt_hamming__energy",7,26.6881551870055,103,0.237788234678377,3,0,FALSE
"predict__sem__all_features__equal_domains__sqrt_hamming__energy",8,26.6881551870054,103,0.237788234678377,3,0,FALSE
"predict__sem__all_features__equal_domains__sqrt_hamming__energy",9,26.6881551870054,103,0.237788234678377,4,0,FALSE
"predict__sem__all_features__equal_domains__sqrt_hamming__energy",10,26.6881551870054,103,0.237788234678377,3,0,FALSE
"predict__sem__all_features__equal_domains__sqrt_hamming__energy",11,26.6881551870054,103,0.237788234678377,4,0,FALSE
"predict__sem__all_features__equal_domains__sqrt_hamming__energy",12,26.6881551870053,103,0.237788234678377,3,0,FALSE
"predict__sem__all_features__equal_domains__sqrt_hamming__energy",13,26.6881551870054,103,0.237788234678377,4,0,FALSE
"predict__sem__all_features__equal_domains__sqrt_hamming__energy",14,26.6881551870054,103,0.237788234678377,4,0,FALSE
"predict__sem__all_features__equal_domains__sqrt_hamming__energy",15,26.6881551870055,103,0.237788234678377,3,0,FALSE
"predict__sem__all_features__equal_domains__sqrt_hamming__energy",16,26.6881551870053,103,0.237788234678377,3,0,TRUE
"predict__sem__all_features__equal_domains__sqrt_hamming__energy",17,26.6881551870056,103,0.237788234678377,3,0,FALSE
"predict__sem__all_features__equal_domains__sqrt_hamming__energy",18,26.6881551870054,103,0.237788234678377,3,0,FALSE
"predict__sem__all_features__equal_domains__sqrt_hamming__energy",19,26.6881551870055,103,0.237788234678377,3,0,FALSE
"predict__sem__all_features__equal_domains__sqrt_hamming__energy",20,26.6881551870055,103,0.237788234678377,3,0,FALSE
"predict__sem__all_features__equal_domains__sqrt_hamming__energy",21,26.6881551870054,103,0.237788234678377,3,0,FALSE
"predict__sem__all_features__equal_domains__sqrt_hamming__energy",22,26.6881551870054,103,0.237788234678377,3,0,FALSE
"predict__sem__all_features__equal_domains__sqrt_hamming__energy",23,26.6881551870055,103,0.237788234678377,3,0,FALSE
"predict__sem__all_features__equal_domains__sqrt_hamming__energy",24,26.6881551870054,103,0.237788234678377,3,0,FALSE
"predict__sem__all_features__equal_domains__sqrt_hamming__energy",25,26.6881551870054,103,0.237788234678377,4,0,FALSE
"predict__sem__all_features__equal_domains__sqrt_hamming__energy",26,26.6881551870054,103,0.237788234678377,4,0,FALSE
"predict__sem__all_features__equal_domains__sqrt_hamming__energy",27,26.6881551870053,103,0.237788234678377,3,0,FALSE
"predict__sem__all_features__equal_domains__sqrt_hamming__energy",28,26.6881551870054,103,0.237788234678377,2,0,FALSE
"predict__sem__all_features__equal_domains__sqrt_hamming__energy",29,26.6881551870054,103,0.237788234678377,3,0,FALSE
"predict__sem__all_features__equal_domains__sqrt_hamming__energy",30,26.6881551870054,103,0.237788234678377,3,0,FALSE
"predict__sem__all_features__equal_domains__sqrt_hamming__energy",31,26.6881551870054,103,0.237788234678377,3,0,FALSE
"predict__sem__all_features__equal_domains__sqrt_hamming__energy",32,26.6881551870054,103,0.237788234678377,3,0,FALSE
"predict__sem__all_features__equal_domains__sqrt_hamming__energy",33,26.6881551870054,103,0.237788234678377,4,0,FALSE
"predict__sem__all_features__equal_domains__sqrt_hamming__energy",34,26.6881551870055,103,0.237788234678377,3,0,FALSE
"predict__sem__all_features__equal_domains__sqrt_hamming__energy",35,26.6881551870054,103,0.237788234678377,4,0,FALSE
"predict__sem__all_features__equal_domains__sqrt_hamming__energy",36,26.6881551870054,103,0.237788234678377,3,0,FALSE
"predict__sem__all_features__equal_domains__sqrt_hamming__energy",37,26.6881551870054,103,0.237788234678377,5,0,FALSE
"predict__sem__all_features__equal_domains__sqrt_hamming__energy",38,26.6881551870054,103,0.237788234678377,2,0,FALSE
"predict__sem__all_features__equal_domains__sqrt_hamming__energy",39,26.6881551870053,103,0.237788234678377,3,0,FALSE
"predict__sem__all_features__equal_domains__sqrt_hamming__energy",40,26.6881551870054,103,0.237788234678377,3,0,FALSE
"predict__sem__all_features__equal_domains__sqrt_hamming__energy",41,26.6881551870055,103,0.237788234678377,3,0,FALSE
"predict__sem__all_features__equal_domains__sqrt_hamming__energy",42,26.6881551870055,103,0.237788234678377,2,0,FALSE
"predict__sem__all_features__equal_domains__sqrt_hamming__energy",43,26.6881551870054,103,0.237788234678377,3,0,FALSE
"predict__sem__all_features__equal_domains__sqrt_hamming__energy",44,26.6881551870054,103,0.237788234678377,3,0,FALSE
"predict__sem__all_features__equal_domains__sqrt_hamming__energy",45,26.6881551870054,103,0.237788234678377,3,0,FALSE
"predict__sem__all_features__equal_domains__sqrt_hamming__energy",46,26.6881551870055,103,0.237788234678377,3,0,FALSE
"predict__sem__all_features__equal_domains__sqrt_hamming__energy",47,26.6881551870055,103,0.237788234678377,3,0,FALSE
"predict__sem__all_features__equal_domains__sqrt_hamming__energy",48,26.6881551870055,103,0.237788234678377,3,0,FALSE
"predict__sem__all_features__equal_domains__sqrt_hamming__energy",49,26.6881551870054,103,0.237788234678377,3,0,FALSE
"predict__sem__all_features__equal_domains__sqrt_hamming__energy",50,26.6881551870054,103,0.237788234678377,3,0,FALSE
"predict__sem__all_features__equal_domains__sqrt_hamming__energy",51,26.6881551870054,103,0.237788234678377,3,0,FALSE
"predict__sem__all_features__equal_domains__sqrt_hamming__energy",52,26.6881551870054,103,0.237788234678377,3,0,FALSE
"predict__sem__all_features__equal_domains__sqrt_hamming__energy",53,26.6881551870054,103,0.237788234678377,4,0,FALSE
"predict__sem__all_features__equal_domains__sqrt_hamming__energy",54,26.6881551870055,103,0.237788234678377,3,0,FALSE
"predict__sem__all_features__equal_domains__sqrt_hamming__energy",55,26.6881551870055,103,0.237788234678377,3,0,FALSE
"predict__sem__all_features__equal_domains__sqrt_hamming__energy",56,26.6881551870054,103,0.237788234678377,3,0,FALSE
"predict__sem__all_features__equal_domains__sqrt_hamming__energy",57,26.6881551870054,103,0.237788234678377,3,0,FALSE
"predict__sem__all_features__equal_domains__sqrt_hamming__energy",58,26.6881551870055,103,0.237788234678377,3,0,FALSE
"predict__sem__all_features__equal_domains__sqrt_hamming__energy",59,26.6881551870055,103,0.237788234678377,3,0,FALSE
"predict__sem__all_features__equal_domains__sqrt_hamming__energy",60,26.6881551870054,103,0.237788234678377,3,0,FALSE
"predict__sem__all_features__equal_domains__sqrt_hamming__energy",61,26.6881551870054,103,0.237788234678377,2,0,FALSE
"predict__sem__all_features__equal_domains__sqrt_hamming__energy",62,26.6881551870054,103,0.237788234678377,2,0,FALSE
"predict__sem__all_features__equal_domains__sqrt_hamming__energy",63,26.6881551870054,103,0.237788234678377,3,0,FALSE
"predict__sem__all_features__equal_domains__sqrt_hamming__energy",64,26.6881551870055,103,0.237788234678377,3,0,FALSE
"predict__sem__all_features__equal_domains__sqrt_hamming__energy",65,26.6881551870055,103,0.237788234678377,4,0,FALSE
"predict__sem__all_features__equal_domains__sqrt_hamming__energy",66,26.6881551870054,103,0.237788234678377,3,0,FALSE
"predict__sem__all_features__equal_domains__sqrt_hamming__energy",67,26.6881551870055,103,0.237788234678377,3,0,FALSE
"predict__sem__all_features__equal_domains__sqrt_hamming__energy",68,26.6881551870054,103,0.237788234678377,3,0,FALSE
"predict__sem__all_features__equal_domains__sqrt_hamming__energy",69,26.6881551870055,103,0.237788234678377,4,0,FALSE
"predict__sem__all_features__equal_domains__sqrt_hamming__energy",70,26.6881551870055,103,0.237788234678377,4,0,FALSE
"predict__sem__all_features__equal_domains__sqrt_hamming__energy",71,26.6881551870054,103,0.237788234678377,3,0,FALSE
"predict__sem__all_features__equal_domains__sqrt_hamming__energy",72,26.6881551870055,103,0.237788234678377,3,0,FALSE
"predict__sem__all_features__equal_domains__sqrt_hamming__energy",73,26.6881551870055,103,0.237788234678377,3,0,FALSE
"predict__sem__all_features__equal_domains__sqrt_hamming__energy",74,26.6881551870054,103,0.237788234678377,4,0,FALSE
"predict__sem__all_features__equal_domains__sqrt_hamming__energy",75,26.6881551870054,103,0.237788234678377,3,0,FALSE
"predict__sem__all_features__equal_domains__sqrt_hamming__energy",76,26.6881551870054,103,0.237788234678377,3,0,FALSE
"predict__sem__all_features__equal_domains__sqrt_hamming__energy",77,26.6881551870054,103,0.237788234678377,3,0,FALSE
"predict__sem__all_features__equal_domains__sqrt_hamming__energy",78,26.6881551870054,103,0.237788234678377,4,0,FALSE
"predict__sem__all_features__equal_domains__sqrt_hamming__energy",79,26.6881551870054,103,0.237788234678377,3,0,FALSE
"predict__sem__all_features__equal_domains__sqrt_hamming__energy",80,26.6881551870054,103,0.237788234678377,4,0,FALSE
"predict__sem__all_features__equal_domains__sqrt_hamming__energy",81,26.6881551870055,103,0.237788234678377,3,0,FALSE
"predict__sem__all_features__equal_domains__sqrt_hamming__energy",82,26.6881551870055,103,0.237788234678377,3,0,FALSE
"predict__sem__all_features__equal_domains__sqrt_hamming__energy",83,26.6881551870055,103,0.237788234678377,3,0,FALSE
"predict__sem__all_features__equal_domains__sqrt_hamming__energy",84,26.6881551870055,103,0.237788234678377,4,0,FALSE
"predict__sem__all_features__equal_domains__sqrt_hamming__energy",85,26.6881551870055,103,0.237788234678377,3,0,FALSE
"predict__sem__all_features__equal_domains__sqrt_hamming__energy",86,26.6881551870054,103,0.237788234678377,3,0,FALSE
"predict__sem__all_features__equal_domains__sqrt_hamming__energy",87,26.6881551870053,103,0.237788234678377,3,0,FALSE
"predict__sem__all_features__equal_domains__sqrt_hamming__energy",88,26.6881551870054,103,0.237788234678377,3,0,FALSE
"predict__sem__all_features__equal_domains__sqrt_hamming__energy",89,26.6881551870054,103,0.237788234678377,3,0,FALSE
"predict__sem__all_features__equal_domains__sqrt_hamming__energy",90,26.6881551870055,103,0.237788234678377,3,0,FALSE
"predict__sem__all_features__equal_domains__sqrt_hamming__energy",91,26.6881551870055,103,0.237788234678377,3,0,FALSE
"predict__sem__all_features__equal_domains__sqrt_hamming__energy",92,26.6881551870055,103,0.237788234678377,3,0,FALSE
"predict__sem__all_features__equal_domains__sqrt_hamming__energy",93,26.6881551870055,103,0.237788234678377,2,0,FALSE
"predict__sem__all_features__equal_domains__sqrt_hamming__energy",94,26.6881551870054,103,0.237788234678377,3,0,FALSE
"predict__sem__all_features__equal_domains__sqrt_hamming__energy",95,26.6881551870054,103,0.237788234678377,3,0,FALSE
"predict__sem__all_features__equal_domains__sqrt_hamming__energy",96,26.6881551870055,103,0.237788234678377,3,0,FALSE
"predict__sem__all_features__equal_domains__sqrt_hamming__energy",97,26.6881551870054,103,0.237788234678377,3,0,FALSE
"predict__sem__all_features__equal_domains__sqrt_hamming__energy",98,26.6881551870055,103,0.237788234678377,3,0,FALSE
"predict__sem__all_features__equal_domains__sqrt_hamming__energy",99,26.6881551870054,103,0.237788234678377,3,0,FALSE
"predict__sem__all_features__equal_domains__sqrt_hamming__energy",100,26.6881551870054,103,0.237788234678377,4,0,FALSE
"predict__sem__omit_four_labels__equal_features__sqrt_hamming__energy",1,27.2182366033627,114,0.421311303160522,3,0,TRUE
"predict__sem__omit_four_labels__equal_features__sqrt_hamming__energy",2,27.2892585360783,123,0.609729982672925,4,0,FALSE
"predict__sem__omit_four_labels__equal_features__sqrt_hamming__energy",3,27.6472417612739,118,0.500673346594349,5,0,FALSE
"predict__sem__omit_four_labels__equal_features__sqrt_hamming__energy",4,27.6472417612738,118,0.500673346594349,5,0,FALSE
"predict__sem__omit_four_labels__equal_features__sqrt_hamming__energy",5,27.2237205122492,116,0.460266497608434,6,0,FALSE
"predict__sem__omit_four_labels__equal_features__sqrt_hamming__energy",6,27.8619339982278,100,0.196010109465493,3,0,FALSE
"predict__sem__omit_four_labels__equal_features__sqrt_hamming__energy",7,27.8186109823551,105,0.266883915791478,3,0,FALSE
"predict__sem__omit_four_labels__equal_features__sqrt_hamming__energy",8,27.2287210346425,113,0.402432087290523,4,0,FALSE
"predict__sem__omit_four_labels__equal_features__sqrt_hamming__energy",9,27.2776266550705,119,0.52166760793106,4,0,FALSE
"predict__sem__omit_four_labels__equal_features__sqrt_hamming__energy",10,28.0332307102515,95,0.13570013137231,5,0,FALSE
"predict__sem__omit_four_labels__equal_features__sqrt_hamming__energy",11,27.2802719259768,124,0.632729114264912,3,0,FALSE
"predict__sem__omit_four_labels__equal_features__sqrt_hamming__energy",12,27.7278345239733,115,0.440429377699095,3,0,FALSE
"predict__sem__omit_four_labels__equal_features__sqrt_hamming__energy",13,27.7811207033196,109,0.331199049025183,3,0,FALSE
"predict__sem__omit_four_labels__equal_features__sqrt_hamming__energy",14,27.6438046340667,119,0.521620072713046,3,0,FALSE
"predict__sem__omit_four_labels__equal_features__sqrt_hamming__energy",15,27.2246033067585,112,0.384046959972268,4,0,FALSE
"predict__sem__omit_four_labels__equal_features__sqrt_hamming__energy",16,27.2287210346427,113,0.402432087290523,3,0,FALSE
"predict__sem__omit_four_labels__equal_features__sqrt_hamming__energy",17,28.0964362991043,88,0.0690797557546319,4,0,FALSE
"predict__sem__omit_four_labels__equal_features__sqrt_hamming__energy",18,27.2624239002564,120,0.543027008532379,3,0,FALSE
"predict__sem__omit_four_labels__equal_features__sqrt_hamming__energy",19,27.2831609154327,125,0.656266244901628,4,0,FALSE
"predict__sem__omit_four_labels__equal_features__sqrt_hamming__energy",20,27.2287210346425,113,0.402432087290523,5,0,FALSE
"predict__sem__omit_four_labels__equal_features__sqrt_hamming__energy",21,28.0376726200247,96,0.146924410885491,4,0,FALSE
"predict__sem__omit_four_labels__equal_features__sqrt_hamming__energy",22,27.7304260879644,114,0.421167544141014,4,0,FALSE
"predict__sem__omit_four_labels__equal_features__sqrt_hamming__energy",23,28.0920401866212,77,0.00622041918400379,4,0,FALSE
"predict__sem__omit_four_labels__equal_features__sqrt_hamming__energy",24,27.2765626020009,120,0.543063332735079,6,0,FALSE
"predict__sem__omit_four_labels__equal_features__sqrt_hamming__energy",25,28.0360205123377,97,0.158584101155813,5,0,FALSE
"predict__sem__omit_four_labels__equal_features__sqrt_hamming__energy",26,27.2624239002564,120,0.543027008532379,3,0,FALSE
"predict__sem__omit_four_labels__equal_features__sqrt_hamming__energy",27,27.2665941205652,122,0.587019503903878,3,0,FALSE
"predict__sem__omit_four_labels__equal_features__sqrt_hamming__energy",28,27.2287210346425,113,0.402432087290523,3,0,FALSE
"predict__sem__omit_four_labels__equal_features__sqrt_hamming__energy",29,27.2287210346425,113,0.402432087290523,5,0,FALSE
"predict__sem__omit_four_labels__equal_features__sqrt_hamming__energy",30,27.266594120565,122,0.587019503903878,4,0,FALSE
"predict__sem__omit_four_labels__equal_features__sqrt_hamming__energy",31,28.0785380107977,69,-0.00718708764439355,6,0,FALSE
"predict__sem__omit_four_labels__equal_features__sqrt_hamming__energy",32,27.2709593039199,119,0.521708797479194,3,0,FALSE
"predict__sem__omit_four_labels__equal_features__sqrt_hamming__energy",33,27.6472417612738,118,0.500673346594349,3,0,FALSE
"predict__sem__omit_four_labels__equal_features__sqrt_hamming__energy",34,27.266594120565,122,0.587019503903878,3,0,FALSE
"predict__sem__omit_four_labels__equal_features__sqrt_hamming__energy",35,27.7749338206535,109,0.331199049025183,3,0,FALSE
"predict__sem__omit_four_labels__equal_features__sqrt_hamming__energy",36,27.2287210346427,113,0.402432087290523,4,0,FALSE
"predict__sem__omit_four_labels__equal_features__sqrt_hamming__energy",37,27.2716997569687,118,0.500732885420119,5,0,FALSE
"predict__sem__omit_four_labels__equal_features__sqrt_hamming__energy",38,27.2246033067584,112,0.384046959972268,3,0,FALSE
"predict__sem__omit_four_labels__equal_features__sqrt_hamming__energy",39,27.2665941205649,122,0.587019503903878,3,0,FALSE
"predict__sem__omit_four_labels__equal_features__sqrt_hamming__energy",40,27.2287210346425,113,0.402432087290523,4,0,FALSE
"predict__sem__omit_four_labels__equal_features__sqrt_hamming__energy",41,27.2776266550703,119,0.52166760793106,3,0,FALSE
"predict__sem__omit_four_labels__equal_features__sqrt_hamming__energy",42,27.2287210346426,113,0.402432087290523,3,0,FALSE
"predict__sem__omit_four_labels__equal_features__sqrt_hamming__energy",43,27.2716997569686,118,0.500732885420119,8,0,FALSE
"predict__sem__omit_four_labels__equal_features__sqrt_hamming__energy",44,27.2776266550702,119,0.52166760793106,4,0,FALSE
"predict__sem__omit_four_labels__equal_features__sqrt_hamming__energy",45,27.2665941205649,122,0.587019503903878,5,0,FALSE
"predict__sem__omit_four_labels__equal_features__sqrt_hamming__energy",46,27.2246033067584,112,0.384046959972268,5,0,FALSE
"predict__sem__omit_four_labels__equal_features__sqrt_hamming__energy",47,27.2734416560308,120,0.543086032429433,5,0,FALSE
"predict__sem__omit_four_labels__equal_features__sqrt_hamming__energy",48,28.5119452044129,72,-0.005340581228766,3,0,FALSE
"predict__sem__omit_four_labels__equal_features__sqrt_hamming__energy",49,27.2755746409801,123,0.609753246045657,6,0,FALSE
"predict__sem__omit_four_labels__equal_features__sqrt_hamming__energy",50,27.2287210346426,113,0.402432087290523,3,0,FALSE
"predict__sem__omit_four_labels__equal_features__sqrt_hamming__energy",51,28.4798214560533,79,0.0138306762120771,4,0,FALSE
"predict__sem__omit_four_labels__equal_features__sqrt_hamming__energy",52,27.2816196527761,120,0.543063332735079,3,0,FALSE
"predict__sem__omit_four_labels__equal_features__sqrt_hamming__energy",53,27.6472417612738,118,0.500673346594349,6,0,FALSE
"predict__sem__omit_four_labels__equal_features__sqrt_hamming__energy",54,27.2765626020011,120,0.543063332735079,7,0,FALSE
"predict__sem__omit_four_labels__equal_features__sqrt_hamming__energy",55,27.2624239002564,120,0.543027008532379,3,0,FALSE
"predict__sem__omit_four_labels__equal_features__sqrt_hamming__energy",56,27.2261775205091,118,0.500911416736242,4,0,FALSE
"predict__sem__omit_four_labels__equal_features__sqrt_hamming__energy",57,27.2624239002564,120,0.543027008532379,2,0,FALSE
"predict__sem__omit_four_labels__equal_features__sqrt_hamming__energy",58,27.7952276277269,106,0.282326102618182,4,0,FALSE
"predict__sem__omit_four_labels__equal_features__sqrt_hamming__energy",59,27.2182366033628,114,0.421311303160522,5,0,FALSE
"predict__sem__omit_four_labels__equal_features__sqrt_hamming__energy",60,27.7797447179983,108,0.314486017831047,4,0,FALSE
"predict__sem__omit_four_labels__equal_features__sqrt_hamming__energy",61,27.226177520509,118,0.500911416736242,4,0,FALSE
"predict__sem__omit_four_labels__equal_features__sqrt_hamming__energy",62,27.2287210346425,113,0.402432087290523,3,0,FALSE
"predict__sem__omit_four_labels__equal_features__sqrt_hamming__energy",63,27.2793059062964,120,0.543027008532379,4,0,FALSE
"predict__sem__omit_four_labels__equal_features__sqrt_hamming__energy",64,27.2793059062964,120,0.543027008532379,4,0,FALSE
"predict__sem__omit_four_labels__equal_features__sqrt_hamming__energy",65,27.8127396121757,106,0.282326102618182,5,0,FALSE
"predict__sem__omit_four_labels__equal_features__sqrt_hamming__energy",66,27.266594120565,122,0.587019503903878,3,0,FALSE
"predict__sem__omit_four_labels__equal_features__sqrt_hamming__energy",67,27.2287210346425,113,0.402432087290523,3,0,FALSE
"predict__sem__omit_four_labels__equal_features__sqrt_hamming__energy",68,28.0695974632054,70,-0.00703307378975718,3,0,FALSE
"predict__sem__omit_four_labels__equal_features__sqrt_hamming__energy",69,27.2700946208033,122,0.587046861161047,3,0,FALSE
"predict__sem__omit_four_labels__equal_features__sqrt_hamming__energy",70,27.7763055481027,110,0.34833640148754,3,0,FALSE
"predict__sem__omit_four_labels__equal_features__sqrt_hamming__energy",71,28.0848449761101,74,-0.00202529515037516,4,0,FALSE
"predict__sem__omit_four_labels__equal_features__sqrt_hamming__energy",72,27.580541123538,125,0.656266244901628,4,0,FALSE
"predict__sem__omit_four_labels__equal_features__sqrt_hamming__energy",73,27.2287210346427,113,0.402432087290523,3,0,FALSE
"predict__sem__omit_four_labels__equal_features__sqrt_hamming__energy",74,27.2645383235882,121,0.564811003254715,2,0,FALSE
"predict__sem__omit_four_labels__equal_features__sqrt_hamming__energy",75,27.7972640979543,104,0.251858814521784,3,0,FALSE
"predict__sem__omit_four_labels__equal_features__sqrt_hamming__energy",76,27.2803592841491,124,0.632758308161156,3,0,FALSE
"predict__sem__omit_four_labels__equal_features__sqrt_hamming__energy",77,27.266594120565,122,0.587019503903878,3,0,FALSE
"predict__sem__omit_four_labels__equal_features__sqrt_hamming__energy",78,27.2341965828101,112,0.384046959972268,4,0,FALSE
"predict__sem__omit_four_labels__equal_features__sqrt_hamming__energy",79,27.2793059062963,120,0.543027008532379,4,0,FALSE
"predict__sem__omit_four_labels__equal_features__sqrt_hamming__energy",80,28.1433600289489,79,0.0139286689812781,4,0,FALSE
"predict__sem__omit_four_labels__equal_features__sqrt_hamming__energy",81,27.2828937247797,125,0.656248030032592,3,0,FALSE
"predict__sem__omit_four_labels__equal_features__sqrt_hamming__energy",82,27.2645383235883,121,0.564811003254715,3,0,FALSE
"predict__sem__omit_four_labels__equal_features__sqrt_hamming__energy",83,27.647241761274,118,0.500673346594349,5,0,FALSE
"predict__sem__omit_four_labels__equal_features__sqrt_hamming__energy",84,27.2349464906076,112,0.384085714474941,2,0,FALSE
"predict__sem__omit_four_labels__equal_features__sqrt_hamming__energy",85,28.4377385285076,87,0.0612865442105846,5,0,FALSE
"predict__sem__omit_four_labels__equal_features__sqrt_hamming__energy",86,28.1037190249646,79,0.0140135802965597,3,0,FALSE
"predict__sem__omit_four_labels__equal_features__sqrt_hamming__energy",87,27.2803592841492,124,0.632758308161156,5,0,FALSE
"predict__sem__omit_four_labels__equal_features__sqrt_hamming__energy",88,27.8127396121756,106,0.282326102618182,4,0,FALSE
"predict__sem__omit_four_labels__equal_features__sqrt_hamming__energy",89,27.266594120565,122,0.587019503903878,4,0,FALSE
"predict__sem__omit_four_labels__equal_features__sqrt_hamming__energy",90,27.8018202758528,111,0.365897991119415,3,0,FALSE
"predict__sem__omit_four_labels__equal_features__sqrt_hamming__energy",91,27.2341965828102,112,0.384046959972268,5,0,FALSE
"predict__sem__omit_four_labels__equal_features__sqrt_hamming__energy",92,28.0738677864706,69,-0.00714038708605007,5,0,FALSE
"predict__sem__omit_four_labels__equal_features__sqrt_hamming__energy",93,27.2288512098734,111,0.36608698016197,4,0,FALSE
"predict__sem__omit_four_labels__equal_features__sqrt_hamming__energy",94,28.0971799065893,73,-0.0036427357795974,4,0,FALSE
"predict__sem__omit_four_labels__equal_features__sqrt_hamming__energy",95,27.2624239002564,120,0.543027008532379,3,0,FALSE
"predict__sem__omit_four_labels__equal_features__sqrt_hamming__energy",96,27.2287210346425,113,0.402432087290523,3,0,FALSE
"predict__sem__omit_four_labels__equal_features__sqrt_hamming__energy",97,27.266594120565,122,0.587019503903878,3,0,FALSE
"predict__sem__omit_four_labels__equal_features__sqrt_hamming__energy",98,27.2265785819845,117,0.480419104050152,3,0,FALSE
"predict__sem__omit_four_labels__equal_features__sqrt_hamming__energy",99,27.2665941205649,122,0.587019503903878,3,0,FALSE
"predict__sem__omit_four_labels__equal_features__sqrt_hamming__energy",100,27.6472417612738,118,0.500673346594349,4,0,FALSE
"predict__sem__omit_four_labels__equal_domains__sqrt_hamming__energy",1,26.5451897174725,103,0.237788234678377,3,0,FALSE
"predict__sem__omit_four_labels__equal_domains__sqrt_hamming__energy",2,26.5451897174725,103,0.237788234678377,3,0,FALSE
"predict__sem__omit_four_labels__equal_domains__sqrt_hamming__energy",3,26.5451897174724,103,0.237788234678377,3,0,FALSE
"predict__sem__omit_four_labels__equal_domains__sqrt_hamming__energy",4,26.5451897174725,103,0.237788234678377,3,0,FALSE
"predict__sem__omit_four_labels__equal_domains__sqrt_hamming__energy",5,26.5451897174724,103,0.237788234678377,3,0,FALSE
"predict__sem__omit_four_labels__equal_domains__sqrt_hamming__energy",6,26.5451897174726,103,0.237788234678377,3,0,FALSE
"predict__sem__omit_four_labels__equal_domains__sqrt_hamming__energy",7,26.5451897174726,103,0.237788234678377,3,0,FALSE
"predict__sem__omit_four_labels__equal_domains__sqrt_hamming__energy",8,26.5451897174725,103,0.237788234678377,4,0,FALSE
"predict__sem__omit_four_labels__equal_domains__sqrt_hamming__energy",9,26.5451897174725,103,0.237788234678377,4,0,FALSE
"predict__sem__omit_four_labels__equal_domains__sqrt_hamming__energy",10,26.5451897174725,103,0.237788234678377,3,0,FALSE
"predict__sem__omit_four_labels__equal_domains__sqrt_hamming__energy",11,26.5451897174725,103,0.237788234678377,4,0,FALSE
"predict__sem__omit_four_labels__equal_domains__sqrt_hamming__energy",12,26.5451897174725,103,0.237788234678377,3,0,FALSE
"predict__sem__omit_four_labels__equal_domains__sqrt_hamming__energy",13,26.5451897174725,103,0.237788234678377,4,0,FALSE
"predict__sem__omit_four_labels__equal_domains__sqrt_hamming__energy",14,26.5451897174725,103,0.237788234678377,4,0,FALSE
"predict__sem__omit_four_labels__equal_domains__sqrt_hamming__energy",15,26.5451897174725,103,0.237788234678377,3,0,FALSE
"predict__sem__omit_four_labels__equal_domains__sqrt_hamming__energy",16,26.5451897174725,103,0.237788234678377,3,0,FALSE
"predict__sem__omit_four_labels__equal_domains__sqrt_hamming__energy",17,26.5451897174724,103,0.237788234678377,3,0,FALSE
"predict__sem__omit_four_labels__equal_domains__sqrt_hamming__energy",18,26.5451897174725,103,0.237788234678377,3,0,FALSE
"predict__sem__omit_four_labels__equal_domains__sqrt_hamming__energy",19,26.5451897174725,103,0.237788234678377,3,0,FALSE
"predict__sem__omit_four_labels__equal_domains__sqrt_hamming__energy",20,26.5451897174724,103,0.237788234678377,3,0,FALSE
"predict__sem__omit_four_labels__equal_domains__sqrt_hamming__energy",21,26.5451897174725,103,0.237788234678377,3,0,FALSE
"predict__sem__omit_four_labels__equal_domains__sqrt_hamming__energy",22,26.5451897174725,103,0.237788234678377,3,0,FALSE
"predict__sem__omit_four_labels__equal_domains__sqrt_hamming__energy",23,26.5451897174725,103,0.237788234678377,3,0,FALSE
"predict__sem__omit_four_labels__equal_domains__sqrt_hamming__energy",24,26.5451897174725,103,0.237788234678377,3,0,FALSE
"predict__sem__omit_four_labels__equal_domains__sqrt_hamming__energy",25,26.5451897174724,103,0.237788234678377,4,0,TRUE
"predict__sem__omit_four_labels__equal_domains__sqrt_hamming__energy",26,26.5451897174725,103,0.237788234678377,3,0,FALSE
"predict__sem__omit_four_labels__equal_domains__sqrt_hamming__energy",27,26.5451897174726,103,0.237788234678377,3,0,FALSE
"predict__sem__omit_four_labels__equal_domains__sqrt_hamming__energy",28,26.5451897174724,103,0.237788234678377,3,0,FALSE
"predict__sem__omit_four_labels__equal_domains__sqrt_hamming__energy",29,26.5451897174725,103,0.237788234678377,3,0,FALSE
"predict__sem__omit_four_labels__equal_domains__sqrt_hamming__energy",30,26.5451897174724,103,0.237788234678377,3,0,FALSE
"predict__sem__omit_four_labels__equal_domains__sqrt_hamming__energy",31,26.5451897174725,103,0.237788234678377,2,0,FALSE
"predict__sem__omit_four_labels__equal_domains__sqrt_hamming__energy",32,26.5451897174725,103,0.237788234678377,2,0,FALSE
"predict__sem__omit_four_labels__equal_domains__sqrt_hamming__energy",33,26.5451897174726,103,0.237788234678377,4,0,FALSE
"predict__sem__omit_four_labels__equal_domains__sqrt_hamming__energy",34,26.5451897174724,103,0.237788234678377,3,0,FALSE
"predict__sem__omit_four_labels__equal_domains__sqrt_hamming__energy",35,26.5451897174725,103,0.237788234678377,4,0,FALSE
"predict__sem__omit_four_labels__equal_domains__sqrt_hamming__energy",36,26.5451897174726,103,0.237788234678377,3,0,FALSE
"predict__sem__omit_four_labels__equal_domains__sqrt_hamming__energy",37,26.5451897174725,103,0.237788234678377,3,0,FALSE
"predict__sem__omit_four_labels__equal_domains__sqrt_hamming__energy",38,26.5451897174725,103,0.237788234678377,2,0,FALSE
"predict__sem__omit_four_labels__equal_domains__sqrt_hamming__energy",39,26.5451897174725,103,0.237788234678377,3,0,FALSE
"predict__sem__omit_four_labels__equal_domains__sqrt_hamming__energy",40,26.5451897174725,103,0.237788234678377,4,0,FALSE
"predict__sem__omit_four_labels__equal_domains__sqrt_hamming__energy",41,26.5451897174725,103,0.237788234678377,3,0,FALSE
"predict__sem__omit_four_labels__equal_domains__sqrt_hamming__energy",42,26.5451897174725,103,0.237788234678377,2,0,FALSE
"predict__sem__omit_four_labels__equal_domains__sqrt_hamming__energy",43,26.5451897174724,103,0.237788234678377,3,0,FALSE
"predict__sem__omit_four_labels__equal_domains__sqrt_hamming__energy",44,26.5451897174725,103,0.237788234678377,3,0,FALSE
"predict__sem__omit_four_labels__equal_domains__sqrt_hamming__energy",45,26.5451897174725,103,0.237788234678377,3,0,FALSE
"predict__sem__omit_four_labels__equal_domains__sqrt_hamming__energy",46,26.5451897174725,103,0.237788234678377,3,0,FALSE
"predict__sem__omit_four_labels__equal_domains__sqrt_hamming__energy",47,26.5451897174726,103,0.237788234678377,3,0,FALSE
"predict__sem__omit_four_labels__equal_domains__sqrt_hamming__energy",48,26.5451897174726,103,0.237788234678377,3,0,FALSE
"predict__sem__omit_four_labels__equal_domains__sqrt_hamming__energy",49,26.5451897174725,103,0.237788234678377,3,0,FALSE
"predict__sem__omit_four_labels__equal_domains__sqrt_hamming__energy",50,26.5451897174725,103,0.237788234678377,3,0,FALSE
"predict__sem__omit_four_labels__equal_domains__sqrt_hamming__energy",51,26.5451897174725,103,0.237788234678377,3,0,FALSE
"predict__sem__omit_four_labels__equal_domains__sqrt_hamming__energy",52,26.5451897174725,103,0.237788234678377,3,0,FALSE
"predict__sem__omit_four_labels__equal_domains__sqrt_hamming__energy",53,26.5451897174724,103,0.237788234678377,4,0,FALSE
"predict__sem__omit_four_labels__equal_domains__sqrt_hamming__energy",54,26.5451897174724,103,0.237788234678377,3,0,FALSE
"predict__sem__omit_four_labels__equal_domains__sqrt_hamming__energy",55,26.5451897174725,103,0.237788234678377,3,0,FALSE
"predict__sem__omit_four_labels__equal_domains__sqrt_hamming__energy",56,26.5451897174725,103,0.237788234678377,3,0,FALSE
"predict__sem__omit_four_labels__equal_domains__sqrt_hamming__energy",57,26.5451897174725,103,0.237788234678377,3,0,FALSE
"predict__sem__omit_four_labels__equal_domains__sqrt_hamming__energy",58,26.5451897174725,103,0.237788234678377,3,0,FALSE
"predict__sem__omit_four_labels__equal_domains__sqrt_hamming__energy",59,26.5451897174725,103,0.237788234678377,2,0,FALSE
"predict__sem__omit_four_labels__equal_domains__sqrt_hamming__energy",60,26.5451897174724,103,0.237788234678377,3,0,FALSE
"predict__sem__omit_four_labels__equal_domains__sqrt_hamming__energy",61,26.5451897174725,103,0.237788234678377,2,0,FALSE
"predict__sem__omit_four_labels__equal_domains__sqrt_hamming__energy",62,26.5451897174725,103,0.237788234678377,2,0,FALSE
"predict__sem__omit_four_labels__equal_domains__sqrt_hamming__energy",63,26.5451897174727,103,0.237788234678377,3,0,FALSE
"predict__sem__omit_four_labels__equal_domains__sqrt_hamming__energy",64,26.5451897174725,103,0.237788234678377,3,0,FALSE
"predict__sem__omit_four_labels__equal_domains__sqrt_hamming__energy",65,26.5451897174726,103,0.237788234678377,4,0,FALSE
"predict__sem__omit_four_labels__equal_domains__sqrt_hamming__energy",66,26.5451897174725,103,0.237788234678377,3,0,FALSE
"predict__sem__omit_four_labels__equal_domains__sqrt_hamming__energy",67,26.5451897174725,103,0.237788234678377,3,0,FALSE
"predict__sem__omit_four_labels__equal_domains__sqrt_hamming__energy",68,26.5451897174725,103,0.237788234678377,4,0,FALSE
"predict__sem__omit_four_labels__equal_domains__sqrt_hamming__energy",69,26.5451897174726,103,0.237788234678377,4,0,FALSE
"predict__sem__omit_four_labels__equal_domains__sqrt_hamming__energy",70,26.5451897174725,103,0.237788234678377,4,0,FALSE
"predict__sem__omit_four_labels__equal_domains__sqrt_hamming__energy",71,26.5451897174725,103,0.237788234678377,3,0,FALSE
"predict__sem__omit_four_labels__equal_domains__sqrt_hamming__energy",72,26.5451897174725,103,0.237788234678377,3,0,FALSE
"predict__sem__omit_four_labels__equal_domains__sqrt_hamming__energy",73,26.5451897174725,103,0.237788234678377,3,0,FALSE
"predict__sem__omit_four_labels__equal_domains__sqrt_hamming__energy",74,26.5451897174724,103,0.237788234678377,3,0,FALSE
"predict__sem__omit_four_labels__equal_domains__sqrt_hamming__energy",75,26.5451897174726,103,0.237788234678377,3,0,FALSE
"predict__sem__omit_four_labels__equal_domains__sqrt_hamming__energy",76,26.5451897174725,103,0.237788234678377,3,0,FALSE
"predict__sem__omit_four_labels__equal_domains__sqrt_hamming__energy",77,26.5451897174725,103,0.237788234678377,3,0,FALSE
"predict__sem__omit_four_labels__equal_domains__sqrt_hamming__energy",78,26.5451897174725,103,0.237788234678377,3,0,FALSE
"predict__sem__omit_four_labels__equal_domains__sqrt_hamming__energy",79,26.5451897174725,103,0.237788234678377,3,0,FALSE
"predict__sem__omit_four_labels__equal_domains__sqrt_hamming__energy",80,26.5451897174725,103,0.237788234678377,3,0,FALSE
"predict__sem__omit_four_labels__equal_domains__sqrt_hamming__energy",81,26.5451897174725,103,0.237788234678377,3,0,FALSE
"predict__sem__omit_four_labels__equal_domains__sqrt_hamming__energy",82,26.5451897174725,103,0.237788234678377,3,0,FALSE
"predict__sem__omit_four_labels__equal_domains__sqrt_hamming__energy",83,26.5451897174726,103,0.237788234678377,3,0,FALSE
"predict__sem__omit_four_labels__equal_domains__sqrt_hamming__energy",84,26.5451897174725,103,0.237788234678377,4,0,FALSE
"predict__sem__omit_four_labels__equal_domains__sqrt_hamming__energy",85,26.5451897174725,103,0.237788234678377,3,0,FALSE
"predict__sem__omit_four_labels__equal_domains__sqrt_hamming__energy",86,26.5451897174725,103,0.237788234678377,3,0,FALSE
"predict__sem__omit_four_labels__equal_domains__sqrt_hamming__energy",87,26.5451897174725,103,0.237788234678377,3,0,FALSE
"predict__sem__omit_four_labels__equal_domains__sqrt_hamming__energy",88,26.5451897174725,103,0.237788234678377,3,0,FALSE
"predict__sem__omit_four_labels__equal_domains__sqrt_hamming__energy",89,26.5451897174726,103,0.237788234678377,3,0,FALSE
"predict__sem__omit_four_labels__equal_domains__sqrt_hamming__energy",90,26.5451897174725,103,0.237788234678377,3,0,FALSE
"predict__sem__omit_four_labels__equal_domains__sqrt_hamming__energy",91,26.5451897174725,103,0.237788234678377,3,0,FALSE
"predict__sem__omit_four_labels__equal_domains__sqrt_hamming__energy",92,26.5451897174725,103,0.237788234678377,3,0,FALSE
"predict__sem__omit_four_labels__equal_domains__sqrt_hamming__energy",93,26.5451897174725,103,0.237788234678377,2,0,FALSE
"predict__sem__omit_four_labels__equal_domains__sqrt_hamming__energy",94,26.5451897174724,103,0.237788234678377,3,0,FALSE
"predict__sem__omit_four_labels__equal_domains__sqrt_hamming__energy",95,26.5451897174725,103,0.237788234678377,3,0,FALSE
"predict__sem__omit_four_labels__equal_domains__sqrt_hamming__energy",96,26.5451897174725,103,0.237788234678377,3,0,FALSE
"predict__sem__omit_four_labels__equal_domains__sqrt_hamming__energy",97,26.5451897174725,103,0.237788234678377,3,0,FALSE
"predict__sem__omit_four_labels__equal_domains__sqrt_hamming__energy",98,26.5451897174725,103,0.237788234678377,2,0,FALSE
"predict__sem__omit_four_labels__equal_domains__sqrt_hamming__energy",99,26.5451897174725,103,0.237788234678377,3,0,FALSE
"predict__sem__omit_four_labels__equal_domains__sqrt_hamming__energy",100,26.5451897174725,103,0.237788234678377,4,0,FALSE
"predict__synt__all_features__equal_features__sqrt_hamming__energy",1,25.612650791171,129,0.754373152541918,4,0,FALSE
"predict__synt__all_features__equal_features__sqrt_hamming__energy",2,25.612650791171,129,0.754373152541918,3,0,FALSE
"predict__synt__all_features__equal_features__sqrt_hamming__energy",3,25.6036088034356,125,0.656232090438534,4,0,FALSE
"predict__synt__all_features__equal_features__sqrt_hamming__energy",4,25.612650791171,129,0.754373152541918,3,0,FALSE
"predict__synt__all_features__equal_features__sqrt_hamming__energy",5,25.612650791171,129,0.754373152541918,3,0,FALSE
"predict__synt__all_features__equal_features__sqrt_hamming__energy",6,25.612650791171,129,0.754373152541918,3,0,FALSE
"predict__synt__all_features__equal_features__sqrt_hamming__energy",7,25.6126507911711,129,0.754373152541918,3,0,FALSE
"predict__synt__all_features__equal_features__sqrt_hamming__energy",8,25.612650791171,129,0.754373152541918,3,0,FALSE
"predict__synt__all_features__equal_features__sqrt_hamming__energy",9,25.6126507911712,129,0.754373152541918,4,0,FALSE
"predict__synt__all_features__equal_features__sqrt_hamming__energy",10,25.6036088034355,125,0.656232090438534,3,0,FALSE
"predict__synt__all_features__equal_features__sqrt_hamming__energy",11,25.6036809878471,124,0.632758308161156,5,0,FALSE
"predict__synt__all_features__equal_features__sqrt_hamming__energy",12,25.6126507911711,129,0.754373152541918,3,0,FALSE
"predict__synt__all_features__equal_features__sqrt_hamming__energy",13,25.612650791171,129,0.754373152541918,4,0,FALSE
"predict__synt__all_features__equal_features__sqrt_hamming__energy",14,25.612650791171,129,0.754373152541918,3,0,FALSE
"predict__synt__all_features__equal_features__sqrt_hamming__energy",15,25.6126507911711,129,0.754373152541918,5,0,FALSE
"predict__synt__all_features__equal_features__sqrt_hamming__energy",16,25.612650791171,129,0.754373152541918,4,0,FALSE
"predict__synt__all_features__equal_features__sqrt_hamming__energy",17,25.6036088034355,125,0.656232090438534,3,0,FALSE
"predict__synt__all_features__equal_features__sqrt_hamming__energy",18,25.609227283287,123,0.60970930179085,3,0,FALSE
"predict__synt__all_features__equal_features__sqrt_hamming__energy",19,25.603680987847,124,0.632758308161156,3,0,FALSE
"predict__synt__all_features__equal_features__sqrt_hamming__energy",20,25.612650791171,129,0.754373152541918,4,0,FALSE
"predict__synt__all_features__equal_features__sqrt_hamming__energy",21,25.612650791171,129,0.754373152541918,6,0,FALSE
"predict__synt__all_features__equal_features__sqrt_hamming__energy",22,27.3433299461677,79,0.0138372096692871,4,0,FALSE
"predict__synt__all_features__equal_features__sqrt_hamming__energy",23,25.612650791171,129,0.754373152541918,3,0,FALSE
"predict__synt__all_features__equal_features__sqrt_hamming__energy",24,25.612650791171,129,0.754373152541918,3,0,FALSE
"predict__synt__all_features__equal_features__sqrt_hamming__energy",25,25.612650791171,129,0.754373152541918,3,0,FALSE
"predict__synt__all_features__equal_features__sqrt_hamming__energy",26,25.609227283287,123,0.60970930179085,3,0,FALSE
"predict__synt__all_features__equal_features__sqrt_hamming__energy",27,25.6126507911711,129,0.754373152541918,4,0,FALSE
"predict__synt__all_features__equal_features__sqrt_hamming__energy",28,25.6036809878471,124,0.632758308161156,3,0,FALSE
"predict__synt__all_features__equal_features__sqrt_hamming__energy",29,25.603680987847,124,0.632758308161156,4,0,FALSE
"predict__synt__all_features__equal_features__sqrt_hamming__energy",30,25.609227283287,123,0.60970930179085,3,0,FALSE
"predict__synt__all_features__equal_features__sqrt_hamming__energy",31,25.6036809878471,124,0.632758308161156,5,0,FALSE
"predict__synt__all_features__equal_features__sqrt_hamming__energy",32,25.612650791171,129,0.754373152541918,4,0,FALSE
"predict__synt__all_features__equal_features__sqrt_hamming__energy",33,25.609227283287,123,0.60970930179085,3,0,FALSE
"predict__synt__all_features__equal_features__sqrt_hamming__energy",34,25.6036809878471,124,0.632758308161156,3,0,FALSE
"predict__synt__all_features__equal_features__sqrt_hamming__energy",35,25.6036088034355,125,0.656232090438534,3,0,FALSE
"predict__synt__all_features__equal_features__sqrt_hamming__energy",36,25.612650791171,129,0.754373152541918,4,0,FALSE
"predict__synt__all_features__equal_features__sqrt_hamming__energy",37,25.603680987847,124,0.632758308161156,3,0,FALSE
"predict__synt__all_features__equal_features__sqrt_hamming__energy",38,25.6036088034356,125,0.656232090438534,3,0,FALSE
"predict__synt__all_features__equal_features__sqrt_hamming__energy",39,25.612650791171,129,0.754373152541918,4,0,FALSE
"predict__synt__all_features__equal_features__sqrt_hamming__energy",40,25.612650791171,129,0.754373152541918,4,0,FALSE
"predict__synt__all_features__equal_features__sqrt_hamming__energy",41,25.612650791171,129,0.754373152541918,4,0,FALSE
"predict__synt__all_features__equal_features__sqrt_hamming__energy",42,25.6092272832869,123,0.60970930179085,3,0,FALSE
"predict__synt__all_features__equal_features__sqrt_hamming__energy",43,25.612650791171,129,0.754373152541918,4,0,FALSE
"predict__synt__all_features__equal_features__sqrt_hamming__energy",44,25.6092272832869,123,0.60970930179085,3,0,FALSE
"predict__synt__all_features__equal_features__sqrt_hamming__energy",45,25.6126507911709,129,0.754373152541918,5,0,FALSE
"predict__synt__all_features__equal_features__sqrt_hamming__energy",46,25.612650791171,129,0.754373152541918,4,0,FALSE
"predict__synt__all_features__equal_features__sqrt_hamming__energy",47,25.609227283287,123,0.60970930179085,3,0,FALSE
"predict__synt__all_features__equal_features__sqrt_hamming__energy",48,25.612650791171,129,0.754373152541918,4,0,FALSE
"predict__synt__all_features__equal_features__sqrt_hamming__energy",49,25.6126507911711,129,0.754373152541918,3,0,FALSE
"predict__synt__all_features__equal_features__sqrt_hamming__energy",50,25.609227283287,123,0.60970930179085,4,0,FALSE
"predict__synt__all_features__equal_features__sqrt_hamming__energy",51,25.612650791171,129,0.754373152541918,4,0,FALSE
"predict__synt__all_features__equal_features__sqrt_hamming__energy",52,25.6036088034355,125,0.656232090438534,3,0,FALSE
"predict__synt__all_features__equal_features__sqrt_hamming__energy",53,25.612650791171,129,0.754373152541918,4,0,FALSE
"predict__synt__all_features__equal_features__sqrt_hamming__energy",54,25.6126507911711,129,0.754373152541918,3,0,FALSE
"predict__synt__all_features__equal_features__sqrt_hamming__energy",55,25.609227283287,123,0.60970930179085,3,0,FALSE
"predict__synt__all_features__equal_features__sqrt_hamming__energy",56,25.612650791171,129,0.754373152541918,3,0,FALSE
"predict__synt__all_features__equal_features__sqrt_hamming__energy",57,25.612650791171,129,0.754373152541918,3,0,FALSE
"predict__synt__all_features__equal_features__sqrt_hamming__energy",58,25.612650791171,129,0.754373152541918,3,0,FALSE
"predict__synt__all_features__equal_features__sqrt_hamming__energy",59,25.612650791171,129,0.754373152541918,3,0,FALSE
"predict__synt__all_features__equal_features__sqrt_hamming__energy",60,25.612650791171,129,0.754373152541918,4,0,FALSE
"predict__synt__all_features__equal_features__sqrt_hamming__energy",61,25.612650791171,129,0.754373152541918,4,0,FALSE
"predict__synt__all_features__equal_features__sqrt_hamming__energy",62,25.612650791171,129,0.754373152541918,3,0,FALSE
"predict__synt__all_features__equal_features__sqrt_hamming__energy",63,25.6126507911711,129,0.754373152541918,3,0,FALSE
"predict__synt__all_features__equal_features__sqrt_hamming__energy",64,25.612650791171,129,0.754373152541918,3,0,FALSE
"predict__synt__all_features__equal_features__sqrt_hamming__energy",65,25.612650791171,129,0.754373152541918,3,0,FALSE
"predict__synt__all_features__equal_features__sqrt_hamming__energy",66,25.6126507911709,129,0.754373152541918,5,0,FALSE
"predict__synt__all_features__equal_features__sqrt_hamming__energy",67,25.6036088034355,125,0.656232090438534,3,0,FALSE
"predict__synt__all_features__equal_features__sqrt_hamming__energy",68,25.892827608207,116,0.460137789416631,4,0,FALSE
"predict__synt__all_features__equal_features__sqrt_hamming__energy",69,25.612650791171,129,0.754373152541918,3,0,FALSE
"predict__synt__all_features__equal_features__sqrt_hamming__energy",70,25.612650791171,129,0.754373152541918,3,0,FALSE
"predict__synt__all_features__equal_features__sqrt_hamming__energy",71,25.612650791171,129,0.754373152541918,4,0,FALSE
"predict__synt__all_features__equal_features__sqrt_hamming__energy",72,25.6036809878471,124,0.632758308161156,4,0,FALSE
"predict__synt__all_features__equal_features__sqrt_hamming__energy",73,25.6036088034357,125,0.656232090438534,2,0,FALSE
"predict__synt__all_features__equal_features__sqrt_hamming__energy",74,25.6036809878471,124,0.632758308161156,2,0,FALSE
"predict__synt__all_features__equal_features__sqrt_hamming__energy",75,25.603680987847,124,0.632758308161156,5,0,FALSE
"predict__synt__all_features__equal_features__sqrt_hamming__energy",76,25.612650791171,129,0.754373152541918,2,0,FALSE
"predict__synt__all_features__equal_features__sqrt_hamming__energy",77,25.612650791171,129,0.754373152541918,3,0,FALSE
"predict__synt__all_features__equal_features__sqrt_hamming__energy",78,25.612650791171,129,0.754373152541918,3,0,FALSE
"predict__synt__all_features__equal_features__sqrt_hamming__energy",79,25.612650791171,129,0.754373152541918,4,0,FALSE
"predict__synt__all_features__equal_features__sqrt_hamming__energy",80,25.612650791171,129,0.754373152541918,4,0,FALSE
"predict__synt__all_features__equal_features__sqrt_hamming__energy",81,25.6273379225487,127,0.704453625952981,3,0,FALSE
"predict__synt__all_features__equal_features__sqrt_hamming__energy",82,25.6036088034355,125,0.656232090438534,3,0,TRUE
"predict__synt__all_features__equal_features__sqrt_hamming__energy",83,25.6126507911711,129,0.754373152541918,3,0,FALSE
"predict__synt__all_features__equal_features__sqrt_hamming__energy",84,25.603680987847,124,0.632758308161156,3,0,FALSE
"predict__synt__all_features__equal_features__sqrt_hamming__energy",85,25.612650791171,129,0.754373152541918,3,0,FALSE
"predict__synt__all_features__equal_features__sqrt_hamming__energy",86,25.612650791171,129,0.754373152541918,5,0,FALSE
"predict__synt__all_features__equal_features__sqrt_hamming__energy",87,25.612650791171,129,0.754373152541918,4,0,FALSE
"predict__synt__all_features__equal_features__sqrt_hamming__energy",88,25.612650791171,129,0.754373152541918,4,0,FALSE
"predict__synt__all_features__equal_features__sqrt_hamming__energy",89,25.612650791171,129,0.754373152541918,3,0,FALSE
"predict__synt__all_features__equal_features__sqrt_hamming__energy",90,25.6036809878472,124,0.632758308161156,5,0,FALSE
"predict__synt__all_features__equal_features__sqrt_hamming__energy",91,25.6036809878471,124,0.632758308161156,5,0,FALSE
"predict__synt__all_features__equal_features__sqrt_hamming__energy",92,25.8226757794611,115,0.440618363712426,10,0,FALSE
"predict__synt__all_features__equal_features__sqrt_hamming__energy",93,25.609227283287,123,0.60970930179085,3,0,FALSE
"predict__synt__all_features__equal_features__sqrt_hamming__energy",94,25.6036809878471,124,0.632758308161156,4,0,FALSE
"predict__synt__all_features__equal_features__sqrt_hamming__energy",95,25.612650791171,129,0.754373152541918,3,0,FALSE
"predict__synt__all_features__equal_features__sqrt_hamming__energy",96,25.612650791171,129,0.754373152541918,4,0,FALSE
"predict__synt__all_features__equal_features__sqrt_hamming__energy",97,25.612650791171,129,0.754373152541918,3,0,FALSE
"predict__synt__all_features__equal_features__sqrt_hamming__energy",98,25.6036809878472,124,0.632758308161156,3,0,FALSE
"predict__synt__all_features__equal_features__sqrt_hamming__energy",99,25.612650791171,129,0.754373152541918,4,0,FALSE
"predict__synt__all_features__equal_features__sqrt_hamming__energy",100,25.612650791171,129,0.754373152541918,5,0,FALSE
"predict__synt__all_features__equal_domains__sqrt_hamming__energy",1,26.365820640822,107,0.2985552169859,3,0,FALSE
"predict__synt__all_features__equal_domains__sqrt_hamming__energy",2,26.365820640822,107,0.2985552169859,4,0,FALSE
"predict__synt__all_features__equal_domains__sqrt_hamming__energy",3,26.3658206408221,107,0.2985552169859,3,0,FALSE
"predict__synt__all_features__equal_domains__sqrt_hamming__energy",4,26.2687655706494,103,0.237788234678377,3,0,FALSE
"predict__synt__all_features__equal_domains__sqrt_hamming__energy",5,26.2687655706494,103,0.237788234678377,3,0,FALSE
"predict__synt__all_features__equal_domains__sqrt_hamming__energy",6,26.3658206408221,107,0.2985552169859,3,0,FALSE
"predict__synt__all_features__equal_domains__sqrt_hamming__energy",7,26.365820640822,107,0.2985552169859,3,0,FALSE
"predict__synt__all_features__equal_domains__sqrt_hamming__energy",8,26.2687655706495,103,0.237788234678377,3,0,FALSE
"predict__synt__all_features__equal_domains__sqrt_hamming__energy",9,26.3658206408221,107,0.2985552169859,4,0,FALSE
"predict__synt__all_features__equal_domains__sqrt_hamming__energy",10,26.2687655706495,103,0.237788234678377,3,0,FALSE
"predict__synt__all_features__equal_domains__sqrt_hamming__energy",11,29.479603435845,82,0.028441690175143,4,0,FALSE
"predict__synt__all_features__equal_domains__sqrt_hamming__energy",12,26.3658206408221,107,0.2985552169859,3,0,FALSE
"predict__synt__all_features__equal_domains__sqrt_hamming__energy",13,26.2687655706495,103,0.237788234678377,4,0,FALSE
"predict__synt__all_features__equal_domains__sqrt_hamming__energy",14,26.365820640822,107,0.2985552169859,3,0,FALSE
"predict__synt__all_features__equal_domains__sqrt_hamming__energy",15,26.2687655706494,103,0.237788234678377,3,0,FALSE
"predict__synt__all_features__equal_domains__sqrt_hamming__energy",16,26.365820640822,107,0.2985552169859,3,0,FALSE
"predict__synt__all_features__equal_domains__sqrt_hamming__energy",17,26.365820640822,107,0.2985552169859,3,0,FALSE
"predict__synt__all_features__equal_domains__sqrt_hamming__energy",18,26.365820640822,107,0.2985552169859,2,0,FALSE
"predict__synt__all_features__equal_domains__sqrt_hamming__energy",19,26.2687655706494,103,0.237788234678377,4,0,FALSE
"predict__synt__all_features__equal_domains__sqrt_hamming__energy",20,26.3658206408221,107,0.2985552169859,3,0,FALSE
"predict__synt__all_features__equal_domains__sqrt_hamming__energy",21,26.2687655706494,103,0.237788234678377,3,0,FALSE
"predict__synt__all_features__equal_domains__sqrt_hamming__energy",22,26.3658206408221,107,0.2985552169859,2,0,FALSE
"predict__synt__all_features__equal_domains__sqrt_hamming__energy",23,26.2687655706494,103,0.237788234678377,2,0,FALSE
"predict__synt__all_features__equal_domains__sqrt_hamming__energy",24,26.365820640822,107,0.2985552169859,2,0,FALSE
"predict__synt__all_features__equal_domains__sqrt_hamming__energy",25,26.365820640822,107,0.2985552169859,3,0,FALSE
"predict__synt__all_features__equal_domains__sqrt_hamming__energy",26,26.2687655706494,103,0.237788234678377,2,0,FALSE
"predict__synt__all_features__equal_domains__sqrt_hamming__energy",27,26.365820640822,107,0.2985552169859,2,0,FALSE
"predict__synt__all_features__equal_domains__sqrt_hamming__energy",28,26.2687655706495,103,0.237788234678377,2,0,FALSE
"predict__synt__all_features__equal_domains__sqrt_hamming__energy",29,26.2687655706494,103,0.237788234678377,3,0,FALSE
"predict__synt__all_features__equal_domains__sqrt_hamming__energy",30,26.365820640822,107,0.2985552169859,3,0,FALSE
"predict__synt__all_features__equal_domains__sqrt_hamming__energy",31,26.2687655706493,103,0.237788234678377,2,0,FALSE
"predict__synt__all_features__equal_domains__sqrt_hamming__energy",32,26.3658206408221,107,0.2985552169859,2,0,FALSE
"predict__synt__all_features__equal_domains__sqrt_hamming__energy",33,26.365820640822,107,0.2985552169859,3,0,FALSE
"predict__synt__all_features__equal_domains__sqrt_hamming__energy",34,26.2687655706494,103,0.237788234678377,3,0,FALSE
"predict__synt__all_features__equal_domains__sqrt_hamming__energy",35,26.2687655706494,103,0.237788234678377,3,0,FALSE
"predict__synt__all_features__equal_domains__sqrt_hamming__energy",36,26.3658206408222,107,0.2985552169859,3,0,FALSE
"predict__synt__all_features__equal_domains__sqrt_hamming__energy",37,26.2687655706494,103,0.237788234678377,3,0,FALSE
"predict__synt__all_features__equal_domains__sqrt_hamming__energy",38,26.2687655706493,103,0.237788234678377,2,0,FALSE
"predict__synt__all_features__equal_domains__sqrt_hamming__energy",39,26.365820640822,107,0.2985552169859,3,0,FALSE
"predict__synt__all_features__equal_domains__sqrt_hamming__energy",40,26.2687655706494,103,0.237788234678377,3,0,FALSE
"predict__synt__all_features__equal_domains__sqrt_hamming__energy",41,26.365820640822,107,0.2985552169859,3,0,FALSE
"predict__synt__all_features__equal_domains__sqrt_hamming__energy",42,26.2687655706493,103,0.237788234678377,3,0,TRUE
"predict__synt__all_features__equal_domains__sqrt_hamming__energy",43,26.365820640822,107,0.2985552169859,3,0,FALSE
"predict__synt__all_features__equal_domains__sqrt_hamming__energy",44,26.3658206408221,107,0.2985552169859,3,0,FALSE
"predict__synt__all_features__equal_domains__sqrt_hamming__energy",45,26.365820640822,107,0.2985552169859,3,0,FALSE
"predict__synt__all_features__equal_domains__sqrt_hamming__energy",46,26.2687655706494,103,0.237788234678377,3,0,FALSE
"predict__synt__all_features__equal_domains__sqrt_hamming__energy",47,26.3658206408221,107,0.2985552169859,3,0,FALSE
"predict__synt__all_features__equal_domains__sqrt_hamming__energy",48,26.365820640822,107,0.2985552169859,3,0,FALSE
"predict__synt__all_features__equal_domains__sqrt_hamming__energy",49,26.2687655706495,103,0.237788234678377,3,0,FALSE
"predict__synt__all_features__equal_domains__sqrt_hamming__energy",50,26.3658206408221,107,0.2985552169859,2,0,FALSE
"predict__synt__all_features__equal_domains__sqrt_hamming__energy",51,26.2687655706494,103,0.237788234678377,3,0,FALSE
"predict__synt__all_features__equal_domains__sqrt_hamming__energy",52,26.2687655706494,103,0.237788234678377,2,0,FALSE
"predict__synt__all_features__equal_domains__sqrt_hamming__energy",53,26.365820640822,107,0.2985552169859,3,0,FALSE
"predict__synt__all_features__equal_domains__sqrt_hamming__energy",54,26.3658206408221,107,0.2985552169859,3,0,FALSE
"predict__synt__all_features__equal_domains__sqrt_hamming__energy",55,26.2687655706494,103,0.237788234678377,3,0,FALSE
"predict__synt__all_features__equal_domains__sqrt_hamming__energy",56,26.2687655706494,103,0.237788234678377,3,0,FALSE
"predict__synt__all_features__equal_domains__sqrt_hamming__energy",57,26.365820640822,107,0.2985552169859,3,0,FALSE
"predict__synt__all_features__equal_domains__sqrt_hamming__energy",58,26.365820640822,107,0.2985552169859,3,0,FALSE
"predict__synt__all_features__equal_domains__sqrt_hamming__energy",59,26.2687655706494,103,0.237788234678377,3,0,FALSE
"predict__synt__all_features__equal_domains__sqrt_hamming__energy",60,26.365820640822,107,0.2985552169859,3,0,FALSE
"predict__synt__all_features__equal_domains__sqrt_hamming__energy",61,26.2687655706494,103,0.237788234678377,3,0,FALSE
"predict__synt__all_features__equal_domains__sqrt_hamming__energy",62,26.2687655706494,103,0.237788234678377,2,0,FALSE
"predict__synt__all_features__equal_domains__sqrt_hamming__energy",63,26.365820640822,107,0.2985552169859,3,0,FALSE
"predict__synt__all_features__equal_domains__sqrt_hamming__energy",64,26.2687655706494,103,0.237788234678377,3,0,FALSE
"predict__synt__all_features__equal_domains__sqrt_hamming__energy",65,26.365820640822,107,0.2985552169859,3,0,FALSE
"predict__synt__all_features__equal_domains__sqrt_hamming__energy",66,26.3658206408221,107,0.2985552169859,3,0,FALSE
"predict__synt__all_features__equal_domains__sqrt_hamming__energy",67,26.365820640822,107,0.2985552169859,3,0,FALSE
"predict__synt__all_features__equal_domains__sqrt_hamming__energy",68,26.3658206408221,107,0.2985552169859,4,0,FALSE
"predict__synt__all_features__equal_domains__sqrt_hamming__energy",69,26.3658206408221,107,0.2985552169859,3,0,FALSE
"predict__synt__all_features__equal_domains__sqrt_hamming__energy",70,26.3658206408221,107,0.2985552169859,3,0,FALSE
"predict__synt__all_features__equal_domains__sqrt_hamming__energy",71,26.2687655706494,103,0.237788234678377,3,0,FALSE
"predict__synt__all_features__equal_domains__sqrt_hamming__energy",72,26.365820640822,107,0.2985552169859,3,0,FALSE
"predict__synt__all_features__equal_domains__sqrt_hamming__energy",73,26.3658206408221,107,0.2985552169859,2,0,FALSE
"predict__synt__all_features__equal_domains__sqrt_hamming__energy",74,26.3658206408221,107,0.2985552169859,3,0,FALSE
"predict__synt__all_features__equal_domains__sqrt_hamming__energy",75,26.365820640822,107,0.2985552169859,3,0,FALSE
"predict__synt__all_features__equal_domains__sqrt_hamming__energy",76,26.3658206408221,107,0.2985552169859,3,0,FALSE
"predict__synt__all_features__equal_domains__sqrt_hamming__energy",77,26.3658206408221,107,0.2985552169859,3,0,FALSE
"predict__synt__all_features__equal_domains__sqrt_hamming__energy",78,26.365820640822,107,0.2985552169859,3,0,FALSE
"predict__synt__all_features__equal_domains__sqrt_hamming__energy",79,26.365820640822,107,0.2985552169859,2,0,FALSE
"predict__synt__all_features__equal_domains__sqrt_hamming__energy",80,26.365820640822,107,0.2985552169859,3,0,FALSE
"predict__synt__all_features__equal_domains__sqrt_hamming__energy",81,26.3658206408221,107,0.2985552169859,3,0,FALSE
"predict__synt__all_features__equal_domains__sqrt_hamming__energy",82,26.365820640822,107,0.2985552169859,3,0,FALSE
"predict__synt__all_features__equal_domains__sqrt_hamming__energy",83,26.2687655706495,103,0.237788234678377,3,0,FALSE
"predict__synt__all_features__equal_domains__sqrt_hamming__energy",84,26.3658206408221,107,0.2985552169859,3,0,FALSE
"predict__synt__all_features__equal_domains__sqrt_hamming__energy",85,26.3658206408221,107,0.2985552169859,3,0,FALSE
"predict__synt__all_features__equal_domains__sqrt_hamming__energy",86,26.2687655706495,103,0.237788234678377,3,0,FALSE
"predict__synt__all_features__equal_domains__sqrt_hamming__energy",87,26.3658206408221,107,0.2985552169859,3,0,FALSE
"predict__synt__all_features__equal_domains__sqrt_hamming__energy",88,26.365820640822,107,0.2985552169859,3,0,FALSE
"predict__synt__all_features__equal_domains__sqrt_hamming__energy",89,26.2687655706494,103,0.237788234678377,3,0,FALSE
"predict__synt__all_features__equal_domains__sqrt_hamming__energy",90,26.3658206408221,107,0.2985552169859,3,0,FALSE
"predict__synt__all_features__equal_domains__sqrt_hamming__energy",91,26.365820640822,107,0.2985552169859,3,0,FALSE
"predict__synt__all_features__equal_domains__sqrt_hamming__energy",92,26.3658206408221,107,0.2985552169859,3,0,FALSE
"predict__synt__all_features__equal_domains__sqrt_hamming__energy",93,26.2687655706495,103,0.237788234678377,2,0,FALSE
"predict__synt__all_features__equal_domains__sqrt_hamming__energy",94,26.2687655706494,103,0.237788234678377,3,0,FALSE
"predict__synt__all_features__equal_domains__sqrt_hamming__energy",95,26.2687655706494,103,0.237788234678377,3,0,FALSE
"predict__synt__all_features__equal_domains__sqrt_hamming__energy",96,26.3658206408219,107,0.2985552169859,2,0,FALSE
"predict__synt__all_features__equal_domains__sqrt_hamming__energy",97,26.3658206408221,107,0.2985552169859,3,0,FALSE
"predict__synt__all_features__equal_domains__sqrt_hamming__energy",98,26.2687655706494,103,0.237788234678377,3,0,FALSE
"predict__synt__all_features__equal_domains__sqrt_hamming__energy",99,26.365820640822,107,0.2985552169859,3,0,FALSE
"predict__synt__all_features__equal_domains__sqrt_hamming__energy",100,26.3658206408221,107,0.2985552169859,3,0,FALSE
"predict__synt__all_features__unique_profiles__sqrt_hamming__energy",1,25.7966705578384,129,0.754373152541918,4,0,FALSE
"predict__synt__all_features__unique_profiles__sqrt_hamming__energy",2,25.7966705578384,129,0.754373152541918,3,0,FALSE
"predict__synt__all_features__unique_profiles__sqrt_hamming__energy",3,25.7966705578383,129,0.754373152541918,4,0,FALSE
"predict__synt__all_features__unique_profiles__sqrt_hamming__energy",4,25.7966705578384,129,0.754373152541918,3,0,FALSE
"predict__synt__all_features__unique_profiles__sqrt_hamming__energy",5,25.7966705578384,129,0.754373152541918,3,0,FALSE
"predict__synt__all_features__unique_profiles__sqrt_hamming__energy",6,25.7966705578384,129,0.754373152541918,3,0,FALSE
"predict__synt__all_features__unique_profiles__sqrt_hamming__energy",7,25.7966705578383,129,0.754373152541918,3,0,FALSE
"predict__synt__all_features__unique_profiles__sqrt_hamming__energy",8,25.7966705578384,129,0.754373152541918,3,0,FALSE
"predict__synt__all_features__unique_profiles__sqrt_hamming__energy",9,25.7966705578383,129,0.754373152541918,4,0,FALSE
"predict__synt__all_features__unique_profiles__sqrt_hamming__energy",10,25.7879917241689,125,0.656232090438534,3,0,FALSE
"predict__synt__all_features__unique_profiles__sqrt_hamming__energy",11,25.7881669555822,124,0.632758308161156,5,0,FALSE
"predict__synt__all_features__unique_profiles__sqrt_hamming__energy",12,25.7966705578383,129,0.754373152541918,3,0,FALSE
"predict__synt__all_features__unique_profiles__sqrt_hamming__energy",13,25.7966705578384,129,0.754373152541918,4,0,FALSE
"predict__synt__all_features__unique_profiles__sqrt_hamming__energy",14,25.7966705578384,129,0.754373152541918,3,0,FALSE
"predict__synt__all_features__unique_profiles__sqrt_hamming__energy",15,27.5676429936277,81,0.0231401484812615,3,0,FALSE
"predict__synt__all_features__unique_profiles__sqrt_hamming__energy",16,25.7966705578383,129,0.754373152541918,3,0,FALSE
"predict__synt__all_features__unique_profiles__sqrt_hamming__energy",17,25.7879917241689,125,0.656232090438534,3,0,FALSE
"predict__synt__all_features__unique_profiles__sqrt_hamming__energy",18,25.7938787468787,123,0.60970930179085,3,0,FALSE
"predict__synt__all_features__unique_profiles__sqrt_hamming__energy",19,25.7881669555822,124,0.632758308161156,3,0,FALSE
"predict__synt__all_features__unique_profiles__sqrt_hamming__energy",20,25.7966705578384,129,0.754373152541918,4,0,FALSE
"predict__synt__all_features__unique_profiles__sqrt_hamming__energy",21,25.7966705578383,129,0.754373152541918,6,0,FALSE
"predict__synt__all_features__unique_profiles__sqrt_hamming__energy",22,27.5671510569238,79,0.0138372096692871,4,0,FALSE
"predict__synt__all_features__unique_profiles__sqrt_hamming__energy",23,25.7966705578384,129,0.754373152541918,3,0,FALSE
"predict__synt__all_features__unique_profiles__sqrt_hamming__energy",24,25.7966705578384,129,0.754373152541918,3,0,FALSE
"predict__synt__all_features__unique_profiles__sqrt_hamming__energy",25,25.7966705578384,129,0.754373152541918,3,0,FALSE
"predict__synt__all_features__unique_profiles__sqrt_hamming__energy",26,25.7938787468787,123,0.60970930179085,3,0,FALSE
"predict__synt__all_features__unique_profiles__sqrt_hamming__energy",27,25.7966705578383,129,0.754373152541918,4,0,FALSE
"predict__synt__all_features__unique_profiles__sqrt_hamming__energy",28,25.7881669555823,124,0.632758308161156,3,0,FALSE
"predict__synt__all_features__unique_profiles__sqrt_hamming__energy",29,25.7881669555823,124,0.632758308161156,5,0,FALSE
"predict__synt__all_features__unique_profiles__sqrt_hamming__energy",30,25.7938787468788,123,0.60970930179085,3,0,FALSE
"predict__synt__all_features__unique_profiles__sqrt_hamming__energy",31,25.7966705578384,129,0.754373152541918,5,0,FALSE
"predict__synt__all_features__unique_profiles__sqrt_hamming__energy",32,25.7881669555823,124,0.632758308161156,3,0,FALSE
"predict__synt__all_features__unique_profiles__sqrt_hamming__energy",33,25.7938787468787,123,0.60970930179085,3,0,FALSE
"predict__synt__all_features__unique_profiles__sqrt_hamming__energy",34,25.7881669555822,124,0.632758308161156,3,0,FALSE
"predict__synt__all_features__unique_profiles__sqrt_hamming__energy",35,25.7879917241687,125,0.656232090438534,3,0,TRUE
"predict__synt__all_features__unique_profiles__sqrt_hamming__energy",36,25.7966705578384,129,0.754373152541918,4,0,FALSE
"predict__synt__all_features__unique_profiles__sqrt_hamming__energy",37,25.7881669555823,124,0.632758308161156,3,0,FALSE
"predict__synt__all_features__unique_profiles__sqrt_hamming__energy",38,25.7879917241688,125,0.656232090438534,3,0,FALSE
"predict__synt__all_features__unique_profiles__sqrt_hamming__energy",39,25.7966705578384,129,0.754373152541918,4,0,FALSE
"predict__synt__all_features__unique_profiles__sqrt_hamming__energy",40,25.7966705578384,129,0.754373152541918,4,0,FALSE
"predict__synt__all_features__unique_profiles__sqrt_hamming__energy",41,25.7966705578384,129,0.754373152541918,4,0,FALSE
"predict__synt__all_features__unique_profiles__sqrt_hamming__energy",42,25.7938787468787,123,0.60970930179085,3,0,FALSE
"predict__synt__all_features__unique_profiles__sqrt_hamming__energy",43,25.7966705578384,129,0.754373152541918,4,0,FALSE
"predict__synt__all_features__unique_profiles__sqrt_hamming__energy",44,25.7881669555823,124,0.632758308161156,5,0,FALSE
"predict__synt__all_features__unique_profiles__sqrt_hamming__energy",45,25.7966705578385,129,0.754373152541918,5,0,FALSE
"predict__synt__all_features__unique_profiles__sqrt_hamming__energy",46,25.7966705578384,129,0.754373152541918,4,0,FALSE
"predict__synt__all_features__unique_profiles__sqrt_hamming__energy",47,25.7938787468788,123,0.60970930179085,3,0,FALSE
"predict__synt__all_features__unique_profiles__sqrt_hamming__energy",48,25.7966705578384,129,0.754373152541918,4,0,FALSE
"predict__synt__all_features__unique_profiles__sqrt_hamming__energy",49,25.7966705578382,129,0.754373152541918,3,0,FALSE
"predict__synt__all_features__unique_profiles__sqrt_hamming__energy",50,25.7881669555823,124,0.632758308161156,3,0,FALSE
"predict__synt__all_features__unique_profiles__sqrt_hamming__energy",51,25.7966705578384,129,0.754373152541918,4,0,FALSE
"predict__synt__all_features__unique_profiles__sqrt_hamming__energy",52,25.7879917241689,125,0.656232090438534,3,0,FALSE
"predict__synt__all_features__unique_profiles__sqrt_hamming__energy",53,25.7966705578384,129,0.754373152541918,4,0,FALSE
"predict__synt__all_features__unique_profiles__sqrt_hamming__energy",54,25.7966705578384,129,0.754373152541918,3,0,FALSE
"predict__synt__all_features__unique_profiles__sqrt_hamming__energy",55,25.7938787468787,123,0.60970930179085,3,0,FALSE
"predict__synt__all_features__unique_profiles__sqrt_hamming__energy",56,25.7966705578384,129,0.754373152541918,3,0,FALSE
"predict__synt__all_features__unique_profiles__sqrt_hamming__energy",57,25.7966705578384,129,0.754373152541918,3,0,FALSE
"predict__synt__all_features__unique_profiles__sqrt_hamming__energy",58,25.7966705578384,129,0.754373152541918,4,0,FALSE
"predict__synt__all_features__unique_profiles__sqrt_hamming__energy",59,25.7966705578383,129,0.754373152541918,3,0,FALSE
"predict__synt__all_features__unique_profiles__sqrt_hamming__energy",60,25.7966705578384,129,0.754373152541918,4,0,FALSE
"predict__synt__all_features__unique_profiles__sqrt_hamming__energy",61,25.7966705578384,129,0.754373152541918,3,0,FALSE
"predict__synt__all_features__unique_profiles__sqrt_hamming__energy",62,25.7966705578384,129,0.754373152541918,3,0,FALSE
"predict__synt__all_features__unique_profiles__sqrt_hamming__energy",63,25.7966705578383,129,0.754373152541918,3,0,FALSE
"predict__synt__all_features__unique_profiles__sqrt_hamming__energy",64,25.7966705578384,129,0.754373152541918,3,0,FALSE
"predict__synt__all_features__unique_profiles__sqrt_hamming__energy",65,25.7966705578383,129,0.754373152541918,3,0,FALSE
"predict__synt__all_features__unique_profiles__sqrt_hamming__energy",66,25.7966705578385,129,0.754373152541918,5,0,FALSE
"predict__synt__all_features__unique_profiles__sqrt_hamming__energy",67,25.7879917241689,125,0.656232090438534,3,0,FALSE
"predict__synt__all_features__unique_profiles__sqrt_hamming__energy",68,26.0843136425094,116,0.460137789416631,4,0,FALSE
"predict__synt__all_features__unique_profiles__sqrt_hamming__energy",69,25.7966705578384,129,0.754373152541918,3,0,FALSE
"predict__synt__all_features__unique_profiles__sqrt_hamming__energy",70,25.7966705578384,129,0.754373152541918,3,0,FALSE
"predict__synt__all_features__unique_profiles__sqrt_hamming__energy",71,25.7966705578384,129,0.754373152541918,3,0,FALSE
"predict__synt__all_features__unique_profiles__sqrt_hamming__energy",72,25.7881669555823,124,0.632758308161156,4,0,FALSE
"predict__synt__all_features__unique_profiles__sqrt_hamming__energy",73,25.7879917241688,125,0.656232090438534,2,0,FALSE
"predict__synt__all_features__unique_profiles__sqrt_hamming__energy",74,25.7881669555823,124,0.632758308161156,2,0,FALSE
"predict__synt__all_features__unique_profiles__sqrt_hamming__energy",75,25.7881669555823,124,0.632758308161156,5,0,FALSE
"predict__synt__all_features__unique_profiles__sqrt_hamming__energy",76,25.7966705578384,129,0.754373152541918,2,0,FALSE
"predict__synt__all_features__unique_profiles__sqrt_hamming__energy",77,25.7966705578384,129,0.754373152541918,3,0,FALSE
"predict__synt__all_features__unique_profiles__sqrt_hamming__energy",78,25.7966705578384,129,0.754373152541918,3,0,FALSE
"predict__synt__all_features__unique_profiles__sqrt_hamming__energy",79,25.7966705578383,129,0.754373152541918,4,0,FALSE
"predict__synt__all_features__unique_profiles__sqrt_hamming__energy",80,25.7966705578383,129,0.754373152541918,4,0,FALSE
"predict__synt__all_features__unique_profiles__sqrt_hamming__energy",81,25.8118546399542,127,0.704453625952981,3,0,FALSE
"predict__synt__all_features__unique_profiles__sqrt_hamming__energy",82,25.7879917241689,125,0.656232090438534,3,0,FALSE
"predict__synt__all_features__unique_profiles__sqrt_hamming__energy",83,25.7966705578384,129,0.754373152541918,3,0,FALSE
"predict__synt__all_features__unique_profiles__sqrt_hamming__energy",84,25.7881669555822,124,0.632758308161156,3,0,FALSE
"predict__synt__all_features__unique_profiles__sqrt_hamming__energy",85,25.7966705578384,129,0.754373152541918,3,0,FALSE
"predict__synt__all_features__unique_profiles__sqrt_hamming__energy",86,25.7966705578384,129,0.754373152541918,5,0,FALSE
"predict__synt__all_features__unique_profiles__sqrt_hamming__energy",87,25.7966705578384,129,0.754373152541918,4,0,FALSE
"predict__synt__all_features__unique_profiles__sqrt_hamming__energy",88,25.7966705578384,129,0.754373152541918,4,0,FALSE
"predict__synt__all_features__unique_profiles__sqrt_hamming__energy",89,25.7966705578385,129,0.754373152541918,3,0,FALSE
"predict__synt__all_features__unique_profiles__sqrt_hamming__energy",90,25.7881669555822,124,0.632758308161156,9,0,FALSE
"predict__synt__all_features__unique_profiles__sqrt_hamming__energy",91,26.0188398103951,116,0.460266497608434,5,0,FALSE
"predict__synt__all_features__unique_profiles__sqrt_hamming__energy",92,25.7966705578382,129,0.754373152541918,4,0,FALSE
"predict__synt__all_features__unique_profiles__sqrt_hamming__energy",93,25.7938787468786,123,0.60970930179085,3,0,FALSE
"predict__synt__all_features__unique_profiles__sqrt_hamming__energy",94,25.7881669555822,124,0.632758308161156,4,0,FALSE
"predict__synt__all_features__unique_profiles__sqrt_hamming__energy",95,25.7966705578384,129,0.754373152541918,3,0,FALSE
"predict__synt__all_features__unique_profiles__sqrt_hamming__energy",96,25.7966705578384,129,0.754373152541918,4,0,FALSE
"predict__synt__all_features__unique_profiles__sqrt_hamming__energy",97,25.7966705578385,129,0.754373152541918,3,0,FALSE
"predict__synt__all_features__unique_profiles__sqrt_hamming__energy",98,25.7881669555821,124,0.632758308161156,3,0,FALSE
"predict__synt__all_features__unique_profiles__sqrt_hamming__energy",99,25.7966705578384,129,0.754373152541918,4,0,FALSE
"predict__synt__all_features__unique_profiles__sqrt_hamming__energy",100,25.7966705578384,129,0.754373152541918,5,0,FALSE
"predict__synt__omit_four_labels__equal_features__sqrt_hamming__energy",1,25.612650791171,129,0.754373152541918,4,0,FALSE
"predict__synt__omit_four_labels__equal_features__sqrt_hamming__energy",2,25.612650791171,129,0.754373152541918,3,0,FALSE
"predict__synt__omit_four_labels__equal_features__sqrt_hamming__energy",3,25.6036088034356,125,0.656232090438534,4,0,FALSE
"predict__synt__omit_four_labels__equal_features__sqrt_hamming__energy",4,25.612650791171,129,0.754373152541918,3,0,FALSE
"predict__synt__omit_four_labels__equal_features__sqrt_hamming__energy",5,25.612650791171,129,0.754373152541918,3,0,FALSE
"predict__synt__omit_four_labels__equal_features__sqrt_hamming__energy",6,25.612650791171,129,0.754373152541918,3,0,FALSE
"predict__synt__omit_four_labels__equal_features__sqrt_hamming__energy",7,25.6126507911711,129,0.754373152541918,3,0,FALSE
"predict__synt__omit_four_labels__equal_features__sqrt_hamming__energy",8,25.612650791171,129,0.754373152541918,3,0,FALSE
"predict__synt__omit_four_labels__equal_features__sqrt_hamming__energy",9,25.6126507911712,129,0.754373152541918,4,0,FALSE
"predict__synt__omit_four_labels__equal_features__sqrt_hamming__energy",10,25.6036088034355,125,0.656232090438534,3,0,FALSE
"predict__synt__omit_four_labels__equal_features__sqrt_hamming__energy",11,25.6036809878471,124,0.632758308161156,5,0,FALSE
"predict__synt__omit_four_labels__equal_features__sqrt_hamming__energy",12,25.6126507911711,129,0.754373152541918,3,0,FALSE
"predict__synt__omit_four_labels__equal_features__sqrt_hamming__energy",13,25.612650791171,129,0.754373152541918,4,0,FALSE
"predict__synt__omit_four_labels__equal_features__sqrt_hamming__energy",14,25.612650791171,129,0.754373152541918,3,0,FALSE
"predict__synt__omit_four_labels__equal_features__sqrt_hamming__energy",15,25.6126507911711,129,0.754373152541918,5,0,FALSE
"predict__synt__omit_four_labels__equal_features__sqrt_hamming__energy",16,25.612650791171,129,0.754373152541918,4,0,FALSE
"predict__synt__omit_four_labels__equal_features__sqrt_hamming__energy",17,25.6036088034355,125,0.656232090438534,3,0,FALSE
"predict__synt__omit_four_labels__equal_features__sqrt_hamming__energy",18,25.609227283287,123,0.60970930179085,3,0,FALSE
"predict__synt__omit_four_labels__equal_features__sqrt_hamming__energy",19,25.603680987847,124,0.632758308161156,3,0,FALSE
"predict__synt__omit_four_labels__equal_features__sqrt_hamming__energy",20,25.612650791171,129,0.754373152541918,4,0,FALSE
"predict__synt__omit_four_labels__equal_features__sqrt_hamming__energy",21,25.612650791171,129,0.754373152541918,6,0,FALSE
"predict__synt__omit_four_labels__equal_features__sqrt_hamming__energy",22,27.3433299461677,79,0.0138372096692871,4,0,FALSE
"predict__synt__omit_four_labels__equal_features__sqrt_hamming__energy",23,25.612650791171,129,0.754373152541918,3,0,FALSE
"predict__synt__omit_four_labels__equal_features__sqrt_hamming__energy",24,25.612650791171,129,0.754373152541918,3,0,FALSE
"predict__synt__omit_four_labels__equal_features__sqrt_hamming__energy",25,25.612650791171,129,0.754373152541918,3,0,FALSE
"predict__synt__omit_four_labels__equal_features__sqrt_hamming__energy",26,25.609227283287,123,0.60970930179085,3,0,FALSE
"predict__synt__omit_four_labels__equal_features__sqrt_hamming__energy",27,25.6126507911711,129,0.754373152541918,4,0,FALSE
"predict__synt__omit_four_labels__equal_features__sqrt_hamming__energy",28,25.6036809878471,124,0.632758308161156,3,0,FALSE
"predict__synt__omit_four_labels__equal_features__sqrt_hamming__energy",29,25.603680987847,124,0.632758308161156,4,0,FALSE
"predict__synt__omit_four_labels__equal_features__sqrt_hamming__energy",30,25.609227283287,123,0.60970930179085,3,0,FALSE
"predict__synt__omit_four_labels__equal_features__sqrt_hamming__energy",31,25.6036809878471,124,0.632758308161156,5,0,FALSE
"predict__synt__omit_four_labels__equal_features__sqrt_hamming__energy",32,25.612650791171,129,0.754373152541918,4,0,FALSE
"predict__synt__omit_four_labels__equal_features__sqrt_hamming__energy",33,25.609227283287,123,0.60970930179085,3,0,FALSE
"predict__synt__omit_four_labels__equal_features__sqrt_hamming__energy",34,25.6036809878471,124,0.632758308161156,3,0,FALSE
"predict__synt__omit_four_labels__equal_features__sqrt_hamming__energy",35,25.6036088034355,125,0.656232090438534,3,0,FALSE
"predict__synt__omit_four_labels__equal_features__sqrt_hamming__energy",36,25.612650791171,129,0.754373152541918,4,0,FALSE
"predict__synt__omit_four_labels__equal_features__sqrt_hamming__energy",37,25.603680987847,124,0.632758308161156,3,0,FALSE
"predict__synt__omit_four_labels__equal_features__sqrt_hamming__energy",38,25.6036088034356,125,0.656232090438534,3,0,FALSE
"predict__synt__omit_four_labels__equal_features__sqrt_hamming__energy",39,25.612650791171,129,0.754373152541918,4,0,FALSE
"predict__synt__omit_four_labels__equal_features__sqrt_hamming__energy",40,25.612650791171,129,0.754373152541918,4,0,FALSE
"predict__synt__omit_four_labels__equal_features__sqrt_hamming__energy",41,25.612650791171,129,0.754373152541918,4,0,FALSE
"predict__synt__omit_four_labels__equal_features__sqrt_hamming__energy",42,25.6092272832869,123,0.60970930179085,3,0,FALSE
"predict__synt__omit_four_labels__equal_features__sqrt_hamming__energy",43,25.612650791171,129,0.754373152541918,4,0,FALSE
"predict__synt__omit_four_labels__equal_features__sqrt_hamming__energy",44,25.6092272832869,123,0.60970930179085,3,0,FALSE
"predict__synt__omit_four_labels__equal_features__sqrt_hamming__energy",45,25.6126507911709,129,0.754373152541918,5,0,FALSE
"predict__synt__omit_four_labels__equal_features__sqrt_hamming__energy",46,25.612650791171,129,0.754373152541918,4,0,FALSE
"predict__synt__omit_four_labels__equal_features__sqrt_hamming__energy",47,25.609227283287,123,0.60970930179085,3,0,FALSE
"predict__synt__omit_four_labels__equal_features__sqrt_hamming__energy",48,25.612650791171,129,0.754373152541918,4,0,FALSE
"predict__synt__omit_four_labels__equal_features__sqrt_hamming__energy",49,25.6126507911711,129,0.754373152541918,3,0,FALSE
"predict__synt__omit_four_labels__equal_features__sqrt_hamming__energy",50,25.609227283287,123,0.60970930179085,4,0,FALSE
"predict__synt__omit_four_labels__equal_features__sqrt_hamming__energy",51,25.612650791171,129,0.754373152541918,4,0,FALSE
"predict__synt__omit_four_labels__equal_features__sqrt_hamming__energy",52,25.6036088034355,125,0.656232090438534,3,0,FALSE
"predict__synt__omit_four_labels__equal_features__sqrt_hamming__energy",53,25.612650791171,129,0.754373152541918,4,0,FALSE
"predict__synt__omit_four_labels__equal_features__sqrt_hamming__energy",54,25.6126507911711,129,0.754373152541918,3,0,FALSE
"predict__synt__omit_four_labels__equal_features__sqrt_hamming__energy",55,25.609227283287,123,0.60970930179085,3,0,FALSE
"predict__synt__omit_four_labels__equal_features__sqrt_hamming__energy",56,25.612650791171,129,0.754373152541918,3,0,FALSE
"predict__synt__omit_four_labels__equal_features__sqrt_hamming__energy",57,25.612650791171,129,0.754373152541918,3,0,FALSE
"predict__synt__omit_four_labels__equal_features__sqrt_hamming__energy",58,25.612650791171,129,0.754373152541918,3,0,FALSE
"predict__synt__omit_four_labels__equal_features__sqrt_hamming__energy",59,25.612650791171,129,0.754373152541918,3,0,FALSE
"predict__synt__omit_four_labels__equal_features__sqrt_hamming__energy",60,25.612650791171,129,0.754373152541918,4,0,FALSE
"predict__synt__omit_four_labels__equal_features__sqrt_hamming__energy",61,25.612650791171,129,0.754373152541918,4,0,FALSE
"predict__synt__omit_four_labels__equal_features__sqrt_hamming__energy",62,25.612650791171,129,0.754373152541918,3,0,FALSE
"predict__synt__omit_four_labels__equal_features__sqrt_hamming__energy",63,25.6126507911711,129,0.754373152541918,3,0,FALSE
"predict__synt__omit_four_labels__equal_features__sqrt_hamming__energy",64,25.612650791171,129,0.754373152541918,3,0,FALSE
"predict__synt__omit_four_labels__equal_features__sqrt_hamming__energy",65,25.612650791171,129,0.754373152541918,3,0,FALSE
"predict__synt__omit_four_labels__equal_features__sqrt_hamming__energy",66,25.6126507911709,129,0.754373152541918,5,0,FALSE
"predict__synt__omit_four_labels__equal_features__sqrt_hamming__energy",67,25.6036088034355,125,0.656232090438534,3,0,FALSE
"predict__synt__omit_four_labels__equal_features__sqrt_hamming__energy",68,25.892827608207,116,0.460137789416631,4,0,FALSE
"predict__synt__omit_four_labels__equal_features__sqrt_hamming__energy",69,25.612650791171,129,0.754373152541918,3,0,FALSE
"predict__synt__omit_four_labels__equal_features__sqrt_hamming__energy",70,25.612650791171,129,0.754373152541918,3,0,FALSE
"predict__synt__omit_four_labels__equal_features__sqrt_hamming__energy",71,25.612650791171,129,0.754373152541918,4,0,FALSE
"predict__synt__omit_four_labels__equal_features__sqrt_hamming__energy",72,25.6036809878471,124,0.632758308161156,4,0,FALSE
"predict__synt__omit_four_labels__equal_features__sqrt_hamming__energy",73,25.6036088034357,125,0.656232090438534,2,0,FALSE
"predict__synt__omit_four_labels__equal_features__sqrt_hamming__energy",74,25.6036809878471,124,0.632758308161156,2,0,FALSE
"predict__synt__omit_four_labels__equal_features__sqrt_hamming__energy",75,25.603680987847,124,0.632758308161156,5,0,FALSE
"predict__synt__omit_four_labels__equal_features__sqrt_hamming__energy",76,25.612650791171,129,0.754373152541918,2,0,FALSE
"predict__synt__omit_four_labels__equal_features__sqrt_hamming__energy",77,25.612650791171,129,0.754373152541918,3,0,FALSE
"predict__synt__omit_four_labels__equal_features__sqrt_hamming__energy",78,25.612650791171,129,0.754373152541918,3,0,FALSE
"predict__synt__omit_four_labels__equal_features__sqrt_hamming__energy",79,25.612650791171,129,0.754373152541918,4,0,FALSE
"predict__synt__omit_four_labels__equal_features__sqrt_hamming__energy",80,25.612650791171,129,0.754373152541918,4,0,FALSE
"predict__synt__omit_four_labels__equal_features__sqrt_hamming__energy",81,25.6273379225487,127,0.704453625952981,3,0,FALSE
"predict__synt__omit_four_labels__equal_features__sqrt_hamming__energy",82,25.6036088034355,125,0.656232090438534,3,0,TRUE
"predict__synt__omit_four_labels__equal_features__sqrt_hamming__energy",83,25.6126507911711,129,0.754373152541918,3,0,FALSE
"predict__synt__omit_four_labels__equal_features__sqrt_hamming__energy",84,25.603680987847,124,0.632758308161156,3,0,FALSE
"predict__synt__omit_four_labels__equal_features__sqrt_hamming__energy",85,25.612650791171,129,0.754373152541918,3,0,FALSE
"predict__synt__omit_four_labels__equal_features__sqrt_hamming__energy",86,25.612650791171,129,0.754373152541918,5,0,FALSE
"predict__synt__omit_four_labels__equal_features__sqrt_hamming__energy",87,25.612650791171,129,0.754373152541918,4,0,FALSE
"predict__synt__omit_four_labels__equal_features__sqrt_hamming__energy",88,25.612650791171,129,0.754373152541918,4,0,FALSE
"predict__synt__omit_four_labels__equal_features__sqrt_hamming__energy",89,25.612650791171,129,0.754373152541918,3,0,FALSE
"predict__synt__omit_four_labels__equal_features__sqrt_hamming__energy",90,25.6036809878472,124,0.632758308161156,5,0,FALSE
"predict__synt__omit_four_labels__equal_features__sqrt_hamming__energy",91,25.6036809878471,124,0.632758308161156,5,0,FALSE
"predict__synt__omit_four_labels__equal_features__sqrt_hamming__energy",92,25.8226757794611,115,0.440618363712426,10,0,FALSE
"predict__synt__omit_four_labels__equal_features__sqrt_hamming__energy",93,25.609227283287,123,0.60970930179085,3,0,FALSE
"predict__synt__omit_four_labels__equal_features__sqrt_hamming__energy",94,25.6036809878471,124,0.632758308161156,4,0,FALSE
"predict__synt__omit_four_labels__equal_features__sqrt_hamming__energy",95,25.612650791171,129,0.754373152541918,3,0,FALSE
"predict__synt__omit_four_labels__equal_features__sqrt_hamming__energy",96,25.612650791171,129,0.754373152541918,4,0,FALSE
"predict__synt__omit_four_labels__equal_features__sqrt_hamming__energy",97,25.612650791171,129,0.754373152541918,3,0,FALSE
"predict__synt__omit_four_labels__equal_features__sqrt_hamming__energy",98,25.6036809878472,124,0.632758308161156,3,0,FALSE
"predict__synt__omit_four_labels__equal_features__sqrt_hamming__energy",99,25.612650791171,129,0.754373152541918,4,0,FALSE
"predict__synt__omit_four_labels__equal_features__sqrt_hamming__energy",100,25.612650791171,129,0.754373152541918,5,0,FALSE
"predict__synt__omit_four_labels__equal_domains__sqrt_hamming__energy",1,26.365820640822,107,0.2985552169859,3,0,FALSE
"predict__synt__omit_four_labels__equal_domains__sqrt_hamming__energy",2,26.365820640822,107,0.2985552169859,4,0,FALSE
"predict__synt__omit_four_labels__equal_domains__sqrt_hamming__energy",3,26.3658206408221,107,0.2985552169859,3,0,FALSE
"predict__synt__omit_four_labels__equal_domains__sqrt_hamming__energy",4,26.2687655706494,103,0.237788234678377,3,0,FALSE
"predict__synt__omit_four_labels__equal_domains__sqrt_hamming__energy",5,26.2687655706494,103,0.237788234678377,3,0,FALSE
"predict__synt__omit_four_labels__equal_domains__sqrt_hamming__energy",6,26.3658206408221,107,0.2985552169859,3,0,FALSE
"predict__synt__omit_four_labels__equal_domains__sqrt_hamming__energy",7,26.365820640822,107,0.2985552169859,3,0,FALSE
"predict__synt__omit_four_labels__equal_domains__sqrt_hamming__energy",8,26.2687655706495,103,0.237788234678377,3,0,FALSE
"predict__synt__omit_four_labels__equal_domains__sqrt_hamming__energy",9,26.3658206408221,107,0.2985552169859,4,0,FALSE
"predict__synt__omit_four_labels__equal_domains__sqrt_hamming__energy",10,26.2687655706495,103,0.237788234678377,3,0,FALSE
"predict__synt__omit_four_labels__equal_domains__sqrt_hamming__energy",11,29.479603435845,82,0.028441690175143,4,0,FALSE
"predict__synt__omit_four_labels__equal_domains__sqrt_hamming__energy",12,26.3658206408221,107,0.2985552169859,3,0,FALSE
"predict__synt__omit_four_labels__equal_domains__sqrt_hamming__energy",13,26.2687655706495,103,0.237788234678377,4,0,FALSE
"predict__synt__omit_four_labels__equal_domains__sqrt_hamming__energy",14,26.365820640822,107,0.2985552169859,3,0,FALSE
"predict__synt__omit_four_labels__equal_domains__sqrt_hamming__energy",15,26.2687655706494,103,0.237788234678377,3,0,FALSE
"predict__synt__omit_four_labels__equal_domains__sqrt_hamming__energy",16,26.365820640822,107,0.2985552169859,3,0,FALSE
"predict__synt__omit_four_labels__equal_domains__sqrt_hamming__energy",17,26.365820640822,107,0.2985552169859,3,0,FALSE
"predict__synt__omit_four_labels__equal_domains__sqrt_hamming__energy",18,26.365820640822,107,0.2985552169859,2,0,FALSE
"predict__synt__omit_four_labels__equal_domains__sqrt_hamming__energy",19,26.2687655706494,103,0.237788234678377,4,0,FALSE
"predict__synt__omit_four_labels__equal_domains__sqrt_hamming__energy",20,26.3658206408221,107,0.2985552169859,3,0,FALSE
"predict__synt__omit_four_labels__equal_domains__sqrt_hamming__energy",21,26.2687655706494,103,0.237788234678377,3,0,FALSE
"predict__synt__omit_four_labels__equal_domains__sqrt_hamming__energy",22,26.3658206408221,107,0.2985552169859,2,0,FALSE
"predict__synt__omit_four_labels__equal_domains__sqrt_hamming__energy",23,26.2687655706494,103,0.237788234678377,2,0,FALSE
"predict__synt__omit_four_labels__equal_domains__sqrt_hamming__energy",24,26.365820640822,107,0.2985552169859,2,0,FALSE
"predict__synt__omit_four_labels__equal_domains__sqrt_hamming__energy",25,26.365820640822,107,0.2985552169859,3,0,FALSE
"predict__synt__omit_four_labels__equal_domains__sqrt_hamming__energy",26,26.2687655706494,103,0.237788234678377,2,0,FALSE
"predict__synt__omit_four_labels__equal_domains__sqrt_hamming__energy",27,26.365820640822,107,0.2985552169859,2,0,FALSE
"predict__synt__omit_four_labels__equal_domains__sqrt_hamming__energy",28,26.2687655706495,103,0.237788234678377,2,0,FALSE
"predict__synt__omit_four_labels__equal_domains__sqrt_hamming__energy",29,26.2687655706494,103,0.237788234678377,3,0,FALSE
"predict__synt__omit_four_labels__equal_domains__sqrt_hamming__energy",30,26.365820640822,107,0.2985552169859,3,0,FALSE
"predict__synt__omit_four_labels__equal_domains__sqrt_hamming__energy",31,26.2687655706493,103,0.237788234678377,2,0,FALSE
"predict__synt__omit_four_labels__equal_domains__sqrt_hamming__energy",32,26.3658206408221,107,0.2985552169859,2,0,FALSE
"predict__synt__omit_four_labels__equal_domains__sqrt_hamming__energy",33,26.365820640822,107,0.2985552169859,3,0,FALSE
"predict__synt__omit_four_labels__equal_domains__sqrt_hamming__energy",34,26.2687655706494,103,0.237788234678377,3,0,FALSE
"predict__synt__omit_four_labels__equal_domains__sqrt_hamming__energy",35,26.2687655706494,103,0.237788234678377,3,0,FALSE
"predict__synt__omit_four_labels__equal_domains__sqrt_hamming__energy",36,26.3658206408222,107,0.2985552169859,3,0,FALSE
"predict__synt__omit_four_labels__equal_domains__sqrt_hamming__energy",37,26.2687655706494,103,0.237788234678377,3,0,FALSE
"predict__synt__omit_four_labels__equal_domains__sqrt_hamming__energy",38,26.2687655706493,103,0.237788234678377,2,0,FALSE
"predict__synt__omit_four_labels__equal_domains__sqrt_hamming__energy",39,26.365820640822,107,0.2985552169859,3,0,FALSE
"predict__synt__omit_four_labels__equal_domains__sqrt_hamming__energy",40,26.2687655706494,103,0.237788234678377,3,0,FALSE
"predict__synt__omit_four_labels__equal_domains__sqrt_hamming__energy",41,26.365820640822,107,0.2985552169859,3,0,FALSE
"predict__synt__omit_four_labels__equal_domains__sqrt_hamming__energy",42,26.2687655706493,103,0.237788234678377,3,0,TRUE
"predict__synt__omit_four_labels__equal_domains__sqrt_hamming__energy",43,26.365820640822,107,0.2985552169859,3,0,FALSE
"predict__synt__omit_four_labels__equal_domains__sqrt_hamming__energy",44,26.3658206408221,107,0.2985552169859,3,0,FALSE
"predict__synt__omit_four_labels__equal_domains__sqrt_hamming__energy",45,26.365820640822,107,0.2985552169859,3,0,FALSE
"predict__synt__omit_four_labels__equal_domains__sqrt_hamming__energy",46,26.2687655706494,103,0.237788234678377,3,0,FALSE
"predict__synt__omit_four_labels__equal_domains__sqrt_hamming__energy",47,26.3658206408221,107,0.2985552169859,3,0,FALSE
"predict__synt__omit_four_labels__equal_domains__sqrt_hamming__energy",48,26.365820640822,107,0.2985552169859,3,0,FALSE
"predict__synt__omit_four_labels__equal_domains__sqrt_hamming__energy",49,26.2687655706495,103,0.237788234678377,3,0,FALSE
"predict__synt__omit_four_labels__equal_domains__sqrt_hamming__energy",50,26.3658206408221,107,0.2985552169859,2,0,FALSE
"predict__synt__omit_four_labels__equal_domains__sqrt_hamming__energy",51,26.2687655706494,103,0.237788234678377,3,0,FALSE
"predict__synt__omit_four_labels__equal_domains__sqrt_hamming__energy",52,26.2687655706494,103,0.237788234678377,2,0,FALSE
"predict__synt__omit_four_labels__equal_domains__sqrt_hamming__energy",53,26.365820640822,107,0.2985552169859,3,0,FALSE
"predict__synt__omit_four_labels__equal_domains__sqrt_hamming__energy",54,26.3658206408221,107,0.2985552169859,3,0,FALSE
"predict__synt__omit_four_labels__equal_domains__sqrt_hamming__energy",55,26.2687655706494,103,0.237788234678377,3,0,FALSE
"predict__synt__omit_four_labels__equal_domains__sqrt_hamming__energy",56,26.2687655706494,103,0.237788234678377,3,0,FALSE
"predict__synt__omit_four_labels__equal_domains__sqrt_hamming__energy",57,26.365820640822,107,0.2985552169859,3,0,FALSE
"predict__synt__omit_four_labels__equal_domains__sqrt_hamming__energy",58,26.365820640822,107,0.2985552169859,3,0,FALSE
"predict__synt__omit_four_labels__equal_domains__sqrt_hamming__energy",59,26.2687655706494,103,0.237788234678377,3,0,FALSE
"predict__synt__omit_four_labels__equal_domains__sqrt_hamming__energy",60,26.365820640822,107,0.2985552169859,3,0,FALSE
"predict__synt__omit_four_labels__equal_domains__sqrt_hamming__energy",61,26.2687655706494,103,0.237788234678377,3,0,FALSE
"predict__synt__omit_four_labels__equal_domains__sqrt_hamming__energy",62,26.2687655706494,103,0.237788234678377,2,0,FALSE
"predict__synt__omit_four_labels__equal_domains__sqrt_hamming__energy",63,26.365820640822,107,0.2985552169859,3,0,FALSE
"predict__synt__omit_four_labels__equal_domains__sqrt_hamming__energy",64,26.2687655706494,103,0.237788234678377,3,0,FALSE
"predict__synt__omit_four_labels__equal_domains__sqrt_hamming__energy",65,26.365820640822,107,0.2985552169859,3,0,FALSE
"predict__synt__omit_four_labels__equal_domains__sqrt_hamming__energy",66,26.3658206408221,107,0.2985552169859,3,0,FALSE
"predict__synt__omit_four_labels__equal_domains__sqrt_hamming__energy",67,26.365820640822,107,0.2985552169859,3,0,FALSE
"predict__synt__omit_four_labels__equal_domains__sqrt_hamming__energy",68,26.3658206408221,107,0.2985552169859,4,0,FALSE
"predict__synt__omit_four_labels__equal_domains__sqrt_hamming__energy",69,26.3658206408221,107,0.2985552169859,3,0,FALSE
"predict__synt__omit_four_labels__equal_domains__sqrt_hamming__energy",70,26.3658206408221,107,0.2985552169859,3,0,FALSE
"predict__synt__omit_four_labels__equal_domains__sqrt_hamming__energy",71,26.2687655706494,103,0.237788234678377,3,0,FALSE
"predict__synt__omit_four_labels__equal_domains__sqrt_hamming__energy",72,26.365820640822,107,0.2985552169859,3,0,FALSE
"predict__synt__omit_four_labels__equal_domains__sqrt_hamming__energy",73,26.3658206408221,107,0.2985552169859,2,0,FALSE
"predict__synt__omit_four_labels__equal_domains__sqrt_hamming__energy",74,26.3658206408221,107,0.2985552169859,3,0,FALSE
"predict__synt__omit_four_labels__equal_domains__sqrt_hamming__energy",75,26.365820640822,107,0.2985552169859,3,0,FALSE
"predict__synt__omit_four_labels__equal_domains__sqrt_hamming__energy",76,26.3658206408221,107,0.2985552169859,3,0,FALSE
"predict__synt__omit_four_labels__equal_domains__sqrt_hamming__energy",77,26.3658206408221,107,0.2985552169859,3,0,FALSE
"predict__synt__omit_four_labels__equal_domains__sqrt_hamming__energy",78,26.365820640822,107,0.2985552169859,3,0,FALSE
"predict__synt__omit_four_labels__equal_domains__sqrt_hamming__energy",79,26.365820640822,107,0.2985552169859,2,0,FALSE
"predict__synt__omit_four_labels__equal_domains__sqrt_hamming__energy",80,26.365820640822,107,0.2985552169859,3,0,FALSE
"predict__synt__omit_four_labels__equal_domains__sqrt_hamming__energy",81,26.3658206408221,107,0.2985552169859,3,0,FALSE
"predict__synt__omit_four_labels__equal_domains__sqrt_hamming__energy",82,26.365820640822,107,0.2985552169859,3,0,FALSE
"predict__synt__omit_four_labels__equal_domains__sqrt_hamming__energy",83,26.2687655706495,103,0.237788234678377,3,0,FALSE
"predict__synt__omit_four_labels__equal_domains__sqrt_hamming__energy",84,26.3658206408221,107,0.2985552169859,3,0,FALSE
"predict__synt__omit_four_labels__equal_domains__sqrt_hamming__energy",85,26.3658206408221,107,0.2985552169859,3,0,FALSE
"predict__synt__omit_four_labels__equal_domains__sqrt_hamming__energy",86,26.2687655706495,103,0.237788234678377,3,0,FALSE
"predict__synt__omit_four_labels__equal_domains__sqrt_hamming__energy",87,26.3658206408221,107,0.2985552169859,3,0,FALSE
"predict__synt__omit_four_labels__equal_domains__sqrt_hamming__energy",88,26.365820640822,107,0.2985552169859,3,0,FALSE
"predict__synt__omit_four_labels__equal_domains__sqrt_hamming__energy",89,26.2687655706494,103,0.237788234678377,3,0,FALSE
"predict__synt__omit_four_labels__equal_domains__sqrt_hamming__energy",90,26.3658206408221,107,0.2985552169859,3,0,FALSE
"predict__synt__omit_four_labels__equal_domains__sqrt_hamming__energy",91,26.365820640822,107,0.2985552169859,3,0,FALSE
"predict__synt__omit_four_labels__equal_domains__sqrt_hamming__energy",92,26.3658206408221,107,0.2985552169859,3,0,FALSE
"predict__synt__omit_four_labels__equal_domains__sqrt_hamming__energy",93,26.2687655706495,103,0.237788234678377,2,0,FALSE
"predict__synt__omit_four_labels__equal_domains__sqrt_hamming__energy",94,26.2687655706494,103,0.237788234678377,3,0,FALSE
"predict__synt__omit_four_labels__equal_domains__sqrt_hamming__energy",95,26.2687655706494,103,0.237788234678377,3,0,FALSE
"predict__synt__omit_four_labels__equal_domains__sqrt_hamming__energy",96,26.3658206408219,107,0.2985552169859,2,0,FALSE
"predict__synt__omit_four_labels__equal_domains__sqrt_hamming__energy",97,26.3658206408221,107,0.2985552169859,3,0,FALSE
"predict__synt__omit_four_labels__equal_domains__sqrt_hamming__energy",98,26.2687655706494,103,0.237788234678377,3,0,FALSE
"predict__synt__omit_four_labels__equal_domains__sqrt_hamming__energy",99,26.365820640822,107,0.2985552169859,3,0,FALSE
"predict__synt__omit_four_labels__equal_domains__sqrt_hamming__energy",100,26.3658206408221,107,0.2985552169859,3,0,FALSE
"predict__synt__omit_four_labels__unique_profiles__sqrt_hamming__energy",1,25.7966705578384,129,0.754373152541918,4,0,FALSE
"predict__synt__omit_four_labels__unique_profiles__sqrt_hamming__energy",2,25.7966705578384,129,0.754373152541918,3,0,FALSE
"predict__synt__omit_four_labels__unique_profiles__sqrt_hamming__energy",3,25.7966705578383,129,0.754373152541918,4,0,FALSE
"predict__synt__omit_four_labels__unique_profiles__sqrt_hamming__energy",4,25.7966705578384,129,0.754373152541918,3,0,FALSE
"predict__synt__omit_four_labels__unique_profiles__sqrt_hamming__energy",5,25.7966705578384,129,0.754373152541918,3,0,FALSE
"predict__synt__omit_four_labels__unique_profiles__sqrt_hamming__energy",6,25.7966705578384,129,0.754373152541918,3,0,FALSE
"predict__synt__omit_four_labels__unique_profiles__sqrt_hamming__energy",7,25.7966705578383,129,0.754373152541918,3,0,FALSE
"predict__synt__omit_four_labels__unique_profiles__sqrt_hamming__energy",8,25.7966705578384,129,0.754373152541918,3,0,FALSE
"predict__synt__omit_four_labels__unique_profiles__sqrt_hamming__energy",9,25.7966705578383,129,0.754373152541918,4,0,FALSE
"predict__synt__omit_four_labels__unique_profiles__sqrt_hamming__energy",10,25.7879917241689,125,0.656232090438534,3,0,FALSE
"predict__synt__omit_four_labels__unique_profiles__sqrt_hamming__energy",11,25.7881669555822,124,0.632758308161156,5,0,FALSE
"predict__synt__omit_four_labels__unique_profiles__sqrt_hamming__energy",12,25.7966705578383,129,0.754373152541918,3,0,FALSE
"predict__synt__omit_four_labels__unique_profiles__sqrt_hamming__energy",13,25.7966705578384,129,0.754373152541918,4,0,FALSE
"predict__synt__omit_four_labels__unique_profiles__sqrt_hamming__energy",14,25.7966705578384,129,0.754373152541918,3,0,FALSE
"predict__synt__omit_four_labels__unique_profiles__sqrt_hamming__energy",15,27.5676429936277,81,0.0231401484812615,3,0,FALSE
"predict__synt__omit_four_labels__unique_profiles__sqrt_hamming__energy",16,25.7966705578383,129,0.754373152541918,3,0,FALSE
"predict__synt__omit_four_labels__unique_profiles__sqrt_hamming__energy",17,25.7879917241689,125,0.656232090438534,3,0,FALSE
"predict__synt__omit_four_labels__unique_profiles__sqrt_hamming__energy",18,25.7938787468787,123,0.60970930179085,3,0,FALSE
"predict__synt__omit_four_labels__unique_profiles__sqrt_hamming__energy",19,25.7881669555822,124,0.632758308161156,3,0,FALSE
"predict__synt__omit_four_labels__unique_profiles__sqrt_hamming__energy",20,25.7966705578384,129,0.754373152541918,4,0,FALSE
"predict__synt__omit_four_labels__unique_profiles__sqrt_hamming__energy",21,25.7966705578383,129,0.754373152541918,6,0,FALSE
"predict__synt__omit_four_labels__unique_profiles__sqrt_hamming__energy",22,27.5671510569238,79,0.0138372096692871,4,0,FALSE
"predict__synt__omit_four_labels__unique_profiles__sqrt_hamming__energy",23,25.7966705578384,129,0.754373152541918,3,0,FALSE
"predict__synt__omit_four_labels__unique_profiles__sqrt_hamming__energy",24,25.7966705578384,129,0.754373152541918,3,0,FALSE
"predict__synt__omit_four_labels__unique_profiles__sqrt_hamming__energy",25,25.7966705578384,129,0.754373152541918,3,0,FALSE
"predict__synt__omit_four_labels__unique_profiles__sqrt_hamming__energy",26,25.7938787468787,123,0.60970930179085,3,0,FALSE
"predict__synt__omit_four_labels__unique_profiles__sqrt_hamming__energy",27,25.7966705578383,129,0.754373152541918,4,0,FALSE
"predict__synt__omit_four_labels__unique_profiles__sqrt_hamming__energy",28,25.7881669555823,124,0.632758308161156,3,0,FALSE
"predict__synt__omit_four_labels__unique_profiles__sqrt_hamming__energy",29,25.7881669555823,124,0.632758308161156,5,0,FALSE
"predict__synt__omit_four_labels__unique_profiles__sqrt_hamming__energy",30,25.7938787468788,123,0.60970930179085,3,0,FALSE
"predict__synt__omit_four_labels__unique_profiles__sqrt_hamming__energy",31,25.7966705578384,129,0.754373152541918,5,0,FALSE
"predict__synt__omit_four_labels__unique_profiles__sqrt_hamming__energy",32,25.7881669555823,124,0.632758308161156,3,0,FALSE
"predict__synt__omit_four_labels__unique_profiles__sqrt_hamming__energy",33,25.7938787468787,123,0.60970930179085,3,0,FALSE
"predict__synt__omit_four_labels__unique_profiles__sqrt_hamming__energy",34,25.7881669555822,124,0.632758308161156,3,0,FALSE
"predict__synt__omit_four_labels__unique_profiles__sqrt_hamming__energy",35,25.7879917241687,125,0.656232090438534,3,0,TRUE
"predict__synt__omit_four_labels__unique_profiles__sqrt_hamming__energy",36,25.7966705578384,129,0.754373152541918,4,0,FALSE
"predict__synt__omit_four_labels__unique_profiles__sqrt_hamming__energy",37,25.7881669555823,124,0.632758308161156,3,0,FALSE
"predict__synt__omit_four_labels__unique_profiles__sqrt_hamming__energy",38,25.7879917241688,125,0.656232090438534,3,0,FALSE
"predict__synt__omit_four_labels__unique_profiles__sqrt_hamming__energy",39,25.7966705578384,129,0.754373152541918,4,0,FALSE
"predict__synt__omit_four_labels__unique_profiles__sqrt_hamming__energy",40,25.7966705578384,129,0.754373152541918,4,0,FALSE
"predict__synt__omit_four_labels__unique_profiles__sqrt_hamming__energy",41,25.7966705578384,129,0.754373152541918,4,0,FALSE
"predict__synt__omit_four_labels__unique_profiles__sqrt_hamming__energy",42,25.7938787468787,123,0.60970930179085,3,0,FALSE
"predict__synt__omit_four_labels__unique_profiles__sqrt_hamming__energy",43,25.7966705578384,129,0.754373152541918,4,0,FALSE
"predict__synt__omit_four_labels__unique_profiles__sqrt_hamming__energy",44,25.7881669555823,124,0.632758308161156,5,0,FALSE
"predict__synt__omit_four_labels__unique_profiles__sqrt_hamming__energy",45,25.7966705578385,129,0.754373152541918,5,0,FALSE
"predict__synt__omit_four_labels__unique_profiles__sqrt_hamming__energy",46,25.7966705578384,129,0.754373152541918,4,0,FALSE
"predict__synt__omit_four_labels__unique_profiles__sqrt_hamming__energy",47,25.7938787468788,123,0.60970930179085,3,0,FALSE
"predict__synt__omit_four_labels__unique_profiles__sqrt_hamming__energy",48,25.7966705578384,129,0.754373152541918,4,0,FALSE
"predict__synt__omit_four_labels__unique_profiles__sqrt_hamming__energy",49,25.7966705578382,129,0.754373152541918,3,0,FALSE
"predict__synt__omit_four_labels__unique_profiles__sqrt_hamming__energy",50,25.7881669555823,124,0.632758308161156,3,0,FALSE
"predict__synt__omit_four_labels__unique_profiles__sqrt_hamming__energy",51,25.7966705578384,129,0.754373152541918,4,0,FALSE
"predict__synt__omit_four_labels__unique_profiles__sqrt_hamming__energy",52,25.7879917241689,125,0.656232090438534,3,0,FALSE
"predict__synt__omit_four_labels__unique_profiles__sqrt_hamming__energy",53,25.7966705578384,129,0.754373152541918,4,0,FALSE
"predict__synt__omit_four_labels__unique_profiles__sqrt_hamming__energy",54,25.7966705578384,129,0.754373152541918,3,0,FALSE
"predict__synt__omit_four_labels__unique_profiles__sqrt_hamming__energy",55,25.7938787468787,123,0.60970930179085,3,0,FALSE
"predict__synt__omit_four_labels__unique_profiles__sqrt_hamming__energy",56,25.7966705578384,129,0.754373152541918,3,0,FALSE
"predict__synt__omit_four_labels__unique_profiles__sqrt_hamming__energy",57,25.7966705578384,129,0.754373152541918,3,0,FALSE
"predict__synt__omit_four_labels__unique_profiles__sqrt_hamming__energy",58,25.7966705578384,129,0.754373152541918,4,0,FALSE
"predict__synt__omit_four_labels__unique_profiles__sqrt_hamming__energy",59,25.7966705578383,129,0.754373152541918,3,0,FALSE
"predict__synt__omit_four_labels__unique_profiles__sqrt_hamming__energy",60,25.7966705578384,129,0.754373152541918,4,0,FALSE
"predict__synt__omit_four_labels__unique_profiles__sqrt_hamming__energy",61,25.7966705578384,129,0.754373152541918,3,0,FALSE
"predict__synt__omit_four_labels__unique_profiles__sqrt_hamming__energy",62,25.7966705578384,129,0.754373152541918,3,0,FALSE
"predict__synt__omit_four_labels__unique_profiles__sqrt_hamming__energy",63,25.7966705578383,129,0.754373152541918,3,0,FALSE
"predict__synt__omit_four_labels__unique_profiles__sqrt_hamming__energy",64,25.7966705578384,129,0.754373152541918,3,0,FALSE
"predict__synt__omit_four_labels__unique_profiles__sqrt_hamming__energy",65,25.7966705578383,129,0.754373152541918,3,0,FALSE
"predict__synt__omit_four_labels__unique_profiles__sqrt_hamming__energy",66,25.7966705578385,129,0.754373152541918,5,0,FALSE
"predict__synt__omit_four_labels__unique_profiles__sqrt_hamming__energy",67,25.7879917241689,125,0.656232090438534,3,0,FALSE
"predict__synt__omit_four_labels__unique_profiles__sqrt_hamming__energy",68,26.0843136425094,116,0.460137789416631,4,0,FALSE
"predict__synt__omit_four_labels__unique_profiles__sqrt_hamming__energy",69,25.7966705578384,129,0.754373152541918,3,0,FALSE
"predict__synt__omit_four_labels__unique_profiles__sqrt_hamming__energy",70,25.7966705578384,129,0.754373152541918,3,0,FALSE
"predict__synt__omit_four_labels__unique_profiles__sqrt_hamming__energy",71,25.7966705578384,129,0.754373152541918,3,0,FALSE
"predict__synt__omit_four_labels__unique_profiles__sqrt_hamming__energy",72,25.7881669555823,124,0.632758308161156,4,0,FALSE
"predict__synt__omit_four_labels__unique_profiles__sqrt_hamming__energy",73,25.7879917241688,125,0.656232090438534,2,0,FALSE
"predict__synt__omit_four_labels__unique_profiles__sqrt_hamming__energy",74,25.7881669555823,124,0.632758308161156,2,0,FALSE
"predict__synt__omit_four_labels__unique_profiles__sqrt_hamming__energy",75,25.7881669555823,124,0.632758308161156,5,0,FALSE
"predict__synt__omit_four_labels__unique_profiles__sqrt_hamming__energy",76,25.7966705578384,129,0.754373152541918,2,0,FALSE
"predict__synt__omit_four_labels__unique_profiles__sqrt_hamming__energy",77,25.7966705578384,129,0.754373152541918,3,0,FALSE
"predict__synt__omit_four_labels__unique_profiles__sqrt_hamming__energy",78,25.7966705578384,129,0.754373152541918,3,0,FALSE
"predict__synt__omit_four_labels__unique_profiles__sqrt_hamming__energy",79,25.7966705578383,129,0.754373152541918,4,0,FALSE
"predict__synt__omit_four_labels__unique_profiles__sqrt_hamming__energy",80,25.7966705578383,129,0.754373152541918,4,0,FALSE
"predict__synt__omit_four_labels__unique_profiles__sqrt_hamming__energy",81,25.8118546399542,127,0.704453625952981,3,0,FALSE
"predict__synt__omit_four_labels__unique_profiles__sqrt_hamming__energy",82,25.7879917241689,125,0.656232090438534,3,0,FALSE
"predict__synt__omit_four_labels__unique_profiles__sqrt_hamming__energy",83,25.7966705578384,129,0.754373152541918,3,0,FALSE
"predict__synt__omit_four_labels__unique_profiles__sqrt_hamming__energy",84,25.7881669555822,124,0.632758308161156,3,0,FALSE
"predict__synt__omit_four_labels__unique_profiles__sqrt_hamming__energy",85,25.7966705578384,129,0.754373152541918,3,0,FALSE
"predict__synt__omit_four_labels__unique_profiles__sqrt_hamming__energy",86,25.7966705578384,129,0.754373152541918,5,0,FALSE
"predict__synt__omit_four_labels__unique_profiles__sqrt_hamming__energy",87,25.7966705578384,129,0.754373152541918,4,0,FALSE
"predict__synt__omit_four_labels__unique_profiles__sqrt_hamming__energy",88,25.7966705578384,129,0.754373152541918,4,0,FALSE
"predict__synt__omit_four_labels__unique_profiles__sqrt_hamming__energy",89,25.7966705578385,129,0.754373152541918,3,0,FALSE
"predict__synt__omit_four_labels__unique_profiles__sqrt_hamming__energy",90,25.7881669555822,124,0.632758308161156,9,0,FALSE
"predict__synt__omit_four_labels__unique_profiles__sqrt_hamming__energy",91,26.0188398103951,116,0.460266497608434,5,0,FALSE
"predict__synt__omit_four_labels__unique_profiles__sqrt_hamming__energy",92,25.7966705578382,129,0.754373152541918,4,0,FALSE
"predict__synt__omit_four_labels__unique_profiles__sqrt_hamming__energy",93,25.7938787468786,123,0.60970930179085,3,0,FALSE
"predict__synt__omit_four_labels__unique_profiles__sqrt_hamming__energy",94,25.7881669555822,124,0.632758308161156,4,0,FALSE
"predict__synt__omit_four_labels__unique_profiles__sqrt_hamming__energy",95,25.7966705578384,129,0.754373152541918,3,0,FALSE
"predict__synt__omit_four_labels__unique_profiles__sqrt_hamming__energy",96,25.7966705578384,129,0.754373152541918,4,0,FALSE
"predict__synt__omit_four_labels__unique_profiles__sqrt_hamming__energy",97,25.7966705578385,129,0.754373152541918,3,0,FALSE
"predict__synt__omit_four_labels__unique_profiles__sqrt_hamming__energy",98,25.7881669555821,124,0.632758308161156,3,0,FALSE
"predict__synt__omit_four_labels__unique_profiles__sqrt_hamming__energy",99,25.7966705578384,129,0.754373152541918,4,0,FALSE
"predict__synt__omit_four_labels__unique_profiles__sqrt_hamming__energy",100,25.7966705578384,129,0.754373152541918,5,0,FALSE
