"geometry_id","feature","weight"
"full__equal_features__sqrt_hamming","a",0.00645161290322581
"full__equal_features__sqrt_hamming","another",0.00645161290322581
"full__equal_features__sqrt_hamming","any",0.00645161290322581
"full__equal_features__sqrt_hamming","body",0.00645161290322581
"full__equal_features__sqrt_hamming","certain",0.00645161290322581
"full__equal_features__sqrt_hamming","day",0.00645161290322581
"full__equal_features__sqrt_hamming","each",0.00645161290322581
"full__equal_features__sqrt_hamming","each_other",0.00645161290322581
"full__equal_features__sqrt_hamming","either",0.00645161290322581
"full__equal_features__sqrt_hamming","ever",0.00645161290322581
"full__equal_features__sqrt_hamming","every",0.00645161290322581
"full__equal_features__sqrt_hamming","few",0.00645161290322581
"full__equal_features__sqrt_hamming","her",0.00645161290322581
"full__equal_features__sqrt_hamming","him",0.00645161290322581
"full__equal_features__sqrt_hamming","it",0.00645161290322581
"full__equal_features__sqrt_hamming","its",0.00645161290322581
"full__equal_features__sqrt_hamming","little",0.00645161290322581
"full__equal_features__sqrt_hamming","many",0.00645161290322581
"full__equal_features__sqrt_hamming","many_a",0.00645161290322581
"full__equal_features__sqrt_hamming","my",0.00645161290322581
"full__equal_features__sqrt_hamming","no",0.00645161290322581
"full__equal_features__sqrt_hamming","no_one",0.00645161290322581
"full__equal_features__sqrt_hamming","one",0.00645161290322581
"full__equal_features__sqrt_hamming","one_s",0.00645161290322581
"full__equal_features__sqrt_hamming","other",0.00645161290322581
"full__equal_features__sqrt_hamming","our",0.00645161290322581
"full__equal_features__sqrt_hamming","ours",0.00645161290322581
"full__equal_features__sqrt_hamming","self",0.00645161290322581
"full__equal_features__sqrt_hamming","some",0.00645161290322581
"full__equal_features__sqrt_hamming","their",0.00645161290322581
"full__equal_features__sqrt_hamming","theirs",0.00645161290322581
"full__equal_features__sqrt_hamming","them",0.00645161290322581
"full__equal_features__sqrt_hamming","they",0.00645161290322581
"full__equal_features__sqrt_hamming","thing",0.00645161290322581
"full__equal_features__sqrt_hamming","to",0.00645161290322581
"full__equal_features__sqrt_hamming","us",0.00645161290322581
"full__equal_features__sqrt_hamming","we",0.00645161290322581
"full__equal_features__sqrt_hamming","what",0.00645161290322581
"full__equal_features__sqrt_hamming","whatever",0.00645161290322581
"full__equal_features__sqrt_hamming","where",0.00645161290322581
"full__equal_features__sqrt_hamming","which",0.00645161290322581
"full__equal_features__sqrt_hamming","whichever",0.00645161290322581
"full__equal_features__sqrt_hamming","who",0.00645161290322581
"full__equal_features__sqrt_hamming","whoever",0.00645161290322581
"full__equal_features__sqrt_hamming","whom",0.00645161290322581
"full__equal_features__sqrt_hamming","whose",0.00645161290322581
"full__equal_features__sqrt_hamming","whosoever",0.00645161290322581
"full__equal_features__sqrt_hamming","you",0.00645161290322581
"full__equal_features__sqrt_hamming","your",0.00645161290322581
"full__equal_features__sqrt_hamming","yours",0.00645161290322581
"full__equal_features__sqrt_hamming","genitive_case",0.00645161290322581
"full__equal_features__sqrt_hamming","accusative_case",0.00645161290322581
"full__equal_features__sqrt_hamming","nominative_case",0.00645161290322581
"full__equal_features__sqrt_hamming","in_word_formation_e_g_a_many_sided_shape",0.00645161290322581
"full__equal_features__sqrt_hamming","has_derivationtionally_related_words",0.00645161290322581
"full__equal_features__sqrt_hamming","has_corresponding_word",0.00645161290322581
"full__equal_features__sqrt_hamming","compound_word",0.00645161290322581
"full__equal_features__sqrt_hamming","inflects_for_case",0.00645161290322581
"full__equal_features__sqrt_hamming","paradigm_has_distinct_acc_form",0.00645161290322581
"full__equal_features__sqrt_hamming","paradigm_has_genitive_form",0.00645161290322581
"full__equal_features__sqrt_hamming","paradigm_has_distinct_independent_genitive_form",0.00645161290322581
"full__equal_features__sqrt_hamming","paradigm_has_distinct_self_form",0.00645161290322581
"full__equal_features__sqrt_hamming","paradigm_has_comparative_and_superlative_forms",0.00645161290322581
"full__equal_features__sqrt_hamming","paradigm_has_distinct_plural_form",0.00645161290322581
"full__equal_features__sqrt_hamming","does_not_inflect",0.00645161290322581
"full__equal_features__sqrt_hamming","Monmorphemic",0.00645161290322581
"full__equal_features__sqrt_hamming","Must_be_stressed_as_object_after_particle",0.00645161290322581
"full__equal_features__sqrt_hamming","Start_with_th",0.00645161290322581
"full__equal_features__sqrt_hamming","Start_with_hw",0.00645161290322581
"full__equal_features__sqrt_hamming","anaphoric_marker",0.00645161290322581
"full__equal_features__sqrt_hamming","deictic_marker",0.00645161290322581
"full__equal_features__sqrt_hamming","person_deixis",0.00645161290322581
"full__equal_features__sqrt_hamming","pro_form",0.00645161290322581
"full__equal_features__sqrt_hamming","personal_gender_as_head_or_fused_head",0.00645161290322581
"full__equal_features__sqrt_hamming","non_personal_gender",0.00645161290322581
"full__equal_features__sqrt_hamming","epicene_personal_gender",0.00645161290322581
"full__equal_features__sqrt_hamming","masculine_gender",0.00645161290322581
"full__equal_features__sqrt_hamming","feminine_gender",0.00645161290322581
"full__equal_features__sqrt_hamming","definite",0.00645161290322581
"full__equal_features__sqrt_hamming","indefinite",0.00645161290322581
"full__equal_features__sqrt_hamming","existential",0.00645161290322581
"full__equal_features__sqrt_hamming","universal",0.00645161290322581
"full__equal_features__sqrt_hamming","free_choice",0.00645161290322581
"full__equal_features__sqrt_hamming","negative",0.00645161290322581
"full__equal_features__sqrt_hamming","interrogative",0.00645161290322581
"full__equal_features__sqrt_hamming","non_affirmative",0.00645161290322581
"full__equal_features__sqrt_hamming","reflexive",0.00645161290322581
"full__equal_features__sqrt_hamming","reciprocal",0.00645161290322581
"full__equal_features__sqrt_hamming","dual",0.00645161290322581
"full__equal_features__sqrt_hamming","paucal",0.00645161290322581
"full__equal_features__sqrt_hamming","multal",0.00645161290322581
"full__equal_features__sqrt_hamming","proportional",0.00645161290322581
"full__equal_features__sqrt_hamming","semantically_countable",0.00645161290322581
"full__equal_features__sqrt_hamming","semantically_uncountable",0.00645161290322581
"full__equal_features__sqrt_hamming","semantically_singular",0.00645161290322581
"full__equal_features__sqrt_hamming","semantically_plural",0.00645161290322581
"full__equal_features__sqrt_hamming","distributive",0.00645161290322581
"full__equal_features__sqrt_hamming","joint",0.00645161290322581
"full__equal_features__sqrt_hamming","cardinal",0.00645161290322581
"full__equal_features__sqrt_hamming","disjunctive",0.00645161290322581
"full__equal_features__sqrt_hamming","degree",0.00645161290322581
"full__equal_features__sqrt_hamming","sufficiency",0.00645161290322581
"full__equal_features__sqrt_hamming","temporal",0.00645161290322581
"full__equal_features__sqrt_hamming","locative",0.00645161290322581
"full__equal_features__sqrt_hamming","dummy",0.00645161290322581
"full__equal_features__sqrt_hamming","can_be_followed_by_adjective_such",0.00645161290322581
"full__equal_features__sqrt_hamming","can_be_modified_by_almost",0.00645161290322581
"full__equal_features__sqrt_hamming","can_be_modified_by_approximately",0.00645161290322581
"full__equal_features__sqrt_hamming","can_be_modified_by_at_least",0.00645161290322581
"full__equal_features__sqrt_hamming","can_be_modified_by_hardly",0.00645161290322581
"full__equal_features__sqrt_hamming","can_be_modified_by_not",0.00645161290322581
"full__equal_features__sqrt_hamming","can_be_modified_by_adverb_very",0.00645161290322581
"full__equal_features__sqrt_hamming","Coordinates_with_independent_genitives",0.00645161290322581
"full__equal_features__sqrt_hamming","Coordinates_with_dependent_genitives",0.00645161290322581
"full__equal_features__sqrt_hamming","Coordinates_with_NPs",0.00645161290322581
"full__equal_features__sqrt_hamming","intensifying_reduplication",0.00645161290322581
"full__equal_features__sqrt_hamming","selects_singular_heads",0.00645161290322581
"full__equal_features__sqrt_hamming","selects_count_singular_heads",0.00645161290322581
"full__equal_features__sqrt_hamming","selects_non_count_heads",0.00645161290322581
"full__equal_features__sqrt_hamming","selects_plural_heads",0.00645161290322581
"full__equal_features__sqrt_hamming","compatible_count_sing_NP",0.00645161290322581
"full__equal_features__sqrt_hamming","compatible_count_plur_NP",0.00645161290322581
"full__equal_features__sqrt_hamming","compatible_non_count_NP",0.00645161290322581
"full__equal_features__sqrt_hamming","Forms_universal_pronouns_before_all",0.00645161290322581
"full__equal_features__sqrt_hamming","functions_as_a_predeterminer_modifier",0.00645161290322581
"full__equal_features__sqrt_hamming","functions_as_prehead_modifier_in_nominal",0.00645161290322581
"full__equal_features__sqrt_hamming","functions_as_degree_modifier_in_AdjP",0.00645161290322581
"full__equal_features__sqrt_hamming","functions_as_predicative_complement",0.00645161290322581
"full__equal_features__sqrt_hamming","functions_as_predicative_complement_to_seem",0.00645161290322581
"full__equal_features__sqrt_hamming","functions_as_marker_of_coordination",0.00645161290322581
"full__equal_features__sqrt_hamming","functions_as_fused_determiner_head",0.00645161290322581
"full__equal_features__sqrt_hamming","functions_as_head_of_partitive_construction",0.00645161290322581
"full__equal_features__sqrt_hamming","functions_as_adjunct_in_clause_structure",0.00645161290322581
"full__equal_features__sqrt_hamming","functions_as_attrib_modifier_in_nominal",0.00645161290322581
"full__equal_features__sqrt_hamming","appears_in_subject",0.00645161290322581
"full__equal_features__sqrt_hamming","appears_in_object",0.00645161290322581
"full__equal_features__sqrt_hamming","functions_as_post_head_modifier_of_it_or_them",0.00645161290322581
"full__equal_features__sqrt_hamming","functions_as_post_head_modifier_of_N",0.00645161290322581
"full__equal_features__sqrt_hamming","appears_in_existentials_there_s_on_the_table",0.00645161290322581
"full__equal_features__sqrt_hamming","functions_as_determiner_in_day_s_time_ago",0.00645161290322581
"full__equal_features__sqrt_hamming","functions_as_subject_of_present_participal_of_joining_you",0.00645161290322581
"full__equal_features__sqrt_hamming","Functions_as_subject_of_interrogative_tag",0.00645161290322581
"full__equal_features__sqrt_hamming","functions_as_subject_determiner",0.00645161290322581
"full__equal_features__sqrt_hamming","functions_in_vocative",0.00645161290322581
"full__equal_features__sqrt_hamming","May_coordinate_with_non_fused_determiners",0.00645161290322581
"full__equal_features__sqrt_hamming","must_be_outranked_by_a_coindexed_element",0.00645161290322581
"full__equal_features__sqrt_hamming","takes_predeterminer_modifiers_all_or_both",0.00645161290322581
"full__equal_features__sqrt_hamming","occurs_after_predeterminer_modifiers_fractions",0.00645161290322581
"full__equal_features__sqrt_hamming","occurs_after_predeterminer_modifiers_multipliers",0.00645161290322581
"full__equal_features__sqrt_hamming","ironic_use_of_repetition",0.00645161290322581
"full__equal_features__sqrt_hamming","take_poor_lucky_silly_as_attrib_modifiers",0.00645161290322581
"full__equal_features__sqrt_hamming","takes_adverb_quite_as_a_modifier",0.00645161290322581
"full__equal_features__sqrt_hamming","takes_else_or_more_as_a_post_head_dependent",0.00645161290322581
"full__equal_features__sqrt_hamming","accepts_genitive_apstrophe_s",0.00645161290322581
"full__equal_features__sqrt_hamming","takes_post_head_modifier_the_hell",0.00645161290322581
"full__equal_features__hamming","a",0.00645161290322581
"full__equal_features__hamming","another",0.00645161290322581
"full__equal_features__hamming","any",0.00645161290322581
"full__equal_features__hamming","body",0.00645161290322581
"full__equal_features__hamming","certain",0.00645161290322581
"full__equal_features__hamming","day",0.00645161290322581
"full__equal_features__hamming","each",0.00645161290322581
"full__equal_features__hamming","each_other",0.00645161290322581
"full__equal_features__hamming","either",0.00645161290322581
"full__equal_features__hamming","ever",0.00645161290322581
"full__equal_features__hamming","every",0.00645161290322581
"full__equal_features__hamming","few",0.00645161290322581
"full__equal_features__hamming","her",0.00645161290322581
"full__equal_features__hamming","him",0.00645161290322581
"full__equal_features__hamming","it",0.00645161290322581
"full__equal_features__hamming","its",0.00645161290322581
"full__equal_features__hamming","little",0.00645161290322581
"full__equal_features__hamming","many",0.00645161290322581
"full__equal_features__hamming","many_a",0.00645161290322581
"full__equal_features__hamming","my",0.00645161290322581
"full__equal_features__hamming","no",0.00645161290322581
"full__equal_features__hamming","no_one",0.00645161290322581
"full__equal_features__hamming","one",0.00645161290322581
"full__equal_features__hamming","one_s",0.00645161290322581
"full__equal_features__hamming","other",0.00645161290322581
"full__equal_features__hamming","our",0.00645161290322581
"full__equal_features__hamming","ours",0.00645161290322581
"full__equal_features__hamming","self",0.00645161290322581
"full__equal_features__hamming","some",0.00645161290322581
"full__equal_features__hamming","their",0.00645161290322581
"full__equal_features__hamming","theirs",0.00645161290322581
"full__equal_features__hamming","them",0.00645161290322581
"full__equal_features__hamming","they",0.00645161290322581
"full__equal_features__hamming","thing",0.00645161290322581
"full__equal_features__hamming","to",0.00645161290322581
"full__equal_features__hamming","us",0.00645161290322581
"full__equal_features__hamming","we",0.00645161290322581
"full__equal_features__hamming","what",0.00645161290322581
"full__equal_features__hamming","whatever",0.00645161290322581
"full__equal_features__hamming","where",0.00645161290322581
"full__equal_features__hamming","which",0.00645161290322581
"full__equal_features__hamming","whichever",0.00645161290322581
"full__equal_features__hamming","who",0.00645161290322581
"full__equal_features__hamming","whoever",0.00645161290322581
"full__equal_features__hamming","whom",0.00645161290322581
"full__equal_features__hamming","whose",0.00645161290322581
"full__equal_features__hamming","whosoever",0.00645161290322581
"full__equal_features__hamming","you",0.00645161290322581
"full__equal_features__hamming","your",0.00645161290322581
"full__equal_features__hamming","yours",0.00645161290322581
"full__equal_features__hamming","genitive_case",0.00645161290322581
"full__equal_features__hamming","accusative_case",0.00645161290322581
"full__equal_features__hamming","nominative_case",0.00645161290322581
"full__equal_features__hamming","in_word_formation_e_g_a_many_sided_shape",0.00645161290322581
"full__equal_features__hamming","has_derivationtionally_related_words",0.00645161290322581
"full__equal_features__hamming","has_corresponding_word",0.00645161290322581
"full__equal_features__hamming","compound_word",0.00645161290322581
"full__equal_features__hamming","inflects_for_case",0.00645161290322581
"full__equal_features__hamming","paradigm_has_distinct_acc_form",0.00645161290322581
"full__equal_features__hamming","paradigm_has_genitive_form",0.00645161290322581
"full__equal_features__hamming","paradigm_has_distinct_independent_genitive_form",0.00645161290322581
"full__equal_features__hamming","paradigm_has_distinct_self_form",0.00645161290322581
"full__equal_features__hamming","paradigm_has_comparative_and_superlative_forms",0.00645161290322581
"full__equal_features__hamming","paradigm_has_distinct_plural_form",0.00645161290322581
"full__equal_features__hamming","does_not_inflect",0.00645161290322581
"full__equal_features__hamming","Monmorphemic",0.00645161290322581
"full__equal_features__hamming","Must_be_stressed_as_object_after_particle",0.00645161290322581
"full__equal_features__hamming","Start_with_th",0.00645161290322581
"full__equal_features__hamming","Start_with_hw",0.00645161290322581
"full__equal_features__hamming","anaphoric_marker",0.00645161290322581
"full__equal_features__hamming","deictic_marker",0.00645161290322581
"full__equal_features__hamming","person_deixis",0.00645161290322581
"full__equal_features__hamming","pro_form",0.00645161290322581
"full__equal_features__hamming","personal_gender_as_head_or_fused_head",0.00645161290322581
"full__equal_features__hamming","non_personal_gender",0.00645161290322581
"full__equal_features__hamming","epicene_personal_gender",0.00645161290322581
"full__equal_features__hamming","masculine_gender",0.00645161290322581
"full__equal_features__hamming","feminine_gender",0.00645161290322581
"full__equal_features__hamming","definite",0.00645161290322581
"full__equal_features__hamming","indefinite",0.00645161290322581
"full__equal_features__hamming","existential",0.00645161290322581
"full__equal_features__hamming","universal",0.00645161290322581
"full__equal_features__hamming","free_choice",0.00645161290322581
"full__equal_features__hamming","negative",0.00645161290322581
"full__equal_features__hamming","interrogative",0.00645161290322581
"full__equal_features__hamming","non_affirmative",0.00645161290322581
"full__equal_features__hamming","reflexive",0.00645161290322581
"full__equal_features__hamming","reciprocal",0.00645161290322581
"full__equal_features__hamming","dual",0.00645161290322581
"full__equal_features__hamming","paucal",0.00645161290322581
"full__equal_features__hamming","multal",0.00645161290322581
"full__equal_features__hamming","proportional",0.00645161290322581
"full__equal_features__hamming","semantically_countable",0.00645161290322581
"full__equal_features__hamming","semantically_uncountable",0.00645161290322581
"full__equal_features__hamming","semantically_singular",0.00645161290322581
"full__equal_features__hamming","semantically_plural",0.00645161290322581
"full__equal_features__hamming","distributive",0.00645161290322581
"full__equal_features__hamming","joint",0.00645161290322581
"full__equal_features__hamming","cardinal",0.00645161290322581
"full__equal_features__hamming","disjunctive",0.00645161290322581
"full__equal_features__hamming","degree",0.00645161290322581
"full__equal_features__hamming","sufficiency",0.00645161290322581
"full__equal_features__hamming","temporal",0.00645161290322581
"full__equal_features__hamming","locative",0.00645161290322581
"full__equal_features__hamming","dummy",0.00645161290322581
"full__equal_features__hamming","can_be_followed_by_adjective_such",0.00645161290322581
"full__equal_features__hamming","can_be_modified_by_almost",0.00645161290322581
"full__equal_features__hamming","can_be_modified_by_approximately",0.00645161290322581
"full__equal_features__hamming","can_be_modified_by_at_least",0.00645161290322581
"full__equal_features__hamming","can_be_modified_by_hardly",0.00645161290322581
"full__equal_features__hamming","can_be_modified_by_not",0.00645161290322581
"full__equal_features__hamming","can_be_modified_by_adverb_very",0.00645161290322581
"full__equal_features__hamming","Coordinates_with_independent_genitives",0.00645161290322581
"full__equal_features__hamming","Coordinates_with_dependent_genitives",0.00645161290322581
"full__equal_features__hamming","Coordinates_with_NPs",0.00645161290322581
"full__equal_features__hamming","intensifying_reduplication",0.00645161290322581
"full__equal_features__hamming","selects_singular_heads",0.00645161290322581
"full__equal_features__hamming","selects_count_singular_heads",0.00645161290322581
"full__equal_features__hamming","selects_non_count_heads",0.00645161290322581
"full__equal_features__hamming","selects_plural_heads",0.00645161290322581
"full__equal_features__hamming","compatible_count_sing_NP",0.00645161290322581
"full__equal_features__hamming","compatible_count_plur_NP",0.00645161290322581
"full__equal_features__hamming","compatible_non_count_NP",0.00645161290322581
"full__equal_features__hamming","Forms_universal_pronouns_before_all",0.00645161290322581
"full__equal_features__hamming","functions_as_a_predeterminer_modifier",0.00645161290322581
"full__equal_features__hamming","functions_as_prehead_modifier_in_nominal",0.00645161290322581
"full__equal_features__hamming","functions_as_degree_modifier_in_AdjP",0.00645161290322581
"full__equal_features__hamming","functions_as_predicative_complement",0.00645161290322581
"full__equal_features__hamming","functions_as_predicative_complement_to_seem",0.00645161290322581
"full__equal_features__hamming","functions_as_marker_of_coordination",0.00645161290322581
"full__equal_features__hamming","functions_as_fused_determiner_head",0.00645161290322581
"full__equal_features__hamming","functions_as_head_of_partitive_construction",0.00645161290322581
"full__equal_features__hamming","functions_as_adjunct_in_clause_structure",0.00645161290322581
"full__equal_features__hamming","functions_as_attrib_modifier_in_nominal",0.00645161290322581
"full__equal_features__hamming","appears_in_subject",0.00645161290322581
"full__equal_features__hamming","appears_in_object",0.00645161290322581
"full__equal_features__hamming","functions_as_post_head_modifier_of_it_or_them",0.00645161290322581
"full__equal_features__hamming","functions_as_post_head_modifier_of_N",0.00645161290322581
"full__equal_features__hamming","appears_in_existentials_there_s_on_the_table",0.00645161290322581
"full__equal_features__hamming","functions_as_determiner_in_day_s_time_ago",0.00645161290322581
"full__equal_features__hamming","functions_as_subject_of_present_participal_of_joining_you",0.00645161290322581
"full__equal_features__hamming","Functions_as_subject_of_interrogative_tag",0.00645161290322581
"full__equal_features__hamming","functions_as_subject_determiner",0.00645161290322581
"full__equal_features__hamming","functions_in_vocative",0.00645161290322581
"full__equal_features__hamming","May_coordinate_with_non_fused_determiners",0.00645161290322581
"full__equal_features__hamming","must_be_outranked_by_a_coindexed_element",0.00645161290322581
"full__equal_features__hamming","takes_predeterminer_modifiers_all_or_both",0.00645161290322581
"full__equal_features__hamming","occurs_after_predeterminer_modifiers_fractions",0.00645161290322581
"full__equal_features__hamming","occurs_after_predeterminer_modifiers_multipliers",0.00645161290322581
"full__equal_features__hamming","ironic_use_of_repetition",0.00645161290322581
"full__equal_features__hamming","take_poor_lucky_silly_as_attrib_modifiers",0.00645161290322581
"full__equal_features__hamming","takes_adverb_quite_as_a_modifier",0.00645161290322581
"full__equal_features__hamming","takes_else_or_more_as_a_post_head_dependent",0.00645161290322581
"full__equal_features__hamming","accepts_genitive_apstrophe_s",0.00645161290322581
"full__equal_features__hamming","takes_post_head_modifier_the_hell",0.00645161290322581
"full__equal_features__jaccard","a",0.00645161290322581
"full__equal_features__jaccard","another",0.00645161290322581
"full__equal_features__jaccard","any",0.00645161290322581
"full__equal_features__jaccard","body",0.00645161290322581
"full__equal_features__jaccard","certain",0.00645161290322581
"full__equal_features__jaccard","day",0.00645161290322581
"full__equal_features__jaccard","each",0.00645161290322581
"full__equal_features__jaccard","each_other",0.00645161290322581
"full__equal_features__jaccard","either",0.00645161290322581
"full__equal_features__jaccard","ever",0.00645161290322581
"full__equal_features__jaccard","every",0.00645161290322581
"full__equal_features__jaccard","few",0.00645161290322581
"full__equal_features__jaccard","her",0.00645161290322581
"full__equal_features__jaccard","him",0.00645161290322581
"full__equal_features__jaccard","it",0.00645161290322581
"full__equal_features__jaccard","its",0.00645161290322581
"full__equal_features__jaccard","little",0.00645161290322581
"full__equal_features__jaccard","many",0.00645161290322581
"full__equal_features__jaccard","many_a",0.00645161290322581
"full__equal_features__jaccard","my",0.00645161290322581
"full__equal_features__jaccard","no",0.00645161290322581
"full__equal_features__jaccard","no_one",0.00645161290322581
"full__equal_features__jaccard","one",0.00645161290322581
"full__equal_features__jaccard","one_s",0.00645161290322581
"full__equal_features__jaccard","other",0.00645161290322581
"full__equal_features__jaccard","our",0.00645161290322581
"full__equal_features__jaccard","ours",0.00645161290322581
"full__equal_features__jaccard","self",0.00645161290322581
"full__equal_features__jaccard","some",0.00645161290322581
"full__equal_features__jaccard","their",0.00645161290322581
"full__equal_features__jaccard","theirs",0.00645161290322581
"full__equal_features__jaccard","them",0.00645161290322581
"full__equal_features__jaccard","they",0.00645161290322581
"full__equal_features__jaccard","thing",0.00645161290322581
"full__equal_features__jaccard","to",0.00645161290322581
"full__equal_features__jaccard","us",0.00645161290322581
"full__equal_features__jaccard","we",0.00645161290322581
"full__equal_features__jaccard","what",0.00645161290322581
"full__equal_features__jaccard","whatever",0.00645161290322581
"full__equal_features__jaccard","where",0.00645161290322581
"full__equal_features__jaccard","which",0.00645161290322581
"full__equal_features__jaccard","whichever",0.00645161290322581
"full__equal_features__jaccard","who",0.00645161290322581
"full__equal_features__jaccard","whoever",0.00645161290322581
"full__equal_features__jaccard","whom",0.00645161290322581
"full__equal_features__jaccard","whose",0.00645161290322581
"full__equal_features__jaccard","whosoever",0.00645161290322581
"full__equal_features__jaccard","you",0.00645161290322581
"full__equal_features__jaccard","your",0.00645161290322581
"full__equal_features__jaccard","yours",0.00645161290322581
"full__equal_features__jaccard","genitive_case",0.00645161290322581
"full__equal_features__jaccard","accusative_case",0.00645161290322581
"full__equal_features__jaccard","nominative_case",0.00645161290322581
"full__equal_features__jaccard","in_word_formation_e_g_a_many_sided_shape",0.00645161290322581
"full__equal_features__jaccard","has_derivationtionally_related_words",0.00645161290322581
"full__equal_features__jaccard","has_corresponding_word",0.00645161290322581
"full__equal_features__jaccard","compound_word",0.00645161290322581
"full__equal_features__jaccard","inflects_for_case",0.00645161290322581
"full__equal_features__jaccard","paradigm_has_distinct_acc_form",0.00645161290322581
"full__equal_features__jaccard","paradigm_has_genitive_form",0.00645161290322581
"full__equal_features__jaccard","paradigm_has_distinct_independent_genitive_form",0.00645161290322581
"full__equal_features__jaccard","paradigm_has_distinct_self_form",0.00645161290322581
"full__equal_features__jaccard","paradigm_has_comparative_and_superlative_forms",0.00645161290322581
"full__equal_features__jaccard","paradigm_has_distinct_plural_form",0.00645161290322581
"full__equal_features__jaccard","does_not_inflect",0.00645161290322581
"full__equal_features__jaccard","Monmorphemic",0.00645161290322581
"full__equal_features__jaccard","Must_be_stressed_as_object_after_particle",0.00645161290322581
"full__equal_features__jaccard","Start_with_th",0.00645161290322581
"full__equal_features__jaccard","Start_with_hw",0.00645161290322581
"full__equal_features__jaccard","anaphoric_marker",0.00645161290322581
"full__equal_features__jaccard","deictic_marker",0.00645161290322581
"full__equal_features__jaccard","person_deixis",0.00645161290322581
"full__equal_features__jaccard","pro_form",0.00645161290322581
"full__equal_features__jaccard","personal_gender_as_head_or_fused_head",0.00645161290322581
"full__equal_features__jaccard","non_personal_gender",0.00645161290322581
"full__equal_features__jaccard","epicene_personal_gender",0.00645161290322581
"full__equal_features__jaccard","masculine_gender",0.00645161290322581
"full__equal_features__jaccard","feminine_gender",0.00645161290322581
"full__equal_features__jaccard","definite",0.00645161290322581
"full__equal_features__jaccard","indefinite",0.00645161290322581
"full__equal_features__jaccard","existential",0.00645161290322581
"full__equal_features__jaccard","universal",0.00645161290322581
"full__equal_features__jaccard","free_choice",0.00645161290322581
"full__equal_features__jaccard","negative",0.00645161290322581
"full__equal_features__jaccard","interrogative",0.00645161290322581
"full__equal_features__jaccard","non_affirmative",0.00645161290322581
"full__equal_features__jaccard","reflexive",0.00645161290322581
"full__equal_features__jaccard","reciprocal",0.00645161290322581
"full__equal_features__jaccard","dual",0.00645161290322581
"full__equal_features__jaccard","paucal",0.00645161290322581
"full__equal_features__jaccard","multal",0.00645161290322581
"full__equal_features__jaccard","proportional",0.00645161290322581
"full__equal_features__jaccard","semantically_countable",0.00645161290322581
"full__equal_features__jaccard","semantically_uncountable",0.00645161290322581
"full__equal_features__jaccard","semantically_singular",0.00645161290322581
"full__equal_features__jaccard","semantically_plural",0.00645161290322581
"full__equal_features__jaccard","distributive",0.00645161290322581
"full__equal_features__jaccard","joint",0.00645161290322581
"full__equal_features__jaccard","cardinal",0.00645161290322581
"full__equal_features__jaccard","disjunctive",0.00645161290322581
"full__equal_features__jaccard","degree",0.00645161290322581
"full__equal_features__jaccard","sufficiency",0.00645161290322581
"full__equal_features__jaccard","temporal",0.00645161290322581
"full__equal_features__jaccard","locative",0.00645161290322581
"full__equal_features__jaccard","dummy",0.00645161290322581
"full__equal_features__jaccard","can_be_followed_by_adjective_such",0.00645161290322581
"full__equal_features__jaccard","can_be_modified_by_almost",0.00645161290322581
"full__equal_features__jaccard","can_be_modified_by_approximately",0.00645161290322581
"full__equal_features__jaccard","can_be_modified_by_at_least",0.00645161290322581
"full__equal_features__jaccard","can_be_modified_by_hardly",0.00645161290322581
"full__equal_features__jaccard","can_be_modified_by_not",0.00645161290322581
"full__equal_features__jaccard","can_be_modified_by_adverb_very",0.00645161290322581
"full__equal_features__jaccard","Coordinates_with_independent_genitives",0.00645161290322581
"full__equal_features__jaccard","Coordinates_with_dependent_genitives",0.00645161290322581
"full__equal_features__jaccard","Coordinates_with_NPs",0.00645161290322581
"full__equal_features__jaccard","intensifying_reduplication",0.00645161290322581
"full__equal_features__jaccard","selects_singular_heads",0.00645161290322581
"full__equal_features__jaccard","selects_count_singular_heads",0.00645161290322581
"full__equal_features__jaccard","selects_non_count_heads",0.00645161290322581
"full__equal_features__jaccard","selects_plural_heads",0.00645161290322581
"full__equal_features__jaccard","compatible_count_sing_NP",0.00645161290322581
"full__equal_features__jaccard","compatible_count_plur_NP",0.00645161290322581
"full__equal_features__jaccard","compatible_non_count_NP",0.00645161290322581
"full__equal_features__jaccard","Forms_universal_pronouns_before_all",0.00645161290322581
"full__equal_features__jaccard","functions_as_a_predeterminer_modifier",0.00645161290322581
"full__equal_features__jaccard","functions_as_prehead_modifier_in_nominal",0.00645161290322581
"full__equal_features__jaccard","functions_as_degree_modifier_in_AdjP",0.00645161290322581
"full__equal_features__jaccard","functions_as_predicative_complement",0.00645161290322581
"full__equal_features__jaccard","functions_as_predicative_complement_to_seem",0.00645161290322581
"full__equal_features__jaccard","functions_as_marker_of_coordination",0.00645161290322581
"full__equal_features__jaccard","functions_as_fused_determiner_head",0.00645161290322581
"full__equal_features__jaccard","functions_as_head_of_partitive_construction",0.00645161290322581
"full__equal_features__jaccard","functions_as_adjunct_in_clause_structure",0.00645161290322581
"full__equal_features__jaccard","functions_as_attrib_modifier_in_nominal",0.00645161290322581
"full__equal_features__jaccard","appears_in_subject",0.00645161290322581
"full__equal_features__jaccard","appears_in_object",0.00645161290322581
"full__equal_features__jaccard","functions_as_post_head_modifier_of_it_or_them",0.00645161290322581
"full__equal_features__jaccard","functions_as_post_head_modifier_of_N",0.00645161290322581
"full__equal_features__jaccard","appears_in_existentials_there_s_on_the_table",0.00645161290322581
"full__equal_features__jaccard","functions_as_determiner_in_day_s_time_ago",0.00645161290322581
"full__equal_features__jaccard","functions_as_subject_of_present_participal_of_joining_you",0.00645161290322581
"full__equal_features__jaccard","Functions_as_subject_of_interrogative_tag",0.00645161290322581
"full__equal_features__jaccard","functions_as_subject_determiner",0.00645161290322581
"full__equal_features__jaccard","functions_in_vocative",0.00645161290322581
"full__equal_features__jaccard","May_coordinate_with_non_fused_determiners",0.00645161290322581
"full__equal_features__jaccard","must_be_outranked_by_a_coindexed_element",0.00645161290322581
"full__equal_features__jaccard","takes_predeterminer_modifiers_all_or_both",0.00645161290322581
"full__equal_features__jaccard","occurs_after_predeterminer_modifiers_fractions",0.00645161290322581
"full__equal_features__jaccard","occurs_after_predeterminer_modifiers_multipliers",0.00645161290322581
"full__equal_features__jaccard","ironic_use_of_repetition",0.00645161290322581
"full__equal_features__jaccard","take_poor_lucky_silly_as_attrib_modifiers",0.00645161290322581
"full__equal_features__jaccard","takes_adverb_quite_as_a_modifier",0.00645161290322581
"full__equal_features__jaccard","takes_else_or_more_as_a_post_head_dependent",0.00645161290322581
"full__equal_features__jaccard","accepts_genitive_apstrophe_s",0.00645161290322581
"full__equal_features__jaccard","takes_post_head_modifier_the_hell",0.00645161290322581
"full__equal_domains__sqrt_hamming","a",0.00378787878787879
"full__equal_domains__sqrt_hamming","another",0.00378787878787879
"full__equal_domains__sqrt_hamming","any",0.00378787878787879
"full__equal_domains__sqrt_hamming","body",0.00378787878787879
"full__equal_domains__sqrt_hamming","certain",0.00378787878787879
"full__equal_domains__sqrt_hamming","day",0.00378787878787879
"full__equal_domains__sqrt_hamming","each",0.00378787878787879
"full__equal_domains__sqrt_hamming","each_other",0.00378787878787879
"full__equal_domains__sqrt_hamming","either",0.00378787878787879
"full__equal_domains__sqrt_hamming","ever",0.00378787878787879
"full__equal_domains__sqrt_hamming","every",0.00378787878787879
"full__equal_domains__sqrt_hamming","few",0.00378787878787879
"full__equal_domains__sqrt_hamming","her",0.00378787878787879
"full__equal_domains__sqrt_hamming","him",0.00378787878787879
"full__equal_domains__sqrt_hamming","it",0.00378787878787879
"full__equal_domains__sqrt_hamming","its",0.00378787878787879
"full__equal_domains__sqrt_hamming","little",0.00378787878787879
"full__equal_domains__sqrt_hamming","many",0.00378787878787879
"full__equal_domains__sqrt_hamming","many_a",0.00378787878787879
"full__equal_domains__sqrt_hamming","my",0.00378787878787879
"full__equal_domains__sqrt_hamming","no",0.00378787878787879
"full__equal_domains__sqrt_hamming","no_one",0.00378787878787879
"full__equal_domains__sqrt_hamming","one",0.00378787878787879
"full__equal_domains__sqrt_hamming","one_s",0.00378787878787879
"full__equal_domains__sqrt_hamming","other",0.00378787878787879
"full__equal_domains__sqrt_hamming","our",0.00378787878787879
"full__equal_domains__sqrt_hamming","ours",0.00378787878787879
"full__equal_domains__sqrt_hamming","self",0.00378787878787879
"full__equal_domains__sqrt_hamming","some",0.00378787878787879
"full__equal_domains__sqrt_hamming","their",0.00378787878787879
"full__equal_domains__sqrt_hamming","theirs",0.00378787878787879
"full__equal_domains__sqrt_hamming","them",0.00378787878787879
"full__equal_domains__sqrt_hamming","they",0.00378787878787879
"full__equal_domains__sqrt_hamming","thing",0.00378787878787879
"full__equal_domains__sqrt_hamming","to",0.00378787878787879
"full__equal_domains__sqrt_hamming","us",0.00378787878787879
"full__equal_domains__sqrt_hamming","we",0.00378787878787879
"full__equal_domains__sqrt_hamming","what",0.00378787878787879
"full__equal_domains__sqrt_hamming","whatever",0.00378787878787879
"full__equal_domains__sqrt_hamming","where",0.00378787878787879
"full__equal_domains__sqrt_hamming","which",0.00378787878787879
"full__equal_domains__sqrt_hamming","whichever",0.00378787878787879
"full__equal_domains__sqrt_hamming","who",0.00378787878787879
"full__equal_domains__sqrt_hamming","whoever",0.00378787878787879
"full__equal_domains__sqrt_hamming","whom",0.00378787878787879
"full__equal_domains__sqrt_hamming","whose",0.00378787878787879
"full__equal_domains__sqrt_hamming","whosoever",0.00378787878787879
"full__equal_domains__sqrt_hamming","you",0.00378787878787879
"full__equal_domains__sqrt_hamming","your",0.00378787878787879
"full__equal_domains__sqrt_hamming","yours",0.00378787878787879
"full__equal_domains__sqrt_hamming","genitive_case",0.00378787878787879
"full__equal_domains__sqrt_hamming","accusative_case",0.00378787878787879
"full__equal_domains__sqrt_hamming","nominative_case",0.00378787878787879
"full__equal_domains__sqrt_hamming","in_word_formation_e_g_a_many_sided_shape",0.00378787878787879
"full__equal_domains__sqrt_hamming","has_derivationtionally_related_words",0.00378787878787879
"full__equal_domains__sqrt_hamming","has_corresponding_word",0.00378787878787879
"full__equal_domains__sqrt_hamming","compound_word",0.00378787878787879
"full__equal_domains__sqrt_hamming","inflects_for_case",0.00378787878787879
"full__equal_domains__sqrt_hamming","paradigm_has_distinct_acc_form",0.00378787878787879
"full__equal_domains__sqrt_hamming","paradigm_has_genitive_form",0.00378787878787879
"full__equal_domains__sqrt_hamming","paradigm_has_distinct_independent_genitive_form",0.00378787878787879
"full__equal_domains__sqrt_hamming","paradigm_has_distinct_self_form",0.00378787878787879
"full__equal_domains__sqrt_hamming","paradigm_has_comparative_and_superlative_forms",0.00378787878787879
"full__equal_domains__sqrt_hamming","paradigm_has_distinct_plural_form",0.00378787878787879
"full__equal_domains__sqrt_hamming","does_not_inflect",0.00378787878787879
"full__equal_domains__sqrt_hamming","Monmorphemic",0.00378787878787879
"full__equal_domains__sqrt_hamming","Must_be_stressed_as_object_after_particle",0.0833333333333334
"full__equal_domains__sqrt_hamming","Start_with_th",0.0833333333333334
"full__equal_domains__sqrt_hamming","Start_with_hw",0.0833333333333334
"full__equal_domains__sqrt_hamming","anaphoric_marker",0.00694444444444445
"full__equal_domains__sqrt_hamming","deictic_marker",0.00694444444444445
"full__equal_domains__sqrt_hamming","person_deixis",0.00694444444444445
"full__equal_domains__sqrt_hamming","pro_form",0.00694444444444445
"full__equal_domains__sqrt_hamming","personal_gender_as_head_or_fused_head",0.00694444444444445
"full__equal_domains__sqrt_hamming","non_personal_gender",0.00694444444444445
"full__equal_domains__sqrt_hamming","epicene_personal_gender",0.00694444444444445
"full__equal_domains__sqrt_hamming","masculine_gender",0.00694444444444445
"full__equal_domains__sqrt_hamming","feminine_gender",0.00694444444444445
"full__equal_domains__sqrt_hamming","definite",0.00694444444444445
"full__equal_domains__sqrt_hamming","indefinite",0.00694444444444445
"full__equal_domains__sqrt_hamming","existential",0.00694444444444445
"full__equal_domains__sqrt_hamming","universal",0.00694444444444445
"full__equal_domains__sqrt_hamming","free_choice",0.00694444444444445
"full__equal_domains__sqrt_hamming","negative",0.00694444444444445
"full__equal_domains__sqrt_hamming","interrogative",0.00694444444444445
"full__equal_domains__sqrt_hamming","non_affirmative",0.00694444444444445
"full__equal_domains__sqrt_hamming","reflexive",0.00694444444444445
"full__equal_domains__sqrt_hamming","reciprocal",0.00694444444444445
"full__equal_domains__sqrt_hamming","dual",0.00694444444444445
"full__equal_domains__sqrt_hamming","paucal",0.00694444444444445
"full__equal_domains__sqrt_hamming","multal",0.00694444444444445
"full__equal_domains__sqrt_hamming","proportional",0.00694444444444445
"full__equal_domains__sqrt_hamming","semantically_countable",0.00694444444444445
"full__equal_domains__sqrt_hamming","semantically_uncountable",0.00694444444444445
"full__equal_domains__sqrt_hamming","semantically_singular",0.00694444444444445
"full__equal_domains__sqrt_hamming","semantically_plural",0.00694444444444445
"full__equal_domains__sqrt_hamming","distributive",0.00694444444444445
"full__equal_domains__sqrt_hamming","joint",0.00694444444444445
"full__equal_domains__sqrt_hamming","cardinal",0.00694444444444445
"full__equal_domains__sqrt_hamming","disjunctive",0.00694444444444445
"full__equal_domains__sqrt_hamming","degree",0.00694444444444445
"full__equal_domains__sqrt_hamming","sufficiency",0.00694444444444445
"full__equal_domains__sqrt_hamming","temporal",0.00694444444444445
"full__equal_domains__sqrt_hamming","locative",0.00694444444444445
"full__equal_domains__sqrt_hamming","dummy",0.00694444444444445
"full__equal_domains__sqrt_hamming","can_be_followed_by_adjective_such",0.005
"full__equal_domains__sqrt_hamming","can_be_modified_by_almost",0.005
"full__equal_domains__sqrt_hamming","can_be_modified_by_approximately",0.005
"full__equal_domains__sqrt_hamming","can_be_modified_by_at_least",0.005
"full__equal_domains__sqrt_hamming","can_be_modified_by_hardly",0.005
"full__equal_domains__sqrt_hamming","can_be_modified_by_not",0.005
"full__equal_domains__sqrt_hamming","can_be_modified_by_adverb_very",0.005
"full__equal_domains__sqrt_hamming","Coordinates_with_independent_genitives",0.005
"full__equal_domains__sqrt_hamming","Coordinates_with_dependent_genitives",0.005
"full__equal_domains__sqrt_hamming","Coordinates_with_NPs",0.005
"full__equal_domains__sqrt_hamming","intensifying_reduplication",0.005
"full__equal_domains__sqrt_hamming","selects_singular_heads",0.005
"full__equal_domains__sqrt_hamming","selects_count_singular_heads",0.005
"full__equal_domains__sqrt_hamming","selects_non_count_heads",0.005
"full__equal_domains__sqrt_hamming","selects_plural_heads",0.005
"full__equal_domains__sqrt_hamming","compatible_count_sing_NP",0.005
"full__equal_domains__sqrt_hamming","compatible_count_plur_NP",0.005
"full__equal_domains__sqrt_hamming","compatible_non_count_NP",0.005
"full__equal_domains__sqrt_hamming","Forms_universal_pronouns_before_all",0.005
"full__equal_domains__sqrt_hamming","functions_as_a_predeterminer_modifier",0.005
"full__equal_domains__sqrt_hamming","functions_as_prehead_modifier_in_nominal",0.005
"full__equal_domains__sqrt_hamming","functions_as_degree_modifier_in_AdjP",0.005
"full__equal_domains__sqrt_hamming","functions_as_predicative_complement",0.005
"full__equal_domains__sqrt_hamming","functions_as_predicative_complement_to_seem",0.005
"full__equal_domains__sqrt_hamming","functions_as_marker_of_coordination",0.005
"full__equal_domains__sqrt_hamming","functions_as_fused_determiner_head",0.005
"full__equal_domains__sqrt_hamming","functions_as_head_of_partitive_construction",0.005
"full__equal_domains__sqrt_hamming","functions_as_adjunct_in_clause_structure",0.005
"full__equal_domains__sqrt_hamming","functions_as_attrib_modifier_in_nominal",0.005
"full__equal_domains__sqrt_hamming","appears_in_subject",0.005
"full__equal_domains__sqrt_hamming","appears_in_object",0.005
"full__equal_domains__sqrt_hamming","functions_as_post_head_modifier_of_it_or_them",0.005
"full__equal_domains__sqrt_hamming","functions_as_post_head_modifier_of_N",0.005
"full__equal_domains__sqrt_hamming","appears_in_existentials_there_s_on_the_table",0.005
"full__equal_domains__sqrt_hamming","functions_as_determiner_in_day_s_time_ago",0.005
"full__equal_domains__sqrt_hamming","functions_as_subject_of_present_participal_of_joining_you",0.005
"full__equal_domains__sqrt_hamming","Functions_as_subject_of_interrogative_tag",0.005
"full__equal_domains__sqrt_hamming","functions_as_subject_determiner",0.005
"full__equal_domains__sqrt_hamming","functions_in_vocative",0.005
"full__equal_domains__sqrt_hamming","May_coordinate_with_non_fused_determiners",0.005
"full__equal_domains__sqrt_hamming","must_be_outranked_by_a_coindexed_element",0.005
"full__equal_domains__sqrt_hamming","takes_predeterminer_modifiers_all_or_both",0.005
"full__equal_domains__sqrt_hamming","occurs_after_predeterminer_modifiers_fractions",0.005
"full__equal_domains__sqrt_hamming","occurs_after_predeterminer_modifiers_multipliers",0.005
"full__equal_domains__sqrt_hamming","ironic_use_of_repetition",0.005
"full__equal_domains__sqrt_hamming","take_poor_lucky_silly_as_attrib_modifiers",0.005
"full__equal_domains__sqrt_hamming","takes_adverb_quite_as_a_modifier",0.005
"full__equal_domains__sqrt_hamming","takes_else_or_more_as_a_post_head_dependent",0.005
"full__equal_domains__sqrt_hamming","accepts_genitive_apstrophe_s",0.005
"full__equal_domains__sqrt_hamming","takes_post_head_modifier_the_hell",0.005
"full__equal_domains__hamming","a",0.00378787878787879
"full__equal_domains__hamming","another",0.00378787878787879
"full__equal_domains__hamming","any",0.00378787878787879
"full__equal_domains__hamming","body",0.00378787878787879
"full__equal_domains__hamming","certain",0.00378787878787879
"full__equal_domains__hamming","day",0.00378787878787879
"full__equal_domains__hamming","each",0.00378787878787879
"full__equal_domains__hamming","each_other",0.00378787878787879
"full__equal_domains__hamming","either",0.00378787878787879
"full__equal_domains__hamming","ever",0.00378787878787879
"full__equal_domains__hamming","every",0.00378787878787879
"full__equal_domains__hamming","few",0.00378787878787879
"full__equal_domains__hamming","her",0.00378787878787879
"full__equal_domains__hamming","him",0.00378787878787879
"full__equal_domains__hamming","it",0.00378787878787879
"full__equal_domains__hamming","its",0.00378787878787879
"full__equal_domains__hamming","little",0.00378787878787879
"full__equal_domains__hamming","many",0.00378787878787879
"full__equal_domains__hamming","many_a",0.00378787878787879
"full__equal_domains__hamming","my",0.00378787878787879
"full__equal_domains__hamming","no",0.00378787878787879
"full__equal_domains__hamming","no_one",0.00378787878787879
"full__equal_domains__hamming","one",0.00378787878787879
"full__equal_domains__hamming","one_s",0.00378787878787879
"full__equal_domains__hamming","other",0.00378787878787879
"full__equal_domains__hamming","our",0.00378787878787879
"full__equal_domains__hamming","ours",0.00378787878787879
"full__equal_domains__hamming","self",0.00378787878787879
"full__equal_domains__hamming","some",0.00378787878787879
"full__equal_domains__hamming","their",0.00378787878787879
"full__equal_domains__hamming","theirs",0.00378787878787879
"full__equal_domains__hamming","them",0.00378787878787879
"full__equal_domains__hamming","they",0.00378787878787879
"full__equal_domains__hamming","thing",0.00378787878787879
"full__equal_domains__hamming","to",0.00378787878787879
"full__equal_domains__hamming","us",0.00378787878787879
"full__equal_domains__hamming","we",0.00378787878787879
"full__equal_domains__hamming","what",0.00378787878787879
"full__equal_domains__hamming","whatever",0.00378787878787879
"full__equal_domains__hamming","where",0.00378787878787879
"full__equal_domains__hamming","which",0.00378787878787879
"full__equal_domains__hamming","whichever",0.00378787878787879
"full__equal_domains__hamming","who",0.00378787878787879
"full__equal_domains__hamming","whoever",0.00378787878787879
"full__equal_domains__hamming","whom",0.00378787878787879
"full__equal_domains__hamming","whose",0.00378787878787879
"full__equal_domains__hamming","whosoever",0.00378787878787879
"full__equal_domains__hamming","you",0.00378787878787879
"full__equal_domains__hamming","your",0.00378787878787879
"full__equal_domains__hamming","yours",0.00378787878787879
"full__equal_domains__hamming","genitive_case",0.00378787878787879
"full__equal_domains__hamming","accusative_case",0.00378787878787879
"full__equal_domains__hamming","nominative_case",0.00378787878787879
"full__equal_domains__hamming","in_word_formation_e_g_a_many_sided_shape",0.00378787878787879
"full__equal_domains__hamming","has_derivationtionally_related_words",0.00378787878787879
"full__equal_domains__hamming","has_corresponding_word",0.00378787878787879
"full__equal_domains__hamming","compound_word",0.00378787878787879
"full__equal_domains__hamming","inflects_for_case",0.00378787878787879
"full__equal_domains__hamming","paradigm_has_distinct_acc_form",0.00378787878787879
"full__equal_domains__hamming","paradigm_has_genitive_form",0.00378787878787879
"full__equal_domains__hamming","paradigm_has_distinct_independent_genitive_form",0.00378787878787879
"full__equal_domains__hamming","paradigm_has_distinct_self_form",0.00378787878787879
"full__equal_domains__hamming","paradigm_has_comparative_and_superlative_forms",0.00378787878787879
"full__equal_domains__hamming","paradigm_has_distinct_plural_form",0.00378787878787879
"full__equal_domains__hamming","does_not_inflect",0.00378787878787879
"full__equal_domains__hamming","Monmorphemic",0.00378787878787879
"full__equal_domains__hamming","Must_be_stressed_as_object_after_particle",0.0833333333333334
"full__equal_domains__hamming","Start_with_th",0.0833333333333334
"full__equal_domains__hamming","Start_with_hw",0.0833333333333334
"full__equal_domains__hamming","anaphoric_marker",0.00694444444444445
"full__equal_domains__hamming","deictic_marker",0.00694444444444445
"full__equal_domains__hamming","person_deixis",0.00694444444444445
"full__equal_domains__hamming","pro_form",0.00694444444444445
"full__equal_domains__hamming","personal_gender_as_head_or_fused_head",0.00694444444444445
"full__equal_domains__hamming","non_personal_gender",0.00694444444444445
"full__equal_domains__hamming","epicene_personal_gender",0.00694444444444445
"full__equal_domains__hamming","masculine_gender",0.00694444444444445
"full__equal_domains__hamming","feminine_gender",0.00694444444444445
"full__equal_domains__hamming","definite",0.00694444444444445
"full__equal_domains__hamming","indefinite",0.00694444444444445
"full__equal_domains__hamming","existential",0.00694444444444445
"full__equal_domains__hamming","universal",0.00694444444444445
"full__equal_domains__hamming","free_choice",0.00694444444444445
"full__equal_domains__hamming","negative",0.00694444444444445
"full__equal_domains__hamming","interrogative",0.00694444444444445
"full__equal_domains__hamming","non_affirmative",0.00694444444444445
"full__equal_domains__hamming","reflexive",0.00694444444444445
"full__equal_domains__hamming","reciprocal",0.00694444444444445
"full__equal_domains__hamming","dual",0.00694444444444445
"full__equal_domains__hamming","paucal",0.00694444444444445
"full__equal_domains__hamming","multal",0.00694444444444445
"full__equal_domains__hamming","proportional",0.00694444444444445
"full__equal_domains__hamming","semantically_countable",0.00694444444444445
"full__equal_domains__hamming","semantically_uncountable",0.00694444444444445
"full__equal_domains__hamming","semantically_singular",0.00694444444444445
"full__equal_domains__hamming","semantically_plural",0.00694444444444445
"full__equal_domains__hamming","distributive",0.00694444444444445
"full__equal_domains__hamming","joint",0.00694444444444445
"full__equal_domains__hamming","cardinal",0.00694444444444445
"full__equal_domains__hamming","disjunctive",0.00694444444444445
"full__equal_domains__hamming","degree",0.00694444444444445
"full__equal_domains__hamming","sufficiency",0.00694444444444445
"full__equal_domains__hamming","temporal",0.00694444444444445
"full__equal_domains__hamming","locative",0.00694444444444445
"full__equal_domains__hamming","dummy",0.00694444444444445
"full__equal_domains__hamming","can_be_followed_by_adjective_such",0.005
"full__equal_domains__hamming","can_be_modified_by_almost",0.005
"full__equal_domains__hamming","can_be_modified_by_approximately",0.005
"full__equal_domains__hamming","can_be_modified_by_at_least",0.005
"full__equal_domains__hamming","can_be_modified_by_hardly",0.005
"full__equal_domains__hamming","can_be_modified_by_not",0.005
"full__equal_domains__hamming","can_be_modified_by_adverb_very",0.005
"full__equal_domains__hamming","Coordinates_with_independent_genitives",0.005
"full__equal_domains__hamming","Coordinates_with_dependent_genitives",0.005
"full__equal_domains__hamming","Coordinates_with_NPs",0.005
"full__equal_domains__hamming","intensifying_reduplication",0.005
"full__equal_domains__hamming","selects_singular_heads",0.005
"full__equal_domains__hamming","selects_count_singular_heads",0.005
"full__equal_domains__hamming","selects_non_count_heads",0.005
"full__equal_domains__hamming","selects_plural_heads",0.005
"full__equal_domains__hamming","compatible_count_sing_NP",0.005
"full__equal_domains__hamming","compatible_count_plur_NP",0.005
"full__equal_domains__hamming","compatible_non_count_NP",0.005
"full__equal_domains__hamming","Forms_universal_pronouns_before_all",0.005
"full__equal_domains__hamming","functions_as_a_predeterminer_modifier",0.005
"full__equal_domains__hamming","functions_as_prehead_modifier_in_nominal",0.005
"full__equal_domains__hamming","functions_as_degree_modifier_in_AdjP",0.005
"full__equal_domains__hamming","functions_as_predicative_complement",0.005
"full__equal_domains__hamming","functions_as_predicative_complement_to_seem",0.005
"full__equal_domains__hamming","functions_as_marker_of_coordination",0.005
"full__equal_domains__hamming","functions_as_fused_determiner_head",0.005
"full__equal_domains__hamming","functions_as_head_of_partitive_construction",0.005
"full__equal_domains__hamming","functions_as_adjunct_in_clause_structure",0.005
"full__equal_domains__hamming","functions_as_attrib_modifier_in_nominal",0.005
"full__equal_domains__hamming","appears_in_subject",0.005
"full__equal_domains__hamming","appears_in_object",0.005
"full__equal_domains__hamming","functions_as_post_head_modifier_of_it_or_them",0.005
"full__equal_domains__hamming","functions_as_post_head_modifier_of_N",0.005
"full__equal_domains__hamming","appears_in_existentials_there_s_on_the_table",0.005
"full__equal_domains__hamming","functions_as_determiner_in_day_s_time_ago",0.005
"full__equal_domains__hamming","functions_as_subject_of_present_participal_of_joining_you",0.005
"full__equal_domains__hamming","Functions_as_subject_of_interrogative_tag",0.005
"full__equal_domains__hamming","functions_as_subject_determiner",0.005
"full__equal_domains__hamming","functions_in_vocative",0.005
"full__equal_domains__hamming","May_coordinate_with_non_fused_determiners",0.005
"full__equal_domains__hamming","must_be_outranked_by_a_coindexed_element",0.005
"full__equal_domains__hamming","takes_predeterminer_modifiers_all_or_both",0.005
"full__equal_domains__hamming","occurs_after_predeterminer_modifiers_fractions",0.005
"full__equal_domains__hamming","occurs_after_predeterminer_modifiers_multipliers",0.005
"full__equal_domains__hamming","ironic_use_of_repetition",0.005
"full__equal_domains__hamming","take_poor_lucky_silly_as_attrib_modifiers",0.005
"full__equal_domains__hamming","takes_adverb_quite_as_a_modifier",0.005
"full__equal_domains__hamming","takes_else_or_more_as_a_post_head_dependent",0.005
"full__equal_domains__hamming","accepts_genitive_apstrophe_s",0.005
"full__equal_domains__hamming","takes_post_head_modifier_the_hell",0.005
"full__equal_domains__jaccard","a",0.00378787878787879
"full__equal_domains__jaccard","another",0.00378787878787879
"full__equal_domains__jaccard","any",0.00378787878787879
"full__equal_domains__jaccard","body",0.00378787878787879
"full__equal_domains__jaccard","certain",0.00378787878787879
"full__equal_domains__jaccard","day",0.00378787878787879
"full__equal_domains__jaccard","each",0.00378787878787879
"full__equal_domains__jaccard","each_other",0.00378787878787879
"full__equal_domains__jaccard","either",0.00378787878787879
"full__equal_domains__jaccard","ever",0.00378787878787879
"full__equal_domains__jaccard","every",0.00378787878787879
"full__equal_domains__jaccard","few",0.00378787878787879
"full__equal_domains__jaccard","her",0.00378787878787879
"full__equal_domains__jaccard","him",0.00378787878787879
"full__equal_domains__jaccard","it",0.00378787878787879
"full__equal_domains__jaccard","its",0.00378787878787879
"full__equal_domains__jaccard","little",0.00378787878787879
"full__equal_domains__jaccard","many",0.00378787878787879
"full__equal_domains__jaccard","many_a",0.00378787878787879
"full__equal_domains__jaccard","my",0.00378787878787879
"full__equal_domains__jaccard","no",0.00378787878787879
"full__equal_domains__jaccard","no_one",0.00378787878787879
"full__equal_domains__jaccard","one",0.00378787878787879
"full__equal_domains__jaccard","one_s",0.00378787878787879
"full__equal_domains__jaccard","other",0.00378787878787879
"full__equal_domains__jaccard","our",0.00378787878787879
"full__equal_domains__jaccard","ours",0.00378787878787879
"full__equal_domains__jaccard","self",0.00378787878787879
"full__equal_domains__jaccard","some",0.00378787878787879
"full__equal_domains__jaccard","their",0.00378787878787879
"full__equal_domains__jaccard","theirs",0.00378787878787879
"full__equal_domains__jaccard","them",0.00378787878787879
"full__equal_domains__jaccard","they",0.00378787878787879
"full__equal_domains__jaccard","thing",0.00378787878787879
"full__equal_domains__jaccard","to",0.00378787878787879
"full__equal_domains__jaccard","us",0.00378787878787879
"full__equal_domains__jaccard","we",0.00378787878787879
"full__equal_domains__jaccard","what",0.00378787878787879
"full__equal_domains__jaccard","whatever",0.00378787878787879
"full__equal_domains__jaccard","where",0.00378787878787879
"full__equal_domains__jaccard","which",0.00378787878787879
"full__equal_domains__jaccard","whichever",0.00378787878787879
"full__equal_domains__jaccard","who",0.00378787878787879
"full__equal_domains__jaccard","whoever",0.00378787878787879
"full__equal_domains__jaccard","whom",0.00378787878787879
"full__equal_domains__jaccard","whose",0.00378787878787879
"full__equal_domains__jaccard","whosoever",0.00378787878787879
"full__equal_domains__jaccard","you",0.00378787878787879
"full__equal_domains__jaccard","your",0.00378787878787879
"full__equal_domains__jaccard","yours",0.00378787878787879
"full__equal_domains__jaccard","genitive_case",0.00378787878787879
"full__equal_domains__jaccard","accusative_case",0.00378787878787879
"full__equal_domains__jaccard","nominative_case",0.00378787878787879
"full__equal_domains__jaccard","in_word_formation_e_g_a_many_sided_shape",0.00378787878787879
"full__equal_domains__jaccard","has_derivationtionally_related_words",0.00378787878787879
"full__equal_domains__jaccard","has_corresponding_word",0.00378787878787879
"full__equal_domains__jaccard","compound_word",0.00378787878787879
"full__equal_domains__jaccard","inflects_for_case",0.00378787878787879
"full__equal_domains__jaccard","paradigm_has_distinct_acc_form",0.00378787878787879
"full__equal_domains__jaccard","paradigm_has_genitive_form",0.00378787878787879
"full__equal_domains__jaccard","paradigm_has_distinct_independent_genitive_form",0.00378787878787879
"full__equal_domains__jaccard","paradigm_has_distinct_self_form",0.00378787878787879
"full__equal_domains__jaccard","paradigm_has_comparative_and_superlative_forms",0.00378787878787879
"full__equal_domains__jaccard","paradigm_has_distinct_plural_form",0.00378787878787879
"full__equal_domains__jaccard","does_not_inflect",0.00378787878787879
"full__equal_domains__jaccard","Monmorphemic",0.00378787878787879
"full__equal_domains__jaccard","Must_be_stressed_as_object_after_particle",0.0833333333333334
"full__equal_domains__jaccard","Start_with_th",0.0833333333333334
"full__equal_domains__jaccard","Start_with_hw",0.0833333333333334
"full__equal_domains__jaccard","anaphoric_marker",0.00694444444444445
"full__equal_domains__jaccard","deictic_marker",0.00694444444444445
"full__equal_domains__jaccard","person_deixis",0.00694444444444445
"full__equal_domains__jaccard","pro_form",0.00694444444444445
"full__equal_domains__jaccard","personal_gender_as_head_or_fused_head",0.00694444444444445
"full__equal_domains__jaccard","non_personal_gender",0.00694444444444445
"full__equal_domains__jaccard","epicene_personal_gender",0.00694444444444445
"full__equal_domains__jaccard","masculine_gender",0.00694444444444445
"full__equal_domains__jaccard","feminine_gender",0.00694444444444445
"full__equal_domains__jaccard","definite",0.00694444444444445
"full__equal_domains__jaccard","indefinite",0.00694444444444445
"full__equal_domains__jaccard","existential",0.00694444444444445
"full__equal_domains__jaccard","universal",0.00694444444444445
"full__equal_domains__jaccard","free_choice",0.00694444444444445
"full__equal_domains__jaccard","negative",0.00694444444444445
"full__equal_domains__jaccard","interrogative",0.00694444444444445
"full__equal_domains__jaccard","non_affirmative",0.00694444444444445
"full__equal_domains__jaccard","reflexive",0.00694444444444445
"full__equal_domains__jaccard","reciprocal",0.00694444444444445
"full__equal_domains__jaccard","dual",0.00694444444444445
"full__equal_domains__jaccard","paucal",0.00694444444444445
"full__equal_domains__jaccard","multal",0.00694444444444445
"full__equal_domains__jaccard","proportional",0.00694444444444445
"full__equal_domains__jaccard","semantically_countable",0.00694444444444445
"full__equal_domains__jaccard","semantically_uncountable",0.00694444444444445
"full__equal_domains__jaccard","semantically_singular",0.00694444444444445
"full__equal_domains__jaccard","semantically_plural",0.00694444444444445
"full__equal_domains__jaccard","distributive",0.00694444444444445
"full__equal_domains__jaccard","joint",0.00694444444444445
"full__equal_domains__jaccard","cardinal",0.00694444444444445
"full__equal_domains__jaccard","disjunctive",0.00694444444444445
"full__equal_domains__jaccard","degree",0.00694444444444445
"full__equal_domains__jaccard","sufficiency",0.00694444444444445
"full__equal_domains__jaccard","temporal",0.00694444444444445
"full__equal_domains__jaccard","locative",0.00694444444444445
"full__equal_domains__jaccard","dummy",0.00694444444444445
"full__equal_domains__jaccard","can_be_followed_by_adjective_such",0.005
"full__equal_domains__jaccard","can_be_modified_by_almost",0.005
"full__equal_domains__jaccard","can_be_modified_by_approximately",0.005
"full__equal_domains__jaccard","can_be_modified_by_at_least",0.005
"full__equal_domains__jaccard","can_be_modified_by_hardly",0.005
"full__equal_domains__jaccard","can_be_modified_by_not",0.005
"full__equal_domains__jaccard","can_be_modified_by_adverb_very",0.005
"full__equal_domains__jaccard","Coordinates_with_independent_genitives",0.005
"full__equal_domains__jaccard","Coordinates_with_dependent_genitives",0.005
"full__equal_domains__jaccard","Coordinates_with_NPs",0.005
"full__equal_domains__jaccard","intensifying_reduplication",0.005
"full__equal_domains__jaccard","selects_singular_heads",0.005
"full__equal_domains__jaccard","selects_count_singular_heads",0.005
"full__equal_domains__jaccard","selects_non_count_heads",0.005
"full__equal_domains__jaccard","selects_plural_heads",0.005
"full__equal_domains__jaccard","compatible_count_sing_NP",0.005
"full__equal_domains__jaccard","compatible_count_plur_NP",0.005
"full__equal_domains__jaccard","compatible_non_count_NP",0.005
"full__equal_domains__jaccard","Forms_universal_pronouns_before_all",0.005
"full__equal_domains__jaccard","functions_as_a_predeterminer_modifier",0.005
"full__equal_domains__jaccard","functions_as_prehead_modifier_in_nominal",0.005
"full__equal_domains__jaccard","functions_as_degree_modifier_in_AdjP",0.005
"full__equal_domains__jaccard","functions_as_predicative_complement",0.005
"full__equal_domains__jaccard","functions_as_predicative_complement_to_seem",0.005
"full__equal_domains__jaccard","functions_as_marker_of_coordination",0.005
"full__equal_domains__jaccard","functions_as_fused_determiner_head",0.005
"full__equal_domains__jaccard","functions_as_head_of_partitive_construction",0.005
"full__equal_domains__jaccard","functions_as_adjunct_in_clause_structure",0.005
"full__equal_domains__jaccard","functions_as_attrib_modifier_in_nominal",0.005
"full__equal_domains__jaccard","appears_in_subject",0.005
"full__equal_domains__jaccard","appears_in_object",0.005
"full__equal_domains__jaccard","functions_as_post_head_modifier_of_it_or_them",0.005
"full__equal_domains__jaccard","functions_as_post_head_modifier_of_N",0.005
"full__equal_domains__jaccard","appears_in_existentials_there_s_on_the_table",0.005
"full__equal_domains__jaccard","functions_as_determiner_in_day_s_time_ago",0.005
"full__equal_domains__jaccard","functions_as_subject_of_present_participal_of_joining_you",0.005
"full__equal_domains__jaccard","Functions_as_subject_of_interrogative_tag",0.005
"full__equal_domains__jaccard","functions_as_subject_determiner",0.005
"full__equal_domains__jaccard","functions_in_vocative",0.005
"full__equal_domains__jaccard","May_coordinate_with_non_fused_determiners",0.005
"full__equal_domains__jaccard","must_be_outranked_by_a_coindexed_element",0.005
"full__equal_domains__jaccard","takes_predeterminer_modifiers_all_or_both",0.005
"full__equal_domains__jaccard","occurs_after_predeterminer_modifiers_fractions",0.005
"full__equal_domains__jaccard","occurs_after_predeterminer_modifiers_multipliers",0.005
"full__equal_domains__jaccard","ironic_use_of_repetition",0.005
"full__equal_domains__jaccard","take_poor_lucky_silly_as_attrib_modifiers",0.005
"full__equal_domains__jaccard","takes_adverb_quite_as_a_modifier",0.005
"full__equal_domains__jaccard","takes_else_or_more_as_a_post_head_dependent",0.005
"full__equal_domains__jaccard","accepts_genitive_apstrophe_s",0.005
"full__equal_domains__jaccard","takes_post_head_modifier_the_hell",0.005
"full__unique_profiles__sqrt_hamming","a",0.00657894736842105
"full__unique_profiles__sqrt_hamming","another",0.00657894736842105
"full__unique_profiles__sqrt_hamming","any",0.00657894736842105
"full__unique_profiles__sqrt_hamming","body",0.00657894736842105
"full__unique_profiles__sqrt_hamming","certain",0.00657894736842105
"full__unique_profiles__sqrt_hamming","day",0.00657894736842105
"full__unique_profiles__sqrt_hamming","each",0.00657894736842105
"full__unique_profiles__sqrt_hamming","each_other",0.00657894736842105
"full__unique_profiles__sqrt_hamming","either",0.00328947368421053
"full__unique_profiles__sqrt_hamming","ever",0.00657894736842105
"full__unique_profiles__sqrt_hamming","every",0.00657894736842105
"full__unique_profiles__sqrt_hamming","few",0.00657894736842105
"full__unique_profiles__sqrt_hamming","her",0.00657894736842105
"full__unique_profiles__sqrt_hamming","him",0.00657894736842105
"full__unique_profiles__sqrt_hamming","it",0.00657894736842105
"full__unique_profiles__sqrt_hamming","its",0.00657894736842105
"full__unique_profiles__sqrt_hamming","little",0.00657894736842105
"full__unique_profiles__sqrt_hamming","many",0.00657894736842105
"full__unique_profiles__sqrt_hamming","many_a",0.00657894736842105
"full__unique_profiles__sqrt_hamming","my",0.00657894736842105
"full__unique_profiles__sqrt_hamming","no",0.00657894736842105
"full__unique_profiles__sqrt_hamming","no_one",0.00657894736842105
"full__unique_profiles__sqrt_hamming","one",0.00657894736842105
"full__unique_profiles__sqrt_hamming","one_s",0.00657894736842105
"full__unique_profiles__sqrt_hamming","other",0.00657894736842105
"full__unique_profiles__sqrt_hamming","our",0.00657894736842105
"full__unique_profiles__sqrt_hamming","ours",0.00657894736842105
"full__unique_profiles__sqrt_hamming","self",0.00657894736842105
"full__unique_profiles__sqrt_hamming","some",0.00657894736842105
"full__unique_profiles__sqrt_hamming","their",0.00657894736842105
"full__unique_profiles__sqrt_hamming","theirs",0.00657894736842105
"full__unique_profiles__sqrt_hamming","them",0.00657894736842105
"full__unique_profiles__sqrt_hamming","they",0.00657894736842105
"full__unique_profiles__sqrt_hamming","thing",0.00657894736842105
"full__unique_profiles__sqrt_hamming","to",0.00657894736842105
"full__unique_profiles__sqrt_hamming","us",0.00657894736842105
"full__unique_profiles__sqrt_hamming","we",0.00657894736842105
"full__unique_profiles__sqrt_hamming","what",0.00657894736842105
"full__unique_profiles__sqrt_hamming","whatever",0.00657894736842105
"full__unique_profiles__sqrt_hamming","where",0.00328947368421053
"full__unique_profiles__sqrt_hamming","which",0.00657894736842105
"full__unique_profiles__sqrt_hamming","whichever",0.00657894736842105
"full__unique_profiles__sqrt_hamming","who",0.00657894736842105
"full__unique_profiles__sqrt_hamming","whoever",0.00657894736842105
"full__unique_profiles__sqrt_hamming","whom",0.00657894736842105
"full__unique_profiles__sqrt_hamming","whose",0.00657894736842105
"full__unique_profiles__sqrt_hamming","whosoever",0.00657894736842105
"full__unique_profiles__sqrt_hamming","you",0.00657894736842105
"full__unique_profiles__sqrt_hamming","your",0.00657894736842105
"full__unique_profiles__sqrt_hamming","yours",0.00657894736842105
"full__unique_profiles__sqrt_hamming","genitive_case",0.00657894736842105
"full__unique_profiles__sqrt_hamming","accusative_case",0.00657894736842105
"full__unique_profiles__sqrt_hamming","nominative_case",0.00657894736842105
"full__unique_profiles__sqrt_hamming","in_word_formation_e_g_a_many_sided_shape",0.00657894736842105
"full__unique_profiles__sqrt_hamming","has_derivationtionally_related_words",0.00657894736842105
"full__unique_profiles__sqrt_hamming","has_corresponding_word",0.00657894736842105
"full__unique_profiles__sqrt_hamming","compound_word",0.00657894736842105
"full__unique_profiles__sqrt_hamming","inflects_for_case",0.00657894736842105
"full__unique_profiles__sqrt_hamming","paradigm_has_distinct_acc_form",0.00657894736842105
"full__unique_profiles__sqrt_hamming","paradigm_has_genitive_form",0.00657894736842105
"full__unique_profiles__sqrt_hamming","paradigm_has_distinct_independent_genitive_form",0.00657894736842105
"full__unique_profiles__sqrt_hamming","paradigm_has_distinct_self_form",0.00657894736842105
"full__unique_profiles__sqrt_hamming","paradigm_has_comparative_and_superlative_forms",0.00328947368421053
"full__unique_profiles__sqrt_hamming","paradigm_has_distinct_plural_form",0.00657894736842105
"full__unique_profiles__sqrt_hamming","does_not_inflect",0.00657894736842105
"full__unique_profiles__sqrt_hamming","Monmorphemic",0.00657894736842105
"full__unique_profiles__sqrt_hamming","Must_be_stressed_as_object_after_particle",0.00657894736842105
"full__unique_profiles__sqrt_hamming","Start_with_th",0.00657894736842105
"full__unique_profiles__sqrt_hamming","Start_with_hw",0.00657894736842105
"full__unique_profiles__sqrt_hamming","anaphoric_marker",0.00657894736842105
"full__unique_profiles__sqrt_hamming","deictic_marker",0.00657894736842105
"full__unique_profiles__sqrt_hamming","person_deixis",0.00657894736842105
"full__unique_profiles__sqrt_hamming","pro_form",0.00657894736842105
"full__unique_profiles__sqrt_hamming","personal_gender_as_head_or_fused_head",0.00657894736842105
"full__unique_profiles__sqrt_hamming","non_personal_gender",0.00657894736842105
"full__unique_profiles__sqrt_hamming","epicene_personal_gender",0.00657894736842105
"full__unique_profiles__sqrt_hamming","masculine_gender",0.00657894736842105
"full__unique_profiles__sqrt_hamming","feminine_gender",0.00657894736842105
"full__unique_profiles__sqrt_hamming","definite",0.00657894736842105
"full__unique_profiles__sqrt_hamming","indefinite",0.00657894736842105
"full__unique_profiles__sqrt_hamming","existential",0.00657894736842105
"full__unique_profiles__sqrt_hamming","universal",0.00657894736842105
"full__unique_profiles__sqrt_hamming","free_choice",0.00657894736842105
"full__unique_profiles__sqrt_hamming","negative",0.00657894736842105
"full__unique_profiles__sqrt_hamming","interrogative",0.00657894736842105
"full__unique_profiles__sqrt_hamming","non_affirmative",0.00657894736842105
"full__unique_profiles__sqrt_hamming","reflexive",0.00657894736842105
"full__unique_profiles__sqrt_hamming","reciprocal",0.00657894736842105
"full__unique_profiles__sqrt_hamming","dual",0.00657894736842105
"full__unique_profiles__sqrt_hamming","paucal",0.00657894736842105
"full__unique_profiles__sqrt_hamming","multal",0.00657894736842105
"full__unique_profiles__sqrt_hamming","proportional",0.00657894736842105
"full__unique_profiles__sqrt_hamming","semantically_countable",0.00657894736842105
"full__unique_profiles__sqrt_hamming","semantically_uncountable",0.00657894736842105
"full__unique_profiles__sqrt_hamming","semantically_singular",0.00657894736842105
"full__unique_profiles__sqrt_hamming","semantically_plural",0.00657894736842105
"full__unique_profiles__sqrt_hamming","distributive",0.00657894736842105
"full__unique_profiles__sqrt_hamming","joint",0.00657894736842105
"full__unique_profiles__sqrt_hamming","cardinal",0.00657894736842105
"full__unique_profiles__sqrt_hamming","disjunctive",0.00328947368421053
"full__unique_profiles__sqrt_hamming","degree",0.00328947368421053
"full__unique_profiles__sqrt_hamming","sufficiency",0.00657894736842105
"full__unique_profiles__sqrt_hamming","temporal",0.00657894736842105
"full__unique_profiles__sqrt_hamming","locative",0.00328947368421053
"full__unique_profiles__sqrt_hamming","dummy",0.00657894736842105
"full__unique_profiles__sqrt_hamming","can_be_followed_by_adjective_such",0.00657894736842105
"full__unique_profiles__sqrt_hamming","can_be_modified_by_almost",0.00657894736842105
"full__unique_profiles__sqrt_hamming","can_be_modified_by_approximately",0.00657894736842105
"full__unique_profiles__sqrt_hamming","can_be_modified_by_at_least",0.00657894736842105
"full__unique_profiles__sqrt_hamming","can_be_modified_by_hardly",0.00657894736842105
"full__unique_profiles__sqrt_hamming","can_be_modified_by_not",0.00657894736842105
"full__unique_profiles__sqrt_hamming","can_be_modified_by_adverb_very",0.00657894736842105
"full__unique_profiles__sqrt_hamming","Coordinates_with_independent_genitives",0.00657894736842105
"full__unique_profiles__sqrt_hamming","Coordinates_with_dependent_genitives",0.00657894736842105
"full__unique_profiles__sqrt_hamming","Coordinates_with_NPs",0.00657894736842105
"full__unique_profiles__sqrt_hamming","intensifying_reduplication",0.00657894736842105
"full__unique_profiles__sqrt_hamming","selects_singular_heads",0.00657894736842105
"full__unique_profiles__sqrt_hamming","selects_count_singular_heads",0.00657894736842105
"full__unique_profiles__sqrt_hamming","selects_non_count_heads",0.00657894736842105
"full__unique_profiles__sqrt_hamming","selects_plural_heads",0.00657894736842105
"full__unique_profiles__sqrt_hamming","compatible_count_sing_NP",0.00657894736842105
"full__unique_profiles__sqrt_hamming","compatible_count_plur_NP",0.00657894736842105
"full__unique_profiles__sqrt_hamming","compatible_non_count_NP",0.00657894736842105
"full__unique_profiles__sqrt_hamming","Forms_universal_pronouns_before_all",0.00657894736842105
"full__unique_profiles__sqrt_hamming","functions_as_a_predeterminer_modifier",0.00657894736842105
"full__unique_profiles__sqrt_hamming","functions_as_prehead_modifier_in_nominal",0.00657894736842105
"full__unique_profiles__sqrt_hamming","functions_as_degree_modifier_in_AdjP",0.00657894736842105
"full__unique_profiles__sqrt_hamming","functions_as_predicative_complement",0.00657894736842105
"full__unique_profiles__sqrt_hamming","functions_as_predicative_complement_to_seem",0.00657894736842105
"full__unique_profiles__sqrt_hamming","functions_as_marker_of_coordination",0.00657894736842105
"full__unique_profiles__sqrt_hamming","functions_as_fused_determiner_head",0.00657894736842105
"full__unique_profiles__sqrt_hamming","functions_as_head_of_partitive_construction",0.00657894736842105
"full__unique_profiles__sqrt_hamming","functions_as_adjunct_in_clause_structure",0.00657894736842105
"full__unique_profiles__sqrt_hamming","functions_as_attrib_modifier_in_nominal",0.00657894736842105
"full__unique_profiles__sqrt_hamming","appears_in_subject",0.00657894736842105
"full__unique_profiles__sqrt_hamming","appears_in_object",0.00657894736842105
"full__unique_profiles__sqrt_hamming","functions_as_post_head_modifier_of_it_or_them",0.00657894736842105
"full__unique_profiles__sqrt_hamming","functions_as_post_head_modifier_of_N",0.00657894736842105
"full__unique_profiles__sqrt_hamming","appears_in_existentials_there_s_on_the_table",0.00657894736842105
"full__unique_profiles__sqrt_hamming","functions_as_determiner_in_day_s_time_ago",0.00657894736842105
"full__unique_profiles__sqrt_hamming","functions_as_subject_of_present_participal_of_joining_you",0.00657894736842105
"full__unique_profiles__sqrt_hamming","Functions_as_subject_of_interrogative_tag",0.00657894736842105
"full__unique_profiles__sqrt_hamming","functions_as_subject_determiner",0.00657894736842105
"full__unique_profiles__sqrt_hamming","functions_in_vocative",0.00657894736842105
"full__unique_profiles__sqrt_hamming","May_coordinate_with_non_fused_determiners",0.00657894736842105
"full__unique_profiles__sqrt_hamming","must_be_outranked_by_a_coindexed_element",0.00657894736842105
"full__unique_profiles__sqrt_hamming","takes_predeterminer_modifiers_all_or_both",0.00657894736842105
"full__unique_profiles__sqrt_hamming","occurs_after_predeterminer_modifiers_fractions",0.00657894736842105
"full__unique_profiles__sqrt_hamming","occurs_after_predeterminer_modifiers_multipliers",0.00657894736842105
"full__unique_profiles__sqrt_hamming","ironic_use_of_repetition",0.00657894736842105
"full__unique_profiles__sqrt_hamming","take_poor_lucky_silly_as_attrib_modifiers",0.00657894736842105
"full__unique_profiles__sqrt_hamming","takes_adverb_quite_as_a_modifier",0.00657894736842105
"full__unique_profiles__sqrt_hamming","takes_else_or_more_as_a_post_head_dependent",0.00657894736842105
"full__unique_profiles__sqrt_hamming","accepts_genitive_apstrophe_s",0.00657894736842105
"full__unique_profiles__sqrt_hamming","takes_post_head_modifier_the_hell",0.00657894736842105
"full__unique_profiles__hamming","a",0.00657894736842105
"full__unique_profiles__hamming","another",0.00657894736842105
"full__unique_profiles__hamming","any",0.00657894736842105
"full__unique_profiles__hamming","body",0.00657894736842105
"full__unique_profiles__hamming","certain",0.00657894736842105
"full__unique_profiles__hamming","day",0.00657894736842105
"full__unique_profiles__hamming","each",0.00657894736842105
"full__unique_profiles__hamming","each_other",0.00657894736842105
"full__unique_profiles__hamming","either",0.00328947368421053
"full__unique_profiles__hamming","ever",0.00657894736842105
"full__unique_profiles__hamming","every",0.00657894736842105
"full__unique_profiles__hamming","few",0.00657894736842105
"full__unique_profiles__hamming","her",0.00657894736842105
"full__unique_profiles__hamming","him",0.00657894736842105
"full__unique_profiles__hamming","it",0.00657894736842105
"full__unique_profiles__hamming","its",0.00657894736842105
"full__unique_profiles__hamming","little",0.00657894736842105
"full__unique_profiles__hamming","many",0.00657894736842105
"full__unique_profiles__hamming","many_a",0.00657894736842105
"full__unique_profiles__hamming","my",0.00657894736842105
"full__unique_profiles__hamming","no",0.00657894736842105
"full__unique_profiles__hamming","no_one",0.00657894736842105
"full__unique_profiles__hamming","one",0.00657894736842105
"full__unique_profiles__hamming","one_s",0.00657894736842105
"full__unique_profiles__hamming","other",0.00657894736842105
"full__unique_profiles__hamming","our",0.00657894736842105
"full__unique_profiles__hamming","ours",0.00657894736842105
"full__unique_profiles__hamming","self",0.00657894736842105
"full__unique_profiles__hamming","some",0.00657894736842105
"full__unique_profiles__hamming","their",0.00657894736842105
"full__unique_profiles__hamming","theirs",0.00657894736842105
"full__unique_profiles__hamming","them",0.00657894736842105
"full__unique_profiles__hamming","they",0.00657894736842105
"full__unique_profiles__hamming","thing",0.00657894736842105
"full__unique_profiles__hamming","to",0.00657894736842105
"full__unique_profiles__hamming","us",0.00657894736842105
"full__unique_profiles__hamming","we",0.00657894736842105
"full__unique_profiles__hamming","what",0.00657894736842105
"full__unique_profiles__hamming","whatever",0.00657894736842105
"full__unique_profiles__hamming","where",0.00328947368421053
"full__unique_profiles__hamming","which",0.00657894736842105
"full__unique_profiles__hamming","whichever",0.00657894736842105
"full__unique_profiles__hamming","who",0.00657894736842105
"full__unique_profiles__hamming","whoever",0.00657894736842105
"full__unique_profiles__hamming","whom",0.00657894736842105
"full__unique_profiles__hamming","whose",0.00657894736842105
"full__unique_profiles__hamming","whosoever",0.00657894736842105
"full__unique_profiles__hamming","you",0.00657894736842105
"full__unique_profiles__hamming","your",0.00657894736842105
"full__unique_profiles__hamming","yours",0.00657894736842105
"full__unique_profiles__hamming","genitive_case",0.00657894736842105
"full__unique_profiles__hamming","accusative_case",0.00657894736842105
"full__unique_profiles__hamming","nominative_case",0.00657894736842105
"full__unique_profiles__hamming","in_word_formation_e_g_a_many_sided_shape",0.00657894736842105
"full__unique_profiles__hamming","has_derivationtionally_related_words",0.00657894736842105
"full__unique_profiles__hamming","has_corresponding_word",0.00657894736842105
"full__unique_profiles__hamming","compound_word",0.00657894736842105
"full__unique_profiles__hamming","inflects_for_case",0.00657894736842105
"full__unique_profiles__hamming","paradigm_has_distinct_acc_form",0.00657894736842105
"full__unique_profiles__hamming","paradigm_has_genitive_form",0.00657894736842105
"full__unique_profiles__hamming","paradigm_has_distinct_independent_genitive_form",0.00657894736842105
"full__unique_profiles__hamming","paradigm_has_distinct_self_form",0.00657894736842105
"full__unique_profiles__hamming","paradigm_has_comparative_and_superlative_forms",0.00328947368421053
"full__unique_profiles__hamming","paradigm_has_distinct_plural_form",0.00657894736842105
"full__unique_profiles__hamming","does_not_inflect",0.00657894736842105
"full__unique_profiles__hamming","Monmorphemic",0.00657894736842105
"full__unique_profiles__hamming","Must_be_stressed_as_object_after_particle",0.00657894736842105
"full__unique_profiles__hamming","Start_with_th",0.00657894736842105
"full__unique_profiles__hamming","Start_with_hw",0.00657894736842105
"full__unique_profiles__hamming","anaphoric_marker",0.00657894736842105
"full__unique_profiles__hamming","deictic_marker",0.00657894736842105
"full__unique_profiles__hamming","person_deixis",0.00657894736842105
"full__unique_profiles__hamming","pro_form",0.00657894736842105
"full__unique_profiles__hamming","personal_gender_as_head_or_fused_head",0.00657894736842105
"full__unique_profiles__hamming","non_personal_gender",0.00657894736842105
"full__unique_profiles__hamming","epicene_personal_gender",0.00657894736842105
"full__unique_profiles__hamming","masculine_gender",0.00657894736842105
"full__unique_profiles__hamming","feminine_gender",0.00657894736842105
"full__unique_profiles__hamming","definite",0.00657894736842105
"full__unique_profiles__hamming","indefinite",0.00657894736842105
"full__unique_profiles__hamming","existential",0.00657894736842105
"full__unique_profiles__hamming","universal",0.00657894736842105
"full__unique_profiles__hamming","free_choice",0.00657894736842105
"full__unique_profiles__hamming","negative",0.00657894736842105
"full__unique_profiles__hamming","interrogative",0.00657894736842105
"full__unique_profiles__hamming","non_affirmative",0.00657894736842105
"full__unique_profiles__hamming","reflexive",0.00657894736842105
"full__unique_profiles__hamming","reciprocal",0.00657894736842105
"full__unique_profiles__hamming","dual",0.00657894736842105
"full__unique_profiles__hamming","paucal",0.00657894736842105
"full__unique_profiles__hamming","multal",0.00657894736842105
"full__unique_profiles__hamming","proportional",0.00657894736842105
"full__unique_profiles__hamming","semantically_countable",0.00657894736842105
"full__unique_profiles__hamming","semantically_uncountable",0.00657894736842105
"full__unique_profiles__hamming","semantically_singular",0.00657894736842105
"full__unique_profiles__hamming","semantically_plural",0.00657894736842105
"full__unique_profiles__hamming","distributive",0.00657894736842105
"full__unique_profiles__hamming","joint",0.00657894736842105
"full__unique_profiles__hamming","cardinal",0.00657894736842105
"full__unique_profiles__hamming","disjunctive",0.00328947368421053
"full__unique_profiles__hamming","degree",0.00328947368421053
"full__unique_profiles__hamming","sufficiency",0.00657894736842105
"full__unique_profiles__hamming","temporal",0.00657894736842105
"full__unique_profiles__hamming","locative",0.00328947368421053
"full__unique_profiles__hamming","dummy",0.00657894736842105
"full__unique_profiles__hamming","can_be_followed_by_adjective_such",0.00657894736842105
"full__unique_profiles__hamming","can_be_modified_by_almost",0.00657894736842105
"full__unique_profiles__hamming","can_be_modified_by_approximately",0.00657894736842105
"full__unique_profiles__hamming","can_be_modified_by_at_least",0.00657894736842105
"full__unique_profiles__hamming","can_be_modified_by_hardly",0.00657894736842105
"full__unique_profiles__hamming","can_be_modified_by_not",0.00657894736842105
"full__unique_profiles__hamming","can_be_modified_by_adverb_very",0.00657894736842105
"full__unique_profiles__hamming","Coordinates_with_independent_genitives",0.00657894736842105
"full__unique_profiles__hamming","Coordinates_with_dependent_genitives",0.00657894736842105
"full__unique_profiles__hamming","Coordinates_with_NPs",0.00657894736842105
"full__unique_profiles__hamming","intensifying_reduplication",0.00657894736842105
"full__unique_profiles__hamming","selects_singular_heads",0.00657894736842105
"full__unique_profiles__hamming","selects_count_singular_heads",0.00657894736842105
"full__unique_profiles__hamming","selects_non_count_heads",0.00657894736842105
"full__unique_profiles__hamming","selects_plural_heads",0.00657894736842105
"full__unique_profiles__hamming","compatible_count_sing_NP",0.00657894736842105
"full__unique_profiles__hamming","compatible_count_plur_NP",0.00657894736842105
"full__unique_profiles__hamming","compatible_non_count_NP",0.00657894736842105
"full__unique_profiles__hamming","Forms_universal_pronouns_before_all",0.00657894736842105
"full__unique_profiles__hamming","functions_as_a_predeterminer_modifier",0.00657894736842105
"full__unique_profiles__hamming","functions_as_prehead_modifier_in_nominal",0.00657894736842105
"full__unique_profiles__hamming","functions_as_degree_modifier_in_AdjP",0.00657894736842105
"full__unique_profiles__hamming","functions_as_predicative_complement",0.00657894736842105
"full__unique_profiles__hamming","functions_as_predicative_complement_to_seem",0.00657894736842105
"full__unique_profiles__hamming","functions_as_marker_of_coordination",0.00657894736842105
"full__unique_profiles__hamming","functions_as_fused_determiner_head",0.00657894736842105
"full__unique_profiles__hamming","functions_as_head_of_partitive_construction",0.00657894736842105
"full__unique_profiles__hamming","functions_as_adjunct_in_clause_structure",0.00657894736842105
"full__unique_profiles__hamming","functions_as_attrib_modifier_in_nominal",0.00657894736842105
"full__unique_profiles__hamming","appears_in_subject",0.00657894736842105
"full__unique_profiles__hamming","appears_in_object",0.00657894736842105
"full__unique_profiles__hamming","functions_as_post_head_modifier_of_it_or_them",0.00657894736842105
"full__unique_profiles__hamming","functions_as_post_head_modifier_of_N",0.00657894736842105
"full__unique_profiles__hamming","appears_in_existentials_there_s_on_the_table",0.00657894736842105
"full__unique_profiles__hamming","functions_as_determiner_in_day_s_time_ago",0.00657894736842105
"full__unique_profiles__hamming","functions_as_subject_of_present_participal_of_joining_you",0.00657894736842105
"full__unique_profiles__hamming","Functions_as_subject_of_interrogative_tag",0.00657894736842105
"full__unique_profiles__hamming","functions_as_subject_determiner",0.00657894736842105
"full__unique_profiles__hamming","functions_in_vocative",0.00657894736842105
"full__unique_profiles__hamming","May_coordinate_with_non_fused_determiners",0.00657894736842105
"full__unique_profiles__hamming","must_be_outranked_by_a_coindexed_element",0.00657894736842105
"full__unique_profiles__hamming","takes_predeterminer_modifiers_all_or_both",0.00657894736842105
"full__unique_profiles__hamming","occurs_after_predeterminer_modifiers_fractions",0.00657894736842105
"full__unique_profiles__hamming","occurs_after_predeterminer_modifiers_multipliers",0.00657894736842105
"full__unique_profiles__hamming","ironic_use_of_repetition",0.00657894736842105
"full__unique_profiles__hamming","take_poor_lucky_silly_as_attrib_modifiers",0.00657894736842105
"full__unique_profiles__hamming","takes_adverb_quite_as_a_modifier",0.00657894736842105
"full__unique_profiles__hamming","takes_else_or_more_as_a_post_head_dependent",0.00657894736842105
"full__unique_profiles__hamming","accepts_genitive_apstrophe_s",0.00657894736842105
"full__unique_profiles__hamming","takes_post_head_modifier_the_hell",0.00657894736842105
"full__unique_profiles__jaccard","a",0.00657894736842105
"full__unique_profiles__jaccard","another",0.00657894736842105
"full__unique_profiles__jaccard","any",0.00657894736842105
"full__unique_profiles__jaccard","body",0.00657894736842105
"full__unique_profiles__jaccard","certain",0.00657894736842105
"full__unique_profiles__jaccard","day",0.00657894736842105
"full__unique_profiles__jaccard","each",0.00657894736842105
"full__unique_profiles__jaccard","each_other",0.00657894736842105
"full__unique_profiles__jaccard","either",0.00328947368421053
"full__unique_profiles__jaccard","ever",0.00657894736842105
"full__unique_profiles__jaccard","every",0.00657894736842105
"full__unique_profiles__jaccard","few",0.00657894736842105
"full__unique_profiles__jaccard","her",0.00657894736842105
"full__unique_profiles__jaccard","him",0.00657894736842105
"full__unique_profiles__jaccard","it",0.00657894736842105
"full__unique_profiles__jaccard","its",0.00657894736842105
"full__unique_profiles__jaccard","little",0.00657894736842105
"full__unique_profiles__jaccard","many",0.00657894736842105
"full__unique_profiles__jaccard","many_a",0.00657894736842105
"full__unique_profiles__jaccard","my",0.00657894736842105
"full__unique_profiles__jaccard","no",0.00657894736842105
"full__unique_profiles__jaccard","no_one",0.00657894736842105
"full__unique_profiles__jaccard","one",0.00657894736842105
"full__unique_profiles__jaccard","one_s",0.00657894736842105
"full__unique_profiles__jaccard","other",0.00657894736842105
"full__unique_profiles__jaccard","our",0.00657894736842105
"full__unique_profiles__jaccard","ours",0.00657894736842105
"full__unique_profiles__jaccard","self",0.00657894736842105
"full__unique_profiles__jaccard","some",0.00657894736842105
"full__unique_profiles__jaccard","their",0.00657894736842105
"full__unique_profiles__jaccard","theirs",0.00657894736842105
"full__unique_profiles__jaccard","them",0.00657894736842105
"full__unique_profiles__jaccard","they",0.00657894736842105
"full__unique_profiles__jaccard","thing",0.00657894736842105
"full__unique_profiles__jaccard","to",0.00657894736842105
"full__unique_profiles__jaccard","us",0.00657894736842105
"full__unique_profiles__jaccard","we",0.00657894736842105
"full__unique_profiles__jaccard","what",0.00657894736842105
"full__unique_profiles__jaccard","whatever",0.00657894736842105
"full__unique_profiles__jaccard","where",0.00328947368421053
"full__unique_profiles__jaccard","which",0.00657894736842105
"full__unique_profiles__jaccard","whichever",0.00657894736842105
"full__unique_profiles__jaccard","who",0.00657894736842105
"full__unique_profiles__jaccard","whoever",0.00657894736842105
"full__unique_profiles__jaccard","whom",0.00657894736842105
"full__unique_profiles__jaccard","whose",0.00657894736842105
"full__unique_profiles__jaccard","whosoever",0.00657894736842105
"full__unique_profiles__jaccard","you",0.00657894736842105
"full__unique_profiles__jaccard","your",0.00657894736842105
"full__unique_profiles__jaccard","yours",0.00657894736842105
"full__unique_profiles__jaccard","genitive_case",0.00657894736842105
"full__unique_profiles__jaccard","accusative_case",0.00657894736842105
"full__unique_profiles__jaccard","nominative_case",0.00657894736842105
"full__unique_profiles__jaccard","in_word_formation_e_g_a_many_sided_shape",0.00657894736842105
"full__unique_profiles__jaccard","has_derivationtionally_related_words",0.00657894736842105
"full__unique_profiles__jaccard","has_corresponding_word",0.00657894736842105
"full__unique_profiles__jaccard","compound_word",0.00657894736842105
"full__unique_profiles__jaccard","inflects_for_case",0.00657894736842105
"full__unique_profiles__jaccard","paradigm_has_distinct_acc_form",0.00657894736842105
"full__unique_profiles__jaccard","paradigm_has_genitive_form",0.00657894736842105
"full__unique_profiles__jaccard","paradigm_has_distinct_independent_genitive_form",0.00657894736842105
"full__unique_profiles__jaccard","paradigm_has_distinct_self_form",0.00657894736842105
"full__unique_profiles__jaccard","paradigm_has_comparative_and_superlative_forms",0.00328947368421053
"full__unique_profiles__jaccard","paradigm_has_distinct_plural_form",0.00657894736842105
"full__unique_profiles__jaccard","does_not_inflect",0.00657894736842105
"full__unique_profiles__jaccard","Monmorphemic",0.00657894736842105
"full__unique_profiles__jaccard","Must_be_stressed_as_object_after_particle",0.00657894736842105
"full__unique_profiles__jaccard","Start_with_th",0.00657894736842105
"full__unique_profiles__jaccard","Start_with_hw",0.00657894736842105
"full__unique_profiles__jaccard","anaphoric_marker",0.00657894736842105
"full__unique_profiles__jaccard","deictic_marker",0.00657894736842105
"full__unique_profiles__jaccard","person_deixis",0.00657894736842105
"full__unique_profiles__jaccard","pro_form",0.00657894736842105
"full__unique_profiles__jaccard","personal_gender_as_head_or_fused_head",0.00657894736842105
"full__unique_profiles__jaccard","non_personal_gender",0.00657894736842105
"full__unique_profiles__jaccard","epicene_personal_gender",0.00657894736842105
"full__unique_profiles__jaccard","masculine_gender",0.00657894736842105
"full__unique_profiles__jaccard","feminine_gender",0.00657894736842105
"full__unique_profiles__jaccard","definite",0.00657894736842105
"full__unique_profiles__jaccard","indefinite",0.00657894736842105
"full__unique_profiles__jaccard","existential",0.00657894736842105
"full__unique_profiles__jaccard","universal",0.00657894736842105
"full__unique_profiles__jaccard","free_choice",0.00657894736842105
"full__unique_profiles__jaccard","negative",0.00657894736842105
"full__unique_profiles__jaccard","interrogative",0.00657894736842105
"full__unique_profiles__jaccard","non_affirmative",0.00657894736842105
"full__unique_profiles__jaccard","reflexive",0.00657894736842105
"full__unique_profiles__jaccard","reciprocal",0.00657894736842105
"full__unique_profiles__jaccard","dual",0.00657894736842105
"full__unique_profiles__jaccard","paucal",0.00657894736842105
"full__unique_profiles__jaccard","multal",0.00657894736842105
"full__unique_profiles__jaccard","proportional",0.00657894736842105
"full__unique_profiles__jaccard","semantically_countable",0.00657894736842105
"full__unique_profiles__jaccard","semantically_uncountable",0.00657894736842105
"full__unique_profiles__jaccard","semantically_singular",0.00657894736842105
"full__unique_profiles__jaccard","semantically_plural",0.00657894736842105
"full__unique_profiles__jaccard","distributive",0.00657894736842105
"full__unique_profiles__jaccard","joint",0.00657894736842105
"full__unique_profiles__jaccard","cardinal",0.00657894736842105
"full__unique_profiles__jaccard","disjunctive",0.00328947368421053
"full__unique_profiles__jaccard","degree",0.00328947368421053
"full__unique_profiles__jaccard","sufficiency",0.00657894736842105
"full__unique_profiles__jaccard","temporal",0.00657894736842105
"full__unique_profiles__jaccard","locative",0.00328947368421053
"full__unique_profiles__jaccard","dummy",0.00657894736842105
"full__unique_profiles__jaccard","can_be_followed_by_adjective_such",0.00657894736842105
"full__unique_profiles__jaccard","can_be_modified_by_almost",0.00657894736842105
"full__unique_profiles__jaccard","can_be_modified_by_approximately",0.00657894736842105
"full__unique_profiles__jaccard","can_be_modified_by_at_least",0.00657894736842105
"full__unique_profiles__jaccard","can_be_modified_by_hardly",0.00657894736842105
"full__unique_profiles__jaccard","can_be_modified_by_not",0.00657894736842105
"full__unique_profiles__jaccard","can_be_modified_by_adverb_very",0.00657894736842105
"full__unique_profiles__jaccard","Coordinates_with_independent_genitives",0.00657894736842105
"full__unique_profiles__jaccard","Coordinates_with_dependent_genitives",0.00657894736842105
"full__unique_profiles__jaccard","Coordinates_with_NPs",0.00657894736842105
"full__unique_profiles__jaccard","intensifying_reduplication",0.00657894736842105
"full__unique_profiles__jaccard","selects_singular_heads",0.00657894736842105
"full__unique_profiles__jaccard","selects_count_singular_heads",0.00657894736842105
"full__unique_profiles__jaccard","selects_non_count_heads",0.00657894736842105
"full__unique_profiles__jaccard","selects_plural_heads",0.00657894736842105
"full__unique_profiles__jaccard","compatible_count_sing_NP",0.00657894736842105
"full__unique_profiles__jaccard","compatible_count_plur_NP",0.00657894736842105
"full__unique_profiles__jaccard","compatible_non_count_NP",0.00657894736842105
"full__unique_profiles__jaccard","Forms_universal_pronouns_before_all",0.00657894736842105
"full__unique_profiles__jaccard","functions_as_a_predeterminer_modifier",0.00657894736842105
"full__unique_profiles__jaccard","functions_as_prehead_modifier_in_nominal",0.00657894736842105
"full__unique_profiles__jaccard","functions_as_degree_modifier_in_AdjP",0.00657894736842105
"full__unique_profiles__jaccard","functions_as_predicative_complement",0.00657894736842105
"full__unique_profiles__jaccard","functions_as_predicative_complement_to_seem",0.00657894736842105
"full__unique_profiles__jaccard","functions_as_marker_of_coordination",0.00657894736842105
"full__unique_profiles__jaccard","functions_as_fused_determiner_head",0.00657894736842105
"full__unique_profiles__jaccard","functions_as_head_of_partitive_construction",0.00657894736842105
"full__unique_profiles__jaccard","functions_as_adjunct_in_clause_structure",0.00657894736842105
"full__unique_profiles__jaccard","functions_as_attrib_modifier_in_nominal",0.00657894736842105
"full__unique_profiles__jaccard","appears_in_subject",0.00657894736842105
"full__unique_profiles__jaccard","appears_in_object",0.00657894736842105
"full__unique_profiles__jaccard","functions_as_post_head_modifier_of_it_or_them",0.00657894736842105
"full__unique_profiles__jaccard","functions_as_post_head_modifier_of_N",0.00657894736842105
"full__unique_profiles__jaccard","appears_in_existentials_there_s_on_the_table",0.00657894736842105
"full__unique_profiles__jaccard","functions_as_determiner_in_day_s_time_ago",0.00657894736842105
"full__unique_profiles__jaccard","functions_as_subject_of_present_participal_of_joining_you",0.00657894736842105
"full__unique_profiles__jaccard","Functions_as_subject_of_interrogative_tag",0.00657894736842105
"full__unique_profiles__jaccard","functions_as_subject_determiner",0.00657894736842105
"full__unique_profiles__jaccard","functions_in_vocative",0.00657894736842105
"full__unique_profiles__jaccard","May_coordinate_with_non_fused_determiners",0.00657894736842105
"full__unique_profiles__jaccard","must_be_outranked_by_a_coindexed_element",0.00657894736842105
"full__unique_profiles__jaccard","takes_predeterminer_modifiers_all_or_both",0.00657894736842105
"full__unique_profiles__jaccard","occurs_after_predeterminer_modifiers_fractions",0.00657894736842105
"full__unique_profiles__jaccard","occurs_after_predeterminer_modifiers_multipliers",0.00657894736842105
"full__unique_profiles__jaccard","ironic_use_of_repetition",0.00657894736842105
"full__unique_profiles__jaccard","take_poor_lucky_silly_as_attrib_modifiers",0.00657894736842105
"full__unique_profiles__jaccard","takes_adverb_quite_as_a_modifier",0.00657894736842105
"full__unique_profiles__jaccard","takes_else_or_more_as_a_post_head_dependent",0.00657894736842105
"full__unique_profiles__jaccard","accepts_genitive_apstrophe_s",0.00657894736842105
"full__unique_profiles__jaccard","takes_post_head_modifier_the_hell",0.00657894736842105
"full__idf_presence__jaccard","a",0.00741193620547774
"full__idf_presence__jaccard","another",0.00996471830117888
"full__idf_presence__jaccard","any",0.00863520401276318
"full__idf_presence__jaccard","body",0.00921597468290476
"full__idf_presence__jaccard","certain",0.0110200131603318
"full__idf_presence__jaccard","day",0.0110200131603318
"full__idf_presence__jaccard","each",0.0110200131603318
"full__idf_presence__jaccard","each_other",0.0128240516377588
"full__idf_presence__jaccard","either",0.0110200131603318
"full__idf_presence__jaccard","ever",0.00595543686114574
"full__idf_presence__jaccard","every",0.00863520401276318
"full__idf_presence__jaccard","few",0.00921597468290476
"full__idf_presence__jaccard","her",0.00921597468290476
"full__idf_presence__jaccard","him",0.0110200131603318
"full__idf_presence__jaccard","it",0.00921597468290476
"full__idf_presence__jaccard","its",0.0110200131603318
"full__idf_presence__jaccard","little",0.0110200131603318
"full__idf_presence__jaccard","many",0.0110200131603318
"full__idf_presence__jaccard","many_a",0.0110200131603318
"full__idf_presence__jaccard","my",0.0110200131603318
"full__idf_presence__jaccard","no",0.00816067982375187
"full__idf_presence__jaccard","no_one",0.0110200131603318
"full__idf_presence__jaccard","one",0.00658310388770948
"full__idf_presence__jaccard","one_s",0.0110200131603318
"full__idf_presence__jaccard","other",0.00996471830117888
"full__idf_presence__jaccard","our",0.00996471830117888
"full__idf_presence__jaccard","ours",0.0110200131603318
"full__idf_presence__jaccard","self",0.00683116553533617
"full__idf_presence__jaccard","some",0.00816067982375187
"full__idf_presence__jaccard","their",0.00921597468290476
"full__idf_presence__jaccard","theirs",0.0110200131603318
"full__idf_presence__jaccard","them",0.00921597468290476
"full__idf_presence__jaccard","they",0.0110200131603318
"full__idf_presence__jaccard","thing",0.00921597468290476
"full__idf_presence__jaccard","to",0.00996471830117888
"full__idf_presence__jaccard","us",0.0110200131603318
"full__idf_presence__jaccard","we",0.0110200131603318
"full__idf_presence__jaccard","what",0.00863520401276318
"full__idf_presence__jaccard","whatever",0.0110200131603318
"full__idf_presence__jaccard","where",0.00921597468290476
"full__idf_presence__jaccard","which",0.00863520401276318
"full__idf_presence__jaccard","whichever",0.0110200131603318
"full__idf_presence__jaccard","who",0.00658310388770948
"full__idf_presence__jaccard","whoever",0.0110200131603318
"full__idf_presence__jaccard","whom",0.0110200131603318
"full__idf_presence__jaccard","whose",0.0110200131603318
"full__idf_presence__jaccard","whosoever",0.0110200131603318
"full__idf_presence__jaccard","you",0.00710538496459897
"full__idf_presence__jaccard","your",0.00816067982375187
"full__idf_presence__jaccard","yours",0.0110200131603318
"full__idf_presence__jaccard","genitive_case",0.00477906541028247
"full__idf_presence__jaccard","accusative_case",0.00658310388770948
"full__idf_presence__jaccard","nominative_case",0.00658310388770948
"full__idf_presence__jaccard","in_word_formation_e_g_a_many_sided_shape",0.00406006699993947
"full__idf_presence__jaccard","has_derivationtionally_related_words",0.00145178861478364
"full__idf_presence__jaccard","has_corresponding_word",0.00335658847675868
"full__idf_presence__jaccard","compound_word",0.00274856439147082
"full__idf_presence__jaccard","inflects_for_case",0.00158702305118767
"full__idf_presence__jaccard","paradigm_has_distinct_acc_form",0.00315882167661153
"full__idf_presence__jaccard","paradigm_has_genitive_form",0.00254023904797905
"full__idf_presence__jaccard","paradigm_has_distinct_independent_genitive_form",0.00372377055112958
"full__idf_presence__jaccard","paradigm_has_distinct_self_form",0.00303486123157014
"full__idf_presence__jaccard","paradigm_has_comparative_and_superlative_forms",0.00683116553533617
"full__idf_presence__jaccard","paradigm_has_distinct_plural_form",0.00477906541028247
"full__idf_presence__jaccard","does_not_inflect",0.0020824523916669
"full__idf_presence__jaccard","Monmorphemic",0.00176658923615013
"full__idf_presence__jaccard","Must_be_stressed_as_object_after_particle",0.00322308858048214
"full__idf_presence__jaccard","Start_with_th",0.00545011139709003
"full__idf_presence__jaccard","Start_with_hw",0.00710538496459897
"full__idf_presence__jaccard","anaphoric_marker",0.00114157935873495
"full__idf_presence__jaccard","deictic_marker",0.00357062771357715
"full__idf_presence__jaccard","person_deixis",0.00397183219875626
"full__idf_presence__jaccard","pro_form",0.0019998207731967
"full__idf_presence__jaccard","personal_gender_as_head_or_fused_head",0.00239425626271388
"full__idf_presence__jaccard","non_personal_gender",0.00380385925062371
"full__idf_presence__jaccard","epicene_personal_gender",0.00309610352456583
"full__idf_presence__jaccard","masculine_gender",0.00921597468290476
"full__idf_presence__jaccard","feminine_gender",0.00863520401276318
"full__idf_presence__jaccard","definite",0.00172967120772639
"full__idf_presence__jaccard","indefinite",0.00169326953231793
"full__idf_presence__jaccard","existential",0.000451990045085437
"full__idf_presence__jaccard","universal",0.00741193620547774
"full__idf_presence__jaccard","free_choice",0.00466337181400692
"full__idf_presence__jaccard","negative",0.00614831600283308
"full__idf_presence__jaccard","interrogative",0.00560789772805073
"full__idf_presence__jaccard","non_affirmative",0.00466337181400692
"full__idf_presence__jaccard","reflexive",0.00710538496459897
"full__idf_presence__jaccard","reciprocal",0.0110200131603318
"full__idf_presence__jaccard","dual",0.00863520401276318
"full__idf_presence__jaccard","paucal",0.00635664134632485
"full__idf_presence__jaccard","multal",0.00921597468290476
"full__idf_presence__jaccard","proportional",0.00328898266625317
"full__idf_presence__jaccard","semantically_countable",0.000686624264658523
"full__idf_presence__jaccard","semantically_uncountable",0.00322308858048214
"full__idf_presence__jaccard","semantically_singular",0.00129206504713881
"full__idf_presence__jaccard","semantically_plural",0.00176658923615013
"full__idf_presence__jaccard","distributive",0.00165736996501654
"full__idf_presence__jaccard","joint",0.00180403847742702
"full__idf_presence__jaccard","cardinal",0.00921597468290476
"full__idf_presence__jaccard","disjunctive",0.0110200131603318
"full__idf_presence__jaccard","degree",0.00683116553533617
"full__idf_presence__jaccard","sufficiency",0.0110200131603318
"full__idf_presence__jaccard","temporal",0.00710538496459897
"full__idf_presence__jaccard","locative",0.00921597468290476
"full__idf_presence__jaccard","dummy",0.0110200131603318
"full__idf_presence__jaccard","can_be_followed_by_adjective_such",0.00380385925062371
"full__idf_presence__jaccard","can_be_modified_by_almost",0.00285933333657991
"full__idf_presence__jaccard","can_be_modified_by_approximately",0.00560789772805073
"full__idf_presence__jaccard","can_be_modified_by_at_least",0.00204080866541293
"full__idf_presence__jaccard","can_be_modified_by_hardly",0.00397183219875626
"full__idf_presence__jaccard","can_be_modified_by_not",0.00357062771357715
"full__idf_presence__jaccard","can_be_modified_by_adverb_very",0.00921597468290476
"full__idf_presence__jaccard","Coordinates_with_independent_genitives",0.00259077806051012
"full__idf_presence__jaccard","Coordinates_with_dependent_genitives",0.00635664134632485
"full__idf_presence__jaccard","Coordinates_with_NPs",0.000686624264658523
"full__idf_presence__jaccard","intensifying_reduplication",0.00996471830117888
"full__idf_presence__jaccard","selects_singular_heads",0.00502712705790915
"full__idf_presence__jaccard","selects_count_singular_heads",0.00502712705790915
"full__idf_presence__jaccard","selects_non_count_heads",0.00614831600283308
"full__idf_presence__jaccard","selects_plural_heads",0.00434427752540606
"full__idf_presence__jaccard","compatible_count_sing_NP",0.00239425626271388
"full__idf_presence__jaccard","compatible_count_plur_NP",0.00254023904797905
"full__idf_presence__jaccard","compatible_non_count_NP",0.00322308858048214
"full__idf_presence__jaccard","Forms_universal_pronouns_before_all",0.00863520401276318
"full__idf_presence__jaccard","functions_as_a_predeterminer_modifier",0.00816067982375187
"full__idf_presence__jaccard","functions_as_prehead_modifier_in_nominal",0.00614831600283308
"full__idf_presence__jaccard","functions_as_degree_modifier_in_AdjP",0.00595543686114574
"full__idf_presence__jaccard","functions_as_predicative_complement",0.00123082275414312
"full__idf_presence__jaccard","functions_as_predicative_complement_to_seem",0.00545011139709003
"full__idf_presence__jaccard","functions_as_marker_of_coordination",0.0110200131603318
"full__idf_presence__jaccard","functions_as_fused_determiner_head",0.00239425626271388
"full__idf_presence__jaccard","functions_as_head_of_partitive_construction",0.0034259973198025
"full__idf_presence__jaccard","functions_as_adjunct_in_clause_structure",0.00335658847675868
"full__idf_presence__jaccard","functions_as_attrib_modifier_in_nominal",0.00502712705790915
"full__idf_presence__jaccard","appears_in_subject",0.000474524189011317
"full__idf_presence__jaccard","appears_in_object",0.000385535097903988
"full__idf_presence__jaccard","functions_as_post_head_modifier_of_it_or_them",0.00996471830117888
"full__idf_presence__jaccard","functions_as_post_head_modifier_of_N",0.00921597468290476
"full__idf_presence__jaccard","appears_in_existentials_there_s_on_the_table",0.00328898266625317
"full__idf_presence__jaccard","functions_as_determiner_in_day_s_time_ago",0.00577587067618327
"full__idf_presence__jaccard","functions_as_subject_of_present_participal_of_joining_you",0.00111249886217635
"full__idf_presence__jaccard","Functions_as_subject_of_interrogative_tag",0.00658310388770948
"full__idf_presence__jaccard","functions_as_subject_determiner",0.00635664134632485
"full__idf_presence__jaccard","functions_in_vocative",0.00658310388770948
"full__idf_presence__jaccard","May_coordinate_with_non_fused_determiners",0.00372377055112958
"full__idf_presence__jaccard","must_be_outranked_by_a_coindexed_element",0.00635664134632485
"full__idf_presence__jaccard","takes_predeterminer_modifiers_all_or_both",0.00415139838371872
"full__idf_presence__jaccard","occurs_after_predeterminer_modifiers_fractions",0.00274856439147082
"full__idf_presence__jaccard","occurs_after_predeterminer_modifiers_multipliers",0.00274856439147082
"full__idf_presence__jaccard","ironic_use_of_repetition",0.00577587067618327
"full__idf_presence__jaccard","take_poor_lucky_silly_as_attrib_modifiers",0.00775947533857275
"full__idf_presence__jaccard","takes_adverb_quite_as_a_modifier",0.00274856439147082
"full__idf_presence__jaccard","takes_else_or_more_as_a_post_head_dependent",0.00397183219875626
"full__idf_presence__jaccard","accepts_genitive_apstrophe_s",0.00455260286889783
"full__idf_presence__jaccard","takes_post_head_modifier_the_hell",0.00863520401276318
"no_components__equal_features__sqrt_hamming","genitive_case",0.00952380952380952
"no_components__equal_features__sqrt_hamming","accusative_case",0.00952380952380952
"no_components__equal_features__sqrt_hamming","nominative_case",0.00952380952380952
"no_components__equal_features__sqrt_hamming","in_word_formation_e_g_a_many_sided_shape",0.00952380952380952
"no_components__equal_features__sqrt_hamming","has_derivationtionally_related_words",0.00952380952380952
"no_components__equal_features__sqrt_hamming","has_corresponding_word",0.00952380952380952
"no_components__equal_features__sqrt_hamming","compound_word",0.00952380952380952
"no_components__equal_features__sqrt_hamming","inflects_for_case",0.00952380952380952
"no_components__equal_features__sqrt_hamming","paradigm_has_distinct_acc_form",0.00952380952380952
"no_components__equal_features__sqrt_hamming","paradigm_has_genitive_form",0.00952380952380952
"no_components__equal_features__sqrt_hamming","paradigm_has_distinct_independent_genitive_form",0.00952380952380952
"no_components__equal_features__sqrt_hamming","paradigm_has_distinct_self_form",0.00952380952380952
"no_components__equal_features__sqrt_hamming","paradigm_has_comparative_and_superlative_forms",0.00952380952380952
"no_components__equal_features__sqrt_hamming","paradigm_has_distinct_plural_form",0.00952380952380952
"no_components__equal_features__sqrt_hamming","does_not_inflect",0.00952380952380952
"no_components__equal_features__sqrt_hamming","Monmorphemic",0.00952380952380952
"no_components__equal_features__sqrt_hamming","Must_be_stressed_as_object_after_particle",0.00952380952380952
"no_components__equal_features__sqrt_hamming","Start_with_th",0.00952380952380952
"no_components__equal_features__sqrt_hamming","Start_with_hw",0.00952380952380952
"no_components__equal_features__sqrt_hamming","anaphoric_marker",0.00952380952380952
"no_components__equal_features__sqrt_hamming","deictic_marker",0.00952380952380952
"no_components__equal_features__sqrt_hamming","person_deixis",0.00952380952380952
"no_components__equal_features__sqrt_hamming","pro_form",0.00952380952380952
"no_components__equal_features__sqrt_hamming","personal_gender_as_head_or_fused_head",0.00952380952380952
"no_components__equal_features__sqrt_hamming","non_personal_gender",0.00952380952380952
"no_components__equal_features__sqrt_hamming","epicene_personal_gender",0.00952380952380952
"no_components__equal_features__sqrt_hamming","masculine_gender",0.00952380952380952
"no_components__equal_features__sqrt_hamming","feminine_gender",0.00952380952380952
"no_components__equal_features__sqrt_hamming","definite",0.00952380952380952
"no_components__equal_features__sqrt_hamming","indefinite",0.00952380952380952
"no_components__equal_features__sqrt_hamming","existential",0.00952380952380952
"no_components__equal_features__sqrt_hamming","universal",0.00952380952380952
"no_components__equal_features__sqrt_hamming","free_choice",0.00952380952380952
"no_components__equal_features__sqrt_hamming","negative",0.00952380952380952
"no_components__equal_features__sqrt_hamming","interrogative",0.00952380952380952
"no_components__equal_features__sqrt_hamming","non_affirmative",0.00952380952380952
"no_components__equal_features__sqrt_hamming","reflexive",0.00952380952380952
"no_components__equal_features__sqrt_hamming","reciprocal",0.00952380952380952
"no_components__equal_features__sqrt_hamming","dual",0.00952380952380952
"no_components__equal_features__sqrt_hamming","paucal",0.00952380952380952
"no_components__equal_features__sqrt_hamming","multal",0.00952380952380952
"no_components__equal_features__sqrt_hamming","proportional",0.00952380952380952
"no_components__equal_features__sqrt_hamming","semantically_countable",0.00952380952380952
"no_components__equal_features__sqrt_hamming","semantically_uncountable",0.00952380952380952
"no_components__equal_features__sqrt_hamming","semantically_singular",0.00952380952380952
"no_components__equal_features__sqrt_hamming","semantically_plural",0.00952380952380952
"no_components__equal_features__sqrt_hamming","distributive",0.00952380952380952
"no_components__equal_features__sqrt_hamming","joint",0.00952380952380952
"no_components__equal_features__sqrt_hamming","cardinal",0.00952380952380952
"no_components__equal_features__sqrt_hamming","disjunctive",0.00952380952380952
"no_components__equal_features__sqrt_hamming","degree",0.00952380952380952
"no_components__equal_features__sqrt_hamming","sufficiency",0.00952380952380952
"no_components__equal_features__sqrt_hamming","temporal",0.00952380952380952
"no_components__equal_features__sqrt_hamming","locative",0.00952380952380952
"no_components__equal_features__sqrt_hamming","dummy",0.00952380952380952
"no_components__equal_features__sqrt_hamming","can_be_followed_by_adjective_such",0.00952380952380952
"no_components__equal_features__sqrt_hamming","can_be_modified_by_almost",0.00952380952380952
"no_components__equal_features__sqrt_hamming","can_be_modified_by_approximately",0.00952380952380952
"no_components__equal_features__sqrt_hamming","can_be_modified_by_at_least",0.00952380952380952
"no_components__equal_features__sqrt_hamming","can_be_modified_by_hardly",0.00952380952380952
"no_components__equal_features__sqrt_hamming","can_be_modified_by_not",0.00952380952380952
"no_components__equal_features__sqrt_hamming","can_be_modified_by_adverb_very",0.00952380952380952
"no_components__equal_features__sqrt_hamming","Coordinates_with_independent_genitives",0.00952380952380952
"no_components__equal_features__sqrt_hamming","Coordinates_with_dependent_genitives",0.00952380952380952
"no_components__equal_features__sqrt_hamming","Coordinates_with_NPs",0.00952380952380952
"no_components__equal_features__sqrt_hamming","intensifying_reduplication",0.00952380952380952
"no_components__equal_features__sqrt_hamming","selects_singular_heads",0.00952380952380952
"no_components__equal_features__sqrt_hamming","selects_count_singular_heads",0.00952380952380952
"no_components__equal_features__sqrt_hamming","selects_non_count_heads",0.00952380952380952
"no_components__equal_features__sqrt_hamming","selects_plural_heads",0.00952380952380952
"no_components__equal_features__sqrt_hamming","compatible_count_sing_NP",0.00952380952380952
"no_components__equal_features__sqrt_hamming","compatible_count_plur_NP",0.00952380952380952
"no_components__equal_features__sqrt_hamming","compatible_non_count_NP",0.00952380952380952
"no_components__equal_features__sqrt_hamming","Forms_universal_pronouns_before_all",0.00952380952380952
"no_components__equal_features__sqrt_hamming","functions_as_a_predeterminer_modifier",0.00952380952380952
"no_components__equal_features__sqrt_hamming","functions_as_prehead_modifier_in_nominal",0.00952380952380952
"no_components__equal_features__sqrt_hamming","functions_as_degree_modifier_in_AdjP",0.00952380952380952
"no_components__equal_features__sqrt_hamming","functions_as_predicative_complement",0.00952380952380952
"no_components__equal_features__sqrt_hamming","functions_as_predicative_complement_to_seem",0.00952380952380952
"no_components__equal_features__sqrt_hamming","functions_as_marker_of_coordination",0.00952380952380952
"no_components__equal_features__sqrt_hamming","functions_as_fused_determiner_head",0.00952380952380952
"no_components__equal_features__sqrt_hamming","functions_as_head_of_partitive_construction",0.00952380952380952
"no_components__equal_features__sqrt_hamming","functions_as_adjunct_in_clause_structure",0.00952380952380952
"no_components__equal_features__sqrt_hamming","functions_as_attrib_modifier_in_nominal",0.00952380952380952
"no_components__equal_features__sqrt_hamming","appears_in_subject",0.00952380952380952
"no_components__equal_features__sqrt_hamming","appears_in_object",0.00952380952380952
"no_components__equal_features__sqrt_hamming","functions_as_post_head_modifier_of_it_or_them",0.00952380952380952
"no_components__equal_features__sqrt_hamming","functions_as_post_head_modifier_of_N",0.00952380952380952
"no_components__equal_features__sqrt_hamming","appears_in_existentials_there_s_on_the_table",0.00952380952380952
"no_components__equal_features__sqrt_hamming","functions_as_determiner_in_day_s_time_ago",0.00952380952380952
"no_components__equal_features__sqrt_hamming","functions_as_subject_of_present_participal_of_joining_you",0.00952380952380952
"no_components__equal_features__sqrt_hamming","Functions_as_subject_of_interrogative_tag",0.00952380952380952
"no_components__equal_features__sqrt_hamming","functions_as_subject_determiner",0.00952380952380952
"no_components__equal_features__sqrt_hamming","functions_in_vocative",0.00952380952380952
"no_components__equal_features__sqrt_hamming","May_coordinate_with_non_fused_determiners",0.00952380952380952
"no_components__equal_features__sqrt_hamming","must_be_outranked_by_a_coindexed_element",0.00952380952380952
"no_components__equal_features__sqrt_hamming","takes_predeterminer_modifiers_all_or_both",0.00952380952380952
"no_components__equal_features__sqrt_hamming","occurs_after_predeterminer_modifiers_fractions",0.00952380952380952
"no_components__equal_features__sqrt_hamming","occurs_after_predeterminer_modifiers_multipliers",0.00952380952380952
"no_components__equal_features__sqrt_hamming","ironic_use_of_repetition",0.00952380952380952
"no_components__equal_features__sqrt_hamming","take_poor_lucky_silly_as_attrib_modifiers",0.00952380952380952
"no_components__equal_features__sqrt_hamming","takes_adverb_quite_as_a_modifier",0.00952380952380952
"no_components__equal_features__sqrt_hamming","takes_else_or_more_as_a_post_head_dependent",0.00952380952380952
"no_components__equal_features__sqrt_hamming","accepts_genitive_apstrophe_s",0.00952380952380952
"no_components__equal_features__sqrt_hamming","takes_post_head_modifier_the_hell",0.00952380952380952
"no_components__equal_features__hamming","genitive_case",0.00952380952380952
"no_components__equal_features__hamming","accusative_case",0.00952380952380952
"no_components__equal_features__hamming","nominative_case",0.00952380952380952
"no_components__equal_features__hamming","in_word_formation_e_g_a_many_sided_shape",0.00952380952380952
"no_components__equal_features__hamming","has_derivationtionally_related_words",0.00952380952380952
"no_components__equal_features__hamming","has_corresponding_word",0.00952380952380952
"no_components__equal_features__hamming","compound_word",0.00952380952380952
"no_components__equal_features__hamming","inflects_for_case",0.00952380952380952
"no_components__equal_features__hamming","paradigm_has_distinct_acc_form",0.00952380952380952
"no_components__equal_features__hamming","paradigm_has_genitive_form",0.00952380952380952
"no_components__equal_features__hamming","paradigm_has_distinct_independent_genitive_form",0.00952380952380952
"no_components__equal_features__hamming","paradigm_has_distinct_self_form",0.00952380952380952
"no_components__equal_features__hamming","paradigm_has_comparative_and_superlative_forms",0.00952380952380952
"no_components__equal_features__hamming","paradigm_has_distinct_plural_form",0.00952380952380952
"no_components__equal_features__hamming","does_not_inflect",0.00952380952380952
"no_components__equal_features__hamming","Monmorphemic",0.00952380952380952
"no_components__equal_features__hamming","Must_be_stressed_as_object_after_particle",0.00952380952380952
"no_components__equal_features__hamming","Start_with_th",0.00952380952380952
"no_components__equal_features__hamming","Start_with_hw",0.00952380952380952
"no_components__equal_features__hamming","anaphoric_marker",0.00952380952380952
"no_components__equal_features__hamming","deictic_marker",0.00952380952380952
"no_components__equal_features__hamming","person_deixis",0.00952380952380952
"no_components__equal_features__hamming","pro_form",0.00952380952380952
"no_components__equal_features__hamming","personal_gender_as_head_or_fused_head",0.00952380952380952
"no_components__equal_features__hamming","non_personal_gender",0.00952380952380952
"no_components__equal_features__hamming","epicene_personal_gender",0.00952380952380952
"no_components__equal_features__hamming","masculine_gender",0.00952380952380952
"no_components__equal_features__hamming","feminine_gender",0.00952380952380952
"no_components__equal_features__hamming","definite",0.00952380952380952
"no_components__equal_features__hamming","indefinite",0.00952380952380952
"no_components__equal_features__hamming","existential",0.00952380952380952
"no_components__equal_features__hamming","universal",0.00952380952380952
"no_components__equal_features__hamming","free_choice",0.00952380952380952
"no_components__equal_features__hamming","negative",0.00952380952380952
"no_components__equal_features__hamming","interrogative",0.00952380952380952
"no_components__equal_features__hamming","non_affirmative",0.00952380952380952
"no_components__equal_features__hamming","reflexive",0.00952380952380952
"no_components__equal_features__hamming","reciprocal",0.00952380952380952
"no_components__equal_features__hamming","dual",0.00952380952380952
"no_components__equal_features__hamming","paucal",0.00952380952380952
"no_components__equal_features__hamming","multal",0.00952380952380952
"no_components__equal_features__hamming","proportional",0.00952380952380952
"no_components__equal_features__hamming","semantically_countable",0.00952380952380952
"no_components__equal_features__hamming","semantically_uncountable",0.00952380952380952
"no_components__equal_features__hamming","semantically_singular",0.00952380952380952
"no_components__equal_features__hamming","semantically_plural",0.00952380952380952
"no_components__equal_features__hamming","distributive",0.00952380952380952
"no_components__equal_features__hamming","joint",0.00952380952380952
"no_components__equal_features__hamming","cardinal",0.00952380952380952
"no_components__equal_features__hamming","disjunctive",0.00952380952380952
"no_components__equal_features__hamming","degree",0.00952380952380952
"no_components__equal_features__hamming","sufficiency",0.00952380952380952
"no_components__equal_features__hamming","temporal",0.00952380952380952
"no_components__equal_features__hamming","locative",0.00952380952380952
"no_components__equal_features__hamming","dummy",0.00952380952380952
"no_components__equal_features__hamming","can_be_followed_by_adjective_such",0.00952380952380952
"no_components__equal_features__hamming","can_be_modified_by_almost",0.00952380952380952
"no_components__equal_features__hamming","can_be_modified_by_approximately",0.00952380952380952
"no_components__equal_features__hamming","can_be_modified_by_at_least",0.00952380952380952
"no_components__equal_features__hamming","can_be_modified_by_hardly",0.00952380952380952
"no_components__equal_features__hamming","can_be_modified_by_not",0.00952380952380952
"no_components__equal_features__hamming","can_be_modified_by_adverb_very",0.00952380952380952
"no_components__equal_features__hamming","Coordinates_with_independent_genitives",0.00952380952380952
"no_components__equal_features__hamming","Coordinates_with_dependent_genitives",0.00952380952380952
"no_components__equal_features__hamming","Coordinates_with_NPs",0.00952380952380952
"no_components__equal_features__hamming","intensifying_reduplication",0.00952380952380952
"no_components__equal_features__hamming","selects_singular_heads",0.00952380952380952
"no_components__equal_features__hamming","selects_count_singular_heads",0.00952380952380952
"no_components__equal_features__hamming","selects_non_count_heads",0.00952380952380952
"no_components__equal_features__hamming","selects_plural_heads",0.00952380952380952
"no_components__equal_features__hamming","compatible_count_sing_NP",0.00952380952380952
"no_components__equal_features__hamming","compatible_count_plur_NP",0.00952380952380952
"no_components__equal_features__hamming","compatible_non_count_NP",0.00952380952380952
"no_components__equal_features__hamming","Forms_universal_pronouns_before_all",0.00952380952380952
"no_components__equal_features__hamming","functions_as_a_predeterminer_modifier",0.00952380952380952
"no_components__equal_features__hamming","functions_as_prehead_modifier_in_nominal",0.00952380952380952
"no_components__equal_features__hamming","functions_as_degree_modifier_in_AdjP",0.00952380952380952
"no_components__equal_features__hamming","functions_as_predicative_complement",0.00952380952380952
"no_components__equal_features__hamming","functions_as_predicative_complement_to_seem",0.00952380952380952
"no_components__equal_features__hamming","functions_as_marker_of_coordination",0.00952380952380952
"no_components__equal_features__hamming","functions_as_fused_determiner_head",0.00952380952380952
"no_components__equal_features__hamming","functions_as_head_of_partitive_construction",0.00952380952380952
"no_components__equal_features__hamming","functions_as_adjunct_in_clause_structure",0.00952380952380952
"no_components__equal_features__hamming","functions_as_attrib_modifier_in_nominal",0.00952380952380952
"no_components__equal_features__hamming","appears_in_subject",0.00952380952380952
"no_components__equal_features__hamming","appears_in_object",0.00952380952380952
"no_components__equal_features__hamming","functions_as_post_head_modifier_of_it_or_them",0.00952380952380952
"no_components__equal_features__hamming","functions_as_post_head_modifier_of_N",0.00952380952380952
"no_components__equal_features__hamming","appears_in_existentials_there_s_on_the_table",0.00952380952380952
"no_components__equal_features__hamming","functions_as_determiner_in_day_s_time_ago",0.00952380952380952
"no_components__equal_features__hamming","functions_as_subject_of_present_participal_of_joining_you",0.00952380952380952
"no_components__equal_features__hamming","Functions_as_subject_of_interrogative_tag",0.00952380952380952
"no_components__equal_features__hamming","functions_as_subject_determiner",0.00952380952380952
"no_components__equal_features__hamming","functions_in_vocative",0.00952380952380952
"no_components__equal_features__hamming","May_coordinate_with_non_fused_determiners",0.00952380952380952
"no_components__equal_features__hamming","must_be_outranked_by_a_coindexed_element",0.00952380952380952
"no_components__equal_features__hamming","takes_predeterminer_modifiers_all_or_both",0.00952380952380952
"no_components__equal_features__hamming","occurs_after_predeterminer_modifiers_fractions",0.00952380952380952
"no_components__equal_features__hamming","occurs_after_predeterminer_modifiers_multipliers",0.00952380952380952
"no_components__equal_features__hamming","ironic_use_of_repetition",0.00952380952380952
"no_components__equal_features__hamming","take_poor_lucky_silly_as_attrib_modifiers",0.00952380952380952
"no_components__equal_features__hamming","takes_adverb_quite_as_a_modifier",0.00952380952380952
"no_components__equal_features__hamming","takes_else_or_more_as_a_post_head_dependent",0.00952380952380952
"no_components__equal_features__hamming","accepts_genitive_apstrophe_s",0.00952380952380952
"no_components__equal_features__hamming","takes_post_head_modifier_the_hell",0.00952380952380952
"no_components__equal_features__jaccard","genitive_case",0.00952380952380952
"no_components__equal_features__jaccard","accusative_case",0.00952380952380952
"no_components__equal_features__jaccard","nominative_case",0.00952380952380952
"no_components__equal_features__jaccard","in_word_formation_e_g_a_many_sided_shape",0.00952380952380952
"no_components__equal_features__jaccard","has_derivationtionally_related_words",0.00952380952380952
"no_components__equal_features__jaccard","has_corresponding_word",0.00952380952380952
"no_components__equal_features__jaccard","compound_word",0.00952380952380952
"no_components__equal_features__jaccard","inflects_for_case",0.00952380952380952
"no_components__equal_features__jaccard","paradigm_has_distinct_acc_form",0.00952380952380952
"no_components__equal_features__jaccard","paradigm_has_genitive_form",0.00952380952380952
"no_components__equal_features__jaccard","paradigm_has_distinct_independent_genitive_form",0.00952380952380952
"no_components__equal_features__jaccard","paradigm_has_distinct_self_form",0.00952380952380952
"no_components__equal_features__jaccard","paradigm_has_comparative_and_superlative_forms",0.00952380952380952
"no_components__equal_features__jaccard","paradigm_has_distinct_plural_form",0.00952380952380952
"no_components__equal_features__jaccard","does_not_inflect",0.00952380952380952
"no_components__equal_features__jaccard","Monmorphemic",0.00952380952380952
"no_components__equal_features__jaccard","Must_be_stressed_as_object_after_particle",0.00952380952380952
"no_components__equal_features__jaccard","Start_with_th",0.00952380952380952
"no_components__equal_features__jaccard","Start_with_hw",0.00952380952380952
"no_components__equal_features__jaccard","anaphoric_marker",0.00952380952380952
"no_components__equal_features__jaccard","deictic_marker",0.00952380952380952
"no_components__equal_features__jaccard","person_deixis",0.00952380952380952
"no_components__equal_features__jaccard","pro_form",0.00952380952380952
"no_components__equal_features__jaccard","personal_gender_as_head_or_fused_head",0.00952380952380952
"no_components__equal_features__jaccard","non_personal_gender",0.00952380952380952
"no_components__equal_features__jaccard","epicene_personal_gender",0.00952380952380952
"no_components__equal_features__jaccard","masculine_gender",0.00952380952380952
"no_components__equal_features__jaccard","feminine_gender",0.00952380952380952
"no_components__equal_features__jaccard","definite",0.00952380952380952
"no_components__equal_features__jaccard","indefinite",0.00952380952380952
"no_components__equal_features__jaccard","existential",0.00952380952380952
"no_components__equal_features__jaccard","universal",0.00952380952380952
"no_components__equal_features__jaccard","free_choice",0.00952380952380952
"no_components__equal_features__jaccard","negative",0.00952380952380952
"no_components__equal_features__jaccard","interrogative",0.00952380952380952
"no_components__equal_features__jaccard","non_affirmative",0.00952380952380952
"no_components__equal_features__jaccard","reflexive",0.00952380952380952
"no_components__equal_features__jaccard","reciprocal",0.00952380952380952
"no_components__equal_features__jaccard","dual",0.00952380952380952
"no_components__equal_features__jaccard","paucal",0.00952380952380952
"no_components__equal_features__jaccard","multal",0.00952380952380952
"no_components__equal_features__jaccard","proportional",0.00952380952380952
"no_components__equal_features__jaccard","semantically_countable",0.00952380952380952
"no_components__equal_features__jaccard","semantically_uncountable",0.00952380952380952
"no_components__equal_features__jaccard","semantically_singular",0.00952380952380952
"no_components__equal_features__jaccard","semantically_plural",0.00952380952380952
"no_components__equal_features__jaccard","distributive",0.00952380952380952
"no_components__equal_features__jaccard","joint",0.00952380952380952
"no_components__equal_features__jaccard","cardinal",0.00952380952380952
"no_components__equal_features__jaccard","disjunctive",0.00952380952380952
"no_components__equal_features__jaccard","degree",0.00952380952380952
"no_components__equal_features__jaccard","sufficiency",0.00952380952380952
"no_components__equal_features__jaccard","temporal",0.00952380952380952
"no_components__equal_features__jaccard","locative",0.00952380952380952
"no_components__equal_features__jaccard","dummy",0.00952380952380952
"no_components__equal_features__jaccard","can_be_followed_by_adjective_such",0.00952380952380952
"no_components__equal_features__jaccard","can_be_modified_by_almost",0.00952380952380952
"no_components__equal_features__jaccard","can_be_modified_by_approximately",0.00952380952380952
"no_components__equal_features__jaccard","can_be_modified_by_at_least",0.00952380952380952
"no_components__equal_features__jaccard","can_be_modified_by_hardly",0.00952380952380952
"no_components__equal_features__jaccard","can_be_modified_by_not",0.00952380952380952
"no_components__equal_features__jaccard","can_be_modified_by_adverb_very",0.00952380952380952
"no_components__equal_features__jaccard","Coordinates_with_independent_genitives",0.00952380952380952
"no_components__equal_features__jaccard","Coordinates_with_dependent_genitives",0.00952380952380952
"no_components__equal_features__jaccard","Coordinates_with_NPs",0.00952380952380952
"no_components__equal_features__jaccard","intensifying_reduplication",0.00952380952380952
"no_components__equal_features__jaccard","selects_singular_heads",0.00952380952380952
"no_components__equal_features__jaccard","selects_count_singular_heads",0.00952380952380952
"no_components__equal_features__jaccard","selects_non_count_heads",0.00952380952380952
"no_components__equal_features__jaccard","selects_plural_heads",0.00952380952380952
"no_components__equal_features__jaccard","compatible_count_sing_NP",0.00952380952380952
"no_components__equal_features__jaccard","compatible_count_plur_NP",0.00952380952380952
"no_components__equal_features__jaccard","compatible_non_count_NP",0.00952380952380952
"no_components__equal_features__jaccard","Forms_universal_pronouns_before_all",0.00952380952380952
"no_components__equal_features__jaccard","functions_as_a_predeterminer_modifier",0.00952380952380952
"no_components__equal_features__jaccard","functions_as_prehead_modifier_in_nominal",0.00952380952380952
"no_components__equal_features__jaccard","functions_as_degree_modifier_in_AdjP",0.00952380952380952
"no_components__equal_features__jaccard","functions_as_predicative_complement",0.00952380952380952
"no_components__equal_features__jaccard","functions_as_predicative_complement_to_seem",0.00952380952380952
"no_components__equal_features__jaccard","functions_as_marker_of_coordination",0.00952380952380952
"no_components__equal_features__jaccard","functions_as_fused_determiner_head",0.00952380952380952
"no_components__equal_features__jaccard","functions_as_head_of_partitive_construction",0.00952380952380952
"no_components__equal_features__jaccard","functions_as_adjunct_in_clause_structure",0.00952380952380952
"no_components__equal_features__jaccard","functions_as_attrib_modifier_in_nominal",0.00952380952380952
"no_components__equal_features__jaccard","appears_in_subject",0.00952380952380952
"no_components__equal_features__jaccard","appears_in_object",0.00952380952380952
"no_components__equal_features__jaccard","functions_as_post_head_modifier_of_it_or_them",0.00952380952380952
"no_components__equal_features__jaccard","functions_as_post_head_modifier_of_N",0.00952380952380952
"no_components__equal_features__jaccard","appears_in_existentials_there_s_on_the_table",0.00952380952380952
"no_components__equal_features__jaccard","functions_as_determiner_in_day_s_time_ago",0.00952380952380952
"no_components__equal_features__jaccard","functions_as_subject_of_present_participal_of_joining_you",0.00952380952380952
"no_components__equal_features__jaccard","Functions_as_subject_of_interrogative_tag",0.00952380952380952
"no_components__equal_features__jaccard","functions_as_subject_determiner",0.00952380952380952
"no_components__equal_features__jaccard","functions_in_vocative",0.00952380952380952
"no_components__equal_features__jaccard","May_coordinate_with_non_fused_determiners",0.00952380952380952
"no_components__equal_features__jaccard","must_be_outranked_by_a_coindexed_element",0.00952380952380952
"no_components__equal_features__jaccard","takes_predeterminer_modifiers_all_or_both",0.00952380952380952
"no_components__equal_features__jaccard","occurs_after_predeterminer_modifiers_fractions",0.00952380952380952
"no_components__equal_features__jaccard","occurs_after_predeterminer_modifiers_multipliers",0.00952380952380952
"no_components__equal_features__jaccard","ironic_use_of_repetition",0.00952380952380952
"no_components__equal_features__jaccard","take_poor_lucky_silly_as_attrib_modifiers",0.00952380952380952
"no_components__equal_features__jaccard","takes_adverb_quite_as_a_modifier",0.00952380952380952
"no_components__equal_features__jaccard","takes_else_or_more_as_a_post_head_dependent",0.00952380952380952
"no_components__equal_features__jaccard","accepts_genitive_apstrophe_s",0.00952380952380952
"no_components__equal_features__jaccard","takes_post_head_modifier_the_hell",0.00952380952380952
"no_components__equal_domains__sqrt_hamming","genitive_case",0.015625
"no_components__equal_domains__sqrt_hamming","accusative_case",0.015625
"no_components__equal_domains__sqrt_hamming","nominative_case",0.015625
"no_components__equal_domains__sqrt_hamming","in_word_formation_e_g_a_many_sided_shape",0.015625
"no_components__equal_domains__sqrt_hamming","has_derivationtionally_related_words",0.015625
"no_components__equal_domains__sqrt_hamming","has_corresponding_word",0.015625
"no_components__equal_domains__sqrt_hamming","compound_word",0.015625
"no_components__equal_domains__sqrt_hamming","inflects_for_case",0.015625
"no_components__equal_domains__sqrt_hamming","paradigm_has_distinct_acc_form",0.015625
"no_components__equal_domains__sqrt_hamming","paradigm_has_genitive_form",0.015625
"no_components__equal_domains__sqrt_hamming","paradigm_has_distinct_independent_genitive_form",0.015625
"no_components__equal_domains__sqrt_hamming","paradigm_has_distinct_self_form",0.015625
"no_components__equal_domains__sqrt_hamming","paradigm_has_comparative_and_superlative_forms",0.015625
"no_components__equal_domains__sqrt_hamming","paradigm_has_distinct_plural_form",0.015625
"no_components__equal_domains__sqrt_hamming","does_not_inflect",0.015625
"no_components__equal_domains__sqrt_hamming","Monmorphemic",0.015625
"no_components__equal_domains__sqrt_hamming","Must_be_stressed_as_object_after_particle",0.0833333333333334
"no_components__equal_domains__sqrt_hamming","Start_with_th",0.0833333333333334
"no_components__equal_domains__sqrt_hamming","Start_with_hw",0.0833333333333334
"no_components__equal_domains__sqrt_hamming","anaphoric_marker",0.00694444444444445
"no_components__equal_domains__sqrt_hamming","deictic_marker",0.00694444444444445
"no_components__equal_domains__sqrt_hamming","person_deixis",0.00694444444444445
"no_components__equal_domains__sqrt_hamming","pro_form",0.00694444444444445
"no_components__equal_domains__sqrt_hamming","personal_gender_as_head_or_fused_head",0.00694444444444445
"no_components__equal_domains__sqrt_hamming","non_personal_gender",0.00694444444444445
"no_components__equal_domains__sqrt_hamming","epicene_personal_gender",0.00694444444444445
"no_components__equal_domains__sqrt_hamming","masculine_gender",0.00694444444444445
"no_components__equal_domains__sqrt_hamming","feminine_gender",0.00694444444444445
"no_components__equal_domains__sqrt_hamming","definite",0.00694444444444445
"no_components__equal_domains__sqrt_hamming","indefinite",0.00694444444444445
"no_components__equal_domains__sqrt_hamming","existential",0.00694444444444445
"no_components__equal_domains__sqrt_hamming","universal",0.00694444444444445
"no_components__equal_domains__sqrt_hamming","free_choice",0.00694444444444445
"no_components__equal_domains__sqrt_hamming","negative",0.00694444444444445
"no_components__equal_domains__sqrt_hamming","interrogative",0.00694444444444445
"no_components__equal_domains__sqrt_hamming","non_affirmative",0.00694444444444445
"no_components__equal_domains__sqrt_hamming","reflexive",0.00694444444444445
"no_components__equal_domains__sqrt_hamming","reciprocal",0.00694444444444445
"no_components__equal_domains__sqrt_hamming","dual",0.00694444444444445
"no_components__equal_domains__sqrt_hamming","paucal",0.00694444444444445
"no_components__equal_domains__sqrt_hamming","multal",0.00694444444444445
"no_components__equal_domains__sqrt_hamming","proportional",0.00694444444444445
"no_components__equal_domains__sqrt_hamming","semantically_countable",0.00694444444444445
"no_components__equal_domains__sqrt_hamming","semantically_uncountable",0.00694444444444445
"no_components__equal_domains__sqrt_hamming","semantically_singular",0.00694444444444445
"no_components__equal_domains__sqrt_hamming","semantically_plural",0.00694444444444445
"no_components__equal_domains__sqrt_hamming","distributive",0.00694444444444445
"no_components__equal_domains__sqrt_hamming","joint",0.00694444444444445
"no_components__equal_domains__sqrt_hamming","cardinal",0.00694444444444445
"no_components__equal_domains__sqrt_hamming","disjunctive",0.00694444444444445
"no_components__equal_domains__sqrt_hamming","degree",0.00694444444444445
"no_components__equal_domains__sqrt_hamming","sufficiency",0.00694444444444445
"no_components__equal_domains__sqrt_hamming","temporal",0.00694444444444445
"no_components__equal_domains__sqrt_hamming","locative",0.00694444444444445
"no_components__equal_domains__sqrt_hamming","dummy",0.00694444444444445
"no_components__equal_domains__sqrt_hamming","can_be_followed_by_adjective_such",0.005
"no_components__equal_domains__sqrt_hamming","can_be_modified_by_almost",0.005
"no_components__equal_domains__sqrt_hamming","can_be_modified_by_approximately",0.005
"no_components__equal_domains__sqrt_hamming","can_be_modified_by_at_least",0.005
"no_components__equal_domains__sqrt_hamming","can_be_modified_by_hardly",0.005
"no_components__equal_domains__sqrt_hamming","can_be_modified_by_not",0.005
"no_components__equal_domains__sqrt_hamming","can_be_modified_by_adverb_very",0.005
"no_components__equal_domains__sqrt_hamming","Coordinates_with_independent_genitives",0.005
"no_components__equal_domains__sqrt_hamming","Coordinates_with_dependent_genitives",0.005
"no_components__equal_domains__sqrt_hamming","Coordinates_with_NPs",0.005
"no_components__equal_domains__sqrt_hamming","intensifying_reduplication",0.005
"no_components__equal_domains__sqrt_hamming","selects_singular_heads",0.005
"no_components__equal_domains__sqrt_hamming","selects_count_singular_heads",0.005
"no_components__equal_domains__sqrt_hamming","selects_non_count_heads",0.005
"no_components__equal_domains__sqrt_hamming","selects_plural_heads",0.005
"no_components__equal_domains__sqrt_hamming","compatible_count_sing_NP",0.005
"no_components__equal_domains__sqrt_hamming","compatible_count_plur_NP",0.005
"no_components__equal_domains__sqrt_hamming","compatible_non_count_NP",0.005
"no_components__equal_domains__sqrt_hamming","Forms_universal_pronouns_before_all",0.005
"no_components__equal_domains__sqrt_hamming","functions_as_a_predeterminer_modifier",0.005
"no_components__equal_domains__sqrt_hamming","functions_as_prehead_modifier_in_nominal",0.005
"no_components__equal_domains__sqrt_hamming","functions_as_degree_modifier_in_AdjP",0.005
"no_components__equal_domains__sqrt_hamming","functions_as_predicative_complement",0.005
"no_components__equal_domains__sqrt_hamming","functions_as_predicative_complement_to_seem",0.005
"no_components__equal_domains__sqrt_hamming","functions_as_marker_of_coordination",0.005
"no_components__equal_domains__sqrt_hamming","functions_as_fused_determiner_head",0.005
"no_components__equal_domains__sqrt_hamming","functions_as_head_of_partitive_construction",0.005
"no_components__equal_domains__sqrt_hamming","functions_as_adjunct_in_clause_structure",0.005
"no_components__equal_domains__sqrt_hamming","functions_as_attrib_modifier_in_nominal",0.005
"no_components__equal_domains__sqrt_hamming","appears_in_subject",0.005
"no_components__equal_domains__sqrt_hamming","appears_in_object",0.005
"no_components__equal_domains__sqrt_hamming","functions_as_post_head_modifier_of_it_or_them",0.005
"no_components__equal_domains__sqrt_hamming","functions_as_post_head_modifier_of_N",0.005
"no_components__equal_domains__sqrt_hamming","appears_in_existentials_there_s_on_the_table",0.005
"no_components__equal_domains__sqrt_hamming","functions_as_determiner_in_day_s_time_ago",0.005
"no_components__equal_domains__sqrt_hamming","functions_as_subject_of_present_participal_of_joining_you",0.005
"no_components__equal_domains__sqrt_hamming","Functions_as_subject_of_interrogative_tag",0.005
"no_components__equal_domains__sqrt_hamming","functions_as_subject_determiner",0.005
"no_components__equal_domains__sqrt_hamming","functions_in_vocative",0.005
"no_components__equal_domains__sqrt_hamming","May_coordinate_with_non_fused_determiners",0.005
"no_components__equal_domains__sqrt_hamming","must_be_outranked_by_a_coindexed_element",0.005
"no_components__equal_domains__sqrt_hamming","takes_predeterminer_modifiers_all_or_both",0.005
"no_components__equal_domains__sqrt_hamming","occurs_after_predeterminer_modifiers_fractions",0.005
"no_components__equal_domains__sqrt_hamming","occurs_after_predeterminer_modifiers_multipliers",0.005
"no_components__equal_domains__sqrt_hamming","ironic_use_of_repetition",0.005
"no_components__equal_domains__sqrt_hamming","take_poor_lucky_silly_as_attrib_modifiers",0.005
"no_components__equal_domains__sqrt_hamming","takes_adverb_quite_as_a_modifier",0.005
"no_components__equal_domains__sqrt_hamming","takes_else_or_more_as_a_post_head_dependent",0.005
"no_components__equal_domains__sqrt_hamming","accepts_genitive_apstrophe_s",0.005
"no_components__equal_domains__sqrt_hamming","takes_post_head_modifier_the_hell",0.005
"no_components__equal_domains__hamming","genitive_case",0.015625
"no_components__equal_domains__hamming","accusative_case",0.015625
"no_components__equal_domains__hamming","nominative_case",0.015625
"no_components__equal_domains__hamming","in_word_formation_e_g_a_many_sided_shape",0.015625
"no_components__equal_domains__hamming","has_derivationtionally_related_words",0.015625
"no_components__equal_domains__hamming","has_corresponding_word",0.015625
"no_components__equal_domains__hamming","compound_word",0.015625
"no_components__equal_domains__hamming","inflects_for_case",0.015625
"no_components__equal_domains__hamming","paradigm_has_distinct_acc_form",0.015625
"no_components__equal_domains__hamming","paradigm_has_genitive_form",0.015625
"no_components__equal_domains__hamming","paradigm_has_distinct_independent_genitive_form",0.015625
"no_components__equal_domains__hamming","paradigm_has_distinct_self_form",0.015625
"no_components__equal_domains__hamming","paradigm_has_comparative_and_superlative_forms",0.015625
"no_components__equal_domains__hamming","paradigm_has_distinct_plural_form",0.015625
"no_components__equal_domains__hamming","does_not_inflect",0.015625
"no_components__equal_domains__hamming","Monmorphemic",0.015625
"no_components__equal_domains__hamming","Must_be_stressed_as_object_after_particle",0.0833333333333334
"no_components__equal_domains__hamming","Start_with_th",0.0833333333333334
"no_components__equal_domains__hamming","Start_with_hw",0.0833333333333334
"no_components__equal_domains__hamming","anaphoric_marker",0.00694444444444445
"no_components__equal_domains__hamming","deictic_marker",0.00694444444444445
"no_components__equal_domains__hamming","person_deixis",0.00694444444444445
"no_components__equal_domains__hamming","pro_form",0.00694444444444445
"no_components__equal_domains__hamming","personal_gender_as_head_or_fused_head",0.00694444444444445
"no_components__equal_domains__hamming","non_personal_gender",0.00694444444444445
"no_components__equal_domains__hamming","epicene_personal_gender",0.00694444444444445
"no_components__equal_domains__hamming","masculine_gender",0.00694444444444445
"no_components__equal_domains__hamming","feminine_gender",0.00694444444444445
"no_components__equal_domains__hamming","definite",0.00694444444444445
"no_components__equal_domains__hamming","indefinite",0.00694444444444445
"no_components__equal_domains__hamming","existential",0.00694444444444445
"no_components__equal_domains__hamming","universal",0.00694444444444445
"no_components__equal_domains__hamming","free_choice",0.00694444444444445
"no_components__equal_domains__hamming","negative",0.00694444444444445
"no_components__equal_domains__hamming","interrogative",0.00694444444444445
"no_components__equal_domains__hamming","non_affirmative",0.00694444444444445
"no_components__equal_domains__hamming","reflexive",0.00694444444444445
"no_components__equal_domains__hamming","reciprocal",0.00694444444444445
"no_components__equal_domains__hamming","dual",0.00694444444444445
"no_components__equal_domains__hamming","paucal",0.00694444444444445
"no_components__equal_domains__hamming","multal",0.00694444444444445
"no_components__equal_domains__hamming","proportional",0.00694444444444445
"no_components__equal_domains__hamming","semantically_countable",0.00694444444444445
"no_components__equal_domains__hamming","semantically_uncountable",0.00694444444444445
"no_components__equal_domains__hamming","semantically_singular",0.00694444444444445
"no_components__equal_domains__hamming","semantically_plural",0.00694444444444445
"no_components__equal_domains__hamming","distributive",0.00694444444444445
"no_components__equal_domains__hamming","joint",0.00694444444444445
"no_components__equal_domains__hamming","cardinal",0.00694444444444445
"no_components__equal_domains__hamming","disjunctive",0.00694444444444445
"no_components__equal_domains__hamming","degree",0.00694444444444445
"no_components__equal_domains__hamming","sufficiency",0.00694444444444445
"no_components__equal_domains__hamming","temporal",0.00694444444444445
"no_components__equal_domains__hamming","locative",0.00694444444444445
"no_components__equal_domains__hamming","dummy",0.00694444444444445
"no_components__equal_domains__hamming","can_be_followed_by_adjective_such",0.005
"no_components__equal_domains__hamming","can_be_modified_by_almost",0.005
"no_components__equal_domains__hamming","can_be_modified_by_approximately",0.005
"no_components__equal_domains__hamming","can_be_modified_by_at_least",0.005
"no_components__equal_domains__hamming","can_be_modified_by_hardly",0.005
"no_components__equal_domains__hamming","can_be_modified_by_not",0.005
"no_components__equal_domains__hamming","can_be_modified_by_adverb_very",0.005
"no_components__equal_domains__hamming","Coordinates_with_independent_genitives",0.005
"no_components__equal_domains__hamming","Coordinates_with_dependent_genitives",0.005
"no_components__equal_domains__hamming","Coordinates_with_NPs",0.005
"no_components__equal_domains__hamming","intensifying_reduplication",0.005
"no_components__equal_domains__hamming","selects_singular_heads",0.005
"no_components__equal_domains__hamming","selects_count_singular_heads",0.005
"no_components__equal_domains__hamming","selects_non_count_heads",0.005
"no_components__equal_domains__hamming","selects_plural_heads",0.005
"no_components__equal_domains__hamming","compatible_count_sing_NP",0.005
"no_components__equal_domains__hamming","compatible_count_plur_NP",0.005
"no_components__equal_domains__hamming","compatible_non_count_NP",0.005
"no_components__equal_domains__hamming","Forms_universal_pronouns_before_all",0.005
"no_components__equal_domains__hamming","functions_as_a_predeterminer_modifier",0.005
"no_components__equal_domains__hamming","functions_as_prehead_modifier_in_nominal",0.005
"no_components__equal_domains__hamming","functions_as_degree_modifier_in_AdjP",0.005
"no_components__equal_domains__hamming","functions_as_predicative_complement",0.005
"no_components__equal_domains__hamming","functions_as_predicative_complement_to_seem",0.005
"no_components__equal_domains__hamming","functions_as_marker_of_coordination",0.005
"no_components__equal_domains__hamming","functions_as_fused_determiner_head",0.005
"no_components__equal_domains__hamming","functions_as_head_of_partitive_construction",0.005
"no_components__equal_domains__hamming","functions_as_adjunct_in_clause_structure",0.005
"no_components__equal_domains__hamming","functions_as_attrib_modifier_in_nominal",0.005
"no_components__equal_domains__hamming","appears_in_subject",0.005
"no_components__equal_domains__hamming","appears_in_object",0.005
"no_components__equal_domains__hamming","functions_as_post_head_modifier_of_it_or_them",0.005
"no_components__equal_domains__hamming","functions_as_post_head_modifier_of_N",0.005
"no_components__equal_domains__hamming","appears_in_existentials_there_s_on_the_table",0.005
"no_components__equal_domains__hamming","functions_as_determiner_in_day_s_time_ago",0.005
"no_components__equal_domains__hamming","functions_as_subject_of_present_participal_of_joining_you",0.005
"no_components__equal_domains__hamming","Functions_as_subject_of_interrogative_tag",0.005
"no_components__equal_domains__hamming","functions_as_subject_determiner",0.005
"no_components__equal_domains__hamming","functions_in_vocative",0.005
"no_components__equal_domains__hamming","May_coordinate_with_non_fused_determiners",0.005
"no_components__equal_domains__hamming","must_be_outranked_by_a_coindexed_element",0.005
"no_components__equal_domains__hamming","takes_predeterminer_modifiers_all_or_both",0.005
"no_components__equal_domains__hamming","occurs_after_predeterminer_modifiers_fractions",0.005
"no_components__equal_domains__hamming","occurs_after_predeterminer_modifiers_multipliers",0.005
"no_components__equal_domains__hamming","ironic_use_of_repetition",0.005
"no_components__equal_domains__hamming","take_poor_lucky_silly_as_attrib_modifiers",0.005
"no_components__equal_domains__hamming","takes_adverb_quite_as_a_modifier",0.005
"no_components__equal_domains__hamming","takes_else_or_more_as_a_post_head_dependent",0.005
"no_components__equal_domains__hamming","accepts_genitive_apstrophe_s",0.005
"no_components__equal_domains__hamming","takes_post_head_modifier_the_hell",0.005
"no_components__equal_domains__jaccard","genitive_case",0.015625
"no_components__equal_domains__jaccard","accusative_case",0.015625
"no_components__equal_domains__jaccard","nominative_case",0.015625
"no_components__equal_domains__jaccard","in_word_formation_e_g_a_many_sided_shape",0.015625
"no_components__equal_domains__jaccard","has_derivationtionally_related_words",0.015625
"no_components__equal_domains__jaccard","has_corresponding_word",0.015625
"no_components__equal_domains__jaccard","compound_word",0.015625
"no_components__equal_domains__jaccard","inflects_for_case",0.015625
"no_components__equal_domains__jaccard","paradigm_has_distinct_acc_form",0.015625
"no_components__equal_domains__jaccard","paradigm_has_genitive_form",0.015625
"no_components__equal_domains__jaccard","paradigm_has_distinct_independent_genitive_form",0.015625
"no_components__equal_domains__jaccard","paradigm_has_distinct_self_form",0.015625
"no_components__equal_domains__jaccard","paradigm_has_comparative_and_superlative_forms",0.015625
"no_components__equal_domains__jaccard","paradigm_has_distinct_plural_form",0.015625
"no_components__equal_domains__jaccard","does_not_inflect",0.015625
"no_components__equal_domains__jaccard","Monmorphemic",0.015625
"no_components__equal_domains__jaccard","Must_be_stressed_as_object_after_particle",0.0833333333333334
"no_components__equal_domains__jaccard","Start_with_th",0.0833333333333334
"no_components__equal_domains__jaccard","Start_with_hw",0.0833333333333334
"no_components__equal_domains__jaccard","anaphoric_marker",0.00694444444444445
"no_components__equal_domains__jaccard","deictic_marker",0.00694444444444445
"no_components__equal_domains__jaccard","person_deixis",0.00694444444444445
"no_components__equal_domains__jaccard","pro_form",0.00694444444444445
"no_components__equal_domains__jaccard","personal_gender_as_head_or_fused_head",0.00694444444444445
"no_components__equal_domains__jaccard","non_personal_gender",0.00694444444444445
"no_components__equal_domains__jaccard","epicene_personal_gender",0.00694444444444445
"no_components__equal_domains__jaccard","masculine_gender",0.00694444444444445
"no_components__equal_domains__jaccard","feminine_gender",0.00694444444444445
"no_components__equal_domains__jaccard","definite",0.00694444444444445
"no_components__equal_domains__jaccard","indefinite",0.00694444444444445
"no_components__equal_domains__jaccard","existential",0.00694444444444445
"no_components__equal_domains__jaccard","universal",0.00694444444444445
"no_components__equal_domains__jaccard","free_choice",0.00694444444444445
"no_components__equal_domains__jaccard","negative",0.00694444444444445
"no_components__equal_domains__jaccard","interrogative",0.00694444444444445
"no_components__equal_domains__jaccard","non_affirmative",0.00694444444444445
"no_components__equal_domains__jaccard","reflexive",0.00694444444444445
"no_components__equal_domains__jaccard","reciprocal",0.00694444444444445
"no_components__equal_domains__jaccard","dual",0.00694444444444445
"no_components__equal_domains__jaccard","paucal",0.00694444444444445
"no_components__equal_domains__jaccard","multal",0.00694444444444445
"no_components__equal_domains__jaccard","proportional",0.00694444444444445
"no_components__equal_domains__jaccard","semantically_countable",0.00694444444444445
"no_components__equal_domains__jaccard","semantically_uncountable",0.00694444444444445
"no_components__equal_domains__jaccard","semantically_singular",0.00694444444444445
"no_components__equal_domains__jaccard","semantically_plural",0.00694444444444445
"no_components__equal_domains__jaccard","distributive",0.00694444444444445
"no_components__equal_domains__jaccard","joint",0.00694444444444445
"no_components__equal_domains__jaccard","cardinal",0.00694444444444445
"no_components__equal_domains__jaccard","disjunctive",0.00694444444444445
"no_components__equal_domains__jaccard","degree",0.00694444444444445
"no_components__equal_domains__jaccard","sufficiency",0.00694444444444445
"no_components__equal_domains__jaccard","temporal",0.00694444444444445
"no_components__equal_domains__jaccard","locative",0.00694444444444445
"no_components__equal_domains__jaccard","dummy",0.00694444444444445
"no_components__equal_domains__jaccard","can_be_followed_by_adjective_such",0.005
"no_components__equal_domains__jaccard","can_be_modified_by_almost",0.005
"no_components__equal_domains__jaccard","can_be_modified_by_approximately",0.005
"no_components__equal_domains__jaccard","can_be_modified_by_at_least",0.005
"no_components__equal_domains__jaccard","can_be_modified_by_hardly",0.005
"no_components__equal_domains__jaccard","can_be_modified_by_not",0.005
"no_components__equal_domains__jaccard","can_be_modified_by_adverb_very",0.005
"no_components__equal_domains__jaccard","Coordinates_with_independent_genitives",0.005
"no_components__equal_domains__jaccard","Coordinates_with_dependent_genitives",0.005
"no_components__equal_domains__jaccard","Coordinates_with_NPs",0.005
"no_components__equal_domains__jaccard","intensifying_reduplication",0.005
"no_components__equal_domains__jaccard","selects_singular_heads",0.005
"no_components__equal_domains__jaccard","selects_count_singular_heads",0.005
"no_components__equal_domains__jaccard","selects_non_count_heads",0.005
"no_components__equal_domains__jaccard","selects_plural_heads",0.005
"no_components__equal_domains__jaccard","compatible_count_sing_NP",0.005
"no_components__equal_domains__jaccard","compatible_count_plur_NP",0.005
"no_components__equal_domains__jaccard","compatible_non_count_NP",0.005
"no_components__equal_domains__jaccard","Forms_universal_pronouns_before_all",0.005
"no_components__equal_domains__jaccard","functions_as_a_predeterminer_modifier",0.005
"no_components__equal_domains__jaccard","functions_as_prehead_modifier_in_nominal",0.005
"no_components__equal_domains__jaccard","functions_as_degree_modifier_in_AdjP",0.005
"no_components__equal_domains__jaccard","functions_as_predicative_complement",0.005
"no_components__equal_domains__jaccard","functions_as_predicative_complement_to_seem",0.005
"no_components__equal_domains__jaccard","functions_as_marker_of_coordination",0.005
"no_components__equal_domains__jaccard","functions_as_fused_determiner_head",0.005
"no_components__equal_domains__jaccard","functions_as_head_of_partitive_construction",0.005
"no_components__equal_domains__jaccard","functions_as_adjunct_in_clause_structure",0.005
"no_components__equal_domains__jaccard","functions_as_attrib_modifier_in_nominal",0.005
"no_components__equal_domains__jaccard","appears_in_subject",0.005
"no_components__equal_domains__jaccard","appears_in_object",0.005
"no_components__equal_domains__jaccard","functions_as_post_head_modifier_of_it_or_them",0.005
"no_components__equal_domains__jaccard","functions_as_post_head_modifier_of_N",0.005
"no_components__equal_domains__jaccard","appears_in_existentials_there_s_on_the_table",0.005
"no_components__equal_domains__jaccard","functions_as_determiner_in_day_s_time_ago",0.005
"no_components__equal_domains__jaccard","functions_as_subject_of_present_participal_of_joining_you",0.005
"no_components__equal_domains__jaccard","Functions_as_subject_of_interrogative_tag",0.005
"no_components__equal_domains__jaccard","functions_as_subject_determiner",0.005
"no_components__equal_domains__jaccard","functions_in_vocative",0.005
"no_components__equal_domains__jaccard","May_coordinate_with_non_fused_determiners",0.005
"no_components__equal_domains__jaccard","must_be_outranked_by_a_coindexed_element",0.005
"no_components__equal_domains__jaccard","takes_predeterminer_modifiers_all_or_both",0.005
"no_components__equal_domains__jaccard","occurs_after_predeterminer_modifiers_fractions",0.005
"no_components__equal_domains__jaccard","occurs_after_predeterminer_modifiers_multipliers",0.005
"no_components__equal_domains__jaccard","ironic_use_of_repetition",0.005
"no_components__equal_domains__jaccard","take_poor_lucky_silly_as_attrib_modifiers",0.005
"no_components__equal_domains__jaccard","takes_adverb_quite_as_a_modifier",0.005
"no_components__equal_domains__jaccard","takes_else_or_more_as_a_post_head_dependent",0.005
"no_components__equal_domains__jaccard","accepts_genitive_apstrophe_s",0.005
"no_components__equal_domains__jaccard","takes_post_head_modifier_the_hell",0.005
"no_components__unique_profiles__sqrt_hamming","genitive_case",0.00961538461538462
"no_components__unique_profiles__sqrt_hamming","accusative_case",0.00961538461538462
"no_components__unique_profiles__sqrt_hamming","nominative_case",0.00961538461538462
"no_components__unique_profiles__sqrt_hamming","in_word_formation_e_g_a_many_sided_shape",0.00961538461538462
"no_components__unique_profiles__sqrt_hamming","has_derivationtionally_related_words",0.00961538461538462
"no_components__unique_profiles__sqrt_hamming","has_corresponding_word",0.00961538461538462
"no_components__unique_profiles__sqrt_hamming","compound_word",0.00961538461538462
"no_components__unique_profiles__sqrt_hamming","inflects_for_case",0.00961538461538462
"no_components__unique_profiles__sqrt_hamming","paradigm_has_distinct_acc_form",0.00961538461538462
"no_components__unique_profiles__sqrt_hamming","paradigm_has_genitive_form",0.00961538461538462
"no_components__unique_profiles__sqrt_hamming","paradigm_has_distinct_independent_genitive_form",0.00961538461538462
"no_components__unique_profiles__sqrt_hamming","paradigm_has_distinct_self_form",0.00961538461538462
"no_components__unique_profiles__sqrt_hamming","paradigm_has_comparative_and_superlative_forms",0.00480769230769231
"no_components__unique_profiles__sqrt_hamming","paradigm_has_distinct_plural_form",0.00961538461538462
"no_components__unique_profiles__sqrt_hamming","does_not_inflect",0.00961538461538462
"no_components__unique_profiles__sqrt_hamming","Monmorphemic",0.00961538461538462
"no_components__unique_profiles__sqrt_hamming","Must_be_stressed_as_object_after_particle",0.00961538461538462
"no_components__unique_profiles__sqrt_hamming","Start_with_th",0.00961538461538462
"no_components__unique_profiles__sqrt_hamming","Start_with_hw",0.00961538461538462
"no_components__unique_profiles__sqrt_hamming","anaphoric_marker",0.00961538461538462
"no_components__unique_profiles__sqrt_hamming","deictic_marker",0.00961538461538462
"no_components__unique_profiles__sqrt_hamming","person_deixis",0.00961538461538462
"no_components__unique_profiles__sqrt_hamming","pro_form",0.00961538461538462
"no_components__unique_profiles__sqrt_hamming","personal_gender_as_head_or_fused_head",0.00961538461538462
"no_components__unique_profiles__sqrt_hamming","non_personal_gender",0.00961538461538462
"no_components__unique_profiles__sqrt_hamming","epicene_personal_gender",0.00961538461538462
"no_components__unique_profiles__sqrt_hamming","masculine_gender",0.00961538461538462
"no_components__unique_profiles__sqrt_hamming","feminine_gender",0.00961538461538462
"no_components__unique_profiles__sqrt_hamming","definite",0.00961538461538462
"no_components__unique_profiles__sqrt_hamming","indefinite",0.00961538461538462
"no_components__unique_profiles__sqrt_hamming","existential",0.00961538461538462
"no_components__unique_profiles__sqrt_hamming","universal",0.00961538461538462
"no_components__unique_profiles__sqrt_hamming","free_choice",0.00961538461538462
"no_components__unique_profiles__sqrt_hamming","negative",0.00961538461538462
"no_components__unique_profiles__sqrt_hamming","interrogative",0.00961538461538462
"no_components__unique_profiles__sqrt_hamming","non_affirmative",0.00961538461538462
"no_components__unique_profiles__sqrt_hamming","reflexive",0.00961538461538462
"no_components__unique_profiles__sqrt_hamming","reciprocal",0.00961538461538462
"no_components__unique_profiles__sqrt_hamming","dual",0.00961538461538462
"no_components__unique_profiles__sqrt_hamming","paucal",0.00961538461538462
"no_components__unique_profiles__sqrt_hamming","multal",0.00961538461538462
"no_components__unique_profiles__sqrt_hamming","proportional",0.00961538461538462
"no_components__unique_profiles__sqrt_hamming","semantically_countable",0.00961538461538462
"no_components__unique_profiles__sqrt_hamming","semantically_uncountable",0.00961538461538462
"no_components__unique_profiles__sqrt_hamming","semantically_singular",0.00961538461538462
"no_components__unique_profiles__sqrt_hamming","semantically_plural",0.00961538461538462
"no_components__unique_profiles__sqrt_hamming","distributive",0.00961538461538462
"no_components__unique_profiles__sqrt_hamming","joint",0.00961538461538462
"no_components__unique_profiles__sqrt_hamming","cardinal",0.00961538461538462
"no_components__unique_profiles__sqrt_hamming","disjunctive",0.00961538461538462
"no_components__unique_profiles__sqrt_hamming","degree",0.00480769230769231
"no_components__unique_profiles__sqrt_hamming","sufficiency",0.00961538461538462
"no_components__unique_profiles__sqrt_hamming","temporal",0.00961538461538462
"no_components__unique_profiles__sqrt_hamming","locative",0.00961538461538462
"no_components__unique_profiles__sqrt_hamming","dummy",0.00961538461538462
"no_components__unique_profiles__sqrt_hamming","can_be_followed_by_adjective_such",0.00961538461538462
"no_components__unique_profiles__sqrt_hamming","can_be_modified_by_almost",0.00961538461538462
"no_components__unique_profiles__sqrt_hamming","can_be_modified_by_approximately",0.00961538461538462
"no_components__unique_profiles__sqrt_hamming","can_be_modified_by_at_least",0.00961538461538462
"no_components__unique_profiles__sqrt_hamming","can_be_modified_by_hardly",0.00961538461538462
"no_components__unique_profiles__sqrt_hamming","can_be_modified_by_not",0.00961538461538462
"no_components__unique_profiles__sqrt_hamming","can_be_modified_by_adverb_very",0.00961538461538462
"no_components__unique_profiles__sqrt_hamming","Coordinates_with_independent_genitives",0.00961538461538462
"no_components__unique_profiles__sqrt_hamming","Coordinates_with_dependent_genitives",0.00961538461538462
"no_components__unique_profiles__sqrt_hamming","Coordinates_with_NPs",0.00961538461538462
"no_components__unique_profiles__sqrt_hamming","intensifying_reduplication",0.00961538461538462
"no_components__unique_profiles__sqrt_hamming","selects_singular_heads",0.00961538461538462
"no_components__unique_profiles__sqrt_hamming","selects_count_singular_heads",0.00961538461538462
"no_components__unique_profiles__sqrt_hamming","selects_non_count_heads",0.00961538461538462
"no_components__unique_profiles__sqrt_hamming","selects_plural_heads",0.00961538461538462
"no_components__unique_profiles__sqrt_hamming","compatible_count_sing_NP",0.00961538461538462
"no_components__unique_profiles__sqrt_hamming","compatible_count_plur_NP",0.00961538461538462
"no_components__unique_profiles__sqrt_hamming","compatible_non_count_NP",0.00961538461538462
"no_components__unique_profiles__sqrt_hamming","Forms_universal_pronouns_before_all",0.00961538461538462
"no_components__unique_profiles__sqrt_hamming","functions_as_a_predeterminer_modifier",0.00961538461538462
"no_components__unique_profiles__sqrt_hamming","functions_as_prehead_modifier_in_nominal",0.00961538461538462
"no_components__unique_profiles__sqrt_hamming","functions_as_degree_modifier_in_AdjP",0.00961538461538462
"no_components__unique_profiles__sqrt_hamming","functions_as_predicative_complement",0.00961538461538462
"no_components__unique_profiles__sqrt_hamming","functions_as_predicative_complement_to_seem",0.00961538461538462
"no_components__unique_profiles__sqrt_hamming","functions_as_marker_of_coordination",0.00961538461538462
"no_components__unique_profiles__sqrt_hamming","functions_as_fused_determiner_head",0.00961538461538462
"no_components__unique_profiles__sqrt_hamming","functions_as_head_of_partitive_construction",0.00961538461538462
"no_components__unique_profiles__sqrt_hamming","functions_as_adjunct_in_clause_structure",0.00961538461538462
"no_components__unique_profiles__sqrt_hamming","functions_as_attrib_modifier_in_nominal",0.00961538461538462
"no_components__unique_profiles__sqrt_hamming","appears_in_subject",0.00961538461538462
"no_components__unique_profiles__sqrt_hamming","appears_in_object",0.00961538461538462
"no_components__unique_profiles__sqrt_hamming","functions_as_post_head_modifier_of_it_or_them",0.00961538461538462
"no_components__unique_profiles__sqrt_hamming","functions_as_post_head_modifier_of_N",0.00961538461538462
"no_components__unique_profiles__sqrt_hamming","appears_in_existentials_there_s_on_the_table",0.00961538461538462
"no_components__unique_profiles__sqrt_hamming","functions_as_determiner_in_day_s_time_ago",0.00961538461538462
"no_components__unique_profiles__sqrt_hamming","functions_as_subject_of_present_participal_of_joining_you",0.00961538461538462
"no_components__unique_profiles__sqrt_hamming","Functions_as_subject_of_interrogative_tag",0.00961538461538462
"no_components__unique_profiles__sqrt_hamming","functions_as_subject_determiner",0.00961538461538462
"no_components__unique_profiles__sqrt_hamming","functions_in_vocative",0.00961538461538462
"no_components__unique_profiles__sqrt_hamming","May_coordinate_with_non_fused_determiners",0.00961538461538462
"no_components__unique_profiles__sqrt_hamming","must_be_outranked_by_a_coindexed_element",0.00961538461538462
"no_components__unique_profiles__sqrt_hamming","takes_predeterminer_modifiers_all_or_both",0.00961538461538462
"no_components__unique_profiles__sqrt_hamming","occurs_after_predeterminer_modifiers_fractions",0.00961538461538462
"no_components__unique_profiles__sqrt_hamming","occurs_after_predeterminer_modifiers_multipliers",0.00961538461538462
"no_components__unique_profiles__sqrt_hamming","ironic_use_of_repetition",0.00961538461538462
"no_components__unique_profiles__sqrt_hamming","take_poor_lucky_silly_as_attrib_modifiers",0.00961538461538462
"no_components__unique_profiles__sqrt_hamming","takes_adverb_quite_as_a_modifier",0.00961538461538462
"no_components__unique_profiles__sqrt_hamming","takes_else_or_more_as_a_post_head_dependent",0.00961538461538462
"no_components__unique_profiles__sqrt_hamming","accepts_genitive_apstrophe_s",0.00961538461538462
"no_components__unique_profiles__sqrt_hamming","takes_post_head_modifier_the_hell",0.00961538461538462
"no_components__unique_profiles__hamming","genitive_case",0.00961538461538462
"no_components__unique_profiles__hamming","accusative_case",0.00961538461538462
"no_components__unique_profiles__hamming","nominative_case",0.00961538461538462
"no_components__unique_profiles__hamming","in_word_formation_e_g_a_many_sided_shape",0.00961538461538462
"no_components__unique_profiles__hamming","has_derivationtionally_related_words",0.00961538461538462
"no_components__unique_profiles__hamming","has_corresponding_word",0.00961538461538462
"no_components__unique_profiles__hamming","compound_word",0.00961538461538462
"no_components__unique_profiles__hamming","inflects_for_case",0.00961538461538462
"no_components__unique_profiles__hamming","paradigm_has_distinct_acc_form",0.00961538461538462
"no_components__unique_profiles__hamming","paradigm_has_genitive_form",0.00961538461538462
"no_components__unique_profiles__hamming","paradigm_has_distinct_independent_genitive_form",0.00961538461538462
"no_components__unique_profiles__hamming","paradigm_has_distinct_self_form",0.00961538461538462
"no_components__unique_profiles__hamming","paradigm_has_comparative_and_superlative_forms",0.00480769230769231
"no_components__unique_profiles__hamming","paradigm_has_distinct_plural_form",0.00961538461538462
"no_components__unique_profiles__hamming","does_not_inflect",0.00961538461538462
"no_components__unique_profiles__hamming","Monmorphemic",0.00961538461538462
"no_components__unique_profiles__hamming","Must_be_stressed_as_object_after_particle",0.00961538461538462
"no_components__unique_profiles__hamming","Start_with_th",0.00961538461538462
"no_components__unique_profiles__hamming","Start_with_hw",0.00961538461538462
"no_components__unique_profiles__hamming","anaphoric_marker",0.00961538461538462
"no_components__unique_profiles__hamming","deictic_marker",0.00961538461538462
"no_components__unique_profiles__hamming","person_deixis",0.00961538461538462
"no_components__unique_profiles__hamming","pro_form",0.00961538461538462
"no_components__unique_profiles__hamming","personal_gender_as_head_or_fused_head",0.00961538461538462
"no_components__unique_profiles__hamming","non_personal_gender",0.00961538461538462
"no_components__unique_profiles__hamming","epicene_personal_gender",0.00961538461538462
"no_components__unique_profiles__hamming","masculine_gender",0.00961538461538462
"no_components__unique_profiles__hamming","feminine_gender",0.00961538461538462
"no_components__unique_profiles__hamming","definite",0.00961538461538462
"no_components__unique_profiles__hamming","indefinite",0.00961538461538462
"no_components__unique_profiles__hamming","existential",0.00961538461538462
"no_components__unique_profiles__hamming","universal",0.00961538461538462
"no_components__unique_profiles__hamming","free_choice",0.00961538461538462
"no_components__unique_profiles__hamming","negative",0.00961538461538462
"no_components__unique_profiles__hamming","interrogative",0.00961538461538462
"no_components__unique_profiles__hamming","non_affirmative",0.00961538461538462
"no_components__unique_profiles__hamming","reflexive",0.00961538461538462
"no_components__unique_profiles__hamming","reciprocal",0.00961538461538462
"no_components__unique_profiles__hamming","dual",0.00961538461538462
"no_components__unique_profiles__hamming","paucal",0.00961538461538462
"no_components__unique_profiles__hamming","multal",0.00961538461538462
"no_components__unique_profiles__hamming","proportional",0.00961538461538462
"no_components__unique_profiles__hamming","semantically_countable",0.00961538461538462
"no_components__unique_profiles__hamming","semantically_uncountable",0.00961538461538462
"no_components__unique_profiles__hamming","semantically_singular",0.00961538461538462
"no_components__unique_profiles__hamming","semantically_plural",0.00961538461538462
"no_components__unique_profiles__hamming","distributive",0.00961538461538462
"no_components__unique_profiles__hamming","joint",0.00961538461538462
"no_components__unique_profiles__hamming","cardinal",0.00961538461538462
"no_components__unique_profiles__hamming","disjunctive",0.00961538461538462
"no_components__unique_profiles__hamming","degree",0.00480769230769231
"no_components__unique_profiles__hamming","sufficiency",0.00961538461538462
"no_components__unique_profiles__hamming","temporal",0.00961538461538462
"no_components__unique_profiles__hamming","locative",0.00961538461538462
"no_components__unique_profiles__hamming","dummy",0.00961538461538462
"no_components__unique_profiles__hamming","can_be_followed_by_adjective_such",0.00961538461538462
"no_components__unique_profiles__hamming","can_be_modified_by_almost",0.00961538461538462
"no_components__unique_profiles__hamming","can_be_modified_by_approximately",0.00961538461538462
"no_components__unique_profiles__hamming","can_be_modified_by_at_least",0.00961538461538462
"no_components__unique_profiles__hamming","can_be_modified_by_hardly",0.00961538461538462
"no_components__unique_profiles__hamming","can_be_modified_by_not",0.00961538461538462
"no_components__unique_profiles__hamming","can_be_modified_by_adverb_very",0.00961538461538462
"no_components__unique_profiles__hamming","Coordinates_with_independent_genitives",0.00961538461538462
"no_components__unique_profiles__hamming","Coordinates_with_dependent_genitives",0.00961538461538462
"no_components__unique_profiles__hamming","Coordinates_with_NPs",0.00961538461538462
"no_components__unique_profiles__hamming","intensifying_reduplication",0.00961538461538462
"no_components__unique_profiles__hamming","selects_singular_heads",0.00961538461538462
"no_components__unique_profiles__hamming","selects_count_singular_heads",0.00961538461538462
"no_components__unique_profiles__hamming","selects_non_count_heads",0.00961538461538462
"no_components__unique_profiles__hamming","selects_plural_heads",0.00961538461538462
"no_components__unique_profiles__hamming","compatible_count_sing_NP",0.00961538461538462
"no_components__unique_profiles__hamming","compatible_count_plur_NP",0.00961538461538462
"no_components__unique_profiles__hamming","compatible_non_count_NP",0.00961538461538462
"no_components__unique_profiles__hamming","Forms_universal_pronouns_before_all",0.00961538461538462
"no_components__unique_profiles__hamming","functions_as_a_predeterminer_modifier",0.00961538461538462
"no_components__unique_profiles__hamming","functions_as_prehead_modifier_in_nominal",0.00961538461538462
"no_components__unique_profiles__hamming","functions_as_degree_modifier_in_AdjP",0.00961538461538462
"no_components__unique_profiles__hamming","functions_as_predicative_complement",0.00961538461538462
"no_components__unique_profiles__hamming","functions_as_predicative_complement_to_seem",0.00961538461538462
"no_components__unique_profiles__hamming","functions_as_marker_of_coordination",0.00961538461538462
"no_components__unique_profiles__hamming","functions_as_fused_determiner_head",0.00961538461538462
"no_components__unique_profiles__hamming","functions_as_head_of_partitive_construction",0.00961538461538462
"no_components__unique_profiles__hamming","functions_as_adjunct_in_clause_structure",0.00961538461538462
"no_components__unique_profiles__hamming","functions_as_attrib_modifier_in_nominal",0.00961538461538462
"no_components__unique_profiles__hamming","appears_in_subject",0.00961538461538462
"no_components__unique_profiles__hamming","appears_in_object",0.00961538461538462
"no_components__unique_profiles__hamming","functions_as_post_head_modifier_of_it_or_them",0.00961538461538462
"no_components__unique_profiles__hamming","functions_as_post_head_modifier_of_N",0.00961538461538462
"no_components__unique_profiles__hamming","appears_in_existentials_there_s_on_the_table",0.00961538461538462
"no_components__unique_profiles__hamming","functions_as_determiner_in_day_s_time_ago",0.00961538461538462
"no_components__unique_profiles__hamming","functions_as_subject_of_present_participal_of_joining_you",0.00961538461538462
"no_components__unique_profiles__hamming","Functions_as_subject_of_interrogative_tag",0.00961538461538462
"no_components__unique_profiles__hamming","functions_as_subject_determiner",0.00961538461538462
"no_components__unique_profiles__hamming","functions_in_vocative",0.00961538461538462
"no_components__unique_profiles__hamming","May_coordinate_with_non_fused_determiners",0.00961538461538462
"no_components__unique_profiles__hamming","must_be_outranked_by_a_coindexed_element",0.00961538461538462
"no_components__unique_profiles__hamming","takes_predeterminer_modifiers_all_or_both",0.00961538461538462
"no_components__unique_profiles__hamming","occurs_after_predeterminer_modifiers_fractions",0.00961538461538462
"no_components__unique_profiles__hamming","occurs_after_predeterminer_modifiers_multipliers",0.00961538461538462
"no_components__unique_profiles__hamming","ironic_use_of_repetition",0.00961538461538462
"no_components__unique_profiles__hamming","take_poor_lucky_silly_as_attrib_modifiers",0.00961538461538462
"no_components__unique_profiles__hamming","takes_adverb_quite_as_a_modifier",0.00961538461538462
"no_components__unique_profiles__hamming","takes_else_or_more_as_a_post_head_dependent",0.00961538461538462
"no_components__unique_profiles__hamming","accepts_genitive_apstrophe_s",0.00961538461538462
"no_components__unique_profiles__hamming","takes_post_head_modifier_the_hell",0.00961538461538462
"no_components__unique_profiles__jaccard","genitive_case",0.00961538461538462
"no_components__unique_profiles__jaccard","accusative_case",0.00961538461538462
"no_components__unique_profiles__jaccard","nominative_case",0.00961538461538462
"no_components__unique_profiles__jaccard","in_word_formation_e_g_a_many_sided_shape",0.00961538461538462
"no_components__unique_profiles__jaccard","has_derivationtionally_related_words",0.00961538461538462
"no_components__unique_profiles__jaccard","has_corresponding_word",0.00961538461538462
"no_components__unique_profiles__jaccard","compound_word",0.00961538461538462
"no_components__unique_profiles__jaccard","inflects_for_case",0.00961538461538462
"no_components__unique_profiles__jaccard","paradigm_has_distinct_acc_form",0.00961538461538462
"no_components__unique_profiles__jaccard","paradigm_has_genitive_form",0.00961538461538462
"no_components__unique_profiles__jaccard","paradigm_has_distinct_independent_genitive_form",0.00961538461538462
"no_components__unique_profiles__jaccard","paradigm_has_distinct_self_form",0.00961538461538462
"no_components__unique_profiles__jaccard","paradigm_has_comparative_and_superlative_forms",0.00480769230769231
"no_components__unique_profiles__jaccard","paradigm_has_distinct_plural_form",0.00961538461538462
"no_components__unique_profiles__jaccard","does_not_inflect",0.00961538461538462
"no_components__unique_profiles__jaccard","Monmorphemic",0.00961538461538462
"no_components__unique_profiles__jaccard","Must_be_stressed_as_object_after_particle",0.00961538461538462
"no_components__unique_profiles__jaccard","Start_with_th",0.00961538461538462
"no_components__unique_profiles__jaccard","Start_with_hw",0.00961538461538462
"no_components__unique_profiles__jaccard","anaphoric_marker",0.00961538461538462
"no_components__unique_profiles__jaccard","deictic_marker",0.00961538461538462
"no_components__unique_profiles__jaccard","person_deixis",0.00961538461538462
"no_components__unique_profiles__jaccard","pro_form",0.00961538461538462
"no_components__unique_profiles__jaccard","personal_gender_as_head_or_fused_head",0.00961538461538462
"no_components__unique_profiles__jaccard","non_personal_gender",0.00961538461538462
"no_components__unique_profiles__jaccard","epicene_personal_gender",0.00961538461538462
"no_components__unique_profiles__jaccard","masculine_gender",0.00961538461538462
"no_components__unique_profiles__jaccard","feminine_gender",0.00961538461538462
"no_components__unique_profiles__jaccard","definite",0.00961538461538462
"no_components__unique_profiles__jaccard","indefinite",0.00961538461538462
"no_components__unique_profiles__jaccard","existential",0.00961538461538462
"no_components__unique_profiles__jaccard","universal",0.00961538461538462
"no_components__unique_profiles__jaccard","free_choice",0.00961538461538462
"no_components__unique_profiles__jaccard","negative",0.00961538461538462
"no_components__unique_profiles__jaccard","interrogative",0.00961538461538462
"no_components__unique_profiles__jaccard","non_affirmative",0.00961538461538462
"no_components__unique_profiles__jaccard","reflexive",0.00961538461538462
"no_components__unique_profiles__jaccard","reciprocal",0.00961538461538462
"no_components__unique_profiles__jaccard","dual",0.00961538461538462
"no_components__unique_profiles__jaccard","paucal",0.00961538461538462
"no_components__unique_profiles__jaccard","multal",0.00961538461538462
"no_components__unique_profiles__jaccard","proportional",0.00961538461538462
"no_components__unique_profiles__jaccard","semantically_countable",0.00961538461538462
"no_components__unique_profiles__jaccard","semantically_uncountable",0.00961538461538462
"no_components__unique_profiles__jaccard","semantically_singular",0.00961538461538462
"no_components__unique_profiles__jaccard","semantically_plural",0.00961538461538462
"no_components__unique_profiles__jaccard","distributive",0.00961538461538462
"no_components__unique_profiles__jaccard","joint",0.00961538461538462
"no_components__unique_profiles__jaccard","cardinal",0.00961538461538462
"no_components__unique_profiles__jaccard","disjunctive",0.00961538461538462
"no_components__unique_profiles__jaccard","degree",0.00480769230769231
"no_components__unique_profiles__jaccard","sufficiency",0.00961538461538462
"no_components__unique_profiles__jaccard","temporal",0.00961538461538462
"no_components__unique_profiles__jaccard","locative",0.00961538461538462
"no_components__unique_profiles__jaccard","dummy",0.00961538461538462
"no_components__unique_profiles__jaccard","can_be_followed_by_adjective_such",0.00961538461538462
"no_components__unique_profiles__jaccard","can_be_modified_by_almost",0.00961538461538462
"no_components__unique_profiles__jaccard","can_be_modified_by_approximately",0.00961538461538462
"no_components__unique_profiles__jaccard","can_be_modified_by_at_least",0.00961538461538462
"no_components__unique_profiles__jaccard","can_be_modified_by_hardly",0.00961538461538462
"no_components__unique_profiles__jaccard","can_be_modified_by_not",0.00961538461538462
"no_components__unique_profiles__jaccard","can_be_modified_by_adverb_very",0.00961538461538462
"no_components__unique_profiles__jaccard","Coordinates_with_independent_genitives",0.00961538461538462
"no_components__unique_profiles__jaccard","Coordinates_with_dependent_genitives",0.00961538461538462
"no_components__unique_profiles__jaccard","Coordinates_with_NPs",0.00961538461538462
"no_components__unique_profiles__jaccard","intensifying_reduplication",0.00961538461538462
"no_components__unique_profiles__jaccard","selects_singular_heads",0.00961538461538462
"no_components__unique_profiles__jaccard","selects_count_singular_heads",0.00961538461538462
"no_components__unique_profiles__jaccard","selects_non_count_heads",0.00961538461538462
"no_components__unique_profiles__jaccard","selects_plural_heads",0.00961538461538462
"no_components__unique_profiles__jaccard","compatible_count_sing_NP",0.00961538461538462
"no_components__unique_profiles__jaccard","compatible_count_plur_NP",0.00961538461538462
"no_components__unique_profiles__jaccard","compatible_non_count_NP",0.00961538461538462
"no_components__unique_profiles__jaccard","Forms_universal_pronouns_before_all",0.00961538461538462
"no_components__unique_profiles__jaccard","functions_as_a_predeterminer_modifier",0.00961538461538462
"no_components__unique_profiles__jaccard","functions_as_prehead_modifier_in_nominal",0.00961538461538462
"no_components__unique_profiles__jaccard","functions_as_degree_modifier_in_AdjP",0.00961538461538462
"no_components__unique_profiles__jaccard","functions_as_predicative_complement",0.00961538461538462
"no_components__unique_profiles__jaccard","functions_as_predicative_complement_to_seem",0.00961538461538462
"no_components__unique_profiles__jaccard","functions_as_marker_of_coordination",0.00961538461538462
"no_components__unique_profiles__jaccard","functions_as_fused_determiner_head",0.00961538461538462
"no_components__unique_profiles__jaccard","functions_as_head_of_partitive_construction",0.00961538461538462
"no_components__unique_profiles__jaccard","functions_as_adjunct_in_clause_structure",0.00961538461538462
"no_components__unique_profiles__jaccard","functions_as_attrib_modifier_in_nominal",0.00961538461538462
"no_components__unique_profiles__jaccard","appears_in_subject",0.00961538461538462
"no_components__unique_profiles__jaccard","appears_in_object",0.00961538461538462
"no_components__unique_profiles__jaccard","functions_as_post_head_modifier_of_it_or_them",0.00961538461538462
"no_components__unique_profiles__jaccard","functions_as_post_head_modifier_of_N",0.00961538461538462
"no_components__unique_profiles__jaccard","appears_in_existentials_there_s_on_the_table",0.00961538461538462
"no_components__unique_profiles__jaccard","functions_as_determiner_in_day_s_time_ago",0.00961538461538462
"no_components__unique_profiles__jaccard","functions_as_subject_of_present_participal_of_joining_you",0.00961538461538462
"no_components__unique_profiles__jaccard","Functions_as_subject_of_interrogative_tag",0.00961538461538462
"no_components__unique_profiles__jaccard","functions_as_subject_determiner",0.00961538461538462
"no_components__unique_profiles__jaccard","functions_in_vocative",0.00961538461538462
"no_components__unique_profiles__jaccard","May_coordinate_with_non_fused_determiners",0.00961538461538462
"no_components__unique_profiles__jaccard","must_be_outranked_by_a_coindexed_element",0.00961538461538462
"no_components__unique_profiles__jaccard","takes_predeterminer_modifiers_all_or_both",0.00961538461538462
"no_components__unique_profiles__jaccard","occurs_after_predeterminer_modifiers_fractions",0.00961538461538462
"no_components__unique_profiles__jaccard","occurs_after_predeterminer_modifiers_multipliers",0.00961538461538462
"no_components__unique_profiles__jaccard","ironic_use_of_repetition",0.00961538461538462
"no_components__unique_profiles__jaccard","take_poor_lucky_silly_as_attrib_modifiers",0.00961538461538462
"no_components__unique_profiles__jaccard","takes_adverb_quite_as_a_modifier",0.00961538461538462
"no_components__unique_profiles__jaccard","takes_else_or_more_as_a_post_head_dependent",0.00961538461538462
"no_components__unique_profiles__jaccard","accepts_genitive_apstrophe_s",0.00961538461538462
"no_components__unique_profiles__jaccard","takes_post_head_modifier_the_hell",0.00961538461538462
"no_components__idf_presence__jaccard","genitive_case",0.00937777786587423
"no_components__idf_presence__jaccard","accusative_case",0.0129177737961246
"no_components__idf_presence__jaccard","nominative_case",0.0129177737961246
"no_components__idf_presence__jaccard","in_word_formation_e_g_a_many_sided_shape",0.00796691469509481
"no_components__idf_presence__jaccard","has_derivationtionally_related_words",0.0028487894533424
"no_components__idf_presence__jaccard","has_corresponding_word",0.0065865056072408
"no_components__idf_presence__jaccard","compound_word",0.0053934031239262
"no_components__idf_presence__jaccard","inflects_for_case",0.00311415483245713
"no_components__idf_presence__jaccard","paradigm_has_distinct_acc_form",0.0061984353546273
"no_components__idf_presence__jaccard","paradigm_has_genitive_form",0.00498461424422298
"no_components__idf_presence__jaccard","paradigm_has_distinct_independent_genitive_form",0.00730701299397222
"no_components__idf_presence__jaccard","paradigm_has_distinct_self_form",0.00595519249897358
"no_components__idf_presence__jaccard","paradigm_has_comparative_and_superlative_forms",0.0134045357105945
"no_components__idf_presence__jaccard","paradigm_has_distinct_plural_form",0.00937777786587423
"no_components__idf_presence__jaccard","does_not_inflect",0.00408631694039869
"no_components__idf_presence__jaccard","Monmorphemic",0.0034665107117421
"no_components__idf_presence__jaccard","Must_be_stressed_as_object_after_particle",0.00632454385009366
"no_components__idf_presence__jaccard","Start_with_th",0.0106945458240043
"no_components__idf_presence__jaccard","Start_with_hw",0.0139426260427755
"no_components__idf_presence__jaccard","anaphoric_marker",0.00224007765607266
"no_components__idf_presence__jaccard","deictic_marker",0.00700650664199252
"no_components__idf_presence__jaccard","person_deixis",0.00779377490844208
"no_components__idf_presence__jaccard","pro_form",0.00392417206557778
"no_components__idf_presence__jaccard","personal_gender_as_head_or_fused_head",0.00469815778988927
"no_components__idf_presence__jaccard","non_personal_gender",0.0074641679958282
"no_components__idf_presence__jaccard","epicene_personal_gender",0.00607536591582505
"no_components__idf_presence__jaccard","masculine_gender",0.0180841557865795
"no_components__idf_presence__jaccard","feminine_gender",0.0169445316408449
"no_components__idf_presence__jaccard","definite",0.00339406787196448
"no_components__idf_presence__jaccard","indefinite",0.0033226382520242
"no_components__idf_presence__jaccard","existential",0.000886922834593966
"no_components__idf_presence__jaccard","universal",0.014544159856329
"no_components__idf_presence__jaccard","free_choice",0.00915075673240284
"no_components__idf_presence__jaccard","negative",0.0120646061047238
"no_components__idf_presence__jaccard","interrogative",0.0110041639260786
"no_components__idf_presence__jaccard","non_affirmative",0.00915075673240284
"no_components__idf_presence__jaccard","reflexive",0.0139426260427755
"no_components__idf_presence__jaccard","reciprocal",0.0216241517168299
"no_components__idf_presence__jaccard","dual",0.0169445316408449
"no_components__idf_presence__jaccard","paucal",0.012473394984427
"no_components__idf_presence__jaccard","multal",0.0180841557865795
"no_components__idf_presence__jaccard","proportional",0.0064538453025714
"no_components__idf_presence__jaccard","semantically_countable",0.00134733661887802
"no_components__idf_presence__jaccard","semantically_uncountable",0.00632454385009366
"no_components__idf_presence__jaccard","semantically_singular",0.00253536998557463
"no_components__idf_presence__jaccard","semantically_plural",0.0034665107117421
"no_components__idf_presence__jaccard","distributive",0.00325219389968094
"no_components__idf_presence__jaccard","joint",0.00353999593025042
"no_components__idf_presence__jaccard","cardinal",0.0180841557865795
"no_components__idf_presence__jaccard","disjunctive",0.0216241517168299
"no_components__idf_presence__jaccard","degree",0.0134045357105945
"no_components__idf_presence__jaccard","sufficiency",0.0216241517168299
"no_components__idf_presence__jaccard","temporal",0.0139426260427755
"no_components__idf_presence__jaccard","locative",0.0180841557865795
"no_components__idf_presence__jaccard","dummy",0.0216241517168299
"no_components__idf_presence__jaccard","can_be_followed_by_adjective_such",0.0074641679958282
"no_components__idf_presence__jaccard","can_be_modified_by_almost",0.00561076080215242
"no_components__idf_presence__jaccard","can_be_modified_by_approximately",0.0110041639260786
"no_components__idf_presence__jaccard","can_be_modified_by_at_least",0.00400460104392305
"no_components__idf_presence__jaccard","can_be_modified_by_hardly",0.00779377490844208
"no_components__idf_presence__jaccard","can_be_modified_by_not",0.00700650664199252
"no_components__idf_presence__jaccard","can_be_modified_by_adverb_very",0.0180841557865795
"no_components__idf_presence__jaccard","Coordinates_with_independent_genitives",0.00508378502185186
"no_components__idf_presence__jaccard","Coordinates_with_dependent_genitives",0.012473394984427
"no_components__idf_presence__jaccard","Coordinates_with_NPs",0.00134733661887802
"no_components__idf_presence__jaccard","intensifying_reduplication",0.0195533868449279
"no_components__idf_presence__jaccard","selects_singular_heads",0.00986453978034409
"no_components__idf_presence__jaccard","selects_count_singular_heads",0.00986453978034409
"no_components__idf_presence__jaccard","selects_non_count_heads",0.0120646061047238
"no_components__idf_presence__jaccard","selects_plural_heads",0.0085246101744734
"no_components__idf_presence__jaccard","compatible_count_sing_NP",0.00469815778988927
"no_components__idf_presence__jaccard","compatible_count_plur_NP",0.00498461424422298
"no_components__idf_presence__jaccard","compatible_non_count_NP",0.00632454385009366
"no_components__idf_presence__jaccard","Forms_universal_pronouns_before_all",0.0169445316408449
"no_components__idf_presence__jaccard","functions_as_a_predeterminer_modifier",0.0160133909146775
"no_components__idf_presence__jaccard","functions_as_prehead_modifier_in_nominal",0.0120646061047238
"no_components__idf_presence__jaccard","functions_as_degree_modifier_in_AdjP",0.0116861267179775
"no_components__idf_presence__jaccard","functions_as_predicative_complement",0.00241519656872316
"no_components__idf_presence__jaccard","functions_as_predicative_complement_to_seem",0.0106945458240043
"no_components__idf_presence__jaccard","functions_as_marker_of_coordination",0.0216241517168299
"no_components__idf_presence__jaccard","functions_as_fused_determiner_head",0.00469815778988927
"no_components__idf_presence__jaccard","functions_as_head_of_partitive_construction",0.00672270393392446
"no_components__idf_presence__jaccard","functions_as_adjunct_in_clause_structure",0.0065865056072408
"no_components__idf_presence__jaccard","functions_as_attrib_modifier_in_nominal",0.00986453978034409
"no_components__idf_presence__jaccard","appears_in_subject",0.000931140726167468
"no_components__idf_presence__jaccard","appears_in_object",0.000756520825151873
"no_components__idf_presence__jaccard","functions_as_post_head_modifier_of_it_or_them",0.0195533868449279
"no_components__idf_presence__jaccard","functions_as_post_head_modifier_of_N",0.0180841557865795
"no_components__idf_presence__jaccard","appears_in_existentials_there_s_on_the_table",0.0064538453025714
"no_components__idf_presence__jaccard","functions_as_determiner_in_day_s_time_ago",0.0113337708386925
"no_components__idf_presence__jaccard","functions_as_subject_of_present_participal_of_joining_you",0.00218301410628966
"no_components__idf_presence__jaccard","Functions_as_subject_of_interrogative_tag",0.0129177737961246
"no_components__idf_presence__jaccard","functions_as_subject_determiner",0.012473394984427
"no_components__idf_presence__jaccard","functions_in_vocative",0.0129177737961246
"no_components__idf_presence__jaccard","May_coordinate_with_non_fused_determiners",0.00730701299397222
"no_components__idf_presence__jaccard","must_be_outranked_by_a_coindexed_element",0.012473394984427
"no_components__idf_presence__jaccard","takes_predeterminer_modifiers_all_or_both",0.00814613078772706
"no_components__idf_presence__jaccard","occurs_after_predeterminer_modifiers_fractions",0.0053934031239262
"no_components__idf_presence__jaccard","occurs_after_predeterminer_modifiers_multipliers",0.0053934031239262
"no_components__idf_presence__jaccard","ironic_use_of_repetition",0.0113337708386925
"no_components__idf_presence__jaccard","take_poor_lucky_silly_as_attrib_modifiers",0.0152261226482279
"no_components__idf_presence__jaccard","takes_adverb_quite_as_a_modifier",0.0053934031239262
"no_components__idf_presence__jaccard","takes_else_or_more_as_a_post_head_dependent",0.00779377490844208
"no_components__idf_presence__jaccard","accepts_genitive_apstrophe_s",0.00893339905417662
"no_components__idf_presence__jaccard","takes_post_head_modifier_the_hell",0.0169445316408449
"no_four_labels__equal_features__sqrt_hamming","a",0.00662251655629139
"no_four_labels__equal_features__sqrt_hamming","another",0.00662251655629139
"no_four_labels__equal_features__sqrt_hamming","any",0.00662251655629139
"no_four_labels__equal_features__sqrt_hamming","body",0.00662251655629139
"no_four_labels__equal_features__sqrt_hamming","certain",0.00662251655629139
"no_four_labels__equal_features__sqrt_hamming","day",0.00662251655629139
"no_four_labels__equal_features__sqrt_hamming","each",0.00662251655629139
"no_four_labels__equal_features__sqrt_hamming","each_other",0.00662251655629139
"no_four_labels__equal_features__sqrt_hamming","either",0.00662251655629139
"no_four_labels__equal_features__sqrt_hamming","ever",0.00662251655629139
"no_four_labels__equal_features__sqrt_hamming","every",0.00662251655629139
"no_four_labels__equal_features__sqrt_hamming","few",0.00662251655629139
"no_four_labels__equal_features__sqrt_hamming","her",0.00662251655629139
"no_four_labels__equal_features__sqrt_hamming","him",0.00662251655629139
"no_four_labels__equal_features__sqrt_hamming","it",0.00662251655629139
"no_four_labels__equal_features__sqrt_hamming","its",0.00662251655629139
"no_four_labels__equal_features__sqrt_hamming","little",0.00662251655629139
"no_four_labels__equal_features__sqrt_hamming","many",0.00662251655629139
"no_four_labels__equal_features__sqrt_hamming","many_a",0.00662251655629139
"no_four_labels__equal_features__sqrt_hamming","my",0.00662251655629139
"no_four_labels__equal_features__sqrt_hamming","no",0.00662251655629139
"no_four_labels__equal_features__sqrt_hamming","no_one",0.00662251655629139
"no_four_labels__equal_features__sqrt_hamming","one",0.00662251655629139
"no_four_labels__equal_features__sqrt_hamming","one_s",0.00662251655629139
"no_four_labels__equal_features__sqrt_hamming","other",0.00662251655629139
"no_four_labels__equal_features__sqrt_hamming","our",0.00662251655629139
"no_four_labels__equal_features__sqrt_hamming","ours",0.00662251655629139
"no_four_labels__equal_features__sqrt_hamming","self",0.00662251655629139
"no_four_labels__equal_features__sqrt_hamming","some",0.00662251655629139
"no_four_labels__equal_features__sqrt_hamming","their",0.00662251655629139
"no_four_labels__equal_features__sqrt_hamming","theirs",0.00662251655629139
"no_four_labels__equal_features__sqrt_hamming","them",0.00662251655629139
"no_four_labels__equal_features__sqrt_hamming","they",0.00662251655629139
"no_four_labels__equal_features__sqrt_hamming","thing",0.00662251655629139
"no_four_labels__equal_features__sqrt_hamming","to",0.00662251655629139
"no_four_labels__equal_features__sqrt_hamming","us",0.00662251655629139
"no_four_labels__equal_features__sqrt_hamming","we",0.00662251655629139
"no_four_labels__equal_features__sqrt_hamming","what",0.00662251655629139
"no_four_labels__equal_features__sqrt_hamming","whatever",0.00662251655629139
"no_four_labels__equal_features__sqrt_hamming","where",0.00662251655629139
"no_four_labels__equal_features__sqrt_hamming","which",0.00662251655629139
"no_four_labels__equal_features__sqrt_hamming","whichever",0.00662251655629139
"no_four_labels__equal_features__sqrt_hamming","who",0.00662251655629139
"no_four_labels__equal_features__sqrt_hamming","whoever",0.00662251655629139
"no_four_labels__equal_features__sqrt_hamming","whom",0.00662251655629139
"no_four_labels__equal_features__sqrt_hamming","whose",0.00662251655629139
"no_four_labels__equal_features__sqrt_hamming","whosoever",0.00662251655629139
"no_four_labels__equal_features__sqrt_hamming","you",0.00662251655629139
"no_four_labels__equal_features__sqrt_hamming","your",0.00662251655629139
"no_four_labels__equal_features__sqrt_hamming","yours",0.00662251655629139
"no_four_labels__equal_features__sqrt_hamming","genitive_case",0.00662251655629139
"no_four_labels__equal_features__sqrt_hamming","accusative_case",0.00662251655629139
"no_four_labels__equal_features__sqrt_hamming","nominative_case",0.00662251655629139
"no_four_labels__equal_features__sqrt_hamming","in_word_formation_e_g_a_many_sided_shape",0.00662251655629139
"no_four_labels__equal_features__sqrt_hamming","has_derivationtionally_related_words",0.00662251655629139
"no_four_labels__equal_features__sqrt_hamming","has_corresponding_word",0.00662251655629139
"no_four_labels__equal_features__sqrt_hamming","compound_word",0.00662251655629139
"no_four_labels__equal_features__sqrt_hamming","inflects_for_case",0.00662251655629139
"no_four_labels__equal_features__sqrt_hamming","paradigm_has_distinct_acc_form",0.00662251655629139
"no_four_labels__equal_features__sqrt_hamming","paradigm_has_genitive_form",0.00662251655629139
"no_four_labels__equal_features__sqrt_hamming","paradigm_has_distinct_independent_genitive_form",0.00662251655629139
"no_four_labels__equal_features__sqrt_hamming","paradigm_has_distinct_self_form",0.00662251655629139
"no_four_labels__equal_features__sqrt_hamming","paradigm_has_comparative_and_superlative_forms",0.00662251655629139
"no_four_labels__equal_features__sqrt_hamming","paradigm_has_distinct_plural_form",0.00662251655629139
"no_four_labels__equal_features__sqrt_hamming","does_not_inflect",0.00662251655629139
"no_four_labels__equal_features__sqrt_hamming","Monmorphemic",0.00662251655629139
"no_four_labels__equal_features__sqrt_hamming","Must_be_stressed_as_object_after_particle",0.00662251655629139
"no_four_labels__equal_features__sqrt_hamming","Start_with_th",0.00662251655629139
"no_four_labels__equal_features__sqrt_hamming","Start_with_hw",0.00662251655629139
"no_four_labels__equal_features__sqrt_hamming","anaphoric_marker",0.00662251655629139
"no_four_labels__equal_features__sqrt_hamming","deictic_marker",0.00662251655629139
"no_four_labels__equal_features__sqrt_hamming","person_deixis",0.00662251655629139
"no_four_labels__equal_features__sqrt_hamming","pro_form",0.00662251655629139
"no_four_labels__equal_features__sqrt_hamming","personal_gender_as_head_or_fused_head",0.00662251655629139
"no_four_labels__equal_features__sqrt_hamming","non_personal_gender",0.00662251655629139
"no_four_labels__equal_features__sqrt_hamming","epicene_personal_gender",0.00662251655629139
"no_four_labels__equal_features__sqrt_hamming","masculine_gender",0.00662251655629139
"no_four_labels__equal_features__sqrt_hamming","feminine_gender",0.00662251655629139
"no_four_labels__equal_features__sqrt_hamming","definite",0.00662251655629139
"no_four_labels__equal_features__sqrt_hamming","indefinite",0.00662251655629139
"no_four_labels__equal_features__sqrt_hamming","existential",0.00662251655629139
"no_four_labels__equal_features__sqrt_hamming","universal",0.00662251655629139
"no_four_labels__equal_features__sqrt_hamming","free_choice",0.00662251655629139
"no_four_labels__equal_features__sqrt_hamming","negative",0.00662251655629139
"no_four_labels__equal_features__sqrt_hamming","interrogative",0.00662251655629139
"no_four_labels__equal_features__sqrt_hamming","non_affirmative",0.00662251655629139
"no_four_labels__equal_features__sqrt_hamming","reflexive",0.00662251655629139
"no_four_labels__equal_features__sqrt_hamming","reciprocal",0.00662251655629139
"no_four_labels__equal_features__sqrt_hamming","dual",0.00662251655629139
"no_four_labels__equal_features__sqrt_hamming","paucal",0.00662251655629139
"no_four_labels__equal_features__sqrt_hamming","multal",0.00662251655629139
"no_four_labels__equal_features__sqrt_hamming","proportional",0.00662251655629139
"no_four_labels__equal_features__sqrt_hamming","semantically_countable",0.00662251655629139
"no_four_labels__equal_features__sqrt_hamming","semantically_uncountable",0.00662251655629139
"no_four_labels__equal_features__sqrt_hamming","semantically_singular",0.00662251655629139
"no_four_labels__equal_features__sqrt_hamming","semantically_plural",0.00662251655629139
"no_four_labels__equal_features__sqrt_hamming","distributive",0.00662251655629139
"no_four_labels__equal_features__sqrt_hamming","joint",0.00662251655629139
"no_four_labels__equal_features__sqrt_hamming","cardinal",0.00662251655629139
"no_four_labels__equal_features__sqrt_hamming","disjunctive",0.00662251655629139
"no_four_labels__equal_features__sqrt_hamming","degree",0.00662251655629139
"no_four_labels__equal_features__sqrt_hamming","sufficiency",0.00662251655629139
"no_four_labels__equal_features__sqrt_hamming","temporal",0.00662251655629139
"no_four_labels__equal_features__sqrt_hamming","locative",0.00662251655629139
"no_four_labels__equal_features__sqrt_hamming","dummy",0.00662251655629139
"no_four_labels__equal_features__sqrt_hamming","can_be_followed_by_adjective_such",0.00662251655629139
"no_four_labels__equal_features__sqrt_hamming","can_be_modified_by_almost",0.00662251655629139
"no_four_labels__equal_features__sqrt_hamming","can_be_modified_by_approximately",0.00662251655629139
"no_four_labels__equal_features__sqrt_hamming","can_be_modified_by_at_least",0.00662251655629139
"no_four_labels__equal_features__sqrt_hamming","can_be_modified_by_hardly",0.00662251655629139
"no_four_labels__equal_features__sqrt_hamming","can_be_modified_by_not",0.00662251655629139
"no_four_labels__equal_features__sqrt_hamming","can_be_modified_by_adverb_very",0.00662251655629139
"no_four_labels__equal_features__sqrt_hamming","Coordinates_with_independent_genitives",0.00662251655629139
"no_four_labels__equal_features__sqrt_hamming","Coordinates_with_dependent_genitives",0.00662251655629139
"no_four_labels__equal_features__sqrt_hamming","Coordinates_with_NPs",0.00662251655629139
"no_four_labels__equal_features__sqrt_hamming","intensifying_reduplication",0.00662251655629139
"no_four_labels__equal_features__sqrt_hamming","selects_singular_heads",0.00662251655629139
"no_four_labels__equal_features__sqrt_hamming","selects_count_singular_heads",0.00662251655629139
"no_four_labels__equal_features__sqrt_hamming","selects_non_count_heads",0.00662251655629139
"no_four_labels__equal_features__sqrt_hamming","selects_plural_heads",0.00662251655629139
"no_four_labels__equal_features__sqrt_hamming","compatible_count_sing_NP",0.00662251655629139
"no_four_labels__equal_features__sqrt_hamming","compatible_count_plur_NP",0.00662251655629139
"no_four_labels__equal_features__sqrt_hamming","compatible_non_count_NP",0.00662251655629139
"no_four_labels__equal_features__sqrt_hamming","Forms_universal_pronouns_before_all",0.00662251655629139
"no_four_labels__equal_features__sqrt_hamming","functions_as_a_predeterminer_modifier",0.00662251655629139
"no_four_labels__equal_features__sqrt_hamming","functions_as_prehead_modifier_in_nominal",0.00662251655629139
"no_four_labels__equal_features__sqrt_hamming","functions_as_degree_modifier_in_AdjP",0.00662251655629139
"no_four_labels__equal_features__sqrt_hamming","functions_as_predicative_complement",0.00662251655629139
"no_four_labels__equal_features__sqrt_hamming","functions_as_predicative_complement_to_seem",0.00662251655629139
"no_four_labels__equal_features__sqrt_hamming","functions_as_marker_of_coordination",0.00662251655629139
"no_four_labels__equal_features__sqrt_hamming","functions_as_adjunct_in_clause_structure",0.00662251655629139
"no_four_labels__equal_features__sqrt_hamming","functions_as_attrib_modifier_in_nominal",0.00662251655629139
"no_four_labels__equal_features__sqrt_hamming","appears_in_subject",0.00662251655629139
"no_four_labels__equal_features__sqrt_hamming","appears_in_object",0.00662251655629139
"no_four_labels__equal_features__sqrt_hamming","functions_as_post_head_modifier_of_it_or_them",0.00662251655629139
"no_four_labels__equal_features__sqrt_hamming","functions_as_post_head_modifier_of_N",0.00662251655629139
"no_four_labels__equal_features__sqrt_hamming","appears_in_existentials_there_s_on_the_table",0.00662251655629139
"no_four_labels__equal_features__sqrt_hamming","functions_as_determiner_in_day_s_time_ago",0.00662251655629139
"no_four_labels__equal_features__sqrt_hamming","functions_as_subject_of_present_participal_of_joining_you",0.00662251655629139
"no_four_labels__equal_features__sqrt_hamming","Functions_as_subject_of_interrogative_tag",0.00662251655629139
"no_four_labels__equal_features__sqrt_hamming","functions_in_vocative",0.00662251655629139
"no_four_labels__equal_features__sqrt_hamming","must_be_outranked_by_a_coindexed_element",0.00662251655629139
"no_four_labels__equal_features__sqrt_hamming","takes_predeterminer_modifiers_all_or_both",0.00662251655629139
"no_four_labels__equal_features__sqrt_hamming","occurs_after_predeterminer_modifiers_fractions",0.00662251655629139
"no_four_labels__equal_features__sqrt_hamming","occurs_after_predeterminer_modifiers_multipliers",0.00662251655629139
"no_four_labels__equal_features__sqrt_hamming","ironic_use_of_repetition",0.00662251655629139
"no_four_labels__equal_features__sqrt_hamming","take_poor_lucky_silly_as_attrib_modifiers",0.00662251655629139
"no_four_labels__equal_features__sqrt_hamming","takes_adverb_quite_as_a_modifier",0.00662251655629139
"no_four_labels__equal_features__sqrt_hamming","takes_else_or_more_as_a_post_head_dependent",0.00662251655629139
"no_four_labels__equal_features__sqrt_hamming","accepts_genitive_apstrophe_s",0.00662251655629139
"no_four_labels__equal_features__sqrt_hamming","takes_post_head_modifier_the_hell",0.00662251655629139
"no_four_labels__equal_features__hamming","a",0.00662251655629139
"no_four_labels__equal_features__hamming","another",0.00662251655629139
"no_four_labels__equal_features__hamming","any",0.00662251655629139
"no_four_labels__equal_features__hamming","body",0.00662251655629139
"no_four_labels__equal_features__hamming","certain",0.00662251655629139
"no_four_labels__equal_features__hamming","day",0.00662251655629139
"no_four_labels__equal_features__hamming","each",0.00662251655629139
"no_four_labels__equal_features__hamming","each_other",0.00662251655629139
"no_four_labels__equal_features__hamming","either",0.00662251655629139
"no_four_labels__equal_features__hamming","ever",0.00662251655629139
"no_four_labels__equal_features__hamming","every",0.00662251655629139
"no_four_labels__equal_features__hamming","few",0.00662251655629139
"no_four_labels__equal_features__hamming","her",0.00662251655629139
"no_four_labels__equal_features__hamming","him",0.00662251655629139
"no_four_labels__equal_features__hamming","it",0.00662251655629139
"no_four_labels__equal_features__hamming","its",0.00662251655629139
"no_four_labels__equal_features__hamming","little",0.00662251655629139
"no_four_labels__equal_features__hamming","many",0.00662251655629139
"no_four_labels__equal_features__hamming","many_a",0.00662251655629139
"no_four_labels__equal_features__hamming","my",0.00662251655629139
"no_four_labels__equal_features__hamming","no",0.00662251655629139
"no_four_labels__equal_features__hamming","no_one",0.00662251655629139
"no_four_labels__equal_features__hamming","one",0.00662251655629139
"no_four_labels__equal_features__hamming","one_s",0.00662251655629139
"no_four_labels__equal_features__hamming","other",0.00662251655629139
"no_four_labels__equal_features__hamming","our",0.00662251655629139
"no_four_labels__equal_features__hamming","ours",0.00662251655629139
"no_four_labels__equal_features__hamming","self",0.00662251655629139
"no_four_labels__equal_features__hamming","some",0.00662251655629139
"no_four_labels__equal_features__hamming","their",0.00662251655629139
"no_four_labels__equal_features__hamming","theirs",0.00662251655629139
"no_four_labels__equal_features__hamming","them",0.00662251655629139
"no_four_labels__equal_features__hamming","they",0.00662251655629139
"no_four_labels__equal_features__hamming","thing",0.00662251655629139
"no_four_labels__equal_features__hamming","to",0.00662251655629139
"no_four_labels__equal_features__hamming","us",0.00662251655629139
"no_four_labels__equal_features__hamming","we",0.00662251655629139
"no_four_labels__equal_features__hamming","what",0.00662251655629139
"no_four_labels__equal_features__hamming","whatever",0.00662251655629139
"no_four_labels__equal_features__hamming","where",0.00662251655629139
"no_four_labels__equal_features__hamming","which",0.00662251655629139
"no_four_labels__equal_features__hamming","whichever",0.00662251655629139
"no_four_labels__equal_features__hamming","who",0.00662251655629139
"no_four_labels__equal_features__hamming","whoever",0.00662251655629139
"no_four_labels__equal_features__hamming","whom",0.00662251655629139
"no_four_labels__equal_features__hamming","whose",0.00662251655629139
"no_four_labels__equal_features__hamming","whosoever",0.00662251655629139
"no_four_labels__equal_features__hamming","you",0.00662251655629139
"no_four_labels__equal_features__hamming","your",0.00662251655629139
"no_four_labels__equal_features__hamming","yours",0.00662251655629139
"no_four_labels__equal_features__hamming","genitive_case",0.00662251655629139
"no_four_labels__equal_features__hamming","accusative_case",0.00662251655629139
"no_four_labels__equal_features__hamming","nominative_case",0.00662251655629139
"no_four_labels__equal_features__hamming","in_word_formation_e_g_a_many_sided_shape",0.00662251655629139
"no_four_labels__equal_features__hamming","has_derivationtionally_related_words",0.00662251655629139
"no_four_labels__equal_features__hamming","has_corresponding_word",0.00662251655629139
"no_four_labels__equal_features__hamming","compound_word",0.00662251655629139
"no_four_labels__equal_features__hamming","inflects_for_case",0.00662251655629139
"no_four_labels__equal_features__hamming","paradigm_has_distinct_acc_form",0.00662251655629139
"no_four_labels__equal_features__hamming","paradigm_has_genitive_form",0.00662251655629139
"no_four_labels__equal_features__hamming","paradigm_has_distinct_independent_genitive_form",0.00662251655629139
"no_four_labels__equal_features__hamming","paradigm_has_distinct_self_form",0.00662251655629139
"no_four_labels__equal_features__hamming","paradigm_has_comparative_and_superlative_forms",0.00662251655629139
"no_four_labels__equal_features__hamming","paradigm_has_distinct_plural_form",0.00662251655629139
"no_four_labels__equal_features__hamming","does_not_inflect",0.00662251655629139
"no_four_labels__equal_features__hamming","Monmorphemic",0.00662251655629139
"no_four_labels__equal_features__hamming","Must_be_stressed_as_object_after_particle",0.00662251655629139
"no_four_labels__equal_features__hamming","Start_with_th",0.00662251655629139
"no_four_labels__equal_features__hamming","Start_with_hw",0.00662251655629139
"no_four_labels__equal_features__hamming","anaphoric_marker",0.00662251655629139
"no_four_labels__equal_features__hamming","deictic_marker",0.00662251655629139
"no_four_labels__equal_features__hamming","person_deixis",0.00662251655629139
"no_four_labels__equal_features__hamming","pro_form",0.00662251655629139
"no_four_labels__equal_features__hamming","personal_gender_as_head_or_fused_head",0.00662251655629139
"no_four_labels__equal_features__hamming","non_personal_gender",0.00662251655629139
"no_four_labels__equal_features__hamming","epicene_personal_gender",0.00662251655629139
"no_four_labels__equal_features__hamming","masculine_gender",0.00662251655629139
"no_four_labels__equal_features__hamming","feminine_gender",0.00662251655629139
"no_four_labels__equal_features__hamming","definite",0.00662251655629139
"no_four_labels__equal_features__hamming","indefinite",0.00662251655629139
"no_four_labels__equal_features__hamming","existential",0.00662251655629139
"no_four_labels__equal_features__hamming","universal",0.00662251655629139
"no_four_labels__equal_features__hamming","free_choice",0.00662251655629139
"no_four_labels__equal_features__hamming","negative",0.00662251655629139
"no_four_labels__equal_features__hamming","interrogative",0.00662251655629139
"no_four_labels__equal_features__hamming","non_affirmative",0.00662251655629139
"no_four_labels__equal_features__hamming","reflexive",0.00662251655629139
"no_four_labels__equal_features__hamming","reciprocal",0.00662251655629139
"no_four_labels__equal_features__hamming","dual",0.00662251655629139
"no_four_labels__equal_features__hamming","paucal",0.00662251655629139
"no_four_labels__equal_features__hamming","multal",0.00662251655629139
"no_four_labels__equal_features__hamming","proportional",0.00662251655629139
"no_four_labels__equal_features__hamming","semantically_countable",0.00662251655629139
"no_four_labels__equal_features__hamming","semantically_uncountable",0.00662251655629139
"no_four_labels__equal_features__hamming","semantically_singular",0.00662251655629139
"no_four_labels__equal_features__hamming","semantically_plural",0.00662251655629139
"no_four_labels__equal_features__hamming","distributive",0.00662251655629139
"no_four_labels__equal_features__hamming","joint",0.00662251655629139
"no_four_labels__equal_features__hamming","cardinal",0.00662251655629139
"no_four_labels__equal_features__hamming","disjunctive",0.00662251655629139
"no_four_labels__equal_features__hamming","degree",0.00662251655629139
"no_four_labels__equal_features__hamming","sufficiency",0.00662251655629139
"no_four_labels__equal_features__hamming","temporal",0.00662251655629139
"no_four_labels__equal_features__hamming","locative",0.00662251655629139
"no_four_labels__equal_features__hamming","dummy",0.00662251655629139
"no_four_labels__equal_features__hamming","can_be_followed_by_adjective_such",0.00662251655629139
"no_four_labels__equal_features__hamming","can_be_modified_by_almost",0.00662251655629139
"no_four_labels__equal_features__hamming","can_be_modified_by_approximately",0.00662251655629139
"no_four_labels__equal_features__hamming","can_be_modified_by_at_least",0.00662251655629139
"no_four_labels__equal_features__hamming","can_be_modified_by_hardly",0.00662251655629139
"no_four_labels__equal_features__hamming","can_be_modified_by_not",0.00662251655629139
"no_four_labels__equal_features__hamming","can_be_modified_by_adverb_very",0.00662251655629139
"no_four_labels__equal_features__hamming","Coordinates_with_independent_genitives",0.00662251655629139
"no_four_labels__equal_features__hamming","Coordinates_with_dependent_genitives",0.00662251655629139
"no_four_labels__equal_features__hamming","Coordinates_with_NPs",0.00662251655629139
"no_four_labels__equal_features__hamming","intensifying_reduplication",0.00662251655629139
"no_four_labels__equal_features__hamming","selects_singular_heads",0.00662251655629139
"no_four_labels__equal_features__hamming","selects_count_singular_heads",0.00662251655629139
"no_four_labels__equal_features__hamming","selects_non_count_heads",0.00662251655629139
"no_four_labels__equal_features__hamming","selects_plural_heads",0.00662251655629139
"no_four_labels__equal_features__hamming","compatible_count_sing_NP",0.00662251655629139
"no_four_labels__equal_features__hamming","compatible_count_plur_NP",0.00662251655629139
"no_four_labels__equal_features__hamming","compatible_non_count_NP",0.00662251655629139
"no_four_labels__equal_features__hamming","Forms_universal_pronouns_before_all",0.00662251655629139
"no_four_labels__equal_features__hamming","functions_as_a_predeterminer_modifier",0.00662251655629139
"no_four_labels__equal_features__hamming","functions_as_prehead_modifier_in_nominal",0.00662251655629139
"no_four_labels__equal_features__hamming","functions_as_degree_modifier_in_AdjP",0.00662251655629139
"no_four_labels__equal_features__hamming","functions_as_predicative_complement",0.00662251655629139
"no_four_labels__equal_features__hamming","functions_as_predicative_complement_to_seem",0.00662251655629139
"no_four_labels__equal_features__hamming","functions_as_marker_of_coordination",0.00662251655629139
"no_four_labels__equal_features__hamming","functions_as_adjunct_in_clause_structure",0.00662251655629139
"no_four_labels__equal_features__hamming","functions_as_attrib_modifier_in_nominal",0.00662251655629139
"no_four_labels__equal_features__hamming","appears_in_subject",0.00662251655629139
"no_four_labels__equal_features__hamming","appears_in_object",0.00662251655629139
"no_four_labels__equal_features__hamming","functions_as_post_head_modifier_of_it_or_them",0.00662251655629139
"no_four_labels__equal_features__hamming","functions_as_post_head_modifier_of_N",0.00662251655629139
"no_four_labels__equal_features__hamming","appears_in_existentials_there_s_on_the_table",0.00662251655629139
"no_four_labels__equal_features__hamming","functions_as_determiner_in_day_s_time_ago",0.00662251655629139
"no_four_labels__equal_features__hamming","functions_as_subject_of_present_participal_of_joining_you",0.00662251655629139
"no_four_labels__equal_features__hamming","Functions_as_subject_of_interrogative_tag",0.00662251655629139
"no_four_labels__equal_features__hamming","functions_in_vocative",0.00662251655629139
"no_four_labels__equal_features__hamming","must_be_outranked_by_a_coindexed_element",0.00662251655629139
"no_four_labels__equal_features__hamming","takes_predeterminer_modifiers_all_or_both",0.00662251655629139
"no_four_labels__equal_features__hamming","occurs_after_predeterminer_modifiers_fractions",0.00662251655629139
"no_four_labels__equal_features__hamming","occurs_after_predeterminer_modifiers_multipliers",0.00662251655629139
"no_four_labels__equal_features__hamming","ironic_use_of_repetition",0.00662251655629139
"no_four_labels__equal_features__hamming","take_poor_lucky_silly_as_attrib_modifiers",0.00662251655629139
"no_four_labels__equal_features__hamming","takes_adverb_quite_as_a_modifier",0.00662251655629139
"no_four_labels__equal_features__hamming","takes_else_or_more_as_a_post_head_dependent",0.00662251655629139
"no_four_labels__equal_features__hamming","accepts_genitive_apstrophe_s",0.00662251655629139
"no_four_labels__equal_features__hamming","takes_post_head_modifier_the_hell",0.00662251655629139
"no_four_labels__equal_features__jaccard","a",0.00662251655629139
"no_four_labels__equal_features__jaccard","another",0.00662251655629139
"no_four_labels__equal_features__jaccard","any",0.00662251655629139
"no_four_labels__equal_features__jaccard","body",0.00662251655629139
"no_four_labels__equal_features__jaccard","certain",0.00662251655629139
"no_four_labels__equal_features__jaccard","day",0.00662251655629139
"no_four_labels__equal_features__jaccard","each",0.00662251655629139
"no_four_labels__equal_features__jaccard","each_other",0.00662251655629139
"no_four_labels__equal_features__jaccard","either",0.00662251655629139
"no_four_labels__equal_features__jaccard","ever",0.00662251655629139
"no_four_labels__equal_features__jaccard","every",0.00662251655629139
"no_four_labels__equal_features__jaccard","few",0.00662251655629139
"no_four_labels__equal_features__jaccard","her",0.00662251655629139
"no_four_labels__equal_features__jaccard","him",0.00662251655629139
"no_four_labels__equal_features__jaccard","it",0.00662251655629139
"no_four_labels__equal_features__jaccard","its",0.00662251655629139
"no_four_labels__equal_features__jaccard","little",0.00662251655629139
"no_four_labels__equal_features__jaccard","many",0.00662251655629139
"no_four_labels__equal_features__jaccard","many_a",0.00662251655629139
"no_four_labels__equal_features__jaccard","my",0.00662251655629139
"no_four_labels__equal_features__jaccard","no",0.00662251655629139
"no_four_labels__equal_features__jaccard","no_one",0.00662251655629139
"no_four_labels__equal_features__jaccard","one",0.00662251655629139
"no_four_labels__equal_features__jaccard","one_s",0.00662251655629139
"no_four_labels__equal_features__jaccard","other",0.00662251655629139
"no_four_labels__equal_features__jaccard","our",0.00662251655629139
"no_four_labels__equal_features__jaccard","ours",0.00662251655629139
"no_four_labels__equal_features__jaccard","self",0.00662251655629139
"no_four_labels__equal_features__jaccard","some",0.00662251655629139
"no_four_labels__equal_features__jaccard","their",0.00662251655629139
"no_four_labels__equal_features__jaccard","theirs",0.00662251655629139
"no_four_labels__equal_features__jaccard","them",0.00662251655629139
"no_four_labels__equal_features__jaccard","they",0.00662251655629139
"no_four_labels__equal_features__jaccard","thing",0.00662251655629139
"no_four_labels__equal_features__jaccard","to",0.00662251655629139
"no_four_labels__equal_features__jaccard","us",0.00662251655629139
"no_four_labels__equal_features__jaccard","we",0.00662251655629139
"no_four_labels__equal_features__jaccard","what",0.00662251655629139
"no_four_labels__equal_features__jaccard","whatever",0.00662251655629139
"no_four_labels__equal_features__jaccard","where",0.00662251655629139
"no_four_labels__equal_features__jaccard","which",0.00662251655629139
"no_four_labels__equal_features__jaccard","whichever",0.00662251655629139
"no_four_labels__equal_features__jaccard","who",0.00662251655629139
"no_four_labels__equal_features__jaccard","whoever",0.00662251655629139
"no_four_labels__equal_features__jaccard","whom",0.00662251655629139
"no_four_labels__equal_features__jaccard","whose",0.00662251655629139
"no_four_labels__equal_features__jaccard","whosoever",0.00662251655629139
"no_four_labels__equal_features__jaccard","you",0.00662251655629139
"no_four_labels__equal_features__jaccard","your",0.00662251655629139
"no_four_labels__equal_features__jaccard","yours",0.00662251655629139
"no_four_labels__equal_features__jaccard","genitive_case",0.00662251655629139
"no_four_labels__equal_features__jaccard","accusative_case",0.00662251655629139
"no_four_labels__equal_features__jaccard","nominative_case",0.00662251655629139
"no_four_labels__equal_features__jaccard","in_word_formation_e_g_a_many_sided_shape",0.00662251655629139
"no_four_labels__equal_features__jaccard","has_derivationtionally_related_words",0.00662251655629139
"no_four_labels__equal_features__jaccard","has_corresponding_word",0.00662251655629139
"no_four_labels__equal_features__jaccard","compound_word",0.00662251655629139
"no_four_labels__equal_features__jaccard","inflects_for_case",0.00662251655629139
"no_four_labels__equal_features__jaccard","paradigm_has_distinct_acc_form",0.00662251655629139
"no_four_labels__equal_features__jaccard","paradigm_has_genitive_form",0.00662251655629139
"no_four_labels__equal_features__jaccard","paradigm_has_distinct_independent_genitive_form",0.00662251655629139
"no_four_labels__equal_features__jaccard","paradigm_has_distinct_self_form",0.00662251655629139
"no_four_labels__equal_features__jaccard","paradigm_has_comparative_and_superlative_forms",0.00662251655629139
"no_four_labels__equal_features__jaccard","paradigm_has_distinct_plural_form",0.00662251655629139
"no_four_labels__equal_features__jaccard","does_not_inflect",0.00662251655629139
"no_four_labels__equal_features__jaccard","Monmorphemic",0.00662251655629139
"no_four_labels__equal_features__jaccard","Must_be_stressed_as_object_after_particle",0.00662251655629139
"no_four_labels__equal_features__jaccard","Start_with_th",0.00662251655629139
"no_four_labels__equal_features__jaccard","Start_with_hw",0.00662251655629139
"no_four_labels__equal_features__jaccard","anaphoric_marker",0.00662251655629139
"no_four_labels__equal_features__jaccard","deictic_marker",0.00662251655629139
"no_four_labels__equal_features__jaccard","person_deixis",0.00662251655629139
"no_four_labels__equal_features__jaccard","pro_form",0.00662251655629139
"no_four_labels__equal_features__jaccard","personal_gender_as_head_or_fused_head",0.00662251655629139
"no_four_labels__equal_features__jaccard","non_personal_gender",0.00662251655629139
"no_four_labels__equal_features__jaccard","epicene_personal_gender",0.00662251655629139
"no_four_labels__equal_features__jaccard","masculine_gender",0.00662251655629139
"no_four_labels__equal_features__jaccard","feminine_gender",0.00662251655629139
"no_four_labels__equal_features__jaccard","definite",0.00662251655629139
"no_four_labels__equal_features__jaccard","indefinite",0.00662251655629139
"no_four_labels__equal_features__jaccard","existential",0.00662251655629139
"no_four_labels__equal_features__jaccard","universal",0.00662251655629139
"no_four_labels__equal_features__jaccard","free_choice",0.00662251655629139
"no_four_labels__equal_features__jaccard","negative",0.00662251655629139
"no_four_labels__equal_features__jaccard","interrogative",0.00662251655629139
"no_four_labels__equal_features__jaccard","non_affirmative",0.00662251655629139
"no_four_labels__equal_features__jaccard","reflexive",0.00662251655629139
"no_four_labels__equal_features__jaccard","reciprocal",0.00662251655629139
"no_four_labels__equal_features__jaccard","dual",0.00662251655629139
"no_four_labels__equal_features__jaccard","paucal",0.00662251655629139
"no_four_labels__equal_features__jaccard","multal",0.00662251655629139
"no_four_labels__equal_features__jaccard","proportional",0.00662251655629139
"no_four_labels__equal_features__jaccard","semantically_countable",0.00662251655629139
"no_four_labels__equal_features__jaccard","semantically_uncountable",0.00662251655629139
"no_four_labels__equal_features__jaccard","semantically_singular",0.00662251655629139
"no_four_labels__equal_features__jaccard","semantically_plural",0.00662251655629139
"no_four_labels__equal_features__jaccard","distributive",0.00662251655629139
"no_four_labels__equal_features__jaccard","joint",0.00662251655629139
"no_four_labels__equal_features__jaccard","cardinal",0.00662251655629139
"no_four_labels__equal_features__jaccard","disjunctive",0.00662251655629139
"no_four_labels__equal_features__jaccard","degree",0.00662251655629139
"no_four_labels__equal_features__jaccard","sufficiency",0.00662251655629139
"no_four_labels__equal_features__jaccard","temporal",0.00662251655629139
"no_four_labels__equal_features__jaccard","locative",0.00662251655629139
"no_four_labels__equal_features__jaccard","dummy",0.00662251655629139
"no_four_labels__equal_features__jaccard","can_be_followed_by_adjective_such",0.00662251655629139
"no_four_labels__equal_features__jaccard","can_be_modified_by_almost",0.00662251655629139
"no_four_labels__equal_features__jaccard","can_be_modified_by_approximately",0.00662251655629139
"no_four_labels__equal_features__jaccard","can_be_modified_by_at_least",0.00662251655629139
"no_four_labels__equal_features__jaccard","can_be_modified_by_hardly",0.00662251655629139
"no_four_labels__equal_features__jaccard","can_be_modified_by_not",0.00662251655629139
"no_four_labels__equal_features__jaccard","can_be_modified_by_adverb_very",0.00662251655629139
"no_four_labels__equal_features__jaccard","Coordinates_with_independent_genitives",0.00662251655629139
"no_four_labels__equal_features__jaccard","Coordinates_with_dependent_genitives",0.00662251655629139
"no_four_labels__equal_features__jaccard","Coordinates_with_NPs",0.00662251655629139
"no_four_labels__equal_features__jaccard","intensifying_reduplication",0.00662251655629139
"no_four_labels__equal_features__jaccard","selects_singular_heads",0.00662251655629139
"no_four_labels__equal_features__jaccard","selects_count_singular_heads",0.00662251655629139
"no_four_labels__equal_features__jaccard","selects_non_count_heads",0.00662251655629139
"no_four_labels__equal_features__jaccard","selects_plural_heads",0.00662251655629139
"no_four_labels__equal_features__jaccard","compatible_count_sing_NP",0.00662251655629139
"no_four_labels__equal_features__jaccard","compatible_count_plur_NP",0.00662251655629139
"no_four_labels__equal_features__jaccard","compatible_non_count_NP",0.00662251655629139
"no_four_labels__equal_features__jaccard","Forms_universal_pronouns_before_all",0.00662251655629139
"no_four_labels__equal_features__jaccard","functions_as_a_predeterminer_modifier",0.00662251655629139
"no_four_labels__equal_features__jaccard","functions_as_prehead_modifier_in_nominal",0.00662251655629139
"no_four_labels__equal_features__jaccard","functions_as_degree_modifier_in_AdjP",0.00662251655629139
"no_four_labels__equal_features__jaccard","functions_as_predicative_complement",0.00662251655629139
"no_four_labels__equal_features__jaccard","functions_as_predicative_complement_to_seem",0.00662251655629139
"no_four_labels__equal_features__jaccard","functions_as_marker_of_coordination",0.00662251655629139
"no_four_labels__equal_features__jaccard","functions_as_adjunct_in_clause_structure",0.00662251655629139
"no_four_labels__equal_features__jaccard","functions_as_attrib_modifier_in_nominal",0.00662251655629139
"no_four_labels__equal_features__jaccard","appears_in_subject",0.00662251655629139
"no_four_labels__equal_features__jaccard","appears_in_object",0.00662251655629139
"no_four_labels__equal_features__jaccard","functions_as_post_head_modifier_of_it_or_them",0.00662251655629139
"no_four_labels__equal_features__jaccard","functions_as_post_head_modifier_of_N",0.00662251655629139
"no_four_labels__equal_features__jaccard","appears_in_existentials_there_s_on_the_table",0.00662251655629139
"no_four_labels__equal_features__jaccard","functions_as_determiner_in_day_s_time_ago",0.00662251655629139
"no_four_labels__equal_features__jaccard","functions_as_subject_of_present_participal_of_joining_you",0.00662251655629139
"no_four_labels__equal_features__jaccard","Functions_as_subject_of_interrogative_tag",0.00662251655629139
"no_four_labels__equal_features__jaccard","functions_in_vocative",0.00662251655629139
"no_four_labels__equal_features__jaccard","must_be_outranked_by_a_coindexed_element",0.00662251655629139
"no_four_labels__equal_features__jaccard","takes_predeterminer_modifiers_all_or_both",0.00662251655629139
"no_four_labels__equal_features__jaccard","occurs_after_predeterminer_modifiers_fractions",0.00662251655629139
"no_four_labels__equal_features__jaccard","occurs_after_predeterminer_modifiers_multipliers",0.00662251655629139
"no_four_labels__equal_features__jaccard","ironic_use_of_repetition",0.00662251655629139
"no_four_labels__equal_features__jaccard","take_poor_lucky_silly_as_attrib_modifiers",0.00662251655629139
"no_four_labels__equal_features__jaccard","takes_adverb_quite_as_a_modifier",0.00662251655629139
"no_four_labels__equal_features__jaccard","takes_else_or_more_as_a_post_head_dependent",0.00662251655629139
"no_four_labels__equal_features__jaccard","accepts_genitive_apstrophe_s",0.00662251655629139
"no_four_labels__equal_features__jaccard","takes_post_head_modifier_the_hell",0.00662251655629139
"no_four_labels__equal_domains__sqrt_hamming","a",0.00378787878787879
"no_four_labels__equal_domains__sqrt_hamming","another",0.00378787878787879
"no_four_labels__equal_domains__sqrt_hamming","any",0.00378787878787879
"no_four_labels__equal_domains__sqrt_hamming","body",0.00378787878787879
"no_four_labels__equal_domains__sqrt_hamming","certain",0.00378787878787879
"no_four_labels__equal_domains__sqrt_hamming","day",0.00378787878787879
"no_four_labels__equal_domains__sqrt_hamming","each",0.00378787878787879
"no_four_labels__equal_domains__sqrt_hamming","each_other",0.00378787878787879
"no_four_labels__equal_domains__sqrt_hamming","either",0.00378787878787879
"no_four_labels__equal_domains__sqrt_hamming","ever",0.00378787878787879
"no_four_labels__equal_domains__sqrt_hamming","every",0.00378787878787879
"no_four_labels__equal_domains__sqrt_hamming","few",0.00378787878787879
"no_four_labels__equal_domains__sqrt_hamming","her",0.00378787878787879
"no_four_labels__equal_domains__sqrt_hamming","him",0.00378787878787879
"no_four_labels__equal_domains__sqrt_hamming","it",0.00378787878787879
"no_four_labels__equal_domains__sqrt_hamming","its",0.00378787878787879
"no_four_labels__equal_domains__sqrt_hamming","little",0.00378787878787879
"no_four_labels__equal_domains__sqrt_hamming","many",0.00378787878787879
"no_four_labels__equal_domains__sqrt_hamming","many_a",0.00378787878787879
"no_four_labels__equal_domains__sqrt_hamming","my",0.00378787878787879
"no_four_labels__equal_domains__sqrt_hamming","no",0.00378787878787879
"no_four_labels__equal_domains__sqrt_hamming","no_one",0.00378787878787879
"no_four_labels__equal_domains__sqrt_hamming","one",0.00378787878787879
"no_four_labels__equal_domains__sqrt_hamming","one_s",0.00378787878787879
"no_four_labels__equal_domains__sqrt_hamming","other",0.00378787878787879
"no_four_labels__equal_domains__sqrt_hamming","our",0.00378787878787879
"no_four_labels__equal_domains__sqrt_hamming","ours",0.00378787878787879
"no_four_labels__equal_domains__sqrt_hamming","self",0.00378787878787879
"no_four_labels__equal_domains__sqrt_hamming","some",0.00378787878787879
"no_four_labels__equal_domains__sqrt_hamming","their",0.00378787878787879
"no_four_labels__equal_domains__sqrt_hamming","theirs",0.00378787878787879
"no_four_labels__equal_domains__sqrt_hamming","them",0.00378787878787879
"no_four_labels__equal_domains__sqrt_hamming","they",0.00378787878787879
"no_four_labels__equal_domains__sqrt_hamming","thing",0.00378787878787879
"no_four_labels__equal_domains__sqrt_hamming","to",0.00378787878787879
"no_four_labels__equal_domains__sqrt_hamming","us",0.00378787878787879
"no_four_labels__equal_domains__sqrt_hamming","we",0.00378787878787879
"no_four_labels__equal_domains__sqrt_hamming","what",0.00378787878787879
"no_four_labels__equal_domains__sqrt_hamming","whatever",0.00378787878787879
"no_four_labels__equal_domains__sqrt_hamming","where",0.00378787878787879
"no_four_labels__equal_domains__sqrt_hamming","which",0.00378787878787879
"no_four_labels__equal_domains__sqrt_hamming","whichever",0.00378787878787879
"no_four_labels__equal_domains__sqrt_hamming","who",0.00378787878787879
"no_four_labels__equal_domains__sqrt_hamming","whoever",0.00378787878787879
"no_four_labels__equal_domains__sqrt_hamming","whom",0.00378787878787879
"no_four_labels__equal_domains__sqrt_hamming","whose",0.00378787878787879
"no_four_labels__equal_domains__sqrt_hamming","whosoever",0.00378787878787879
"no_four_labels__equal_domains__sqrt_hamming","you",0.00378787878787879
"no_four_labels__equal_domains__sqrt_hamming","your",0.00378787878787879
"no_four_labels__equal_domains__sqrt_hamming","yours",0.00378787878787879
"no_four_labels__equal_domains__sqrt_hamming","genitive_case",0.00378787878787879
"no_four_labels__equal_domains__sqrt_hamming","accusative_case",0.00378787878787879
"no_four_labels__equal_domains__sqrt_hamming","nominative_case",0.00378787878787879
"no_four_labels__equal_domains__sqrt_hamming","in_word_formation_e_g_a_many_sided_shape",0.00378787878787879
"no_four_labels__equal_domains__sqrt_hamming","has_derivationtionally_related_words",0.00378787878787879
"no_four_labels__equal_domains__sqrt_hamming","has_corresponding_word",0.00378787878787879
"no_four_labels__equal_domains__sqrt_hamming","compound_word",0.00378787878787879
"no_four_labels__equal_domains__sqrt_hamming","inflects_for_case",0.00378787878787879
"no_four_labels__equal_domains__sqrt_hamming","paradigm_has_distinct_acc_form",0.00378787878787879
"no_four_labels__equal_domains__sqrt_hamming","paradigm_has_genitive_form",0.00378787878787879
"no_four_labels__equal_domains__sqrt_hamming","paradigm_has_distinct_independent_genitive_form",0.00378787878787879
"no_four_labels__equal_domains__sqrt_hamming","paradigm_has_distinct_self_form",0.00378787878787879
"no_four_labels__equal_domains__sqrt_hamming","paradigm_has_comparative_and_superlative_forms",0.00378787878787879
"no_four_labels__equal_domains__sqrt_hamming","paradigm_has_distinct_plural_form",0.00378787878787879
"no_four_labels__equal_domains__sqrt_hamming","does_not_inflect",0.00378787878787879
"no_four_labels__equal_domains__sqrt_hamming","Monmorphemic",0.00378787878787879
"no_four_labels__equal_domains__sqrt_hamming","Must_be_stressed_as_object_after_particle",0.0833333333333333
"no_four_labels__equal_domains__sqrt_hamming","Start_with_th",0.0833333333333333
"no_four_labels__equal_domains__sqrt_hamming","Start_with_hw",0.0833333333333333
"no_four_labels__equal_domains__sqrt_hamming","anaphoric_marker",0.00694444444444444
"no_four_labels__equal_domains__sqrt_hamming","deictic_marker",0.00694444444444444
"no_four_labels__equal_domains__sqrt_hamming","person_deixis",0.00694444444444444
"no_four_labels__equal_domains__sqrt_hamming","pro_form",0.00694444444444444
"no_four_labels__equal_domains__sqrt_hamming","personal_gender_as_head_or_fused_head",0.00694444444444444
"no_four_labels__equal_domains__sqrt_hamming","non_personal_gender",0.00694444444444444
"no_four_labels__equal_domains__sqrt_hamming","epicene_personal_gender",0.00694444444444444
"no_four_labels__equal_domains__sqrt_hamming","masculine_gender",0.00694444444444444
"no_four_labels__equal_domains__sqrt_hamming","feminine_gender",0.00694444444444444
"no_four_labels__equal_domains__sqrt_hamming","definite",0.00694444444444444
"no_four_labels__equal_domains__sqrt_hamming","indefinite",0.00694444444444444
"no_four_labels__equal_domains__sqrt_hamming","existential",0.00694444444444444
"no_four_labels__equal_domains__sqrt_hamming","universal",0.00694444444444444
"no_four_labels__equal_domains__sqrt_hamming","free_choice",0.00694444444444444
"no_four_labels__equal_domains__sqrt_hamming","negative",0.00694444444444444
"no_four_labels__equal_domains__sqrt_hamming","interrogative",0.00694444444444444
"no_four_labels__equal_domains__sqrt_hamming","non_affirmative",0.00694444444444444
"no_four_labels__equal_domains__sqrt_hamming","reflexive",0.00694444444444444
"no_four_labels__equal_domains__sqrt_hamming","reciprocal",0.00694444444444444
"no_four_labels__equal_domains__sqrt_hamming","dual",0.00694444444444444
"no_four_labels__equal_domains__sqrt_hamming","paucal",0.00694444444444444
"no_four_labels__equal_domains__sqrt_hamming","multal",0.00694444444444444
"no_four_labels__equal_domains__sqrt_hamming","proportional",0.00694444444444444
"no_four_labels__equal_domains__sqrt_hamming","semantically_countable",0.00694444444444444
"no_four_labels__equal_domains__sqrt_hamming","semantically_uncountable",0.00694444444444444
"no_four_labels__equal_domains__sqrt_hamming","semantically_singular",0.00694444444444444
"no_four_labels__equal_domains__sqrt_hamming","semantically_plural",0.00694444444444444
"no_four_labels__equal_domains__sqrt_hamming","distributive",0.00694444444444444
"no_four_labels__equal_domains__sqrt_hamming","joint",0.00694444444444444
"no_four_labels__equal_domains__sqrt_hamming","cardinal",0.00694444444444444
"no_four_labels__equal_domains__sqrt_hamming","disjunctive",0.00694444444444444
"no_four_labels__equal_domains__sqrt_hamming","degree",0.00694444444444444
"no_four_labels__equal_domains__sqrt_hamming","sufficiency",0.00694444444444444
"no_four_labels__equal_domains__sqrt_hamming","temporal",0.00694444444444444
"no_four_labels__equal_domains__sqrt_hamming","locative",0.00694444444444444
"no_four_labels__equal_domains__sqrt_hamming","dummy",0.00694444444444444
"no_four_labels__equal_domains__sqrt_hamming","can_be_followed_by_adjective_such",0.00543478260869565
"no_four_labels__equal_domains__sqrt_hamming","can_be_modified_by_almost",0.00543478260869565
"no_four_labels__equal_domains__sqrt_hamming","can_be_modified_by_approximately",0.00543478260869565
"no_four_labels__equal_domains__sqrt_hamming","can_be_modified_by_at_least",0.00543478260869565
"no_four_labels__equal_domains__sqrt_hamming","can_be_modified_by_hardly",0.00543478260869565
"no_four_labels__equal_domains__sqrt_hamming","can_be_modified_by_not",0.00543478260869565
"no_four_labels__equal_domains__sqrt_hamming","can_be_modified_by_adverb_very",0.00543478260869565
"no_four_labels__equal_domains__sqrt_hamming","Coordinates_with_independent_genitives",0.00543478260869565
"no_four_labels__equal_domains__sqrt_hamming","Coordinates_with_dependent_genitives",0.00543478260869565
"no_four_labels__equal_domains__sqrt_hamming","Coordinates_with_NPs",0.00543478260869565
"no_four_labels__equal_domains__sqrt_hamming","intensifying_reduplication",0.00543478260869565
"no_four_labels__equal_domains__sqrt_hamming","selects_singular_heads",0.00543478260869565
"no_four_labels__equal_domains__sqrt_hamming","selects_count_singular_heads",0.00543478260869565
"no_four_labels__equal_domains__sqrt_hamming","selects_non_count_heads",0.00543478260869565
"no_four_labels__equal_domains__sqrt_hamming","selects_plural_heads",0.00543478260869565
"no_four_labels__equal_domains__sqrt_hamming","compatible_count_sing_NP",0.00543478260869565
"no_four_labels__equal_domains__sqrt_hamming","compatible_count_plur_NP",0.00543478260869565
"no_four_labels__equal_domains__sqrt_hamming","compatible_non_count_NP",0.00543478260869565
"no_four_labels__equal_domains__sqrt_hamming","Forms_universal_pronouns_before_all",0.00543478260869565
"no_four_labels__equal_domains__sqrt_hamming","functions_as_a_predeterminer_modifier",0.00543478260869565
"no_four_labels__equal_domains__sqrt_hamming","functions_as_prehead_modifier_in_nominal",0.00543478260869565
"no_four_labels__equal_domains__sqrt_hamming","functions_as_degree_modifier_in_AdjP",0.00543478260869565
"no_four_labels__equal_domains__sqrt_hamming","functions_as_predicative_complement",0.00543478260869565
"no_four_labels__equal_domains__sqrt_hamming","functions_as_predicative_complement_to_seem",0.00543478260869565
"no_four_labels__equal_domains__sqrt_hamming","functions_as_marker_of_coordination",0.00543478260869565
"no_four_labels__equal_domains__sqrt_hamming","functions_as_adjunct_in_clause_structure",0.00543478260869565
"no_four_labels__equal_domains__sqrt_hamming","functions_as_attrib_modifier_in_nominal",0.00543478260869565
"no_four_labels__equal_domains__sqrt_hamming","appears_in_subject",0.00543478260869565
"no_four_labels__equal_domains__sqrt_hamming","appears_in_object",0.00543478260869565
"no_four_labels__equal_domains__sqrt_hamming","functions_as_post_head_modifier_of_it_or_them",0.00543478260869565
"no_four_labels__equal_domains__sqrt_hamming","functions_as_post_head_modifier_of_N",0.00543478260869565
"no_four_labels__equal_domains__sqrt_hamming","appears_in_existentials_there_s_on_the_table",0.00543478260869565
"no_four_labels__equal_domains__sqrt_hamming","functions_as_determiner_in_day_s_time_ago",0.00543478260869565
"no_four_labels__equal_domains__sqrt_hamming","functions_as_subject_of_present_participal_of_joining_you",0.00543478260869565
"no_four_labels__equal_domains__sqrt_hamming","Functions_as_subject_of_interrogative_tag",0.00543478260869565
"no_four_labels__equal_domains__sqrt_hamming","functions_in_vocative",0.00543478260869565
"no_four_labels__equal_domains__sqrt_hamming","must_be_outranked_by_a_coindexed_element",0.00543478260869565
"no_four_labels__equal_domains__sqrt_hamming","takes_predeterminer_modifiers_all_or_both",0.00543478260869565
"no_four_labels__equal_domains__sqrt_hamming","occurs_after_predeterminer_modifiers_fractions",0.00543478260869565
"no_four_labels__equal_domains__sqrt_hamming","occurs_after_predeterminer_modifiers_multipliers",0.00543478260869565
"no_four_labels__equal_domains__sqrt_hamming","ironic_use_of_repetition",0.00543478260869565
"no_four_labels__equal_domains__sqrt_hamming","take_poor_lucky_silly_as_attrib_modifiers",0.00543478260869565
"no_four_labels__equal_domains__sqrt_hamming","takes_adverb_quite_as_a_modifier",0.00543478260869565
"no_four_labels__equal_domains__sqrt_hamming","takes_else_or_more_as_a_post_head_dependent",0.00543478260869565
"no_four_labels__equal_domains__sqrt_hamming","accepts_genitive_apstrophe_s",0.00543478260869565
"no_four_labels__equal_domains__sqrt_hamming","takes_post_head_modifier_the_hell",0.00543478260869565
"no_four_labels__equal_domains__hamming","a",0.00378787878787879
"no_four_labels__equal_domains__hamming","another",0.00378787878787879
"no_four_labels__equal_domains__hamming","any",0.00378787878787879
"no_four_labels__equal_domains__hamming","body",0.00378787878787879
"no_four_labels__equal_domains__hamming","certain",0.00378787878787879
"no_four_labels__equal_domains__hamming","day",0.00378787878787879
"no_four_labels__equal_domains__hamming","each",0.00378787878787879
"no_four_labels__equal_domains__hamming","each_other",0.00378787878787879
"no_four_labels__equal_domains__hamming","either",0.00378787878787879
"no_four_labels__equal_domains__hamming","ever",0.00378787878787879
"no_four_labels__equal_domains__hamming","every",0.00378787878787879
"no_four_labels__equal_domains__hamming","few",0.00378787878787879
"no_four_labels__equal_domains__hamming","her",0.00378787878787879
"no_four_labels__equal_domains__hamming","him",0.00378787878787879
"no_four_labels__equal_domains__hamming","it",0.00378787878787879
"no_four_labels__equal_domains__hamming","its",0.00378787878787879
"no_four_labels__equal_domains__hamming","little",0.00378787878787879
"no_four_labels__equal_domains__hamming","many",0.00378787878787879
"no_four_labels__equal_domains__hamming","many_a",0.00378787878787879
"no_four_labels__equal_domains__hamming","my",0.00378787878787879
"no_four_labels__equal_domains__hamming","no",0.00378787878787879
"no_four_labels__equal_domains__hamming","no_one",0.00378787878787879
"no_four_labels__equal_domains__hamming","one",0.00378787878787879
"no_four_labels__equal_domains__hamming","one_s",0.00378787878787879
"no_four_labels__equal_domains__hamming","other",0.00378787878787879
"no_four_labels__equal_domains__hamming","our",0.00378787878787879
"no_four_labels__equal_domains__hamming","ours",0.00378787878787879
"no_four_labels__equal_domains__hamming","self",0.00378787878787879
"no_four_labels__equal_domains__hamming","some",0.00378787878787879
"no_four_labels__equal_domains__hamming","their",0.00378787878787879
"no_four_labels__equal_domains__hamming","theirs",0.00378787878787879
"no_four_labels__equal_domains__hamming","them",0.00378787878787879
"no_four_labels__equal_domains__hamming","they",0.00378787878787879
"no_four_labels__equal_domains__hamming","thing",0.00378787878787879
"no_four_labels__equal_domains__hamming","to",0.00378787878787879
"no_four_labels__equal_domains__hamming","us",0.00378787878787879
"no_four_labels__equal_domains__hamming","we",0.00378787878787879
"no_four_labels__equal_domains__hamming","what",0.00378787878787879
"no_four_labels__equal_domains__hamming","whatever",0.00378787878787879
"no_four_labels__equal_domains__hamming","where",0.00378787878787879
"no_four_labels__equal_domains__hamming","which",0.00378787878787879
"no_four_labels__equal_domains__hamming","whichever",0.00378787878787879
"no_four_labels__equal_domains__hamming","who",0.00378787878787879
"no_four_labels__equal_domains__hamming","whoever",0.00378787878787879
"no_four_labels__equal_domains__hamming","whom",0.00378787878787879
"no_four_labels__equal_domains__hamming","whose",0.00378787878787879
"no_four_labels__equal_domains__hamming","whosoever",0.00378787878787879
"no_four_labels__equal_domains__hamming","you",0.00378787878787879
"no_four_labels__equal_domains__hamming","your",0.00378787878787879
"no_four_labels__equal_domains__hamming","yours",0.00378787878787879
"no_four_labels__equal_domains__hamming","genitive_case",0.00378787878787879
"no_four_labels__equal_domains__hamming","accusative_case",0.00378787878787879
"no_four_labels__equal_domains__hamming","nominative_case",0.00378787878787879
"no_four_labels__equal_domains__hamming","in_word_formation_e_g_a_many_sided_shape",0.00378787878787879
"no_four_labels__equal_domains__hamming","has_derivationtionally_related_words",0.00378787878787879
"no_four_labels__equal_domains__hamming","has_corresponding_word",0.00378787878787879
"no_four_labels__equal_domains__hamming","compound_word",0.00378787878787879
"no_four_labels__equal_domains__hamming","inflects_for_case",0.00378787878787879
"no_four_labels__equal_domains__hamming","paradigm_has_distinct_acc_form",0.00378787878787879
"no_four_labels__equal_domains__hamming","paradigm_has_genitive_form",0.00378787878787879
"no_four_labels__equal_domains__hamming","paradigm_has_distinct_independent_genitive_form",0.00378787878787879
"no_four_labels__equal_domains__hamming","paradigm_has_distinct_self_form",0.00378787878787879
"no_four_labels__equal_domains__hamming","paradigm_has_comparative_and_superlative_forms",0.00378787878787879
"no_four_labels__equal_domains__hamming","paradigm_has_distinct_plural_form",0.00378787878787879
"no_four_labels__equal_domains__hamming","does_not_inflect",0.00378787878787879
"no_four_labels__equal_domains__hamming","Monmorphemic",0.00378787878787879
"no_four_labels__equal_domains__hamming","Must_be_stressed_as_object_after_particle",0.0833333333333333
"no_four_labels__equal_domains__hamming","Start_with_th",0.0833333333333333
"no_four_labels__equal_domains__hamming","Start_with_hw",0.0833333333333333
"no_four_labels__equal_domains__hamming","anaphoric_marker",0.00694444444444444
"no_four_labels__equal_domains__hamming","deictic_marker",0.00694444444444444
"no_four_labels__equal_domains__hamming","person_deixis",0.00694444444444444
"no_four_labels__equal_domains__hamming","pro_form",0.00694444444444444
"no_four_labels__equal_domains__hamming","personal_gender_as_head_or_fused_head",0.00694444444444444
"no_four_labels__equal_domains__hamming","non_personal_gender",0.00694444444444444
"no_four_labels__equal_domains__hamming","epicene_personal_gender",0.00694444444444444
"no_four_labels__equal_domains__hamming","masculine_gender",0.00694444444444444
"no_four_labels__equal_domains__hamming","feminine_gender",0.00694444444444444
"no_four_labels__equal_domains__hamming","definite",0.00694444444444444
"no_four_labels__equal_domains__hamming","indefinite",0.00694444444444444
"no_four_labels__equal_domains__hamming","existential",0.00694444444444444
"no_four_labels__equal_domains__hamming","universal",0.00694444444444444
"no_four_labels__equal_domains__hamming","free_choice",0.00694444444444444
"no_four_labels__equal_domains__hamming","negative",0.00694444444444444
"no_four_labels__equal_domains__hamming","interrogative",0.00694444444444444
"no_four_labels__equal_domains__hamming","non_affirmative",0.00694444444444444
"no_four_labels__equal_domains__hamming","reflexive",0.00694444444444444
"no_four_labels__equal_domains__hamming","reciprocal",0.00694444444444444
"no_four_labels__equal_domains__hamming","dual",0.00694444444444444
"no_four_labels__equal_domains__hamming","paucal",0.00694444444444444
"no_four_labels__equal_domains__hamming","multal",0.00694444444444444
"no_four_labels__equal_domains__hamming","proportional",0.00694444444444444
"no_four_labels__equal_domains__hamming","semantically_countable",0.00694444444444444
"no_four_labels__equal_domains__hamming","semantically_uncountable",0.00694444444444444
"no_four_labels__equal_domains__hamming","semantically_singular",0.00694444444444444
"no_four_labels__equal_domains__hamming","semantically_plural",0.00694444444444444
"no_four_labels__equal_domains__hamming","distributive",0.00694444444444444
"no_four_labels__equal_domains__hamming","joint",0.00694444444444444
"no_four_labels__equal_domains__hamming","cardinal",0.00694444444444444
"no_four_labels__equal_domains__hamming","disjunctive",0.00694444444444444
"no_four_labels__equal_domains__hamming","degree",0.00694444444444444
"no_four_labels__equal_domains__hamming","sufficiency",0.00694444444444444
"no_four_labels__equal_domains__hamming","temporal",0.00694444444444444
"no_four_labels__equal_domains__hamming","locative",0.00694444444444444
"no_four_labels__equal_domains__hamming","dummy",0.00694444444444444
"no_four_labels__equal_domains__hamming","can_be_followed_by_adjective_such",0.00543478260869565
"no_four_labels__equal_domains__hamming","can_be_modified_by_almost",0.00543478260869565
"no_four_labels__equal_domains__hamming","can_be_modified_by_approximately",0.00543478260869565
"no_four_labels__equal_domains__hamming","can_be_modified_by_at_least",0.00543478260869565
"no_four_labels__equal_domains__hamming","can_be_modified_by_hardly",0.00543478260869565
"no_four_labels__equal_domains__hamming","can_be_modified_by_not",0.00543478260869565
"no_four_labels__equal_domains__hamming","can_be_modified_by_adverb_very",0.00543478260869565
"no_four_labels__equal_domains__hamming","Coordinates_with_independent_genitives",0.00543478260869565
"no_four_labels__equal_domains__hamming","Coordinates_with_dependent_genitives",0.00543478260869565
"no_four_labels__equal_domains__hamming","Coordinates_with_NPs",0.00543478260869565
"no_four_labels__equal_domains__hamming","intensifying_reduplication",0.00543478260869565
"no_four_labels__equal_domains__hamming","selects_singular_heads",0.00543478260869565
"no_four_labels__equal_domains__hamming","selects_count_singular_heads",0.00543478260869565
"no_four_labels__equal_domains__hamming","selects_non_count_heads",0.00543478260869565
"no_four_labels__equal_domains__hamming","selects_plural_heads",0.00543478260869565
"no_four_labels__equal_domains__hamming","compatible_count_sing_NP",0.00543478260869565
"no_four_labels__equal_domains__hamming","compatible_count_plur_NP",0.00543478260869565
"no_four_labels__equal_domains__hamming","compatible_non_count_NP",0.00543478260869565
"no_four_labels__equal_domains__hamming","Forms_universal_pronouns_before_all",0.00543478260869565
"no_four_labels__equal_domains__hamming","functions_as_a_predeterminer_modifier",0.00543478260869565
"no_four_labels__equal_domains__hamming","functions_as_prehead_modifier_in_nominal",0.00543478260869565
"no_four_labels__equal_domains__hamming","functions_as_degree_modifier_in_AdjP",0.00543478260869565
"no_four_labels__equal_domains__hamming","functions_as_predicative_complement",0.00543478260869565
"no_four_labels__equal_domains__hamming","functions_as_predicative_complement_to_seem",0.00543478260869565
"no_four_labels__equal_domains__hamming","functions_as_marker_of_coordination",0.00543478260869565
"no_four_labels__equal_domains__hamming","functions_as_adjunct_in_clause_structure",0.00543478260869565
"no_four_labels__equal_domains__hamming","functions_as_attrib_modifier_in_nominal",0.00543478260869565
"no_four_labels__equal_domains__hamming","appears_in_subject",0.00543478260869565
"no_four_labels__equal_domains__hamming","appears_in_object",0.00543478260869565
"no_four_labels__equal_domains__hamming","functions_as_post_head_modifier_of_it_or_them",0.00543478260869565
"no_four_labels__equal_domains__hamming","functions_as_post_head_modifier_of_N",0.00543478260869565
"no_four_labels__equal_domains__hamming","appears_in_existentials_there_s_on_the_table",0.00543478260869565
"no_four_labels__equal_domains__hamming","functions_as_determiner_in_day_s_time_ago",0.00543478260869565
"no_four_labels__equal_domains__hamming","functions_as_subject_of_present_participal_of_joining_you",0.00543478260869565
"no_four_labels__equal_domains__hamming","Functions_as_subject_of_interrogative_tag",0.00543478260869565
"no_four_labels__equal_domains__hamming","functions_in_vocative",0.00543478260869565
"no_four_labels__equal_domains__hamming","must_be_outranked_by_a_coindexed_element",0.00543478260869565
"no_four_labels__equal_domains__hamming","takes_predeterminer_modifiers_all_or_both",0.00543478260869565
"no_four_labels__equal_domains__hamming","occurs_after_predeterminer_modifiers_fractions",0.00543478260869565
"no_four_labels__equal_domains__hamming","occurs_after_predeterminer_modifiers_multipliers",0.00543478260869565
"no_four_labels__equal_domains__hamming","ironic_use_of_repetition",0.00543478260869565
"no_four_labels__equal_domains__hamming","take_poor_lucky_silly_as_attrib_modifiers",0.00543478260869565
"no_four_labels__equal_domains__hamming","takes_adverb_quite_as_a_modifier",0.00543478260869565
"no_four_labels__equal_domains__hamming","takes_else_or_more_as_a_post_head_dependent",0.00543478260869565
"no_four_labels__equal_domains__hamming","accepts_genitive_apstrophe_s",0.00543478260869565
"no_four_labels__equal_domains__hamming","takes_post_head_modifier_the_hell",0.00543478260869565
"no_four_labels__equal_domains__jaccard","a",0.00378787878787879
"no_four_labels__equal_domains__jaccard","another",0.00378787878787879
"no_four_labels__equal_domains__jaccard","any",0.00378787878787879
"no_four_labels__equal_domains__jaccard","body",0.00378787878787879
"no_four_labels__equal_domains__jaccard","certain",0.00378787878787879
"no_four_labels__equal_domains__jaccard","day",0.00378787878787879
"no_four_labels__equal_domains__jaccard","each",0.00378787878787879
"no_four_labels__equal_domains__jaccard","each_other",0.00378787878787879
"no_four_labels__equal_domains__jaccard","either",0.00378787878787879
"no_four_labels__equal_domains__jaccard","ever",0.00378787878787879
"no_four_labels__equal_domains__jaccard","every",0.00378787878787879
"no_four_labels__equal_domains__jaccard","few",0.00378787878787879
"no_four_labels__equal_domains__jaccard","her",0.00378787878787879
"no_four_labels__equal_domains__jaccard","him",0.00378787878787879
"no_four_labels__equal_domains__jaccard","it",0.00378787878787879
"no_four_labels__equal_domains__jaccard","its",0.00378787878787879
"no_four_labels__equal_domains__jaccard","little",0.00378787878787879
"no_four_labels__equal_domains__jaccard","many",0.00378787878787879
"no_four_labels__equal_domains__jaccard","many_a",0.00378787878787879
"no_four_labels__equal_domains__jaccard","my",0.00378787878787879
"no_four_labels__equal_domains__jaccard","no",0.00378787878787879
"no_four_labels__equal_domains__jaccard","no_one",0.00378787878787879
"no_four_labels__equal_domains__jaccard","one",0.00378787878787879
"no_four_labels__equal_domains__jaccard","one_s",0.00378787878787879
"no_four_labels__equal_domains__jaccard","other",0.00378787878787879
"no_four_labels__equal_domains__jaccard","our",0.00378787878787879
"no_four_labels__equal_domains__jaccard","ours",0.00378787878787879
"no_four_labels__equal_domains__jaccard","self",0.00378787878787879
"no_four_labels__equal_domains__jaccard","some",0.00378787878787879
"no_four_labels__equal_domains__jaccard","their",0.00378787878787879
"no_four_labels__equal_domains__jaccard","theirs",0.00378787878787879
"no_four_labels__equal_domains__jaccard","them",0.00378787878787879
"no_four_labels__equal_domains__jaccard","they",0.00378787878787879
"no_four_labels__equal_domains__jaccard","thing",0.00378787878787879
"no_four_labels__equal_domains__jaccard","to",0.00378787878787879
"no_four_labels__equal_domains__jaccard","us",0.00378787878787879
"no_four_labels__equal_domains__jaccard","we",0.00378787878787879
"no_four_labels__equal_domains__jaccard","what",0.00378787878787879
"no_four_labels__equal_domains__jaccard","whatever",0.00378787878787879
"no_four_labels__equal_domains__jaccard","where",0.00378787878787879
"no_four_labels__equal_domains__jaccard","which",0.00378787878787879
"no_four_labels__equal_domains__jaccard","whichever",0.00378787878787879
"no_four_labels__equal_domains__jaccard","who",0.00378787878787879
"no_four_labels__equal_domains__jaccard","whoever",0.00378787878787879
"no_four_labels__equal_domains__jaccard","whom",0.00378787878787879
"no_four_labels__equal_domains__jaccard","whose",0.00378787878787879
"no_four_labels__equal_domains__jaccard","whosoever",0.00378787878787879
"no_four_labels__equal_domains__jaccard","you",0.00378787878787879
"no_four_labels__equal_domains__jaccard","your",0.00378787878787879
"no_four_labels__equal_domains__jaccard","yours",0.00378787878787879
"no_four_labels__equal_domains__jaccard","genitive_case",0.00378787878787879
"no_four_labels__equal_domains__jaccard","accusative_case",0.00378787878787879
"no_four_labels__equal_domains__jaccard","nominative_case",0.00378787878787879
"no_four_labels__equal_domains__jaccard","in_word_formation_e_g_a_many_sided_shape",0.00378787878787879
"no_four_labels__equal_domains__jaccard","has_derivationtionally_related_words",0.00378787878787879
"no_four_labels__equal_domains__jaccard","has_corresponding_word",0.00378787878787879
"no_four_labels__equal_domains__jaccard","compound_word",0.00378787878787879
"no_four_labels__equal_domains__jaccard","inflects_for_case",0.00378787878787879
"no_four_labels__equal_domains__jaccard","paradigm_has_distinct_acc_form",0.00378787878787879
"no_four_labels__equal_domains__jaccard","paradigm_has_genitive_form",0.00378787878787879
"no_four_labels__equal_domains__jaccard","paradigm_has_distinct_independent_genitive_form",0.00378787878787879
"no_four_labels__equal_domains__jaccard","paradigm_has_distinct_self_form",0.00378787878787879
"no_four_labels__equal_domains__jaccard","paradigm_has_comparative_and_superlative_forms",0.00378787878787879
"no_four_labels__equal_domains__jaccard","paradigm_has_distinct_plural_form",0.00378787878787879
"no_four_labels__equal_domains__jaccard","does_not_inflect",0.00378787878787879
"no_four_labels__equal_domains__jaccard","Monmorphemic",0.00378787878787879
"no_four_labels__equal_domains__jaccard","Must_be_stressed_as_object_after_particle",0.0833333333333333
"no_four_labels__equal_domains__jaccard","Start_with_th",0.0833333333333333
"no_four_labels__equal_domains__jaccard","Start_with_hw",0.0833333333333333
"no_four_labels__equal_domains__jaccard","anaphoric_marker",0.00694444444444444
"no_four_labels__equal_domains__jaccard","deictic_marker",0.00694444444444444
"no_four_labels__equal_domains__jaccard","person_deixis",0.00694444444444444
"no_four_labels__equal_domains__jaccard","pro_form",0.00694444444444444
"no_four_labels__equal_domains__jaccard","personal_gender_as_head_or_fused_head",0.00694444444444444
"no_four_labels__equal_domains__jaccard","non_personal_gender",0.00694444444444444
"no_four_labels__equal_domains__jaccard","epicene_personal_gender",0.00694444444444444
"no_four_labels__equal_domains__jaccard","masculine_gender",0.00694444444444444
"no_four_labels__equal_domains__jaccard","feminine_gender",0.00694444444444444
"no_four_labels__equal_domains__jaccard","definite",0.00694444444444444
"no_four_labels__equal_domains__jaccard","indefinite",0.00694444444444444
"no_four_labels__equal_domains__jaccard","existential",0.00694444444444444
"no_four_labels__equal_domains__jaccard","universal",0.00694444444444444
"no_four_labels__equal_domains__jaccard","free_choice",0.00694444444444444
"no_four_labels__equal_domains__jaccard","negative",0.00694444444444444
"no_four_labels__equal_domains__jaccard","interrogative",0.00694444444444444
"no_four_labels__equal_domains__jaccard","non_affirmative",0.00694444444444444
"no_four_labels__equal_domains__jaccard","reflexive",0.00694444444444444
"no_four_labels__equal_domains__jaccard","reciprocal",0.00694444444444444
"no_four_labels__equal_domains__jaccard","dual",0.00694444444444444
"no_four_labels__equal_domains__jaccard","paucal",0.00694444444444444
"no_four_labels__equal_domains__jaccard","multal",0.00694444444444444
"no_four_labels__equal_domains__jaccard","proportional",0.00694444444444444
"no_four_labels__equal_domains__jaccard","semantically_countable",0.00694444444444444
"no_four_labels__equal_domains__jaccard","semantically_uncountable",0.00694444444444444
"no_four_labels__equal_domains__jaccard","semantically_singular",0.00694444444444444
"no_four_labels__equal_domains__jaccard","semantically_plural",0.00694444444444444
"no_four_labels__equal_domains__jaccard","distributive",0.00694444444444444
"no_four_labels__equal_domains__jaccard","joint",0.00694444444444444
"no_four_labels__equal_domains__jaccard","cardinal",0.00694444444444444
"no_four_labels__equal_domains__jaccard","disjunctive",0.00694444444444444
"no_four_labels__equal_domains__jaccard","degree",0.00694444444444444
"no_four_labels__equal_domains__jaccard","sufficiency",0.00694444444444444
"no_four_labels__equal_domains__jaccard","temporal",0.00694444444444444
"no_four_labels__equal_domains__jaccard","locative",0.00694444444444444
"no_four_labels__equal_domains__jaccard","dummy",0.00694444444444444
"no_four_labels__equal_domains__jaccard","can_be_followed_by_adjective_such",0.00543478260869565
"no_four_labels__equal_domains__jaccard","can_be_modified_by_almost",0.00543478260869565
"no_four_labels__equal_domains__jaccard","can_be_modified_by_approximately",0.00543478260869565
"no_four_labels__equal_domains__jaccard","can_be_modified_by_at_least",0.00543478260869565
"no_four_labels__equal_domains__jaccard","can_be_modified_by_hardly",0.00543478260869565
"no_four_labels__equal_domains__jaccard","can_be_modified_by_not",0.00543478260869565
"no_four_labels__equal_domains__jaccard","can_be_modified_by_adverb_very",0.00543478260869565
"no_four_labels__equal_domains__jaccard","Coordinates_with_independent_genitives",0.00543478260869565
"no_four_labels__equal_domains__jaccard","Coordinates_with_dependent_genitives",0.00543478260869565
"no_four_labels__equal_domains__jaccard","Coordinates_with_NPs",0.00543478260869565
"no_four_labels__equal_domains__jaccard","intensifying_reduplication",0.00543478260869565
"no_four_labels__equal_domains__jaccard","selects_singular_heads",0.00543478260869565
"no_four_labels__equal_domains__jaccard","selects_count_singular_heads",0.00543478260869565
"no_four_labels__equal_domains__jaccard","selects_non_count_heads",0.00543478260869565
"no_four_labels__equal_domains__jaccard","selects_plural_heads",0.00543478260869565
"no_four_labels__equal_domains__jaccard","compatible_count_sing_NP",0.00543478260869565
"no_four_labels__equal_domains__jaccard","compatible_count_plur_NP",0.00543478260869565
"no_four_labels__equal_domains__jaccard","compatible_non_count_NP",0.00543478260869565
"no_four_labels__equal_domains__jaccard","Forms_universal_pronouns_before_all",0.00543478260869565
"no_four_labels__equal_domains__jaccard","functions_as_a_predeterminer_modifier",0.00543478260869565
"no_four_labels__equal_domains__jaccard","functions_as_prehead_modifier_in_nominal",0.00543478260869565
"no_four_labels__equal_domains__jaccard","functions_as_degree_modifier_in_AdjP",0.00543478260869565
"no_four_labels__equal_domains__jaccard","functions_as_predicative_complement",0.00543478260869565
"no_four_labels__equal_domains__jaccard","functions_as_predicative_complement_to_seem",0.00543478260869565
"no_four_labels__equal_domains__jaccard","functions_as_marker_of_coordination",0.00543478260869565
"no_four_labels__equal_domains__jaccard","functions_as_adjunct_in_clause_structure",0.00543478260869565
"no_four_labels__equal_domains__jaccard","functions_as_attrib_modifier_in_nominal",0.00543478260869565
"no_four_labels__equal_domains__jaccard","appears_in_subject",0.00543478260869565
"no_four_labels__equal_domains__jaccard","appears_in_object",0.00543478260869565
"no_four_labels__equal_domains__jaccard","functions_as_post_head_modifier_of_it_or_them",0.00543478260869565
"no_four_labels__equal_domains__jaccard","functions_as_post_head_modifier_of_N",0.00543478260869565
"no_four_labels__equal_domains__jaccard","appears_in_existentials_there_s_on_the_table",0.00543478260869565
"no_four_labels__equal_domains__jaccard","functions_as_determiner_in_day_s_time_ago",0.00543478260869565
"no_four_labels__equal_domains__jaccard","functions_as_subject_of_present_participal_of_joining_you",0.00543478260869565
"no_four_labels__equal_domains__jaccard","Functions_as_subject_of_interrogative_tag",0.00543478260869565
"no_four_labels__equal_domains__jaccard","functions_in_vocative",0.00543478260869565
"no_four_labels__equal_domains__jaccard","must_be_outranked_by_a_coindexed_element",0.00543478260869565
"no_four_labels__equal_domains__jaccard","takes_predeterminer_modifiers_all_or_both",0.00543478260869565
"no_four_labels__equal_domains__jaccard","occurs_after_predeterminer_modifiers_fractions",0.00543478260869565
"no_four_labels__equal_domains__jaccard","occurs_after_predeterminer_modifiers_multipliers",0.00543478260869565
"no_four_labels__equal_domains__jaccard","ironic_use_of_repetition",0.00543478260869565
"no_four_labels__equal_domains__jaccard","take_poor_lucky_silly_as_attrib_modifiers",0.00543478260869565
"no_four_labels__equal_domains__jaccard","takes_adverb_quite_as_a_modifier",0.00543478260869565
"no_four_labels__equal_domains__jaccard","takes_else_or_more_as_a_post_head_dependent",0.00543478260869565
"no_four_labels__equal_domains__jaccard","accepts_genitive_apstrophe_s",0.00543478260869565
"no_four_labels__equal_domains__jaccard","takes_post_head_modifier_the_hell",0.00543478260869565
"no_four_labels__unique_profiles__sqrt_hamming","a",0.00675675675675676
"no_four_labels__unique_profiles__sqrt_hamming","another",0.00675675675675676
"no_four_labels__unique_profiles__sqrt_hamming","any",0.00675675675675676
"no_four_labels__unique_profiles__sqrt_hamming","body",0.00675675675675676
"no_four_labels__unique_profiles__sqrt_hamming","certain",0.00675675675675676
"no_four_labels__unique_profiles__sqrt_hamming","day",0.00675675675675676
"no_four_labels__unique_profiles__sqrt_hamming","each",0.00675675675675676
"no_four_labels__unique_profiles__sqrt_hamming","each_other",0.00675675675675676
"no_four_labels__unique_profiles__sqrt_hamming","either",0.00337837837837838
"no_four_labels__unique_profiles__sqrt_hamming","ever",0.00675675675675676
"no_four_labels__unique_profiles__sqrt_hamming","every",0.00675675675675676
"no_four_labels__unique_profiles__sqrt_hamming","few",0.00675675675675676
"no_four_labels__unique_profiles__sqrt_hamming","her",0.00675675675675676
"no_four_labels__unique_profiles__sqrt_hamming","him",0.00675675675675676
"no_four_labels__unique_profiles__sqrt_hamming","it",0.00675675675675676
"no_four_labels__unique_profiles__sqrt_hamming","its",0.00675675675675676
"no_four_labels__unique_profiles__sqrt_hamming","little",0.00675675675675676
"no_four_labels__unique_profiles__sqrt_hamming","many",0.00675675675675676
"no_four_labels__unique_profiles__sqrt_hamming","many_a",0.00675675675675676
"no_four_labels__unique_profiles__sqrt_hamming","my",0.00675675675675676
"no_four_labels__unique_profiles__sqrt_hamming","no",0.00675675675675676
"no_four_labels__unique_profiles__sqrt_hamming","no_one",0.00675675675675676
"no_four_labels__unique_profiles__sqrt_hamming","one",0.00675675675675676
"no_four_labels__unique_profiles__sqrt_hamming","one_s",0.00675675675675676
"no_four_labels__unique_profiles__sqrt_hamming","other",0.00675675675675676
"no_four_labels__unique_profiles__sqrt_hamming","our",0.00675675675675676
"no_four_labels__unique_profiles__sqrt_hamming","ours",0.00675675675675676
"no_four_labels__unique_profiles__sqrt_hamming","self",0.00675675675675676
"no_four_labels__unique_profiles__sqrt_hamming","some",0.00675675675675676
"no_four_labels__unique_profiles__sqrt_hamming","their",0.00675675675675676
"no_four_labels__unique_profiles__sqrt_hamming","theirs",0.00675675675675676
"no_four_labels__unique_profiles__sqrt_hamming","them",0.00675675675675676
"no_four_labels__unique_profiles__sqrt_hamming","they",0.00675675675675676
"no_four_labels__unique_profiles__sqrt_hamming","thing",0.00675675675675676
"no_four_labels__unique_profiles__sqrt_hamming","to",0.00675675675675676
"no_four_labels__unique_profiles__sqrt_hamming","us",0.00675675675675676
"no_four_labels__unique_profiles__sqrt_hamming","we",0.00675675675675676
"no_four_labels__unique_profiles__sqrt_hamming","what",0.00675675675675676
"no_four_labels__unique_profiles__sqrt_hamming","whatever",0.00675675675675676
"no_four_labels__unique_profiles__sqrt_hamming","where",0.00337837837837838
"no_four_labels__unique_profiles__sqrt_hamming","which",0.00675675675675676
"no_four_labels__unique_profiles__sqrt_hamming","whichever",0.00675675675675676
"no_four_labels__unique_profiles__sqrt_hamming","who",0.00675675675675676
"no_four_labels__unique_profiles__sqrt_hamming","whoever",0.00675675675675676
"no_four_labels__unique_profiles__sqrt_hamming","whom",0.00675675675675676
"no_four_labels__unique_profiles__sqrt_hamming","whose",0.00675675675675676
"no_four_labels__unique_profiles__sqrt_hamming","whosoever",0.00675675675675676
"no_four_labels__unique_profiles__sqrt_hamming","you",0.00675675675675676
"no_four_labels__unique_profiles__sqrt_hamming","your",0.00675675675675676
"no_four_labels__unique_profiles__sqrt_hamming","yours",0.00675675675675676
"no_four_labels__unique_profiles__sqrt_hamming","genitive_case",0.00675675675675676
"no_four_labels__unique_profiles__sqrt_hamming","accusative_case",0.00675675675675676
"no_four_labels__unique_profiles__sqrt_hamming","nominative_case",0.00675675675675676
"no_four_labels__unique_profiles__sqrt_hamming","in_word_formation_e_g_a_many_sided_shape",0.00675675675675676
"no_four_labels__unique_profiles__sqrt_hamming","has_derivationtionally_related_words",0.00675675675675676
"no_four_labels__unique_profiles__sqrt_hamming","has_corresponding_word",0.00675675675675676
"no_four_labels__unique_profiles__sqrt_hamming","compound_word",0.00675675675675676
"no_four_labels__unique_profiles__sqrt_hamming","inflects_for_case",0.00675675675675676
"no_four_labels__unique_profiles__sqrt_hamming","paradigm_has_distinct_acc_form",0.00675675675675676
"no_four_labels__unique_profiles__sqrt_hamming","paradigm_has_genitive_form",0.00675675675675676
"no_four_labels__unique_profiles__sqrt_hamming","paradigm_has_distinct_independent_genitive_form",0.00675675675675676
"no_four_labels__unique_profiles__sqrt_hamming","paradigm_has_distinct_self_form",0.00675675675675676
"no_four_labels__unique_profiles__sqrt_hamming","paradigm_has_comparative_and_superlative_forms",0.00337837837837838
"no_four_labels__unique_profiles__sqrt_hamming","paradigm_has_distinct_plural_form",0.00675675675675676
"no_four_labels__unique_profiles__sqrt_hamming","does_not_inflect",0.00675675675675676
"no_four_labels__unique_profiles__sqrt_hamming","Monmorphemic",0.00675675675675676
"no_four_labels__unique_profiles__sqrt_hamming","Must_be_stressed_as_object_after_particle",0.00675675675675676
"no_four_labels__unique_profiles__sqrt_hamming","Start_with_th",0.00675675675675676
"no_four_labels__unique_profiles__sqrt_hamming","Start_with_hw",0.00675675675675676
"no_four_labels__unique_profiles__sqrt_hamming","anaphoric_marker",0.00675675675675676
"no_four_labels__unique_profiles__sqrt_hamming","deictic_marker",0.00675675675675676
"no_four_labels__unique_profiles__sqrt_hamming","person_deixis",0.00675675675675676
"no_four_labels__unique_profiles__sqrt_hamming","pro_form",0.00675675675675676
"no_four_labels__unique_profiles__sqrt_hamming","personal_gender_as_head_or_fused_head",0.00675675675675676
"no_four_labels__unique_profiles__sqrt_hamming","non_personal_gender",0.00675675675675676
"no_four_labels__unique_profiles__sqrt_hamming","epicene_personal_gender",0.00675675675675676
"no_four_labels__unique_profiles__sqrt_hamming","masculine_gender",0.00675675675675676
"no_four_labels__unique_profiles__sqrt_hamming","feminine_gender",0.00675675675675676
"no_four_labels__unique_profiles__sqrt_hamming","definite",0.00675675675675676
"no_four_labels__unique_profiles__sqrt_hamming","indefinite",0.00675675675675676
"no_four_labels__unique_profiles__sqrt_hamming","existential",0.00675675675675676
"no_four_labels__unique_profiles__sqrt_hamming","universal",0.00675675675675676
"no_four_labels__unique_profiles__sqrt_hamming","free_choice",0.00675675675675676
"no_four_labels__unique_profiles__sqrt_hamming","negative",0.00675675675675676
"no_four_labels__unique_profiles__sqrt_hamming","interrogative",0.00675675675675676
"no_four_labels__unique_profiles__sqrt_hamming","non_affirmative",0.00675675675675676
"no_four_labels__unique_profiles__sqrt_hamming","reflexive",0.00675675675675676
"no_four_labels__unique_profiles__sqrt_hamming","reciprocal",0.00675675675675676
"no_four_labels__unique_profiles__sqrt_hamming","dual",0.00675675675675676
"no_four_labels__unique_profiles__sqrt_hamming","paucal",0.00675675675675676
"no_four_labels__unique_profiles__sqrt_hamming","multal",0.00675675675675676
"no_four_labels__unique_profiles__sqrt_hamming","proportional",0.00675675675675676
"no_four_labels__unique_profiles__sqrt_hamming","semantically_countable",0.00675675675675676
"no_four_labels__unique_profiles__sqrt_hamming","semantically_uncountable",0.00675675675675676
"no_four_labels__unique_profiles__sqrt_hamming","semantically_singular",0.00675675675675676
"no_four_labels__unique_profiles__sqrt_hamming","semantically_plural",0.00675675675675676
"no_four_labels__unique_profiles__sqrt_hamming","distributive",0.00675675675675676
"no_four_labels__unique_profiles__sqrt_hamming","joint",0.00675675675675676
"no_four_labels__unique_profiles__sqrt_hamming","cardinal",0.00675675675675676
"no_four_labels__unique_profiles__sqrt_hamming","disjunctive",0.00337837837837838
"no_four_labels__unique_profiles__sqrt_hamming","degree",0.00337837837837838
"no_four_labels__unique_profiles__sqrt_hamming","sufficiency",0.00675675675675676
"no_four_labels__unique_profiles__sqrt_hamming","temporal",0.00675675675675676
"no_four_labels__unique_profiles__sqrt_hamming","locative",0.00337837837837838
"no_four_labels__unique_profiles__sqrt_hamming","dummy",0.00675675675675676
"no_four_labels__unique_profiles__sqrt_hamming","can_be_followed_by_adjective_such",0.00675675675675676
"no_four_labels__unique_profiles__sqrt_hamming","can_be_modified_by_almost",0.00675675675675676
"no_four_labels__unique_profiles__sqrt_hamming","can_be_modified_by_approximately",0.00675675675675676
"no_four_labels__unique_profiles__sqrt_hamming","can_be_modified_by_at_least",0.00675675675675676
"no_four_labels__unique_profiles__sqrt_hamming","can_be_modified_by_hardly",0.00675675675675676
"no_four_labels__unique_profiles__sqrt_hamming","can_be_modified_by_not",0.00675675675675676
"no_four_labels__unique_profiles__sqrt_hamming","can_be_modified_by_adverb_very",0.00675675675675676
"no_four_labels__unique_profiles__sqrt_hamming","Coordinates_with_independent_genitives",0.00675675675675676
"no_four_labels__unique_profiles__sqrt_hamming","Coordinates_with_dependent_genitives",0.00675675675675676
"no_four_labels__unique_profiles__sqrt_hamming","Coordinates_with_NPs",0.00675675675675676
"no_four_labels__unique_profiles__sqrt_hamming","intensifying_reduplication",0.00675675675675676
"no_four_labels__unique_profiles__sqrt_hamming","selects_singular_heads",0.00675675675675676
"no_four_labels__unique_profiles__sqrt_hamming","selects_count_singular_heads",0.00675675675675676
"no_four_labels__unique_profiles__sqrt_hamming","selects_non_count_heads",0.00675675675675676
"no_four_labels__unique_profiles__sqrt_hamming","selects_plural_heads",0.00675675675675676
"no_four_labels__unique_profiles__sqrt_hamming","compatible_count_sing_NP",0.00675675675675676
"no_four_labels__unique_profiles__sqrt_hamming","compatible_count_plur_NP",0.00675675675675676
"no_four_labels__unique_profiles__sqrt_hamming","compatible_non_count_NP",0.00675675675675676
"no_four_labels__unique_profiles__sqrt_hamming","Forms_universal_pronouns_before_all",0.00675675675675676
"no_four_labels__unique_profiles__sqrt_hamming","functions_as_a_predeterminer_modifier",0.00675675675675676
"no_four_labels__unique_profiles__sqrt_hamming","functions_as_prehead_modifier_in_nominal",0.00675675675675676
"no_four_labels__unique_profiles__sqrt_hamming","functions_as_degree_modifier_in_AdjP",0.00675675675675676
"no_four_labels__unique_profiles__sqrt_hamming","functions_as_predicative_complement",0.00675675675675676
"no_four_labels__unique_profiles__sqrt_hamming","functions_as_predicative_complement_to_seem",0.00675675675675676
"no_four_labels__unique_profiles__sqrt_hamming","functions_as_marker_of_coordination",0.00675675675675676
"no_four_labels__unique_profiles__sqrt_hamming","functions_as_adjunct_in_clause_structure",0.00675675675675676
"no_four_labels__unique_profiles__sqrt_hamming","functions_as_attrib_modifier_in_nominal",0.00675675675675676
"no_four_labels__unique_profiles__sqrt_hamming","appears_in_subject",0.00675675675675676
"no_four_labels__unique_profiles__sqrt_hamming","appears_in_object",0.00675675675675676
"no_four_labels__unique_profiles__sqrt_hamming","functions_as_post_head_modifier_of_it_or_them",0.00675675675675676
"no_four_labels__unique_profiles__sqrt_hamming","functions_as_post_head_modifier_of_N",0.00675675675675676
"no_four_labels__unique_profiles__sqrt_hamming","appears_in_existentials_there_s_on_the_table",0.00675675675675676
"no_four_labels__unique_profiles__sqrt_hamming","functions_as_determiner_in_day_s_time_ago",0.00675675675675676
"no_four_labels__unique_profiles__sqrt_hamming","functions_as_subject_of_present_participal_of_joining_you",0.00675675675675676
"no_four_labels__unique_profiles__sqrt_hamming","Functions_as_subject_of_interrogative_tag",0.00675675675675676
"no_four_labels__unique_profiles__sqrt_hamming","functions_in_vocative",0.00675675675675676
"no_four_labels__unique_profiles__sqrt_hamming","must_be_outranked_by_a_coindexed_element",0.00675675675675676
"no_four_labels__unique_profiles__sqrt_hamming","takes_predeterminer_modifiers_all_or_both",0.00675675675675676
"no_four_labels__unique_profiles__sqrt_hamming","occurs_after_predeterminer_modifiers_fractions",0.00675675675675676
"no_four_labels__unique_profiles__sqrt_hamming","occurs_after_predeterminer_modifiers_multipliers",0.00675675675675676
"no_four_labels__unique_profiles__sqrt_hamming","ironic_use_of_repetition",0.00675675675675676
"no_four_labels__unique_profiles__sqrt_hamming","take_poor_lucky_silly_as_attrib_modifiers",0.00675675675675676
"no_four_labels__unique_profiles__sqrt_hamming","takes_adverb_quite_as_a_modifier",0.00675675675675676
"no_four_labels__unique_profiles__sqrt_hamming","takes_else_or_more_as_a_post_head_dependent",0.00675675675675676
"no_four_labels__unique_profiles__sqrt_hamming","accepts_genitive_apstrophe_s",0.00675675675675676
"no_four_labels__unique_profiles__sqrt_hamming","takes_post_head_modifier_the_hell",0.00675675675675676
"no_four_labels__unique_profiles__hamming","a",0.00675675675675676
"no_four_labels__unique_profiles__hamming","another",0.00675675675675676
"no_four_labels__unique_profiles__hamming","any",0.00675675675675676
"no_four_labels__unique_profiles__hamming","body",0.00675675675675676
"no_four_labels__unique_profiles__hamming","certain",0.00675675675675676
"no_four_labels__unique_profiles__hamming","day",0.00675675675675676
"no_four_labels__unique_profiles__hamming","each",0.00675675675675676
"no_four_labels__unique_profiles__hamming","each_other",0.00675675675675676
"no_four_labels__unique_profiles__hamming","either",0.00337837837837838
"no_four_labels__unique_profiles__hamming","ever",0.00675675675675676
"no_four_labels__unique_profiles__hamming","every",0.00675675675675676
"no_four_labels__unique_profiles__hamming","few",0.00675675675675676
"no_four_labels__unique_profiles__hamming","her",0.00675675675675676
"no_four_labels__unique_profiles__hamming","him",0.00675675675675676
"no_four_labels__unique_profiles__hamming","it",0.00675675675675676
"no_four_labels__unique_profiles__hamming","its",0.00675675675675676
"no_four_labels__unique_profiles__hamming","little",0.00675675675675676
"no_four_labels__unique_profiles__hamming","many",0.00675675675675676
"no_four_labels__unique_profiles__hamming","many_a",0.00675675675675676
"no_four_labels__unique_profiles__hamming","my",0.00675675675675676
"no_four_labels__unique_profiles__hamming","no",0.00675675675675676
"no_four_labels__unique_profiles__hamming","no_one",0.00675675675675676
"no_four_labels__unique_profiles__hamming","one",0.00675675675675676
"no_four_labels__unique_profiles__hamming","one_s",0.00675675675675676
"no_four_labels__unique_profiles__hamming","other",0.00675675675675676
"no_four_labels__unique_profiles__hamming","our",0.00675675675675676
"no_four_labels__unique_profiles__hamming","ours",0.00675675675675676
"no_four_labels__unique_profiles__hamming","self",0.00675675675675676
"no_four_labels__unique_profiles__hamming","some",0.00675675675675676
"no_four_labels__unique_profiles__hamming","their",0.00675675675675676
"no_four_labels__unique_profiles__hamming","theirs",0.00675675675675676
"no_four_labels__unique_profiles__hamming","them",0.00675675675675676
"no_four_labels__unique_profiles__hamming","they",0.00675675675675676
"no_four_labels__unique_profiles__hamming","thing",0.00675675675675676
"no_four_labels__unique_profiles__hamming","to",0.00675675675675676
"no_four_labels__unique_profiles__hamming","us",0.00675675675675676
"no_four_labels__unique_profiles__hamming","we",0.00675675675675676
"no_four_labels__unique_profiles__hamming","what",0.00675675675675676
"no_four_labels__unique_profiles__hamming","whatever",0.00675675675675676
"no_four_labels__unique_profiles__hamming","where",0.00337837837837838
"no_four_labels__unique_profiles__hamming","which",0.00675675675675676
"no_four_labels__unique_profiles__hamming","whichever",0.00675675675675676
"no_four_labels__unique_profiles__hamming","who",0.00675675675675676
"no_four_labels__unique_profiles__hamming","whoever",0.00675675675675676
"no_four_labels__unique_profiles__hamming","whom",0.00675675675675676
"no_four_labels__unique_profiles__hamming","whose",0.00675675675675676
"no_four_labels__unique_profiles__hamming","whosoever",0.00675675675675676
"no_four_labels__unique_profiles__hamming","you",0.00675675675675676
"no_four_labels__unique_profiles__hamming","your",0.00675675675675676
"no_four_labels__unique_profiles__hamming","yours",0.00675675675675676
"no_four_labels__unique_profiles__hamming","genitive_case",0.00675675675675676
"no_four_labels__unique_profiles__hamming","accusative_case",0.00675675675675676
"no_four_labels__unique_profiles__hamming","nominative_case",0.00675675675675676
"no_four_labels__unique_profiles__hamming","in_word_formation_e_g_a_many_sided_shape",0.00675675675675676
"no_four_labels__unique_profiles__hamming","has_derivationtionally_related_words",0.00675675675675676
"no_four_labels__unique_profiles__hamming","has_corresponding_word",0.00675675675675676
"no_four_labels__unique_profiles__hamming","compound_word",0.00675675675675676
"no_four_labels__unique_profiles__hamming","inflects_for_case",0.00675675675675676
"no_four_labels__unique_profiles__hamming","paradigm_has_distinct_acc_form",0.00675675675675676
"no_four_labels__unique_profiles__hamming","paradigm_has_genitive_form",0.00675675675675676
"no_four_labels__unique_profiles__hamming","paradigm_has_distinct_independent_genitive_form",0.00675675675675676
"no_four_labels__unique_profiles__hamming","paradigm_has_distinct_self_form",0.00675675675675676
"no_four_labels__unique_profiles__hamming","paradigm_has_comparative_and_superlative_forms",0.00337837837837838
"no_four_labels__unique_profiles__hamming","paradigm_has_distinct_plural_form",0.00675675675675676
"no_four_labels__unique_profiles__hamming","does_not_inflect",0.00675675675675676
"no_four_labels__unique_profiles__hamming","Monmorphemic",0.00675675675675676
"no_four_labels__unique_profiles__hamming","Must_be_stressed_as_object_after_particle",0.00675675675675676
"no_four_labels__unique_profiles__hamming","Start_with_th",0.00675675675675676
"no_four_labels__unique_profiles__hamming","Start_with_hw",0.00675675675675676
"no_four_labels__unique_profiles__hamming","anaphoric_marker",0.00675675675675676
"no_four_labels__unique_profiles__hamming","deictic_marker",0.00675675675675676
"no_four_labels__unique_profiles__hamming","person_deixis",0.00675675675675676
"no_four_labels__unique_profiles__hamming","pro_form",0.00675675675675676
"no_four_labels__unique_profiles__hamming","personal_gender_as_head_or_fused_head",0.00675675675675676
"no_four_labels__unique_profiles__hamming","non_personal_gender",0.00675675675675676
"no_four_labels__unique_profiles__hamming","epicene_personal_gender",0.00675675675675676
"no_four_labels__unique_profiles__hamming","masculine_gender",0.00675675675675676
"no_four_labels__unique_profiles__hamming","feminine_gender",0.00675675675675676
"no_four_labels__unique_profiles__hamming","definite",0.00675675675675676
"no_four_labels__unique_profiles__hamming","indefinite",0.00675675675675676
"no_four_labels__unique_profiles__hamming","existential",0.00675675675675676
"no_four_labels__unique_profiles__hamming","universal",0.00675675675675676
"no_four_labels__unique_profiles__hamming","free_choice",0.00675675675675676
"no_four_labels__unique_profiles__hamming","negative",0.00675675675675676
"no_four_labels__unique_profiles__hamming","interrogative",0.00675675675675676
"no_four_labels__unique_profiles__hamming","non_affirmative",0.00675675675675676
"no_four_labels__unique_profiles__hamming","reflexive",0.00675675675675676
"no_four_labels__unique_profiles__hamming","reciprocal",0.00675675675675676
"no_four_labels__unique_profiles__hamming","dual",0.00675675675675676
"no_four_labels__unique_profiles__hamming","paucal",0.00675675675675676
"no_four_labels__unique_profiles__hamming","multal",0.00675675675675676
"no_four_labels__unique_profiles__hamming","proportional",0.00675675675675676
"no_four_labels__unique_profiles__hamming","semantically_countable",0.00675675675675676
"no_four_labels__unique_profiles__hamming","semantically_uncountable",0.00675675675675676
"no_four_labels__unique_profiles__hamming","semantically_singular",0.00675675675675676
"no_four_labels__unique_profiles__hamming","semantically_plural",0.00675675675675676
"no_four_labels__unique_profiles__hamming","distributive",0.00675675675675676
"no_four_labels__unique_profiles__hamming","joint",0.00675675675675676
"no_four_labels__unique_profiles__hamming","cardinal",0.00675675675675676
"no_four_labels__unique_profiles__hamming","disjunctive",0.00337837837837838
"no_four_labels__unique_profiles__hamming","degree",0.00337837837837838
"no_four_labels__unique_profiles__hamming","sufficiency",0.00675675675675676
"no_four_labels__unique_profiles__hamming","temporal",0.00675675675675676
"no_four_labels__unique_profiles__hamming","locative",0.00337837837837838
"no_four_labels__unique_profiles__hamming","dummy",0.00675675675675676
"no_four_labels__unique_profiles__hamming","can_be_followed_by_adjective_such",0.00675675675675676
"no_four_labels__unique_profiles__hamming","can_be_modified_by_almost",0.00675675675675676
"no_four_labels__unique_profiles__hamming","can_be_modified_by_approximately",0.00675675675675676
"no_four_labels__unique_profiles__hamming","can_be_modified_by_at_least",0.00675675675675676
"no_four_labels__unique_profiles__hamming","can_be_modified_by_hardly",0.00675675675675676
"no_four_labels__unique_profiles__hamming","can_be_modified_by_not",0.00675675675675676
"no_four_labels__unique_profiles__hamming","can_be_modified_by_adverb_very",0.00675675675675676
"no_four_labels__unique_profiles__hamming","Coordinates_with_independent_genitives",0.00675675675675676
"no_four_labels__unique_profiles__hamming","Coordinates_with_dependent_genitives",0.00675675675675676
"no_four_labels__unique_profiles__hamming","Coordinates_with_NPs",0.00675675675675676
"no_four_labels__unique_profiles__hamming","intensifying_reduplication",0.00675675675675676
"no_four_labels__unique_profiles__hamming","selects_singular_heads",0.00675675675675676
"no_four_labels__unique_profiles__hamming","selects_count_singular_heads",0.00675675675675676
"no_four_labels__unique_profiles__hamming","selects_non_count_heads",0.00675675675675676
"no_four_labels__unique_profiles__hamming","selects_plural_heads",0.00675675675675676
"no_four_labels__unique_profiles__hamming","compatible_count_sing_NP",0.00675675675675676
"no_four_labels__unique_profiles__hamming","compatible_count_plur_NP",0.00675675675675676
"no_four_labels__unique_profiles__hamming","compatible_non_count_NP",0.00675675675675676
"no_four_labels__unique_profiles__hamming","Forms_universal_pronouns_before_all",0.00675675675675676
"no_four_labels__unique_profiles__hamming","functions_as_a_predeterminer_modifier",0.00675675675675676
"no_four_labels__unique_profiles__hamming","functions_as_prehead_modifier_in_nominal",0.00675675675675676
"no_four_labels__unique_profiles__hamming","functions_as_degree_modifier_in_AdjP",0.00675675675675676
"no_four_labels__unique_profiles__hamming","functions_as_predicative_complement",0.00675675675675676
"no_four_labels__unique_profiles__hamming","functions_as_predicative_complement_to_seem",0.00675675675675676
"no_four_labels__unique_profiles__hamming","functions_as_marker_of_coordination",0.00675675675675676
"no_four_labels__unique_profiles__hamming","functions_as_adjunct_in_clause_structure",0.00675675675675676
"no_four_labels__unique_profiles__hamming","functions_as_attrib_modifier_in_nominal",0.00675675675675676
"no_four_labels__unique_profiles__hamming","appears_in_subject",0.00675675675675676
"no_four_labels__unique_profiles__hamming","appears_in_object",0.00675675675675676
"no_four_labels__unique_profiles__hamming","functions_as_post_head_modifier_of_it_or_them",0.00675675675675676
"no_four_labels__unique_profiles__hamming","functions_as_post_head_modifier_of_N",0.00675675675675676
"no_four_labels__unique_profiles__hamming","appears_in_existentials_there_s_on_the_table",0.00675675675675676
"no_four_labels__unique_profiles__hamming","functions_as_determiner_in_day_s_time_ago",0.00675675675675676
"no_four_labels__unique_profiles__hamming","functions_as_subject_of_present_participal_of_joining_you",0.00675675675675676
"no_four_labels__unique_profiles__hamming","Functions_as_subject_of_interrogative_tag",0.00675675675675676
"no_four_labels__unique_profiles__hamming","functions_in_vocative",0.00675675675675676
"no_four_labels__unique_profiles__hamming","must_be_outranked_by_a_coindexed_element",0.00675675675675676
"no_four_labels__unique_profiles__hamming","takes_predeterminer_modifiers_all_or_both",0.00675675675675676
"no_four_labels__unique_profiles__hamming","occurs_after_predeterminer_modifiers_fractions",0.00675675675675676
"no_four_labels__unique_profiles__hamming","occurs_after_predeterminer_modifiers_multipliers",0.00675675675675676
"no_four_labels__unique_profiles__hamming","ironic_use_of_repetition",0.00675675675675676
"no_four_labels__unique_profiles__hamming","take_poor_lucky_silly_as_attrib_modifiers",0.00675675675675676
"no_four_labels__unique_profiles__hamming","takes_adverb_quite_as_a_modifier",0.00675675675675676
"no_four_labels__unique_profiles__hamming","takes_else_or_more_as_a_post_head_dependent",0.00675675675675676
"no_four_labels__unique_profiles__hamming","accepts_genitive_apstrophe_s",0.00675675675675676
"no_four_labels__unique_profiles__hamming","takes_post_head_modifier_the_hell",0.00675675675675676
"no_four_labels__unique_profiles__jaccard","a",0.00675675675675676
"no_four_labels__unique_profiles__jaccard","another",0.00675675675675676
"no_four_labels__unique_profiles__jaccard","any",0.00675675675675676
"no_four_labels__unique_profiles__jaccard","body",0.00675675675675676
"no_four_labels__unique_profiles__jaccard","certain",0.00675675675675676
"no_four_labels__unique_profiles__jaccard","day",0.00675675675675676
"no_four_labels__unique_profiles__jaccard","each",0.00675675675675676
"no_four_labels__unique_profiles__jaccard","each_other",0.00675675675675676
"no_four_labels__unique_profiles__jaccard","either",0.00337837837837838
"no_four_labels__unique_profiles__jaccard","ever",0.00675675675675676
"no_four_labels__unique_profiles__jaccard","every",0.00675675675675676
"no_four_labels__unique_profiles__jaccard","few",0.00675675675675676
"no_four_labels__unique_profiles__jaccard","her",0.00675675675675676
"no_four_labels__unique_profiles__jaccard","him",0.00675675675675676
"no_four_labels__unique_profiles__jaccard","it",0.00675675675675676
"no_four_labels__unique_profiles__jaccard","its",0.00675675675675676
"no_four_labels__unique_profiles__jaccard","little",0.00675675675675676
"no_four_labels__unique_profiles__jaccard","many",0.00675675675675676
"no_four_labels__unique_profiles__jaccard","many_a",0.00675675675675676
"no_four_labels__unique_profiles__jaccard","my",0.00675675675675676
"no_four_labels__unique_profiles__jaccard","no",0.00675675675675676
"no_four_labels__unique_profiles__jaccard","no_one",0.00675675675675676
"no_four_labels__unique_profiles__jaccard","one",0.00675675675675676
"no_four_labels__unique_profiles__jaccard","one_s",0.00675675675675676
"no_four_labels__unique_profiles__jaccard","other",0.00675675675675676
"no_four_labels__unique_profiles__jaccard","our",0.00675675675675676
"no_four_labels__unique_profiles__jaccard","ours",0.00675675675675676
"no_four_labels__unique_profiles__jaccard","self",0.00675675675675676
"no_four_labels__unique_profiles__jaccard","some",0.00675675675675676
"no_four_labels__unique_profiles__jaccard","their",0.00675675675675676
"no_four_labels__unique_profiles__jaccard","theirs",0.00675675675675676
"no_four_labels__unique_profiles__jaccard","them",0.00675675675675676
"no_four_labels__unique_profiles__jaccard","they",0.00675675675675676
"no_four_labels__unique_profiles__jaccard","thing",0.00675675675675676
"no_four_labels__unique_profiles__jaccard","to",0.00675675675675676
"no_four_labels__unique_profiles__jaccard","us",0.00675675675675676
"no_four_labels__unique_profiles__jaccard","we",0.00675675675675676
"no_four_labels__unique_profiles__jaccard","what",0.00675675675675676
"no_four_labels__unique_profiles__jaccard","whatever",0.00675675675675676
"no_four_labels__unique_profiles__jaccard","where",0.00337837837837838
"no_four_labels__unique_profiles__jaccard","which",0.00675675675675676
"no_four_labels__unique_profiles__jaccard","whichever",0.00675675675675676
"no_four_labels__unique_profiles__jaccard","who",0.00675675675675676
"no_four_labels__unique_profiles__jaccard","whoever",0.00675675675675676
"no_four_labels__unique_profiles__jaccard","whom",0.00675675675675676
"no_four_labels__unique_profiles__jaccard","whose",0.00675675675675676
"no_four_labels__unique_profiles__jaccard","whosoever",0.00675675675675676
"no_four_labels__unique_profiles__jaccard","you",0.00675675675675676
"no_four_labels__unique_profiles__jaccard","your",0.00675675675675676
"no_four_labels__unique_profiles__jaccard","yours",0.00675675675675676
"no_four_labels__unique_profiles__jaccard","genitive_case",0.00675675675675676
"no_four_labels__unique_profiles__jaccard","accusative_case",0.00675675675675676
"no_four_labels__unique_profiles__jaccard","nominative_case",0.00675675675675676
"no_four_labels__unique_profiles__jaccard","in_word_formation_e_g_a_many_sided_shape",0.00675675675675676
"no_four_labels__unique_profiles__jaccard","has_derivationtionally_related_words",0.00675675675675676
"no_four_labels__unique_profiles__jaccard","has_corresponding_word",0.00675675675675676
"no_four_labels__unique_profiles__jaccard","compound_word",0.00675675675675676
"no_four_labels__unique_profiles__jaccard","inflects_for_case",0.00675675675675676
"no_four_labels__unique_profiles__jaccard","paradigm_has_distinct_acc_form",0.00675675675675676
"no_four_labels__unique_profiles__jaccard","paradigm_has_genitive_form",0.00675675675675676
"no_four_labels__unique_profiles__jaccard","paradigm_has_distinct_independent_genitive_form",0.00675675675675676
"no_four_labels__unique_profiles__jaccard","paradigm_has_distinct_self_form",0.00675675675675676
"no_four_labels__unique_profiles__jaccard","paradigm_has_comparative_and_superlative_forms",0.00337837837837838
"no_four_labels__unique_profiles__jaccard","paradigm_has_distinct_plural_form",0.00675675675675676
"no_four_labels__unique_profiles__jaccard","does_not_inflect",0.00675675675675676
"no_four_labels__unique_profiles__jaccard","Monmorphemic",0.00675675675675676
"no_four_labels__unique_profiles__jaccard","Must_be_stressed_as_object_after_particle",0.00675675675675676
"no_four_labels__unique_profiles__jaccard","Start_with_th",0.00675675675675676
"no_four_labels__unique_profiles__jaccard","Start_with_hw",0.00675675675675676
"no_four_labels__unique_profiles__jaccard","anaphoric_marker",0.00675675675675676
"no_four_labels__unique_profiles__jaccard","deictic_marker",0.00675675675675676
"no_four_labels__unique_profiles__jaccard","person_deixis",0.00675675675675676
"no_four_labels__unique_profiles__jaccard","pro_form",0.00675675675675676
"no_four_labels__unique_profiles__jaccard","personal_gender_as_head_or_fused_head",0.00675675675675676
"no_four_labels__unique_profiles__jaccard","non_personal_gender",0.00675675675675676
"no_four_labels__unique_profiles__jaccard","epicene_personal_gender",0.00675675675675676
"no_four_labels__unique_profiles__jaccard","masculine_gender",0.00675675675675676
"no_four_labels__unique_profiles__jaccard","feminine_gender",0.00675675675675676
"no_four_labels__unique_profiles__jaccard","definite",0.00675675675675676
"no_four_labels__unique_profiles__jaccard","indefinite",0.00675675675675676
"no_four_labels__unique_profiles__jaccard","existential",0.00675675675675676
"no_four_labels__unique_profiles__jaccard","universal",0.00675675675675676
"no_four_labels__unique_profiles__jaccard","free_choice",0.00675675675675676
"no_four_labels__unique_profiles__jaccard","negative",0.00675675675675676
"no_four_labels__unique_profiles__jaccard","interrogative",0.00675675675675676
"no_four_labels__unique_profiles__jaccard","non_affirmative",0.00675675675675676
"no_four_labels__unique_profiles__jaccard","reflexive",0.00675675675675676
"no_four_labels__unique_profiles__jaccard","reciprocal",0.00675675675675676
"no_four_labels__unique_profiles__jaccard","dual",0.00675675675675676
"no_four_labels__unique_profiles__jaccard","paucal",0.00675675675675676
"no_four_labels__unique_profiles__jaccard","multal",0.00675675675675676
"no_four_labels__unique_profiles__jaccard","proportional",0.00675675675675676
"no_four_labels__unique_profiles__jaccard","semantically_countable",0.00675675675675676
"no_four_labels__unique_profiles__jaccard","semantically_uncountable",0.00675675675675676
"no_four_labels__unique_profiles__jaccard","semantically_singular",0.00675675675675676
"no_four_labels__unique_profiles__jaccard","semantically_plural",0.00675675675675676
"no_four_labels__unique_profiles__jaccard","distributive",0.00675675675675676
"no_four_labels__unique_profiles__jaccard","joint",0.00675675675675676
"no_four_labels__unique_profiles__jaccard","cardinal",0.00675675675675676
"no_four_labels__unique_profiles__jaccard","disjunctive",0.00337837837837838
"no_four_labels__unique_profiles__jaccard","degree",0.00337837837837838
"no_four_labels__unique_profiles__jaccard","sufficiency",0.00675675675675676
"no_four_labels__unique_profiles__jaccard","temporal",0.00675675675675676
"no_four_labels__unique_profiles__jaccard","locative",0.00337837837837838
"no_four_labels__unique_profiles__jaccard","dummy",0.00675675675675676
"no_four_labels__unique_profiles__jaccard","can_be_followed_by_adjective_such",0.00675675675675676
"no_four_labels__unique_profiles__jaccard","can_be_modified_by_almost",0.00675675675675676
"no_four_labels__unique_profiles__jaccard","can_be_modified_by_approximately",0.00675675675675676
"no_four_labels__unique_profiles__jaccard","can_be_modified_by_at_least",0.00675675675675676
"no_four_labels__unique_profiles__jaccard","can_be_modified_by_hardly",0.00675675675675676
"no_four_labels__unique_profiles__jaccard","can_be_modified_by_not",0.00675675675675676
"no_four_labels__unique_profiles__jaccard","can_be_modified_by_adverb_very",0.00675675675675676
"no_four_labels__unique_profiles__jaccard","Coordinates_with_independent_genitives",0.00675675675675676
"no_four_labels__unique_profiles__jaccard","Coordinates_with_dependent_genitives",0.00675675675675676
"no_four_labels__unique_profiles__jaccard","Coordinates_with_NPs",0.00675675675675676
"no_four_labels__unique_profiles__jaccard","intensifying_reduplication",0.00675675675675676
"no_four_labels__unique_profiles__jaccard","selects_singular_heads",0.00675675675675676
"no_four_labels__unique_profiles__jaccard","selects_count_singular_heads",0.00675675675675676
"no_four_labels__unique_profiles__jaccard","selects_non_count_heads",0.00675675675675676
"no_four_labels__unique_profiles__jaccard","selects_plural_heads",0.00675675675675676
"no_four_labels__unique_profiles__jaccard","compatible_count_sing_NP",0.00675675675675676
"no_four_labels__unique_profiles__jaccard","compatible_count_plur_NP",0.00675675675675676
"no_four_labels__unique_profiles__jaccard","compatible_non_count_NP",0.00675675675675676
"no_four_labels__unique_profiles__jaccard","Forms_universal_pronouns_before_all",0.00675675675675676
"no_four_labels__unique_profiles__jaccard","functions_as_a_predeterminer_modifier",0.00675675675675676
"no_four_labels__unique_profiles__jaccard","functions_as_prehead_modifier_in_nominal",0.00675675675675676
"no_four_labels__unique_profiles__jaccard","functions_as_degree_modifier_in_AdjP",0.00675675675675676
"no_four_labels__unique_profiles__jaccard","functions_as_predicative_complement",0.00675675675675676
"no_four_labels__unique_profiles__jaccard","functions_as_predicative_complement_to_seem",0.00675675675675676
"no_four_labels__unique_profiles__jaccard","functions_as_marker_of_coordination",0.00675675675675676
"no_four_labels__unique_profiles__jaccard","functions_as_adjunct_in_clause_structure",0.00675675675675676
"no_four_labels__unique_profiles__jaccard","functions_as_attrib_modifier_in_nominal",0.00675675675675676
"no_four_labels__unique_profiles__jaccard","appears_in_subject",0.00675675675675676
"no_four_labels__unique_profiles__jaccard","appears_in_object",0.00675675675675676
"no_four_labels__unique_profiles__jaccard","functions_as_post_head_modifier_of_it_or_them",0.00675675675675676
"no_four_labels__unique_profiles__jaccard","functions_as_post_head_modifier_of_N",0.00675675675675676
"no_four_labels__unique_profiles__jaccard","appears_in_existentials_there_s_on_the_table",0.00675675675675676
"no_four_labels__unique_profiles__jaccard","functions_as_determiner_in_day_s_time_ago",0.00675675675675676
"no_four_labels__unique_profiles__jaccard","functions_as_subject_of_present_participal_of_joining_you",0.00675675675675676
"no_four_labels__unique_profiles__jaccard","Functions_as_subject_of_interrogative_tag",0.00675675675675676
"no_four_labels__unique_profiles__jaccard","functions_in_vocative",0.00675675675675676
"no_four_labels__unique_profiles__jaccard","must_be_outranked_by_a_coindexed_element",0.00675675675675676
"no_four_labels__unique_profiles__jaccard","takes_predeterminer_modifiers_all_or_both",0.00675675675675676
"no_four_labels__unique_profiles__jaccard","occurs_after_predeterminer_modifiers_fractions",0.00675675675675676
"no_four_labels__unique_profiles__jaccard","occurs_after_predeterminer_modifiers_multipliers",0.00675675675675676
"no_four_labels__unique_profiles__jaccard","ironic_use_of_repetition",0.00675675675675676
"no_four_labels__unique_profiles__jaccard","take_poor_lucky_silly_as_attrib_modifiers",0.00675675675675676
"no_four_labels__unique_profiles__jaccard","takes_adverb_quite_as_a_modifier",0.00675675675675676
"no_four_labels__unique_profiles__jaccard","takes_else_or_more_as_a_post_head_dependent",0.00675675675675676
"no_four_labels__unique_profiles__jaccard","accepts_genitive_apstrophe_s",0.00675675675675676
"no_four_labels__unique_profiles__jaccard","takes_post_head_modifier_the_hell",0.00675675675675676
"no_four_labels__idf_presence__jaccard","a",0.00753169517088713
"no_four_labels__idf_presence__jaccard","another",0.0101257240520734
"no_four_labels__idf_presence__jaccard","any",0.00877472802781113
"no_four_labels__idf_presence__jaccard","body",0.00936488254755261
"no_four_labels__idf_presence__jaccard","certain",0.0111980699242181
"no_four_labels__idf_presence__jaccard","day",0.0111980699242181
"no_four_labels__idf_presence__jaccard","each",0.0111980699242181
"no_four_labels__idf_presence__jaccard","each_other",0.0130312573008836
"no_four_labels__idf_presence__jaccard","either",0.0111980699242181
"no_four_labels__idf_presence__jaccard","ever",0.00605166231928239
"no_four_labels__idf_presence__jaccard","every",0.00877472802781113
"no_four_labels__idf_presence__jaccard","few",0.00936488254755261
"no_four_labels__idf_presence__jaccard","her",0.00936488254755261
"no_four_labels__idf_presence__jaccard","him",0.0111980699242181
"no_four_labels__idf_presence__jaccard","it",0.00936488254755261
"no_four_labels__idf_presence__jaccard","its",0.0111980699242181
"no_four_labels__idf_presence__jaccard","little",0.0111980699242181
"no_four_labels__idf_presence__jaccard","many",0.0111980699242181
"no_four_labels__idf_presence__jaccard","many_a",0.0111980699242181
"no_four_labels__idf_presence__jaccard","my",0.0111980699242181
"no_four_labels__idf_presence__jaccard","no",0.00829253667540792
"no_four_labels__idf_presence__jaccard","no_one",0.0111980699242181
"no_four_labels__idf_presence__jaccard","one",0.00668947092716025
"no_four_labels__idf_presence__jaccard","one_s",0.0111980699242181
"no_four_labels__idf_presence__jaccard","other",0.0101257240520734
"no_four_labels__idf_presence__jaccard","our",0.0101257240520734
"no_four_labels__idf_presence__jaccard","ours",0.0111980699242181
"no_four_labels__idf_presence__jaccard","self",0.00694154065114565
"no_four_labels__idf_presence__jaccard","some",0.00829253667540792
"no_four_labels__idf_presence__jaccard","their",0.00936488254755261
"no_four_labels__idf_presence__jaccard","theirs",0.0111980699242181
"no_four_labels__idf_presence__jaccard","them",0.00936488254755261
"no_four_labels__idf_presence__jaccard","they",0.0111980699242181
"no_four_labels__idf_presence__jaccard","thing",0.00936488254755261
"no_four_labels__idf_presence__jaccard","to",0.0101257240520734
"no_four_labels__idf_presence__jaccard","us",0.0111980699242181
"no_four_labels__idf_presence__jaccard","we",0.0111980699242181
"no_four_labels__idf_presence__jaccard","what",0.00877472802781113
"no_four_labels__idf_presence__jaccard","whatever",0.0111980699242181
"no_four_labels__idf_presence__jaccard","where",0.00936488254755261
"no_four_labels__idf_presence__jaccard","which",0.00877472802781113
"no_four_labels__idf_presence__jaccard","whichever",0.0111980699242181
"no_four_labels__idf_presence__jaccard","who",0.00668947092716025
"no_four_labels__idf_presence__jaccard","whoever",0.0111980699242181
"no_four_labels__idf_presence__jaccard","whom",0.0111980699242181
"no_four_labels__idf_presence__jaccard","whose",0.0111980699242181
"no_four_labels__idf_presence__jaccard","whosoever",0.0111980699242181
"no_four_labels__idf_presence__jaccard","you",0.00722019080326322
"no_four_labels__idf_presence__jaccard","your",0.00829253667540792
"no_four_labels__idf_presence__jaccard","yours",0.0111980699242181
"no_four_labels__idf_presence__jaccard","genitive_case",0.00485628355049477
"no_four_labels__idf_presence__jaccard","accusative_case",0.00668947092716025
"no_four_labels__idf_presence__jaccard","nominative_case",0.00668947092716025
"no_four_labels__idf_presence__jaccard","in_word_formation_e_g_a_many_sided_shape",0.0041256678645349
"no_four_labels__idf_presence__jaccard","has_derivationtionally_related_words",0.00147524600805844
"no_four_labels__idf_presence__jaccard","has_corresponding_word",0.00341082282958333
"no_four_labels__idf_presence__jaccard","compound_word",0.00279297454541148
"no_four_labels__idf_presence__jaccard","inflects_for_case",0.00161266550592852
"no_four_labels__idf_presence__jaccard","paradigm_has_distinct_acc_form",0.00320986059618887
"no_four_labels__idf_presence__jaccard","paradigm_has_genitive_form",0.0025812831681448
"no_four_labels__idf_presence__jaccard","paradigm_has_distinct_independent_genitive_form",0.00378393767835008
"no_four_labels__idf_presence__jaccard","paradigm_has_distinct_self_form",0.00308389725011888
"no_four_labels__idf_presence__jaccard","paradigm_has_comparative_and_superlative_forms",0.00694154065114565
"no_four_labels__idf_presence__jaccard","paradigm_has_distinct_plural_form",0.00485628355049477
"no_four_labels__idf_presence__jaccard","does_not_inflect",0.00211609978649418
"no_four_labels__idf_presence__jaccard","Monmorphemic",0.00179513304620995
"no_four_labels__idf_presence__jaccard","Must_be_stressed_as_object_after_particle",0.0032751658978147
"no_four_labels__idf_presence__jaccard","Start_with_th",0.00553817201771423
"no_four_labels__idf_presence__jaccard","Start_with_hw",0.00722019080326322
"no_four_labels__idf_presence__jaccard","anaphoric_marker",0.00116002452058534
"no_four_labels__idf_presence__jaccard","deictic_marker",0.00362832042287543
"no_four_labels__idf_presence__jaccard","person_deixis",0.00403600740233548
"no_four_labels__idf_presence__jaccard","pro_form",0.0020321330408907
"no_four_labels__idf_presence__jaccard","personal_gender_as_head_or_fused_head",0.00243294165408781
"no_four_labels__idf_presence__jaccard","non_personal_gender",0.00386532041755617
"no_four_labels__idf_presence__jaccard","epicene_personal_gender",0.00314612907047222
"no_four_labels__idf_presence__jaccard","masculine_gender",0.00936488254755261
"no_four_labels__idf_presence__jaccard","feminine_gender",0.00877472802781113
"no_four_labels__idf_presence__jaccard","definite",0.0017576185117227
"no_four_labels__idf_presence__jaccard","indefinite",0.00172062867326679
"no_four_labels__idf_presence__jaccard","existential",0.000459293111203946
"no_four_labels__idf_presence__jaccard","universal",0.00753169517088713
"no_four_labels__idf_presence__jaccard","free_choice",0.00473872062547565
"no_four_labels__idf_presence__jaccard","negative",0.00624765792147576
"no_four_labels__idf_presence__jaccard","interrogative",0.00569850779422165
"no_four_labels__idf_presence__jaccard","non_affirmative",0.00473872062547565
"no_four_labels__idf_presence__jaccard","reflexive",0.00722019080326322
"no_four_labels__idf_presence__jaccard","reciprocal",0.0111980699242181
"no_four_labels__idf_presence__jaccard","dual",0.00877472802781113
"no_four_labels__idf_presence__jaccard","paucal",0.00645934929874244
"no_four_labels__idf_presence__jaccard","multal",0.00936488254755261
"no_four_labels__idf_presence__jaccard","proportional",0.00334212467266558
"no_four_labels__idf_presence__jaccard","semantically_countable",0.000697718452368842
"no_four_labels__idf_presence__jaccard","semantically_uncountable",0.0032751658978147
"no_four_labels__idf_presence__jaccard","semantically_singular",0.00131294169380674
"no_four_labels__idf_presence__jaccard","semantically_plural",0.00179513304620995
"no_four_labels__idf_presence__jaccard","distributive",0.00168414905577076
"no_four_labels__idf_presence__jaccard","joint",0.00183318737666548
"no_four_labels__idf_presence__jaccard","cardinal",0.00936488254755261
"no_four_labels__idf_presence__jaccard","disjunctive",0.0111980699242181
"no_four_labels__idf_presence__jaccard","degree",0.00694154065114565
"no_four_labels__idf_presence__jaccard","sufficiency",0.0111980699242181
"no_four_labels__idf_presence__jaccard","temporal",0.00722019080326322
"no_four_labels__idf_presence__jaccard","locative",0.00936488254755261
"no_four_labels__idf_presence__jaccard","dummy",0.0111980699242181
"no_four_labels__idf_presence__jaccard","can_be_followed_by_adjective_such",0.00386532041755617
"no_four_labels__idf_presence__jaccard","can_be_modified_by_almost",0.00290553324881017
"no_four_labels__idf_presence__jaccard","can_be_modified_by_approximately",0.00569850779422165
"no_four_labels__idf_presence__jaccard","can_be_modified_by_at_least",0.00207378319832752
"no_four_labels__idf_presence__jaccard","can_be_modified_by_hardly",0.00403600740233548
"no_four_labels__idf_presence__jaccard","can_be_modified_by_not",0.00362832042287543
"no_four_labels__idf_presence__jaccard","can_be_modified_by_adverb_very",0.00936488254755261
"no_four_labels__idf_presence__jaccard","Coordinates_with_independent_genitives",0.00263263876890406
"no_four_labels__idf_presence__jaccard","Coordinates_with_dependent_genitives",0.00645934929874244
"no_four_labels__idf_presence__jaccard","Coordinates_with_NPs",0.000697718452368842
"no_four_labels__idf_presence__jaccard","intensifying_reduplication",0.0101257240520734
"no_four_labels__idf_presence__jaccard","selects_singular_heads",0.00510835327448017
"no_four_labels__idf_presence__jaccard","selects_count_singular_heads",0.00510835327448017
"no_four_labels__idf_presence__jaccard","selects_non_count_heads",0.00624765792147576
"no_four_labels__idf_presence__jaccard","selects_plural_heads",0.00441447054481028
"no_four_labels__idf_presence__jaccard","compatible_count_sing_NP",0.00243294165408781
"no_four_labels__idf_presence__jaccard","compatible_count_plur_NP",0.0025812831681448
"no_four_labels__idf_presence__jaccard","compatible_non_count_NP",0.0032751658978147
"no_four_labels__idf_presence__jaccard","Forms_universal_pronouns_before_all",0.00877472802781113
"no_four_labels__idf_presence__jaccard","functions_as_a_predeterminer_modifier",0.00829253667540792
"no_four_labels__idf_presence__jaccard","functions_as_prehead_modifier_in_nominal",0.00624765792147576
"no_four_labels__idf_presence__jaccard","functions_as_degree_modifier_in_AdjP",0.00605166231928239
"no_four_labels__idf_presence__jaccard","functions_as_predicative_complement",0.0012507098734534
"no_four_labels__idf_presence__jaccard","functions_as_predicative_complement_to_seem",0.00553817201771423
"no_four_labels__idf_presence__jaccard","functions_as_marker_of_coordination",0.0111980699242181
"no_four_labels__idf_presence__jaccard","functions_as_adjunct_in_clause_structure",0.00341082282958333
"no_four_labels__idf_presence__jaccard","functions_as_attrib_modifier_in_nominal",0.00510835327448017
"no_four_labels__idf_presence__jaccard","appears_in_subject",0.000482191352403215
"no_four_labels__idf_presence__jaccard","appears_in_object",0.000391764412778537
"no_four_labels__idf_presence__jaccard","functions_as_post_head_modifier_of_it_or_them",0.0101257240520734
"no_four_labels__idf_presence__jaccard","functions_as_post_head_modifier_of_N",0.00936488254755261
"no_four_labels__idf_presence__jaccard","appears_in_existentials_there_s_on_the_table",0.00334212467266558
"no_four_labels__idf_presence__jaccard","functions_as_determiner_in_day_s_time_ago",0.00586919477900096
"no_four_labels__idf_presence__jaccard","functions_as_subject_of_present_participal_of_joining_you",0.00113047415352531
"no_four_labels__idf_presence__jaccard","Functions_as_subject_of_interrogative_tag",0.00668947092716025
"no_four_labels__idf_presence__jaccard","functions_in_vocative",0.00668947092716025
"no_four_labels__idf_presence__jaccard","must_be_outranked_by_a_coindexed_element",0.00645934929874244
"no_four_labels__idf_presence__jaccard","takes_predeterminer_modifiers_all_or_both",0.00421847494261691
"no_four_labels__idf_presence__jaccard","occurs_after_predeterminer_modifiers_fractions",0.00279297454541148
"no_four_labels__idf_presence__jaccard","occurs_after_predeterminer_modifiers_multipliers",0.00279297454541148
"no_four_labels__idf_presence__jaccard","ironic_use_of_repetition",0.00586919477900096
"no_four_labels__idf_presence__jaccard","take_poor_lucky_silly_as_attrib_modifiers",0.00788484969594787
"no_four_labels__idf_presence__jaccard","takes_adverb_quite_as_a_modifier",0.00279297454541148
"no_four_labels__idf_presence__jaccard","takes_else_or_more_as_a_post_head_dependent",0.00403600740233548
"no_four_labels__idf_presence__jaccard","accepts_genitive_apstrophe_s",0.00462616192207696
"no_four_labels__idf_presence__jaccard","takes_post_head_modifier_the_hell",0.00877472802781113
"no_components_or_four_labels__equal_features__sqrt_hamming","genitive_case",0.0099009900990099
"no_components_or_four_labels__equal_features__sqrt_hamming","accusative_case",0.0099009900990099
"no_components_or_four_labels__equal_features__sqrt_hamming","nominative_case",0.0099009900990099
"no_components_or_four_labels__equal_features__sqrt_hamming","in_word_formation_e_g_a_many_sided_shape",0.0099009900990099
"no_components_or_four_labels__equal_features__sqrt_hamming","has_derivationtionally_related_words",0.0099009900990099
"no_components_or_four_labels__equal_features__sqrt_hamming","has_corresponding_word",0.0099009900990099
"no_components_or_four_labels__equal_features__sqrt_hamming","compound_word",0.0099009900990099
"no_components_or_four_labels__equal_features__sqrt_hamming","inflects_for_case",0.0099009900990099
"no_components_or_four_labels__equal_features__sqrt_hamming","paradigm_has_distinct_acc_form",0.0099009900990099
"no_components_or_four_labels__equal_features__sqrt_hamming","paradigm_has_genitive_form",0.0099009900990099
"no_components_or_four_labels__equal_features__sqrt_hamming","paradigm_has_distinct_independent_genitive_form",0.0099009900990099
"no_components_or_four_labels__equal_features__sqrt_hamming","paradigm_has_distinct_self_form",0.0099009900990099
"no_components_or_four_labels__equal_features__sqrt_hamming","paradigm_has_comparative_and_superlative_forms",0.0099009900990099
"no_components_or_four_labels__equal_features__sqrt_hamming","paradigm_has_distinct_plural_form",0.0099009900990099
"no_components_or_four_labels__equal_features__sqrt_hamming","does_not_inflect",0.0099009900990099
"no_components_or_four_labels__equal_features__sqrt_hamming","Monmorphemic",0.0099009900990099
"no_components_or_four_labels__equal_features__sqrt_hamming","Must_be_stressed_as_object_after_particle",0.0099009900990099
"no_components_or_four_labels__equal_features__sqrt_hamming","Start_with_th",0.0099009900990099
"no_components_or_four_labels__equal_features__sqrt_hamming","Start_with_hw",0.0099009900990099
"no_components_or_four_labels__equal_features__sqrt_hamming","anaphoric_marker",0.0099009900990099
"no_components_or_four_labels__equal_features__sqrt_hamming","deictic_marker",0.0099009900990099
"no_components_or_four_labels__equal_features__sqrt_hamming","person_deixis",0.0099009900990099
"no_components_or_four_labels__equal_features__sqrt_hamming","pro_form",0.0099009900990099
"no_components_or_four_labels__equal_features__sqrt_hamming","personal_gender_as_head_or_fused_head",0.0099009900990099
"no_components_or_four_labels__equal_features__sqrt_hamming","non_personal_gender",0.0099009900990099
"no_components_or_four_labels__equal_features__sqrt_hamming","epicene_personal_gender",0.0099009900990099
"no_components_or_four_labels__equal_features__sqrt_hamming","masculine_gender",0.0099009900990099
"no_components_or_four_labels__equal_features__sqrt_hamming","feminine_gender",0.0099009900990099
"no_components_or_four_labels__equal_features__sqrt_hamming","definite",0.0099009900990099
"no_components_or_four_labels__equal_features__sqrt_hamming","indefinite",0.0099009900990099
"no_components_or_four_labels__equal_features__sqrt_hamming","existential",0.0099009900990099
"no_components_or_four_labels__equal_features__sqrt_hamming","universal",0.0099009900990099
"no_components_or_four_labels__equal_features__sqrt_hamming","free_choice",0.0099009900990099
"no_components_or_four_labels__equal_features__sqrt_hamming","negative",0.0099009900990099
"no_components_or_four_labels__equal_features__sqrt_hamming","interrogative",0.0099009900990099
"no_components_or_four_labels__equal_features__sqrt_hamming","non_affirmative",0.0099009900990099
"no_components_or_four_labels__equal_features__sqrt_hamming","reflexive",0.0099009900990099
"no_components_or_four_labels__equal_features__sqrt_hamming","reciprocal",0.0099009900990099
"no_components_or_four_labels__equal_features__sqrt_hamming","dual",0.0099009900990099
"no_components_or_four_labels__equal_features__sqrt_hamming","paucal",0.0099009900990099
"no_components_or_four_labels__equal_features__sqrt_hamming","multal",0.0099009900990099
"no_components_or_four_labels__equal_features__sqrt_hamming","proportional",0.0099009900990099
"no_components_or_four_labels__equal_features__sqrt_hamming","semantically_countable",0.0099009900990099
"no_components_or_four_labels__equal_features__sqrt_hamming","semantically_uncountable",0.0099009900990099
"no_components_or_four_labels__equal_features__sqrt_hamming","semantically_singular",0.0099009900990099
"no_components_or_four_labels__equal_features__sqrt_hamming","semantically_plural",0.0099009900990099
"no_components_or_four_labels__equal_features__sqrt_hamming","distributive",0.0099009900990099
"no_components_or_four_labels__equal_features__sqrt_hamming","joint",0.0099009900990099
"no_components_or_four_labels__equal_features__sqrt_hamming","cardinal",0.0099009900990099
"no_components_or_four_labels__equal_features__sqrt_hamming","disjunctive",0.0099009900990099
"no_components_or_four_labels__equal_features__sqrt_hamming","degree",0.0099009900990099
"no_components_or_four_labels__equal_features__sqrt_hamming","sufficiency",0.0099009900990099
"no_components_or_four_labels__equal_features__sqrt_hamming","temporal",0.0099009900990099
"no_components_or_four_labels__equal_features__sqrt_hamming","locative",0.0099009900990099
"no_components_or_four_labels__equal_features__sqrt_hamming","dummy",0.0099009900990099
"no_components_or_four_labels__equal_features__sqrt_hamming","can_be_followed_by_adjective_such",0.0099009900990099
"no_components_or_four_labels__equal_features__sqrt_hamming","can_be_modified_by_almost",0.0099009900990099
"no_components_or_four_labels__equal_features__sqrt_hamming","can_be_modified_by_approximately",0.0099009900990099
"no_components_or_four_labels__equal_features__sqrt_hamming","can_be_modified_by_at_least",0.0099009900990099
"no_components_or_four_labels__equal_features__sqrt_hamming","can_be_modified_by_hardly",0.0099009900990099
"no_components_or_four_labels__equal_features__sqrt_hamming","can_be_modified_by_not",0.0099009900990099
"no_components_or_four_labels__equal_features__sqrt_hamming","can_be_modified_by_adverb_very",0.0099009900990099
"no_components_or_four_labels__equal_features__sqrt_hamming","Coordinates_with_independent_genitives",0.0099009900990099
"no_components_or_four_labels__equal_features__sqrt_hamming","Coordinates_with_dependent_genitives",0.0099009900990099
"no_components_or_four_labels__equal_features__sqrt_hamming","Coordinates_with_NPs",0.0099009900990099
"no_components_or_four_labels__equal_features__sqrt_hamming","intensifying_reduplication",0.0099009900990099
"no_components_or_four_labels__equal_features__sqrt_hamming","selects_singular_heads",0.0099009900990099
"no_components_or_four_labels__equal_features__sqrt_hamming","selects_count_singular_heads",0.0099009900990099
"no_components_or_four_labels__equal_features__sqrt_hamming","selects_non_count_heads",0.0099009900990099
"no_components_or_four_labels__equal_features__sqrt_hamming","selects_plural_heads",0.0099009900990099
"no_components_or_four_labels__equal_features__sqrt_hamming","compatible_count_sing_NP",0.0099009900990099
"no_components_or_four_labels__equal_features__sqrt_hamming","compatible_count_plur_NP",0.0099009900990099
"no_components_or_four_labels__equal_features__sqrt_hamming","compatible_non_count_NP",0.0099009900990099
"no_components_or_four_labels__equal_features__sqrt_hamming","Forms_universal_pronouns_before_all",0.0099009900990099
"no_components_or_four_labels__equal_features__sqrt_hamming","functions_as_a_predeterminer_modifier",0.0099009900990099
"no_components_or_four_labels__equal_features__sqrt_hamming","functions_as_prehead_modifier_in_nominal",0.0099009900990099
"no_components_or_four_labels__equal_features__sqrt_hamming","functions_as_degree_modifier_in_AdjP",0.0099009900990099
"no_components_or_four_labels__equal_features__sqrt_hamming","functions_as_predicative_complement",0.0099009900990099
"no_components_or_four_labels__equal_features__sqrt_hamming","functions_as_predicative_complement_to_seem",0.0099009900990099
"no_components_or_four_labels__equal_features__sqrt_hamming","functions_as_marker_of_coordination",0.0099009900990099
"no_components_or_four_labels__equal_features__sqrt_hamming","functions_as_adjunct_in_clause_structure",0.0099009900990099
"no_components_or_four_labels__equal_features__sqrt_hamming","functions_as_attrib_modifier_in_nominal",0.0099009900990099
"no_components_or_four_labels__equal_features__sqrt_hamming","appears_in_subject",0.0099009900990099
"no_components_or_four_labels__equal_features__sqrt_hamming","appears_in_object",0.0099009900990099
"no_components_or_four_labels__equal_features__sqrt_hamming","functions_as_post_head_modifier_of_it_or_them",0.0099009900990099
"no_components_or_four_labels__equal_features__sqrt_hamming","functions_as_post_head_modifier_of_N",0.0099009900990099
"no_components_or_four_labels__equal_features__sqrt_hamming","appears_in_existentials_there_s_on_the_table",0.0099009900990099
"no_components_or_four_labels__equal_features__sqrt_hamming","functions_as_determiner_in_day_s_time_ago",0.0099009900990099
"no_components_or_four_labels__equal_features__sqrt_hamming","functions_as_subject_of_present_participal_of_joining_you",0.0099009900990099
"no_components_or_four_labels__equal_features__sqrt_hamming","Functions_as_subject_of_interrogative_tag",0.0099009900990099
"no_components_or_four_labels__equal_features__sqrt_hamming","functions_in_vocative",0.0099009900990099
"no_components_or_four_labels__equal_features__sqrt_hamming","must_be_outranked_by_a_coindexed_element",0.0099009900990099
"no_components_or_four_labels__equal_features__sqrt_hamming","takes_predeterminer_modifiers_all_or_both",0.0099009900990099
"no_components_or_four_labels__equal_features__sqrt_hamming","occurs_after_predeterminer_modifiers_fractions",0.0099009900990099
"no_components_or_four_labels__equal_features__sqrt_hamming","occurs_after_predeterminer_modifiers_multipliers",0.0099009900990099
"no_components_or_four_labels__equal_features__sqrt_hamming","ironic_use_of_repetition",0.0099009900990099
"no_components_or_four_labels__equal_features__sqrt_hamming","take_poor_lucky_silly_as_attrib_modifiers",0.0099009900990099
"no_components_or_four_labels__equal_features__sqrt_hamming","takes_adverb_quite_as_a_modifier",0.0099009900990099
"no_components_or_four_labels__equal_features__sqrt_hamming","takes_else_or_more_as_a_post_head_dependent",0.0099009900990099
"no_components_or_four_labels__equal_features__sqrt_hamming","accepts_genitive_apstrophe_s",0.0099009900990099
"no_components_or_four_labels__equal_features__sqrt_hamming","takes_post_head_modifier_the_hell",0.0099009900990099
"no_components_or_four_labels__equal_features__hamming","genitive_case",0.0099009900990099
"no_components_or_four_labels__equal_features__hamming","accusative_case",0.0099009900990099
"no_components_or_four_labels__equal_features__hamming","nominative_case",0.0099009900990099
"no_components_or_four_labels__equal_features__hamming","in_word_formation_e_g_a_many_sided_shape",0.0099009900990099
"no_components_or_four_labels__equal_features__hamming","has_derivationtionally_related_words",0.0099009900990099
"no_components_or_four_labels__equal_features__hamming","has_corresponding_word",0.0099009900990099
"no_components_or_four_labels__equal_features__hamming","compound_word",0.0099009900990099
"no_components_or_four_labels__equal_features__hamming","inflects_for_case",0.0099009900990099
"no_components_or_four_labels__equal_features__hamming","paradigm_has_distinct_acc_form",0.0099009900990099
"no_components_or_four_labels__equal_features__hamming","paradigm_has_genitive_form",0.0099009900990099
"no_components_or_four_labels__equal_features__hamming","paradigm_has_distinct_independent_genitive_form",0.0099009900990099
"no_components_or_four_labels__equal_features__hamming","paradigm_has_distinct_self_form",0.0099009900990099
"no_components_or_four_labels__equal_features__hamming","paradigm_has_comparative_and_superlative_forms",0.0099009900990099
"no_components_or_four_labels__equal_features__hamming","paradigm_has_distinct_plural_form",0.0099009900990099
"no_components_or_four_labels__equal_features__hamming","does_not_inflect",0.0099009900990099
"no_components_or_four_labels__equal_features__hamming","Monmorphemic",0.0099009900990099
"no_components_or_four_labels__equal_features__hamming","Must_be_stressed_as_object_after_particle",0.0099009900990099
"no_components_or_four_labels__equal_features__hamming","Start_with_th",0.0099009900990099
"no_components_or_four_labels__equal_features__hamming","Start_with_hw",0.0099009900990099
"no_components_or_four_labels__equal_features__hamming","anaphoric_marker",0.0099009900990099
"no_components_or_four_labels__equal_features__hamming","deictic_marker",0.0099009900990099
"no_components_or_four_labels__equal_features__hamming","person_deixis",0.0099009900990099
"no_components_or_four_labels__equal_features__hamming","pro_form",0.0099009900990099
"no_components_or_four_labels__equal_features__hamming","personal_gender_as_head_or_fused_head",0.0099009900990099
"no_components_or_four_labels__equal_features__hamming","non_personal_gender",0.0099009900990099
"no_components_or_four_labels__equal_features__hamming","epicene_personal_gender",0.0099009900990099
"no_components_or_four_labels__equal_features__hamming","masculine_gender",0.0099009900990099
"no_components_or_four_labels__equal_features__hamming","feminine_gender",0.0099009900990099
"no_components_or_four_labels__equal_features__hamming","definite",0.0099009900990099
"no_components_or_four_labels__equal_features__hamming","indefinite",0.0099009900990099
"no_components_or_four_labels__equal_features__hamming","existential",0.0099009900990099
"no_components_or_four_labels__equal_features__hamming","universal",0.0099009900990099
"no_components_or_four_labels__equal_features__hamming","free_choice",0.0099009900990099
"no_components_or_four_labels__equal_features__hamming","negative",0.0099009900990099
"no_components_or_four_labels__equal_features__hamming","interrogative",0.0099009900990099
"no_components_or_four_labels__equal_features__hamming","non_affirmative",0.0099009900990099
"no_components_or_four_labels__equal_features__hamming","reflexive",0.0099009900990099
"no_components_or_four_labels__equal_features__hamming","reciprocal",0.0099009900990099
"no_components_or_four_labels__equal_features__hamming","dual",0.0099009900990099
"no_components_or_four_labels__equal_features__hamming","paucal",0.0099009900990099
"no_components_or_four_labels__equal_features__hamming","multal",0.0099009900990099
"no_components_or_four_labels__equal_features__hamming","proportional",0.0099009900990099
"no_components_or_four_labels__equal_features__hamming","semantically_countable",0.0099009900990099
"no_components_or_four_labels__equal_features__hamming","semantically_uncountable",0.0099009900990099
"no_components_or_four_labels__equal_features__hamming","semantically_singular",0.0099009900990099
"no_components_or_four_labels__equal_features__hamming","semantically_plural",0.0099009900990099
"no_components_or_four_labels__equal_features__hamming","distributive",0.0099009900990099
"no_components_or_four_labels__equal_features__hamming","joint",0.0099009900990099
"no_components_or_four_labels__equal_features__hamming","cardinal",0.0099009900990099
"no_components_or_four_labels__equal_features__hamming","disjunctive",0.0099009900990099
"no_components_or_four_labels__equal_features__hamming","degree",0.0099009900990099
"no_components_or_four_labels__equal_features__hamming","sufficiency",0.0099009900990099
"no_components_or_four_labels__equal_features__hamming","temporal",0.0099009900990099
"no_components_or_four_labels__equal_features__hamming","locative",0.0099009900990099
"no_components_or_four_labels__equal_features__hamming","dummy",0.0099009900990099
"no_components_or_four_labels__equal_features__hamming","can_be_followed_by_adjective_such",0.0099009900990099
"no_components_or_four_labels__equal_features__hamming","can_be_modified_by_almost",0.0099009900990099
"no_components_or_four_labels__equal_features__hamming","can_be_modified_by_approximately",0.0099009900990099
"no_components_or_four_labels__equal_features__hamming","can_be_modified_by_at_least",0.0099009900990099
"no_components_or_four_labels__equal_features__hamming","can_be_modified_by_hardly",0.0099009900990099
"no_components_or_four_labels__equal_features__hamming","can_be_modified_by_not",0.0099009900990099
"no_components_or_four_labels__equal_features__hamming","can_be_modified_by_adverb_very",0.0099009900990099
"no_components_or_four_labels__equal_features__hamming","Coordinates_with_independent_genitives",0.0099009900990099
"no_components_or_four_labels__equal_features__hamming","Coordinates_with_dependent_genitives",0.0099009900990099
"no_components_or_four_labels__equal_features__hamming","Coordinates_with_NPs",0.0099009900990099
"no_components_or_four_labels__equal_features__hamming","intensifying_reduplication",0.0099009900990099
"no_components_or_four_labels__equal_features__hamming","selects_singular_heads",0.0099009900990099
"no_components_or_four_labels__equal_features__hamming","selects_count_singular_heads",0.0099009900990099
"no_components_or_four_labels__equal_features__hamming","selects_non_count_heads",0.0099009900990099
"no_components_or_four_labels__equal_features__hamming","selects_plural_heads",0.0099009900990099
"no_components_or_four_labels__equal_features__hamming","compatible_count_sing_NP",0.0099009900990099
"no_components_or_four_labels__equal_features__hamming","compatible_count_plur_NP",0.0099009900990099
"no_components_or_four_labels__equal_features__hamming","compatible_non_count_NP",0.0099009900990099
"no_components_or_four_labels__equal_features__hamming","Forms_universal_pronouns_before_all",0.0099009900990099
"no_components_or_four_labels__equal_features__hamming","functions_as_a_predeterminer_modifier",0.0099009900990099
"no_components_or_four_labels__equal_features__hamming","functions_as_prehead_modifier_in_nominal",0.0099009900990099
"no_components_or_four_labels__equal_features__hamming","functions_as_degree_modifier_in_AdjP",0.0099009900990099
"no_components_or_four_labels__equal_features__hamming","functions_as_predicative_complement",0.0099009900990099
"no_components_or_four_labels__equal_features__hamming","functions_as_predicative_complement_to_seem",0.0099009900990099
"no_components_or_four_labels__equal_features__hamming","functions_as_marker_of_coordination",0.0099009900990099
"no_components_or_four_labels__equal_features__hamming","functions_as_adjunct_in_clause_structure",0.0099009900990099
"no_components_or_four_labels__equal_features__hamming","functions_as_attrib_modifier_in_nominal",0.0099009900990099
"no_components_or_four_labels__equal_features__hamming","appears_in_subject",0.0099009900990099
"no_components_or_four_labels__equal_features__hamming","appears_in_object",0.0099009900990099
"no_components_or_four_labels__equal_features__hamming","functions_as_post_head_modifier_of_it_or_them",0.0099009900990099
"no_components_or_four_labels__equal_features__hamming","functions_as_post_head_modifier_of_N",0.0099009900990099
"no_components_or_four_labels__equal_features__hamming","appears_in_existentials_there_s_on_the_table",0.0099009900990099
"no_components_or_four_labels__equal_features__hamming","functions_as_determiner_in_day_s_time_ago",0.0099009900990099
"no_components_or_four_labels__equal_features__hamming","functions_as_subject_of_present_participal_of_joining_you",0.0099009900990099
"no_components_or_four_labels__equal_features__hamming","Functions_as_subject_of_interrogative_tag",0.0099009900990099
"no_components_or_four_labels__equal_features__hamming","functions_in_vocative",0.0099009900990099
"no_components_or_four_labels__equal_features__hamming","must_be_outranked_by_a_coindexed_element",0.0099009900990099
"no_components_or_four_labels__equal_features__hamming","takes_predeterminer_modifiers_all_or_both",0.0099009900990099
"no_components_or_four_labels__equal_features__hamming","occurs_after_predeterminer_modifiers_fractions",0.0099009900990099
"no_components_or_four_labels__equal_features__hamming","occurs_after_predeterminer_modifiers_multipliers",0.0099009900990099
"no_components_or_four_labels__equal_features__hamming","ironic_use_of_repetition",0.0099009900990099
"no_components_or_four_labels__equal_features__hamming","take_poor_lucky_silly_as_attrib_modifiers",0.0099009900990099
"no_components_or_four_labels__equal_features__hamming","takes_adverb_quite_as_a_modifier",0.0099009900990099
"no_components_or_four_labels__equal_features__hamming","takes_else_or_more_as_a_post_head_dependent",0.0099009900990099
"no_components_or_four_labels__equal_features__hamming","accepts_genitive_apstrophe_s",0.0099009900990099
"no_components_or_four_labels__equal_features__hamming","takes_post_head_modifier_the_hell",0.0099009900990099
"no_components_or_four_labels__equal_features__jaccard","genitive_case",0.0099009900990099
"no_components_or_four_labels__equal_features__jaccard","accusative_case",0.0099009900990099
"no_components_or_four_labels__equal_features__jaccard","nominative_case",0.0099009900990099
"no_components_or_four_labels__equal_features__jaccard","in_word_formation_e_g_a_many_sided_shape",0.0099009900990099
"no_components_or_four_labels__equal_features__jaccard","has_derivationtionally_related_words",0.0099009900990099
"no_components_or_four_labels__equal_features__jaccard","has_corresponding_word",0.0099009900990099
"no_components_or_four_labels__equal_features__jaccard","compound_word",0.0099009900990099
"no_components_or_four_labels__equal_features__jaccard","inflects_for_case",0.0099009900990099
"no_components_or_four_labels__equal_features__jaccard","paradigm_has_distinct_acc_form",0.0099009900990099
"no_components_or_four_labels__equal_features__jaccard","paradigm_has_genitive_form",0.0099009900990099
"no_components_or_four_labels__equal_features__jaccard","paradigm_has_distinct_independent_genitive_form",0.0099009900990099
"no_components_or_four_labels__equal_features__jaccard","paradigm_has_distinct_self_form",0.0099009900990099
"no_components_or_four_labels__equal_features__jaccard","paradigm_has_comparative_and_superlative_forms",0.0099009900990099
"no_components_or_four_labels__equal_features__jaccard","paradigm_has_distinct_plural_form",0.0099009900990099
"no_components_or_four_labels__equal_features__jaccard","does_not_inflect",0.0099009900990099
"no_components_or_four_labels__equal_features__jaccard","Monmorphemic",0.0099009900990099
"no_components_or_four_labels__equal_features__jaccard","Must_be_stressed_as_object_after_particle",0.0099009900990099
"no_components_or_four_labels__equal_features__jaccard","Start_with_th",0.0099009900990099
"no_components_or_four_labels__equal_features__jaccard","Start_with_hw",0.0099009900990099
"no_components_or_four_labels__equal_features__jaccard","anaphoric_marker",0.0099009900990099
"no_components_or_four_labels__equal_features__jaccard","deictic_marker",0.0099009900990099
"no_components_or_four_labels__equal_features__jaccard","person_deixis",0.0099009900990099
"no_components_or_four_labels__equal_features__jaccard","pro_form",0.0099009900990099
"no_components_or_four_labels__equal_features__jaccard","personal_gender_as_head_or_fused_head",0.0099009900990099
"no_components_or_four_labels__equal_features__jaccard","non_personal_gender",0.0099009900990099
"no_components_or_four_labels__equal_features__jaccard","epicene_personal_gender",0.0099009900990099
"no_components_or_four_labels__equal_features__jaccard","masculine_gender",0.0099009900990099
"no_components_or_four_labels__equal_features__jaccard","feminine_gender",0.0099009900990099
"no_components_or_four_labels__equal_features__jaccard","definite",0.0099009900990099
"no_components_or_four_labels__equal_features__jaccard","indefinite",0.0099009900990099
"no_components_or_four_labels__equal_features__jaccard","existential",0.0099009900990099
"no_components_or_four_labels__equal_features__jaccard","universal",0.0099009900990099
"no_components_or_four_labels__equal_features__jaccard","free_choice",0.0099009900990099
"no_components_or_four_labels__equal_features__jaccard","negative",0.0099009900990099
"no_components_or_four_labels__equal_features__jaccard","interrogative",0.0099009900990099
"no_components_or_four_labels__equal_features__jaccard","non_affirmative",0.0099009900990099
"no_components_or_four_labels__equal_features__jaccard","reflexive",0.0099009900990099
"no_components_or_four_labels__equal_features__jaccard","reciprocal",0.0099009900990099
"no_components_or_four_labels__equal_features__jaccard","dual",0.0099009900990099
"no_components_or_four_labels__equal_features__jaccard","paucal",0.0099009900990099
"no_components_or_four_labels__equal_features__jaccard","multal",0.0099009900990099
"no_components_or_four_labels__equal_features__jaccard","proportional",0.0099009900990099
"no_components_or_four_labels__equal_features__jaccard","semantically_countable",0.0099009900990099
"no_components_or_four_labels__equal_features__jaccard","semantically_uncountable",0.0099009900990099
"no_components_or_four_labels__equal_features__jaccard","semantically_singular",0.0099009900990099
"no_components_or_four_labels__equal_features__jaccard","semantically_plural",0.0099009900990099
"no_components_or_four_labels__equal_features__jaccard","distributive",0.0099009900990099
"no_components_or_four_labels__equal_features__jaccard","joint",0.0099009900990099
"no_components_or_four_labels__equal_features__jaccard","cardinal",0.0099009900990099
"no_components_or_four_labels__equal_features__jaccard","disjunctive",0.0099009900990099
"no_components_or_four_labels__equal_features__jaccard","degree",0.0099009900990099
"no_components_or_four_labels__equal_features__jaccard","sufficiency",0.0099009900990099
"no_components_or_four_labels__equal_features__jaccard","temporal",0.0099009900990099
"no_components_or_four_labels__equal_features__jaccard","locative",0.0099009900990099
"no_components_or_four_labels__equal_features__jaccard","dummy",0.0099009900990099
"no_components_or_four_labels__equal_features__jaccard","can_be_followed_by_adjective_such",0.0099009900990099
"no_components_or_four_labels__equal_features__jaccard","can_be_modified_by_almost",0.0099009900990099
"no_components_or_four_labels__equal_features__jaccard","can_be_modified_by_approximately",0.0099009900990099
"no_components_or_four_labels__equal_features__jaccard","can_be_modified_by_at_least",0.0099009900990099
"no_components_or_four_labels__equal_features__jaccard","can_be_modified_by_hardly",0.0099009900990099
"no_components_or_four_labels__equal_features__jaccard","can_be_modified_by_not",0.0099009900990099
"no_components_or_four_labels__equal_features__jaccard","can_be_modified_by_adverb_very",0.0099009900990099
"no_components_or_four_labels__equal_features__jaccard","Coordinates_with_independent_genitives",0.0099009900990099
"no_components_or_four_labels__equal_features__jaccard","Coordinates_with_dependent_genitives",0.0099009900990099
"no_components_or_four_labels__equal_features__jaccard","Coordinates_with_NPs",0.0099009900990099
"no_components_or_four_labels__equal_features__jaccard","intensifying_reduplication",0.0099009900990099
"no_components_or_four_labels__equal_features__jaccard","selects_singular_heads",0.0099009900990099
"no_components_or_four_labels__equal_features__jaccard","selects_count_singular_heads",0.0099009900990099
"no_components_or_four_labels__equal_features__jaccard","selects_non_count_heads",0.0099009900990099
"no_components_or_four_labels__equal_features__jaccard","selects_plural_heads",0.0099009900990099
"no_components_or_four_labels__equal_features__jaccard","compatible_count_sing_NP",0.0099009900990099
"no_components_or_four_labels__equal_features__jaccard","compatible_count_plur_NP",0.0099009900990099
"no_components_or_four_labels__equal_features__jaccard","compatible_non_count_NP",0.0099009900990099
"no_components_or_four_labels__equal_features__jaccard","Forms_universal_pronouns_before_all",0.0099009900990099
"no_components_or_four_labels__equal_features__jaccard","functions_as_a_predeterminer_modifier",0.0099009900990099
"no_components_or_four_labels__equal_features__jaccard","functions_as_prehead_modifier_in_nominal",0.0099009900990099
"no_components_or_four_labels__equal_features__jaccard","functions_as_degree_modifier_in_AdjP",0.0099009900990099
"no_components_or_four_labels__equal_features__jaccard","functions_as_predicative_complement",0.0099009900990099
"no_components_or_four_labels__equal_features__jaccard","functions_as_predicative_complement_to_seem",0.0099009900990099
"no_components_or_four_labels__equal_features__jaccard","functions_as_marker_of_coordination",0.0099009900990099
"no_components_or_four_labels__equal_features__jaccard","functions_as_adjunct_in_clause_structure",0.0099009900990099
"no_components_or_four_labels__equal_features__jaccard","functions_as_attrib_modifier_in_nominal",0.0099009900990099
"no_components_or_four_labels__equal_features__jaccard","appears_in_subject",0.0099009900990099
"no_components_or_four_labels__equal_features__jaccard","appears_in_object",0.0099009900990099
"no_components_or_four_labels__equal_features__jaccard","functions_as_post_head_modifier_of_it_or_them",0.0099009900990099
"no_components_or_four_labels__equal_features__jaccard","functions_as_post_head_modifier_of_N",0.0099009900990099
"no_components_or_four_labels__equal_features__jaccard","appears_in_existentials_there_s_on_the_table",0.0099009900990099
"no_components_or_four_labels__equal_features__jaccard","functions_as_determiner_in_day_s_time_ago",0.0099009900990099
"no_components_or_four_labels__equal_features__jaccard","functions_as_subject_of_present_participal_of_joining_you",0.0099009900990099
"no_components_or_four_labels__equal_features__jaccard","Functions_as_subject_of_interrogative_tag",0.0099009900990099
"no_components_or_four_labels__equal_features__jaccard","functions_in_vocative",0.0099009900990099
"no_components_or_four_labels__equal_features__jaccard","must_be_outranked_by_a_coindexed_element",0.0099009900990099
"no_components_or_four_labels__equal_features__jaccard","takes_predeterminer_modifiers_all_or_both",0.0099009900990099
"no_components_or_four_labels__equal_features__jaccard","occurs_after_predeterminer_modifiers_fractions",0.0099009900990099
"no_components_or_four_labels__equal_features__jaccard","occurs_after_predeterminer_modifiers_multipliers",0.0099009900990099
"no_components_or_four_labels__equal_features__jaccard","ironic_use_of_repetition",0.0099009900990099
"no_components_or_four_labels__equal_features__jaccard","take_poor_lucky_silly_as_attrib_modifiers",0.0099009900990099
"no_components_or_four_labels__equal_features__jaccard","takes_adverb_quite_as_a_modifier",0.0099009900990099
"no_components_or_four_labels__equal_features__jaccard","takes_else_or_more_as_a_post_head_dependent",0.0099009900990099
"no_components_or_four_labels__equal_features__jaccard","accepts_genitive_apstrophe_s",0.0099009900990099
"no_components_or_four_labels__equal_features__jaccard","takes_post_head_modifier_the_hell",0.0099009900990099
"no_components_or_four_labels__equal_domains__sqrt_hamming","genitive_case",0.015625
"no_components_or_four_labels__equal_domains__sqrt_hamming","accusative_case",0.015625
"no_components_or_four_labels__equal_domains__sqrt_hamming","nominative_case",0.015625
"no_components_or_four_labels__equal_domains__sqrt_hamming","in_word_formation_e_g_a_many_sided_shape",0.015625
"no_components_or_four_labels__equal_domains__sqrt_hamming","has_derivationtionally_related_words",0.015625
"no_components_or_four_labels__equal_domains__sqrt_hamming","has_corresponding_word",0.015625
"no_components_or_four_labels__equal_domains__sqrt_hamming","compound_word",0.015625
"no_components_or_four_labels__equal_domains__sqrt_hamming","inflects_for_case",0.015625
"no_components_or_four_labels__equal_domains__sqrt_hamming","paradigm_has_distinct_acc_form",0.015625
"no_components_or_four_labels__equal_domains__sqrt_hamming","paradigm_has_genitive_form",0.015625
"no_components_or_four_labels__equal_domains__sqrt_hamming","paradigm_has_distinct_independent_genitive_form",0.015625
"no_components_or_four_labels__equal_domains__sqrt_hamming","paradigm_has_distinct_self_form",0.015625
"no_components_or_four_labels__equal_domains__sqrt_hamming","paradigm_has_comparative_and_superlative_forms",0.015625
"no_components_or_four_labels__equal_domains__sqrt_hamming","paradigm_has_distinct_plural_form",0.015625
"no_components_or_four_labels__equal_domains__sqrt_hamming","does_not_inflect",0.015625
"no_components_or_four_labels__equal_domains__sqrt_hamming","Monmorphemic",0.015625
"no_components_or_four_labels__equal_domains__sqrt_hamming","Must_be_stressed_as_object_after_particle",0.0833333333333333
"no_components_or_four_labels__equal_domains__sqrt_hamming","Start_with_th",0.0833333333333333
"no_components_or_four_labels__equal_domains__sqrt_hamming","Start_with_hw",0.0833333333333333
"no_components_or_four_labels__equal_domains__sqrt_hamming","anaphoric_marker",0.00694444444444444
"no_components_or_four_labels__equal_domains__sqrt_hamming","deictic_marker",0.00694444444444444
"no_components_or_four_labels__equal_domains__sqrt_hamming","person_deixis",0.00694444444444444
"no_components_or_four_labels__equal_domains__sqrt_hamming","pro_form",0.00694444444444444
"no_components_or_four_labels__equal_domains__sqrt_hamming","personal_gender_as_head_or_fused_head",0.00694444444444444
"no_components_or_four_labels__equal_domains__sqrt_hamming","non_personal_gender",0.00694444444444444
"no_components_or_four_labels__equal_domains__sqrt_hamming","epicene_personal_gender",0.00694444444444444
"no_components_or_four_labels__equal_domains__sqrt_hamming","masculine_gender",0.00694444444444444
"no_components_or_four_labels__equal_domains__sqrt_hamming","feminine_gender",0.00694444444444444
"no_components_or_four_labels__equal_domains__sqrt_hamming","definite",0.00694444444444444
"no_components_or_four_labels__equal_domains__sqrt_hamming","indefinite",0.00694444444444444
"no_components_or_four_labels__equal_domains__sqrt_hamming","existential",0.00694444444444444
"no_components_or_four_labels__equal_domains__sqrt_hamming","universal",0.00694444444444444
"no_components_or_four_labels__equal_domains__sqrt_hamming","free_choice",0.00694444444444444
"no_components_or_four_labels__equal_domains__sqrt_hamming","negative",0.00694444444444444
"no_components_or_four_labels__equal_domains__sqrt_hamming","interrogative",0.00694444444444444
"no_components_or_four_labels__equal_domains__sqrt_hamming","non_affirmative",0.00694444444444444
"no_components_or_four_labels__equal_domains__sqrt_hamming","reflexive",0.00694444444444444
"no_components_or_four_labels__equal_domains__sqrt_hamming","reciprocal",0.00694444444444444
"no_components_or_four_labels__equal_domains__sqrt_hamming","dual",0.00694444444444444
"no_components_or_four_labels__equal_domains__sqrt_hamming","paucal",0.00694444444444444
"no_components_or_four_labels__equal_domains__sqrt_hamming","multal",0.00694444444444444
"no_components_or_four_labels__equal_domains__sqrt_hamming","proportional",0.00694444444444444
"no_components_or_four_labels__equal_domains__sqrt_hamming","semantically_countable",0.00694444444444444
"no_components_or_four_labels__equal_domains__sqrt_hamming","semantically_uncountable",0.00694444444444444
"no_components_or_four_labels__equal_domains__sqrt_hamming","semantically_singular",0.00694444444444444
"no_components_or_four_labels__equal_domains__sqrt_hamming","semantically_plural",0.00694444444444444
"no_components_or_four_labels__equal_domains__sqrt_hamming","distributive",0.00694444444444444
"no_components_or_four_labels__equal_domains__sqrt_hamming","joint",0.00694444444444444
"no_components_or_four_labels__equal_domains__sqrt_hamming","cardinal",0.00694444444444444
"no_components_or_four_labels__equal_domains__sqrt_hamming","disjunctive",0.00694444444444444
"no_components_or_four_labels__equal_domains__sqrt_hamming","degree",0.00694444444444444
"no_components_or_four_labels__equal_domains__sqrt_hamming","sufficiency",0.00694444444444444
"no_components_or_four_labels__equal_domains__sqrt_hamming","temporal",0.00694444444444444
"no_components_or_four_labels__equal_domains__sqrt_hamming","locative",0.00694444444444444
"no_components_or_four_labels__equal_domains__sqrt_hamming","dummy",0.00694444444444444
"no_components_or_four_labels__equal_domains__sqrt_hamming","can_be_followed_by_adjective_such",0.00543478260869565
"no_components_or_four_labels__equal_domains__sqrt_hamming","can_be_modified_by_almost",0.00543478260869565
"no_components_or_four_labels__equal_domains__sqrt_hamming","can_be_modified_by_approximately",0.00543478260869565
"no_components_or_four_labels__equal_domains__sqrt_hamming","can_be_modified_by_at_least",0.00543478260869565
"no_components_or_four_labels__equal_domains__sqrt_hamming","can_be_modified_by_hardly",0.00543478260869565
"no_components_or_four_labels__equal_domains__sqrt_hamming","can_be_modified_by_not",0.00543478260869565
"no_components_or_four_labels__equal_domains__sqrt_hamming","can_be_modified_by_adverb_very",0.00543478260869565
"no_components_or_four_labels__equal_domains__sqrt_hamming","Coordinates_with_independent_genitives",0.00543478260869565
"no_components_or_four_labels__equal_domains__sqrt_hamming","Coordinates_with_dependent_genitives",0.00543478260869565
"no_components_or_four_labels__equal_domains__sqrt_hamming","Coordinates_with_NPs",0.00543478260869565
"no_components_or_four_labels__equal_domains__sqrt_hamming","intensifying_reduplication",0.00543478260869565
"no_components_or_four_labels__equal_domains__sqrt_hamming","selects_singular_heads",0.00543478260869565
"no_components_or_four_labels__equal_domains__sqrt_hamming","selects_count_singular_heads",0.00543478260869565
"no_components_or_four_labels__equal_domains__sqrt_hamming","selects_non_count_heads",0.00543478260869565
"no_components_or_four_labels__equal_domains__sqrt_hamming","selects_plural_heads",0.00543478260869565
"no_components_or_four_labels__equal_domains__sqrt_hamming","compatible_count_sing_NP",0.00543478260869565
"no_components_or_four_labels__equal_domains__sqrt_hamming","compatible_count_plur_NP",0.00543478260869565
"no_components_or_four_labels__equal_domains__sqrt_hamming","compatible_non_count_NP",0.00543478260869565
"no_components_or_four_labels__equal_domains__sqrt_hamming","Forms_universal_pronouns_before_all",0.00543478260869565
"no_components_or_four_labels__equal_domains__sqrt_hamming","functions_as_a_predeterminer_modifier",0.00543478260869565
"no_components_or_four_labels__equal_domains__sqrt_hamming","functions_as_prehead_modifier_in_nominal",0.00543478260869565
"no_components_or_four_labels__equal_domains__sqrt_hamming","functions_as_degree_modifier_in_AdjP",0.00543478260869565
"no_components_or_four_labels__equal_domains__sqrt_hamming","functions_as_predicative_complement",0.00543478260869565
"no_components_or_four_labels__equal_domains__sqrt_hamming","functions_as_predicative_complement_to_seem",0.00543478260869565
"no_components_or_four_labels__equal_domains__sqrt_hamming","functions_as_marker_of_coordination",0.00543478260869565
"no_components_or_four_labels__equal_domains__sqrt_hamming","functions_as_adjunct_in_clause_structure",0.00543478260869565
"no_components_or_four_labels__equal_domains__sqrt_hamming","functions_as_attrib_modifier_in_nominal",0.00543478260869565
"no_components_or_four_labels__equal_domains__sqrt_hamming","appears_in_subject",0.00543478260869565
"no_components_or_four_labels__equal_domains__sqrt_hamming","appears_in_object",0.00543478260869565
"no_components_or_four_labels__equal_domains__sqrt_hamming","functions_as_post_head_modifier_of_it_or_them",0.00543478260869565
"no_components_or_four_labels__equal_domains__sqrt_hamming","functions_as_post_head_modifier_of_N",0.00543478260869565
"no_components_or_four_labels__equal_domains__sqrt_hamming","appears_in_existentials_there_s_on_the_table",0.00543478260869565
"no_components_or_four_labels__equal_domains__sqrt_hamming","functions_as_determiner_in_day_s_time_ago",0.00543478260869565
"no_components_or_four_labels__equal_domains__sqrt_hamming","functions_as_subject_of_present_participal_of_joining_you",0.00543478260869565
"no_components_or_four_labels__equal_domains__sqrt_hamming","Functions_as_subject_of_interrogative_tag",0.00543478260869565
"no_components_or_four_labels__equal_domains__sqrt_hamming","functions_in_vocative",0.00543478260869565
"no_components_or_four_labels__equal_domains__sqrt_hamming","must_be_outranked_by_a_coindexed_element",0.00543478260869565
"no_components_or_four_labels__equal_domains__sqrt_hamming","takes_predeterminer_modifiers_all_or_both",0.00543478260869565
"no_components_or_four_labels__equal_domains__sqrt_hamming","occurs_after_predeterminer_modifiers_fractions",0.00543478260869565
"no_components_or_four_labels__equal_domains__sqrt_hamming","occurs_after_predeterminer_modifiers_multipliers",0.00543478260869565
"no_components_or_four_labels__equal_domains__sqrt_hamming","ironic_use_of_repetition",0.00543478260869565
"no_components_or_four_labels__equal_domains__sqrt_hamming","take_poor_lucky_silly_as_attrib_modifiers",0.00543478260869565
"no_components_or_four_labels__equal_domains__sqrt_hamming","takes_adverb_quite_as_a_modifier",0.00543478260869565
"no_components_or_four_labels__equal_domains__sqrt_hamming","takes_else_or_more_as_a_post_head_dependent",0.00543478260869565
"no_components_or_four_labels__equal_domains__sqrt_hamming","accepts_genitive_apstrophe_s",0.00543478260869565
"no_components_or_four_labels__equal_domains__sqrt_hamming","takes_post_head_modifier_the_hell",0.00543478260869565
"no_components_or_four_labels__equal_domains__hamming","genitive_case",0.015625
"no_components_or_four_labels__equal_domains__hamming","accusative_case",0.015625
"no_components_or_four_labels__equal_domains__hamming","nominative_case",0.015625
"no_components_or_four_labels__equal_domains__hamming","in_word_formation_e_g_a_many_sided_shape",0.015625
"no_components_or_four_labels__equal_domains__hamming","has_derivationtionally_related_words",0.015625
"no_components_or_four_labels__equal_domains__hamming","has_corresponding_word",0.015625
"no_components_or_four_labels__equal_domains__hamming","compound_word",0.015625
"no_components_or_four_labels__equal_domains__hamming","inflects_for_case",0.015625
"no_components_or_four_labels__equal_domains__hamming","paradigm_has_distinct_acc_form",0.015625
"no_components_or_four_labels__equal_domains__hamming","paradigm_has_genitive_form",0.015625
"no_components_or_four_labels__equal_domains__hamming","paradigm_has_distinct_independent_genitive_form",0.015625
"no_components_or_four_labels__equal_domains__hamming","paradigm_has_distinct_self_form",0.015625
"no_components_or_four_labels__equal_domains__hamming","paradigm_has_comparative_and_superlative_forms",0.015625
"no_components_or_four_labels__equal_domains__hamming","paradigm_has_distinct_plural_form",0.015625
"no_components_or_four_labels__equal_domains__hamming","does_not_inflect",0.015625
"no_components_or_four_labels__equal_domains__hamming","Monmorphemic",0.015625
"no_components_or_four_labels__equal_domains__hamming","Must_be_stressed_as_object_after_particle",0.0833333333333333
"no_components_or_four_labels__equal_domains__hamming","Start_with_th",0.0833333333333333
"no_components_or_four_labels__equal_domains__hamming","Start_with_hw",0.0833333333333333
"no_components_or_four_labels__equal_domains__hamming","anaphoric_marker",0.00694444444444444
"no_components_or_four_labels__equal_domains__hamming","deictic_marker",0.00694444444444444
"no_components_or_four_labels__equal_domains__hamming","person_deixis",0.00694444444444444
"no_components_or_four_labels__equal_domains__hamming","pro_form",0.00694444444444444
"no_components_or_four_labels__equal_domains__hamming","personal_gender_as_head_or_fused_head",0.00694444444444444
"no_components_or_four_labels__equal_domains__hamming","non_personal_gender",0.00694444444444444
"no_components_or_four_labels__equal_domains__hamming","epicene_personal_gender",0.00694444444444444
"no_components_or_four_labels__equal_domains__hamming","masculine_gender",0.00694444444444444
"no_components_or_four_labels__equal_domains__hamming","feminine_gender",0.00694444444444444
"no_components_or_four_labels__equal_domains__hamming","definite",0.00694444444444444
"no_components_or_four_labels__equal_domains__hamming","indefinite",0.00694444444444444
"no_components_or_four_labels__equal_domains__hamming","existential",0.00694444444444444
"no_components_or_four_labels__equal_domains__hamming","universal",0.00694444444444444
"no_components_or_four_labels__equal_domains__hamming","free_choice",0.00694444444444444
"no_components_or_four_labels__equal_domains__hamming","negative",0.00694444444444444
"no_components_or_four_labels__equal_domains__hamming","interrogative",0.00694444444444444
"no_components_or_four_labels__equal_domains__hamming","non_affirmative",0.00694444444444444
"no_components_or_four_labels__equal_domains__hamming","reflexive",0.00694444444444444
"no_components_or_four_labels__equal_domains__hamming","reciprocal",0.00694444444444444
"no_components_or_four_labels__equal_domains__hamming","dual",0.00694444444444444
"no_components_or_four_labels__equal_domains__hamming","paucal",0.00694444444444444
"no_components_or_four_labels__equal_domains__hamming","multal",0.00694444444444444
"no_components_or_four_labels__equal_domains__hamming","proportional",0.00694444444444444
"no_components_or_four_labels__equal_domains__hamming","semantically_countable",0.00694444444444444
"no_components_or_four_labels__equal_domains__hamming","semantically_uncountable",0.00694444444444444
"no_components_or_four_labels__equal_domains__hamming","semantically_singular",0.00694444444444444
"no_components_or_four_labels__equal_domains__hamming","semantically_plural",0.00694444444444444
"no_components_or_four_labels__equal_domains__hamming","distributive",0.00694444444444444
"no_components_or_four_labels__equal_domains__hamming","joint",0.00694444444444444
"no_components_or_four_labels__equal_domains__hamming","cardinal",0.00694444444444444
"no_components_or_four_labels__equal_domains__hamming","disjunctive",0.00694444444444444
"no_components_or_four_labels__equal_domains__hamming","degree",0.00694444444444444
"no_components_or_four_labels__equal_domains__hamming","sufficiency",0.00694444444444444
"no_components_or_four_labels__equal_domains__hamming","temporal",0.00694444444444444
"no_components_or_four_labels__equal_domains__hamming","locative",0.00694444444444444
"no_components_or_four_labels__equal_domains__hamming","dummy",0.00694444444444444
"no_components_or_four_labels__equal_domains__hamming","can_be_followed_by_adjective_such",0.00543478260869565
"no_components_or_four_labels__equal_domains__hamming","can_be_modified_by_almost",0.00543478260869565
"no_components_or_four_labels__equal_domains__hamming","can_be_modified_by_approximately",0.00543478260869565
"no_components_or_four_labels__equal_domains__hamming","can_be_modified_by_at_least",0.00543478260869565
"no_components_or_four_labels__equal_domains__hamming","can_be_modified_by_hardly",0.00543478260869565
"no_components_or_four_labels__equal_domains__hamming","can_be_modified_by_not",0.00543478260869565
"no_components_or_four_labels__equal_domains__hamming","can_be_modified_by_adverb_very",0.00543478260869565
"no_components_or_four_labels__equal_domains__hamming","Coordinates_with_independent_genitives",0.00543478260869565
"no_components_or_four_labels__equal_domains__hamming","Coordinates_with_dependent_genitives",0.00543478260869565
"no_components_or_four_labels__equal_domains__hamming","Coordinates_with_NPs",0.00543478260869565
"no_components_or_four_labels__equal_domains__hamming","intensifying_reduplication",0.00543478260869565
"no_components_or_four_labels__equal_domains__hamming","selects_singular_heads",0.00543478260869565
"no_components_or_four_labels__equal_domains__hamming","selects_count_singular_heads",0.00543478260869565
"no_components_or_four_labels__equal_domains__hamming","selects_non_count_heads",0.00543478260869565
"no_components_or_four_labels__equal_domains__hamming","selects_plural_heads",0.00543478260869565
"no_components_or_four_labels__equal_domains__hamming","compatible_count_sing_NP",0.00543478260869565
"no_components_or_four_labels__equal_domains__hamming","compatible_count_plur_NP",0.00543478260869565
"no_components_or_four_labels__equal_domains__hamming","compatible_non_count_NP",0.00543478260869565
"no_components_or_four_labels__equal_domains__hamming","Forms_universal_pronouns_before_all",0.00543478260869565
"no_components_or_four_labels__equal_domains__hamming","functions_as_a_predeterminer_modifier",0.00543478260869565
"no_components_or_four_labels__equal_domains__hamming","functions_as_prehead_modifier_in_nominal",0.00543478260869565
"no_components_or_four_labels__equal_domains__hamming","functions_as_degree_modifier_in_AdjP",0.00543478260869565
"no_components_or_four_labels__equal_domains__hamming","functions_as_predicative_complement",0.00543478260869565
"no_components_or_four_labels__equal_domains__hamming","functions_as_predicative_complement_to_seem",0.00543478260869565
"no_components_or_four_labels__equal_domains__hamming","functions_as_marker_of_coordination",0.00543478260869565
"no_components_or_four_labels__equal_domains__hamming","functions_as_adjunct_in_clause_structure",0.00543478260869565
"no_components_or_four_labels__equal_domains__hamming","functions_as_attrib_modifier_in_nominal",0.00543478260869565
"no_components_or_four_labels__equal_domains__hamming","appears_in_subject",0.00543478260869565
"no_components_or_four_labels__equal_domains__hamming","appears_in_object",0.00543478260869565
"no_components_or_four_labels__equal_domains__hamming","functions_as_post_head_modifier_of_it_or_them",0.00543478260869565
"no_components_or_four_labels__equal_domains__hamming","functions_as_post_head_modifier_of_N",0.00543478260869565
"no_components_or_four_labels__equal_domains__hamming","appears_in_existentials_there_s_on_the_table",0.00543478260869565
"no_components_or_four_labels__equal_domains__hamming","functions_as_determiner_in_day_s_time_ago",0.00543478260869565
"no_components_or_four_labels__equal_domains__hamming","functions_as_subject_of_present_participal_of_joining_you",0.00543478260869565
"no_components_or_four_labels__equal_domains__hamming","Functions_as_subject_of_interrogative_tag",0.00543478260869565
"no_components_or_four_labels__equal_domains__hamming","functions_in_vocative",0.00543478260869565
"no_components_or_four_labels__equal_domains__hamming","must_be_outranked_by_a_coindexed_element",0.00543478260869565
"no_components_or_four_labels__equal_domains__hamming","takes_predeterminer_modifiers_all_or_both",0.00543478260869565
"no_components_or_four_labels__equal_domains__hamming","occurs_after_predeterminer_modifiers_fractions",0.00543478260869565
"no_components_or_four_labels__equal_domains__hamming","occurs_after_predeterminer_modifiers_multipliers",0.00543478260869565
"no_components_or_four_labels__equal_domains__hamming","ironic_use_of_repetition",0.00543478260869565
"no_components_or_four_labels__equal_domains__hamming","take_poor_lucky_silly_as_attrib_modifiers",0.00543478260869565
"no_components_or_four_labels__equal_domains__hamming","takes_adverb_quite_as_a_modifier",0.00543478260869565
"no_components_or_four_labels__equal_domains__hamming","takes_else_or_more_as_a_post_head_dependent",0.00543478260869565
"no_components_or_four_labels__equal_domains__hamming","accepts_genitive_apstrophe_s",0.00543478260869565
"no_components_or_four_labels__equal_domains__hamming","takes_post_head_modifier_the_hell",0.00543478260869565
"no_components_or_four_labels__equal_domains__jaccard","genitive_case",0.015625
"no_components_or_four_labels__equal_domains__jaccard","accusative_case",0.015625
"no_components_or_four_labels__equal_domains__jaccard","nominative_case",0.015625
"no_components_or_four_labels__equal_domains__jaccard","in_word_formation_e_g_a_many_sided_shape",0.015625
"no_components_or_four_labels__equal_domains__jaccard","has_derivationtionally_related_words",0.015625
"no_components_or_four_labels__equal_domains__jaccard","has_corresponding_word",0.015625
"no_components_or_four_labels__equal_domains__jaccard","compound_word",0.015625
"no_components_or_four_labels__equal_domains__jaccard","inflects_for_case",0.015625
"no_components_or_four_labels__equal_domains__jaccard","paradigm_has_distinct_acc_form",0.015625
"no_components_or_four_labels__equal_domains__jaccard","paradigm_has_genitive_form",0.015625
"no_components_or_four_labels__equal_domains__jaccard","paradigm_has_distinct_independent_genitive_form",0.015625
"no_components_or_four_labels__equal_domains__jaccard","paradigm_has_distinct_self_form",0.015625
"no_components_or_four_labels__equal_domains__jaccard","paradigm_has_comparative_and_superlative_forms",0.015625
"no_components_or_four_labels__equal_domains__jaccard","paradigm_has_distinct_plural_form",0.015625
"no_components_or_four_labels__equal_domains__jaccard","does_not_inflect",0.015625
"no_components_or_four_labels__equal_domains__jaccard","Monmorphemic",0.015625
"no_components_or_four_labels__equal_domains__jaccard","Must_be_stressed_as_object_after_particle",0.0833333333333333
"no_components_or_four_labels__equal_domains__jaccard","Start_with_th",0.0833333333333333
"no_components_or_four_labels__equal_domains__jaccard","Start_with_hw",0.0833333333333333
"no_components_or_four_labels__equal_domains__jaccard","anaphoric_marker",0.00694444444444444
"no_components_or_four_labels__equal_domains__jaccard","deictic_marker",0.00694444444444444
"no_components_or_four_labels__equal_domains__jaccard","person_deixis",0.00694444444444444
"no_components_or_four_labels__equal_domains__jaccard","pro_form",0.00694444444444444
"no_components_or_four_labels__equal_domains__jaccard","personal_gender_as_head_or_fused_head",0.00694444444444444
"no_components_or_four_labels__equal_domains__jaccard","non_personal_gender",0.00694444444444444
"no_components_or_four_labels__equal_domains__jaccard","epicene_personal_gender",0.00694444444444444
"no_components_or_four_labels__equal_domains__jaccard","masculine_gender",0.00694444444444444
"no_components_or_four_labels__equal_domains__jaccard","feminine_gender",0.00694444444444444
"no_components_or_four_labels__equal_domains__jaccard","definite",0.00694444444444444
"no_components_or_four_labels__equal_domains__jaccard","indefinite",0.00694444444444444
"no_components_or_four_labels__equal_domains__jaccard","existential",0.00694444444444444
"no_components_or_four_labels__equal_domains__jaccard","universal",0.00694444444444444
"no_components_or_four_labels__equal_domains__jaccard","free_choice",0.00694444444444444
"no_components_or_four_labels__equal_domains__jaccard","negative",0.00694444444444444
"no_components_or_four_labels__equal_domains__jaccard","interrogative",0.00694444444444444
"no_components_or_four_labels__equal_domains__jaccard","non_affirmative",0.00694444444444444
"no_components_or_four_labels__equal_domains__jaccard","reflexive",0.00694444444444444
"no_components_or_four_labels__equal_domains__jaccard","reciprocal",0.00694444444444444
"no_components_or_four_labels__equal_domains__jaccard","dual",0.00694444444444444
"no_components_or_four_labels__equal_domains__jaccard","paucal",0.00694444444444444
"no_components_or_four_labels__equal_domains__jaccard","multal",0.00694444444444444
"no_components_or_four_labels__equal_domains__jaccard","proportional",0.00694444444444444
"no_components_or_four_labels__equal_domains__jaccard","semantically_countable",0.00694444444444444
"no_components_or_four_labels__equal_domains__jaccard","semantically_uncountable",0.00694444444444444
"no_components_or_four_labels__equal_domains__jaccard","semantically_singular",0.00694444444444444
"no_components_or_four_labels__equal_domains__jaccard","semantically_plural",0.00694444444444444
"no_components_or_four_labels__equal_domains__jaccard","distributive",0.00694444444444444
"no_components_or_four_labels__equal_domains__jaccard","joint",0.00694444444444444
"no_components_or_four_labels__equal_domains__jaccard","cardinal",0.00694444444444444
"no_components_or_four_labels__equal_domains__jaccard","disjunctive",0.00694444444444444
"no_components_or_four_labels__equal_domains__jaccard","degree",0.00694444444444444
"no_components_or_four_labels__equal_domains__jaccard","sufficiency",0.00694444444444444
"no_components_or_four_labels__equal_domains__jaccard","temporal",0.00694444444444444
"no_components_or_four_labels__equal_domains__jaccard","locative",0.00694444444444444
"no_components_or_four_labels__equal_domains__jaccard","dummy",0.00694444444444444
"no_components_or_four_labels__equal_domains__jaccard","can_be_followed_by_adjective_such",0.00543478260869565
"no_components_or_four_labels__equal_domains__jaccard","can_be_modified_by_almost",0.00543478260869565
"no_components_or_four_labels__equal_domains__jaccard","can_be_modified_by_approximately",0.00543478260869565
"no_components_or_four_labels__equal_domains__jaccard","can_be_modified_by_at_least",0.00543478260869565
"no_components_or_four_labels__equal_domains__jaccard","can_be_modified_by_hardly",0.00543478260869565
"no_components_or_four_labels__equal_domains__jaccard","can_be_modified_by_not",0.00543478260869565
"no_components_or_four_labels__equal_domains__jaccard","can_be_modified_by_adverb_very",0.00543478260869565
"no_components_or_four_labels__equal_domains__jaccard","Coordinates_with_independent_genitives",0.00543478260869565
"no_components_or_four_labels__equal_domains__jaccard","Coordinates_with_dependent_genitives",0.00543478260869565
"no_components_or_four_labels__equal_domains__jaccard","Coordinates_with_NPs",0.00543478260869565
"no_components_or_four_labels__equal_domains__jaccard","intensifying_reduplication",0.00543478260869565
"no_components_or_four_labels__equal_domains__jaccard","selects_singular_heads",0.00543478260869565
"no_components_or_four_labels__equal_domains__jaccard","selects_count_singular_heads",0.00543478260869565
"no_components_or_four_labels__equal_domains__jaccard","selects_non_count_heads",0.00543478260869565
"no_components_or_four_labels__equal_domains__jaccard","selects_plural_heads",0.00543478260869565
"no_components_or_four_labels__equal_domains__jaccard","compatible_count_sing_NP",0.00543478260869565
"no_components_or_four_labels__equal_domains__jaccard","compatible_count_plur_NP",0.00543478260869565
"no_components_or_four_labels__equal_domains__jaccard","compatible_non_count_NP",0.00543478260869565
"no_components_or_four_labels__equal_domains__jaccard","Forms_universal_pronouns_before_all",0.00543478260869565
"no_components_or_four_labels__equal_domains__jaccard","functions_as_a_predeterminer_modifier",0.00543478260869565
"no_components_or_four_labels__equal_domains__jaccard","functions_as_prehead_modifier_in_nominal",0.00543478260869565
"no_components_or_four_labels__equal_domains__jaccard","functions_as_degree_modifier_in_AdjP",0.00543478260869565
"no_components_or_four_labels__equal_domains__jaccard","functions_as_predicative_complement",0.00543478260869565
"no_components_or_four_labels__equal_domains__jaccard","functions_as_predicative_complement_to_seem",0.00543478260869565
"no_components_or_four_labels__equal_domains__jaccard","functions_as_marker_of_coordination",0.00543478260869565
"no_components_or_four_labels__equal_domains__jaccard","functions_as_adjunct_in_clause_structure",0.00543478260869565
"no_components_or_four_labels__equal_domains__jaccard","functions_as_attrib_modifier_in_nominal",0.00543478260869565
"no_components_or_four_labels__equal_domains__jaccard","appears_in_subject",0.00543478260869565
"no_components_or_four_labels__equal_domains__jaccard","appears_in_object",0.00543478260869565
"no_components_or_four_labels__equal_domains__jaccard","functions_as_post_head_modifier_of_it_or_them",0.00543478260869565
"no_components_or_four_labels__equal_domains__jaccard","functions_as_post_head_modifier_of_N",0.00543478260869565
"no_components_or_four_labels__equal_domains__jaccard","appears_in_existentials_there_s_on_the_table",0.00543478260869565
"no_components_or_four_labels__equal_domains__jaccard","functions_as_determiner_in_day_s_time_ago",0.00543478260869565
"no_components_or_four_labels__equal_domains__jaccard","functions_as_subject_of_present_participal_of_joining_you",0.00543478260869565
"no_components_or_four_labels__equal_domains__jaccard","Functions_as_subject_of_interrogative_tag",0.00543478260869565
"no_components_or_four_labels__equal_domains__jaccard","functions_in_vocative",0.00543478260869565
"no_components_or_four_labels__equal_domains__jaccard","must_be_outranked_by_a_coindexed_element",0.00543478260869565
"no_components_or_four_labels__equal_domains__jaccard","takes_predeterminer_modifiers_all_or_both",0.00543478260869565
"no_components_or_four_labels__equal_domains__jaccard","occurs_after_predeterminer_modifiers_fractions",0.00543478260869565
"no_components_or_four_labels__equal_domains__jaccard","occurs_after_predeterminer_modifiers_multipliers",0.00543478260869565
"no_components_or_four_labels__equal_domains__jaccard","ironic_use_of_repetition",0.00543478260869565
"no_components_or_four_labels__equal_domains__jaccard","take_poor_lucky_silly_as_attrib_modifiers",0.00543478260869565
"no_components_or_four_labels__equal_domains__jaccard","takes_adverb_quite_as_a_modifier",0.00543478260869565
"no_components_or_four_labels__equal_domains__jaccard","takes_else_or_more_as_a_post_head_dependent",0.00543478260869565
"no_components_or_four_labels__equal_domains__jaccard","accepts_genitive_apstrophe_s",0.00543478260869565
"no_components_or_four_labels__equal_domains__jaccard","takes_post_head_modifier_the_hell",0.00543478260869565
"no_components_or_four_labels__unique_profiles__sqrt_hamming","genitive_case",0.01
"no_components_or_four_labels__unique_profiles__sqrt_hamming","accusative_case",0.01
"no_components_or_four_labels__unique_profiles__sqrt_hamming","nominative_case",0.01
"no_components_or_four_labels__unique_profiles__sqrt_hamming","in_word_formation_e_g_a_many_sided_shape",0.01
"no_components_or_four_labels__unique_profiles__sqrt_hamming","has_derivationtionally_related_words",0.01
"no_components_or_four_labels__unique_profiles__sqrt_hamming","has_corresponding_word",0.01
"no_components_or_four_labels__unique_profiles__sqrt_hamming","compound_word",0.01
"no_components_or_four_labels__unique_profiles__sqrt_hamming","inflects_for_case",0.01
"no_components_or_four_labels__unique_profiles__sqrt_hamming","paradigm_has_distinct_acc_form",0.01
"no_components_or_four_labels__unique_profiles__sqrt_hamming","paradigm_has_genitive_form",0.01
"no_components_or_four_labels__unique_profiles__sqrt_hamming","paradigm_has_distinct_independent_genitive_form",0.01
"no_components_or_four_labels__unique_profiles__sqrt_hamming","paradigm_has_distinct_self_form",0.01
"no_components_or_four_labels__unique_profiles__sqrt_hamming","paradigm_has_comparative_and_superlative_forms",0.005
"no_components_or_four_labels__unique_profiles__sqrt_hamming","paradigm_has_distinct_plural_form",0.01
"no_components_or_four_labels__unique_profiles__sqrt_hamming","does_not_inflect",0.01
"no_components_or_four_labels__unique_profiles__sqrt_hamming","Monmorphemic",0.01
"no_components_or_four_labels__unique_profiles__sqrt_hamming","Must_be_stressed_as_object_after_particle",0.01
"no_components_or_four_labels__unique_profiles__sqrt_hamming","Start_with_th",0.01
"no_components_or_four_labels__unique_profiles__sqrt_hamming","Start_with_hw",0.01
"no_components_or_four_labels__unique_profiles__sqrt_hamming","anaphoric_marker",0.01
"no_components_or_four_labels__unique_profiles__sqrt_hamming","deictic_marker",0.01
"no_components_or_four_labels__unique_profiles__sqrt_hamming","person_deixis",0.01
"no_components_or_four_labels__unique_profiles__sqrt_hamming","pro_form",0.01
"no_components_or_four_labels__unique_profiles__sqrt_hamming","personal_gender_as_head_or_fused_head",0.01
"no_components_or_four_labels__unique_profiles__sqrt_hamming","non_personal_gender",0.01
"no_components_or_four_labels__unique_profiles__sqrt_hamming","epicene_personal_gender",0.01
"no_components_or_four_labels__unique_profiles__sqrt_hamming","masculine_gender",0.01
"no_components_or_four_labels__unique_profiles__sqrt_hamming","feminine_gender",0.01
"no_components_or_four_labels__unique_profiles__sqrt_hamming","definite",0.01
"no_components_or_four_labels__unique_profiles__sqrt_hamming","indefinite",0.01
"no_components_or_four_labels__unique_profiles__sqrt_hamming","existential",0.01
"no_components_or_four_labels__unique_profiles__sqrt_hamming","universal",0.01
"no_components_or_four_labels__unique_profiles__sqrt_hamming","free_choice",0.01
"no_components_or_four_labels__unique_profiles__sqrt_hamming","negative",0.01
"no_components_or_four_labels__unique_profiles__sqrt_hamming","interrogative",0.01
"no_components_or_four_labels__unique_profiles__sqrt_hamming","non_affirmative",0.01
"no_components_or_four_labels__unique_profiles__sqrt_hamming","reflexive",0.01
"no_components_or_four_labels__unique_profiles__sqrt_hamming","reciprocal",0.01
"no_components_or_four_labels__unique_profiles__sqrt_hamming","dual",0.01
"no_components_or_four_labels__unique_profiles__sqrt_hamming","paucal",0.01
"no_components_or_four_labels__unique_profiles__sqrt_hamming","multal",0.01
"no_components_or_four_labels__unique_profiles__sqrt_hamming","proportional",0.01
"no_components_or_four_labels__unique_profiles__sqrt_hamming","semantically_countable",0.01
"no_components_or_four_labels__unique_profiles__sqrt_hamming","semantically_uncountable",0.01
"no_components_or_four_labels__unique_profiles__sqrt_hamming","semantically_singular",0.01
"no_components_or_four_labels__unique_profiles__sqrt_hamming","semantically_plural",0.01
"no_components_or_four_labels__unique_profiles__sqrt_hamming","distributive",0.01
"no_components_or_four_labels__unique_profiles__sqrt_hamming","joint",0.01
"no_components_or_four_labels__unique_profiles__sqrt_hamming","cardinal",0.01
"no_components_or_four_labels__unique_profiles__sqrt_hamming","disjunctive",0.01
"no_components_or_four_labels__unique_profiles__sqrt_hamming","degree",0.005
"no_components_or_four_labels__unique_profiles__sqrt_hamming","sufficiency",0.01
"no_components_or_four_labels__unique_profiles__sqrt_hamming","temporal",0.01
"no_components_or_four_labels__unique_profiles__sqrt_hamming","locative",0.01
"no_components_or_four_labels__unique_profiles__sqrt_hamming","dummy",0.01
"no_components_or_four_labels__unique_profiles__sqrt_hamming","can_be_followed_by_adjective_such",0.01
"no_components_or_four_labels__unique_profiles__sqrt_hamming","can_be_modified_by_almost",0.01
"no_components_or_four_labels__unique_profiles__sqrt_hamming","can_be_modified_by_approximately",0.01
"no_components_or_four_labels__unique_profiles__sqrt_hamming","can_be_modified_by_at_least",0.01
"no_components_or_four_labels__unique_profiles__sqrt_hamming","can_be_modified_by_hardly",0.01
"no_components_or_four_labels__unique_profiles__sqrt_hamming","can_be_modified_by_not",0.01
"no_components_or_four_labels__unique_profiles__sqrt_hamming","can_be_modified_by_adverb_very",0.01
"no_components_or_four_labels__unique_profiles__sqrt_hamming","Coordinates_with_independent_genitives",0.01
"no_components_or_four_labels__unique_profiles__sqrt_hamming","Coordinates_with_dependent_genitives",0.01
"no_components_or_four_labels__unique_profiles__sqrt_hamming","Coordinates_with_NPs",0.01
"no_components_or_four_labels__unique_profiles__sqrt_hamming","intensifying_reduplication",0.01
"no_components_or_four_labels__unique_profiles__sqrt_hamming","selects_singular_heads",0.01
"no_components_or_four_labels__unique_profiles__sqrt_hamming","selects_count_singular_heads",0.01
"no_components_or_four_labels__unique_profiles__sqrt_hamming","selects_non_count_heads",0.01
"no_components_or_four_labels__unique_profiles__sqrt_hamming","selects_plural_heads",0.01
"no_components_or_four_labels__unique_profiles__sqrt_hamming","compatible_count_sing_NP",0.01
"no_components_or_four_labels__unique_profiles__sqrt_hamming","compatible_count_plur_NP",0.01
"no_components_or_four_labels__unique_profiles__sqrt_hamming","compatible_non_count_NP",0.01
"no_components_or_four_labels__unique_profiles__sqrt_hamming","Forms_universal_pronouns_before_all",0.01
"no_components_or_four_labels__unique_profiles__sqrt_hamming","functions_as_a_predeterminer_modifier",0.01
"no_components_or_four_labels__unique_profiles__sqrt_hamming","functions_as_prehead_modifier_in_nominal",0.01
"no_components_or_four_labels__unique_profiles__sqrt_hamming","functions_as_degree_modifier_in_AdjP",0.01
"no_components_or_four_labels__unique_profiles__sqrt_hamming","functions_as_predicative_complement",0.01
"no_components_or_four_labels__unique_profiles__sqrt_hamming","functions_as_predicative_complement_to_seem",0.01
"no_components_or_four_labels__unique_profiles__sqrt_hamming","functions_as_marker_of_coordination",0.01
"no_components_or_four_labels__unique_profiles__sqrt_hamming","functions_as_adjunct_in_clause_structure",0.01
"no_components_or_four_labels__unique_profiles__sqrt_hamming","functions_as_attrib_modifier_in_nominal",0.01
"no_components_or_four_labels__unique_profiles__sqrt_hamming","appears_in_subject",0.01
"no_components_or_four_labels__unique_profiles__sqrt_hamming","appears_in_object",0.01
"no_components_or_four_labels__unique_profiles__sqrt_hamming","functions_as_post_head_modifier_of_it_or_them",0.01
"no_components_or_four_labels__unique_profiles__sqrt_hamming","functions_as_post_head_modifier_of_N",0.01
"no_components_or_four_labels__unique_profiles__sqrt_hamming","appears_in_existentials_there_s_on_the_table",0.01
"no_components_or_four_labels__unique_profiles__sqrt_hamming","functions_as_determiner_in_day_s_time_ago",0.01
"no_components_or_four_labels__unique_profiles__sqrt_hamming","functions_as_subject_of_present_participal_of_joining_you",0.01
"no_components_or_four_labels__unique_profiles__sqrt_hamming","Functions_as_subject_of_interrogative_tag",0.01
"no_components_or_four_labels__unique_profiles__sqrt_hamming","functions_in_vocative",0.01
"no_components_or_four_labels__unique_profiles__sqrt_hamming","must_be_outranked_by_a_coindexed_element",0.01
"no_components_or_four_labels__unique_profiles__sqrt_hamming","takes_predeterminer_modifiers_all_or_both",0.01
"no_components_or_four_labels__unique_profiles__sqrt_hamming","occurs_after_predeterminer_modifiers_fractions",0.01
"no_components_or_four_labels__unique_profiles__sqrt_hamming","occurs_after_predeterminer_modifiers_multipliers",0.01
"no_components_or_four_labels__unique_profiles__sqrt_hamming","ironic_use_of_repetition",0.01
"no_components_or_four_labels__unique_profiles__sqrt_hamming","take_poor_lucky_silly_as_attrib_modifiers",0.01
"no_components_or_four_labels__unique_profiles__sqrt_hamming","takes_adverb_quite_as_a_modifier",0.01
"no_components_or_four_labels__unique_profiles__sqrt_hamming","takes_else_or_more_as_a_post_head_dependent",0.01
"no_components_or_four_labels__unique_profiles__sqrt_hamming","accepts_genitive_apstrophe_s",0.01
"no_components_or_four_labels__unique_profiles__sqrt_hamming","takes_post_head_modifier_the_hell",0.01
"no_components_or_four_labels__unique_profiles__hamming","genitive_case",0.01
"no_components_or_four_labels__unique_profiles__hamming","accusative_case",0.01
"no_components_or_four_labels__unique_profiles__hamming","nominative_case",0.01
"no_components_or_four_labels__unique_profiles__hamming","in_word_formation_e_g_a_many_sided_shape",0.01
"no_components_or_four_labels__unique_profiles__hamming","has_derivationtionally_related_words",0.01
"no_components_or_four_labels__unique_profiles__hamming","has_corresponding_word",0.01
"no_components_or_four_labels__unique_profiles__hamming","compound_word",0.01
"no_components_or_four_labels__unique_profiles__hamming","inflects_for_case",0.01
"no_components_or_four_labels__unique_profiles__hamming","paradigm_has_distinct_acc_form",0.01
"no_components_or_four_labels__unique_profiles__hamming","paradigm_has_genitive_form",0.01
"no_components_or_four_labels__unique_profiles__hamming","paradigm_has_distinct_independent_genitive_form",0.01
"no_components_or_four_labels__unique_profiles__hamming","paradigm_has_distinct_self_form",0.01
"no_components_or_four_labels__unique_profiles__hamming","paradigm_has_comparative_and_superlative_forms",0.005
"no_components_or_four_labels__unique_profiles__hamming","paradigm_has_distinct_plural_form",0.01
"no_components_or_four_labels__unique_profiles__hamming","does_not_inflect",0.01
"no_components_or_four_labels__unique_profiles__hamming","Monmorphemic",0.01
"no_components_or_four_labels__unique_profiles__hamming","Must_be_stressed_as_object_after_particle",0.01
"no_components_or_four_labels__unique_profiles__hamming","Start_with_th",0.01
"no_components_or_four_labels__unique_profiles__hamming","Start_with_hw",0.01
"no_components_or_four_labels__unique_profiles__hamming","anaphoric_marker",0.01
"no_components_or_four_labels__unique_profiles__hamming","deictic_marker",0.01
"no_components_or_four_labels__unique_profiles__hamming","person_deixis",0.01
"no_components_or_four_labels__unique_profiles__hamming","pro_form",0.01
"no_components_or_four_labels__unique_profiles__hamming","personal_gender_as_head_or_fused_head",0.01
"no_components_or_four_labels__unique_profiles__hamming","non_personal_gender",0.01
"no_components_or_four_labels__unique_profiles__hamming","epicene_personal_gender",0.01
"no_components_or_four_labels__unique_profiles__hamming","masculine_gender",0.01
"no_components_or_four_labels__unique_profiles__hamming","feminine_gender",0.01
"no_components_or_four_labels__unique_profiles__hamming","definite",0.01
"no_components_or_four_labels__unique_profiles__hamming","indefinite",0.01
"no_components_or_four_labels__unique_profiles__hamming","existential",0.01
"no_components_or_four_labels__unique_profiles__hamming","universal",0.01
"no_components_or_four_labels__unique_profiles__hamming","free_choice",0.01
"no_components_or_four_labels__unique_profiles__hamming","negative",0.01
"no_components_or_four_labels__unique_profiles__hamming","interrogative",0.01
"no_components_or_four_labels__unique_profiles__hamming","non_affirmative",0.01
"no_components_or_four_labels__unique_profiles__hamming","reflexive",0.01
"no_components_or_four_labels__unique_profiles__hamming","reciprocal",0.01
"no_components_or_four_labels__unique_profiles__hamming","dual",0.01
"no_components_or_four_labels__unique_profiles__hamming","paucal",0.01
"no_components_or_four_labels__unique_profiles__hamming","multal",0.01
"no_components_or_four_labels__unique_profiles__hamming","proportional",0.01
"no_components_or_four_labels__unique_profiles__hamming","semantically_countable",0.01
"no_components_or_four_labels__unique_profiles__hamming","semantically_uncountable",0.01
"no_components_or_four_labels__unique_profiles__hamming","semantically_singular",0.01
"no_components_or_four_labels__unique_profiles__hamming","semantically_plural",0.01
"no_components_or_four_labels__unique_profiles__hamming","distributive",0.01
"no_components_or_four_labels__unique_profiles__hamming","joint",0.01
"no_components_or_four_labels__unique_profiles__hamming","cardinal",0.01
"no_components_or_four_labels__unique_profiles__hamming","disjunctive",0.01
"no_components_or_four_labels__unique_profiles__hamming","degree",0.005
"no_components_or_four_labels__unique_profiles__hamming","sufficiency",0.01
"no_components_or_four_labels__unique_profiles__hamming","temporal",0.01
"no_components_or_four_labels__unique_profiles__hamming","locative",0.01
"no_components_or_four_labels__unique_profiles__hamming","dummy",0.01
"no_components_or_four_labels__unique_profiles__hamming","can_be_followed_by_adjective_such",0.01
"no_components_or_four_labels__unique_profiles__hamming","can_be_modified_by_almost",0.01
"no_components_or_four_labels__unique_profiles__hamming","can_be_modified_by_approximately",0.01
"no_components_or_four_labels__unique_profiles__hamming","can_be_modified_by_at_least",0.01
"no_components_or_four_labels__unique_profiles__hamming","can_be_modified_by_hardly",0.01
"no_components_or_four_labels__unique_profiles__hamming","can_be_modified_by_not",0.01
"no_components_or_four_labels__unique_profiles__hamming","can_be_modified_by_adverb_very",0.01
"no_components_or_four_labels__unique_profiles__hamming","Coordinates_with_independent_genitives",0.01
"no_components_or_four_labels__unique_profiles__hamming","Coordinates_with_dependent_genitives",0.01
"no_components_or_four_labels__unique_profiles__hamming","Coordinates_with_NPs",0.01
"no_components_or_four_labels__unique_profiles__hamming","intensifying_reduplication",0.01
"no_components_or_four_labels__unique_profiles__hamming","selects_singular_heads",0.01
"no_components_or_four_labels__unique_profiles__hamming","selects_count_singular_heads",0.01
"no_components_or_four_labels__unique_profiles__hamming","selects_non_count_heads",0.01
"no_components_or_four_labels__unique_profiles__hamming","selects_plural_heads",0.01
"no_components_or_four_labels__unique_profiles__hamming","compatible_count_sing_NP",0.01
"no_components_or_four_labels__unique_profiles__hamming","compatible_count_plur_NP",0.01
"no_components_or_four_labels__unique_profiles__hamming","compatible_non_count_NP",0.01
"no_components_or_four_labels__unique_profiles__hamming","Forms_universal_pronouns_before_all",0.01
"no_components_or_four_labels__unique_profiles__hamming","functions_as_a_predeterminer_modifier",0.01
"no_components_or_four_labels__unique_profiles__hamming","functions_as_prehead_modifier_in_nominal",0.01
"no_components_or_four_labels__unique_profiles__hamming","functions_as_degree_modifier_in_AdjP",0.01
"no_components_or_four_labels__unique_profiles__hamming","functions_as_predicative_complement",0.01
"no_components_or_four_labels__unique_profiles__hamming","functions_as_predicative_complement_to_seem",0.01
"no_components_or_four_labels__unique_profiles__hamming","functions_as_marker_of_coordination",0.01
"no_components_or_four_labels__unique_profiles__hamming","functions_as_adjunct_in_clause_structure",0.01
"no_components_or_four_labels__unique_profiles__hamming","functions_as_attrib_modifier_in_nominal",0.01
"no_components_or_four_labels__unique_profiles__hamming","appears_in_subject",0.01
"no_components_or_four_labels__unique_profiles__hamming","appears_in_object",0.01
"no_components_or_four_labels__unique_profiles__hamming","functions_as_post_head_modifier_of_it_or_them",0.01
"no_components_or_four_labels__unique_profiles__hamming","functions_as_post_head_modifier_of_N",0.01
"no_components_or_four_labels__unique_profiles__hamming","appears_in_existentials_there_s_on_the_table",0.01
"no_components_or_four_labels__unique_profiles__hamming","functions_as_determiner_in_day_s_time_ago",0.01
"no_components_or_four_labels__unique_profiles__hamming","functions_as_subject_of_present_participal_of_joining_you",0.01
"no_components_or_four_labels__unique_profiles__hamming","Functions_as_subject_of_interrogative_tag",0.01
"no_components_or_four_labels__unique_profiles__hamming","functions_in_vocative",0.01
"no_components_or_four_labels__unique_profiles__hamming","must_be_outranked_by_a_coindexed_element",0.01
"no_components_or_four_labels__unique_profiles__hamming","takes_predeterminer_modifiers_all_or_both",0.01
"no_components_or_four_labels__unique_profiles__hamming","occurs_after_predeterminer_modifiers_fractions",0.01
"no_components_or_four_labels__unique_profiles__hamming","occurs_after_predeterminer_modifiers_multipliers",0.01
"no_components_or_four_labels__unique_profiles__hamming","ironic_use_of_repetition",0.01
"no_components_or_four_labels__unique_profiles__hamming","take_poor_lucky_silly_as_attrib_modifiers",0.01
"no_components_or_four_labels__unique_profiles__hamming","takes_adverb_quite_as_a_modifier",0.01
"no_components_or_four_labels__unique_profiles__hamming","takes_else_or_more_as_a_post_head_dependent",0.01
"no_components_or_four_labels__unique_profiles__hamming","accepts_genitive_apstrophe_s",0.01
"no_components_or_four_labels__unique_profiles__hamming","takes_post_head_modifier_the_hell",0.01
"no_components_or_four_labels__unique_profiles__jaccard","genitive_case",0.01
"no_components_or_four_labels__unique_profiles__jaccard","accusative_case",0.01
"no_components_or_four_labels__unique_profiles__jaccard","nominative_case",0.01
"no_components_or_four_labels__unique_profiles__jaccard","in_word_formation_e_g_a_many_sided_shape",0.01
"no_components_or_four_labels__unique_profiles__jaccard","has_derivationtionally_related_words",0.01
"no_components_or_four_labels__unique_profiles__jaccard","has_corresponding_word",0.01
"no_components_or_four_labels__unique_profiles__jaccard","compound_word",0.01
"no_components_or_four_labels__unique_profiles__jaccard","inflects_for_case",0.01
"no_components_or_four_labels__unique_profiles__jaccard","paradigm_has_distinct_acc_form",0.01
"no_components_or_four_labels__unique_profiles__jaccard","paradigm_has_genitive_form",0.01
"no_components_or_four_labels__unique_profiles__jaccard","paradigm_has_distinct_independent_genitive_form",0.01
"no_components_or_four_labels__unique_profiles__jaccard","paradigm_has_distinct_self_form",0.01
"no_components_or_four_labels__unique_profiles__jaccard","paradigm_has_comparative_and_superlative_forms",0.005
"no_components_or_four_labels__unique_profiles__jaccard","paradigm_has_distinct_plural_form",0.01
"no_components_or_four_labels__unique_profiles__jaccard","does_not_inflect",0.01
"no_components_or_four_labels__unique_profiles__jaccard","Monmorphemic",0.01
"no_components_or_four_labels__unique_profiles__jaccard","Must_be_stressed_as_object_after_particle",0.01
"no_components_or_four_labels__unique_profiles__jaccard","Start_with_th",0.01
"no_components_or_four_labels__unique_profiles__jaccard","Start_with_hw",0.01
"no_components_or_four_labels__unique_profiles__jaccard","anaphoric_marker",0.01
"no_components_or_four_labels__unique_profiles__jaccard","deictic_marker",0.01
"no_components_or_four_labels__unique_profiles__jaccard","person_deixis",0.01
"no_components_or_four_labels__unique_profiles__jaccard","pro_form",0.01
"no_components_or_four_labels__unique_profiles__jaccard","personal_gender_as_head_or_fused_head",0.01
"no_components_or_four_labels__unique_profiles__jaccard","non_personal_gender",0.01
"no_components_or_four_labels__unique_profiles__jaccard","epicene_personal_gender",0.01
"no_components_or_four_labels__unique_profiles__jaccard","masculine_gender",0.01
"no_components_or_four_labels__unique_profiles__jaccard","feminine_gender",0.01
"no_components_or_four_labels__unique_profiles__jaccard","definite",0.01
"no_components_or_four_labels__unique_profiles__jaccard","indefinite",0.01
"no_components_or_four_labels__unique_profiles__jaccard","existential",0.01
"no_components_or_four_labels__unique_profiles__jaccard","universal",0.01
"no_components_or_four_labels__unique_profiles__jaccard","free_choice",0.01
"no_components_or_four_labels__unique_profiles__jaccard","negative",0.01
"no_components_or_four_labels__unique_profiles__jaccard","interrogative",0.01
"no_components_or_four_labels__unique_profiles__jaccard","non_affirmative",0.01
"no_components_or_four_labels__unique_profiles__jaccard","reflexive",0.01
"no_components_or_four_labels__unique_profiles__jaccard","reciprocal",0.01
"no_components_or_four_labels__unique_profiles__jaccard","dual",0.01
"no_components_or_four_labels__unique_profiles__jaccard","paucal",0.01
"no_components_or_four_labels__unique_profiles__jaccard","multal",0.01
"no_components_or_four_labels__unique_profiles__jaccard","proportional",0.01
"no_components_or_four_labels__unique_profiles__jaccard","semantically_countable",0.01
"no_components_or_four_labels__unique_profiles__jaccard","semantically_uncountable",0.01
"no_components_or_four_labels__unique_profiles__jaccard","semantically_singular",0.01
"no_components_or_four_labels__unique_profiles__jaccard","semantically_plural",0.01
"no_components_or_four_labels__unique_profiles__jaccard","distributive",0.01
"no_components_or_four_labels__unique_profiles__jaccard","joint",0.01
"no_components_or_four_labels__unique_profiles__jaccard","cardinal",0.01
"no_components_or_four_labels__unique_profiles__jaccard","disjunctive",0.01
"no_components_or_four_labels__unique_profiles__jaccard","degree",0.005
"no_components_or_four_labels__unique_profiles__jaccard","sufficiency",0.01
"no_components_or_four_labels__unique_profiles__jaccard","temporal",0.01
"no_components_or_four_labels__unique_profiles__jaccard","locative",0.01
"no_components_or_four_labels__unique_profiles__jaccard","dummy",0.01
"no_components_or_four_labels__unique_profiles__jaccard","can_be_followed_by_adjective_such",0.01
"no_components_or_four_labels__unique_profiles__jaccard","can_be_modified_by_almost",0.01
"no_components_or_four_labels__unique_profiles__jaccard","can_be_modified_by_approximately",0.01
"no_components_or_four_labels__unique_profiles__jaccard","can_be_modified_by_at_least",0.01
"no_components_or_four_labels__unique_profiles__jaccard","can_be_modified_by_hardly",0.01
"no_components_or_four_labels__unique_profiles__jaccard","can_be_modified_by_not",0.01
"no_components_or_four_labels__unique_profiles__jaccard","can_be_modified_by_adverb_very",0.01
"no_components_or_four_labels__unique_profiles__jaccard","Coordinates_with_independent_genitives",0.01
"no_components_or_four_labels__unique_profiles__jaccard","Coordinates_with_dependent_genitives",0.01
"no_components_or_four_labels__unique_profiles__jaccard","Coordinates_with_NPs",0.01
"no_components_or_four_labels__unique_profiles__jaccard","intensifying_reduplication",0.01
"no_components_or_four_labels__unique_profiles__jaccard","selects_singular_heads",0.01
"no_components_or_four_labels__unique_profiles__jaccard","selects_count_singular_heads",0.01
"no_components_or_four_labels__unique_profiles__jaccard","selects_non_count_heads",0.01
"no_components_or_four_labels__unique_profiles__jaccard","selects_plural_heads",0.01
"no_components_or_four_labels__unique_profiles__jaccard","compatible_count_sing_NP",0.01
"no_components_or_four_labels__unique_profiles__jaccard","compatible_count_plur_NP",0.01
"no_components_or_four_labels__unique_profiles__jaccard","compatible_non_count_NP",0.01
"no_components_or_four_labels__unique_profiles__jaccard","Forms_universal_pronouns_before_all",0.01
"no_components_or_four_labels__unique_profiles__jaccard","functions_as_a_predeterminer_modifier",0.01
"no_components_or_four_labels__unique_profiles__jaccard","functions_as_prehead_modifier_in_nominal",0.01
"no_components_or_four_labels__unique_profiles__jaccard","functions_as_degree_modifier_in_AdjP",0.01
"no_components_or_four_labels__unique_profiles__jaccard","functions_as_predicative_complement",0.01
"no_components_or_four_labels__unique_profiles__jaccard","functions_as_predicative_complement_to_seem",0.01
"no_components_or_four_labels__unique_profiles__jaccard","functions_as_marker_of_coordination",0.01
"no_components_or_four_labels__unique_profiles__jaccard","functions_as_adjunct_in_clause_structure",0.01
"no_components_or_four_labels__unique_profiles__jaccard","functions_as_attrib_modifier_in_nominal",0.01
"no_components_or_four_labels__unique_profiles__jaccard","appears_in_subject",0.01
"no_components_or_four_labels__unique_profiles__jaccard","appears_in_object",0.01
"no_components_or_four_labels__unique_profiles__jaccard","functions_as_post_head_modifier_of_it_or_them",0.01
"no_components_or_four_labels__unique_profiles__jaccard","functions_as_post_head_modifier_of_N",0.01
"no_components_or_four_labels__unique_profiles__jaccard","appears_in_existentials_there_s_on_the_table",0.01
"no_components_or_four_labels__unique_profiles__jaccard","functions_as_determiner_in_day_s_time_ago",0.01
"no_components_or_four_labels__unique_profiles__jaccard","functions_as_subject_of_present_participal_of_joining_you",0.01
"no_components_or_four_labels__unique_profiles__jaccard","Functions_as_subject_of_interrogative_tag",0.01
"no_components_or_four_labels__unique_profiles__jaccard","functions_in_vocative",0.01
"no_components_or_four_labels__unique_profiles__jaccard","must_be_outranked_by_a_coindexed_element",0.01
"no_components_or_four_labels__unique_profiles__jaccard","takes_predeterminer_modifiers_all_or_both",0.01
"no_components_or_four_labels__unique_profiles__jaccard","occurs_after_predeterminer_modifiers_fractions",0.01
"no_components_or_four_labels__unique_profiles__jaccard","occurs_after_predeterminer_modifiers_multipliers",0.01
"no_components_or_four_labels__unique_profiles__jaccard","ironic_use_of_repetition",0.01
"no_components_or_four_labels__unique_profiles__jaccard","take_poor_lucky_silly_as_attrib_modifiers",0.01
"no_components_or_four_labels__unique_profiles__jaccard","takes_adverb_quite_as_a_modifier",0.01
"no_components_or_four_labels__unique_profiles__jaccard","takes_else_or_more_as_a_post_head_dependent",0.01
"no_components_or_four_labels__unique_profiles__jaccard","accepts_genitive_apstrophe_s",0.01
"no_components_or_four_labels__unique_profiles__jaccard","takes_post_head_modifier_the_hell",0.01
"no_components_or_four_labels__idf_presence__jaccard","genitive_case",0.00967979991364327
"no_components_or_four_labels__idf_presence__jaccard","accusative_case",0.0133338054563243
"no_components_or_four_labels__idf_presence__jaccard","nominative_case",0.0133338054563243
"no_components_or_four_labels__idf_presence__jaccard","in_word_formation_e_g_a_many_sided_shape",0.00822349828291575
"no_components_or_four_labels__idf_presence__jaccard","has_derivationtionally_related_words",0.00294053797166595
"no_components_or_four_labels__idf_presence__jaccard","has_corresponding_word",0.00679863154363988
"no_components_or_four_labels__idf_presence__jaccard","compound_word",0.00556710383205022
"no_components_or_four_labels__idf_presence__jaccard","inflects_for_case",0.00321444974592391
"no_components_or_four_labels__idf_presence__jaccard","paradigm_has_distinct_acc_form",0.00639806304527468
"no_components_or_four_labels__idf_presence__jaccard","paradigm_has_genitive_form",0.0051451494395444
"no_components_or_four_labels__idf_presence__jaccard","paradigm_has_distinct_independent_genitive_form",0.00754234369374763
"no_components_or_four_labels__idf_presence__jaccard","paradigm_has_distinct_self_form",0.00614698627561484
"no_components_or_four_labels__idf_presence__jaccard","paradigm_has_comparative_and_superlative_forms",0.0138362440942447
"no_components_or_four_labels__idf_presence__jaccard","paradigm_has_distinct_plural_form",0.00967979991364327
"no_components_or_four_labels__idf_presence__jaccard","does_not_inflect",0.00421792144498646
"no_components_or_four_labels__idf_presence__jaccard","Monmorphemic",0.00357815364877344
"no_components_or_four_labels__idf_presence__jaccard","Must_be_stressed_as_object_after_particle",0.0065282330088827
"no_components_or_four_labels__idf_presence__jaccard","Start_with_th",0.0110389758879195
"no_components_or_four_labels__idf_presence__jaccard","Start_with_hw",0.0143916642401976
"no_components_or_four_labels__idf_presence__jaccard","anaphoric_marker",0.002312221915675
"no_components_or_four_labels__idf_presence__jaccard","deictic_marker",0.00723215919145443
"no_components_or_four_labels__idf_presence__jaccard","person_deixis",0.00804478233166806
"no_components_or_four_labels__idf_presence__jaccard","pro_form",0.00405055450926487
"no_components_or_four_labels__idf_presence__jaccard","personal_gender_as_head_or_fused_head",0.00484946732789912
"no_components_or_four_labels__idf_presence__jaccard","non_personal_gender",0.00770456005194586
"no_components_or_four_labels__idf_presence__jaccard","epicene_personal_gender",0.00627103001462195
"no_components_or_four_labels__idf_presence__jaccard","masculine_gender",0.0186665766799888
"no_components_or_four_labels__idf_presence__jaccard","feminine_gender",0.0174902496369257
"no_components_or_four_labels__idf_presence__jaccard","definite",0.00350337770459424
"no_components_or_four_labels__idf_presence__jaccard","indefinite",0.00342964761215458
"no_components_or_four_labels__idf_presence__jaccard","existential",0.000915487197553764
"no_components_or_four_labels__idf_presence__jaccard","universal",0.0150125711373078
"no_components_or_four_labels__idf_presence__jaccard","free_choice",0.00944546730525762
"no_components_or_four_labels__idf_presence__jaccard","negative",0.0124531605249064
"no_components_or_four_labels__idf_presence__jaccard","interrogative",0.0113585655946269
"no_components_or_four_labels__idf_presence__jaccard","non_affirmative",0.00944546730525762
"no_components_or_four_labels__idf_presence__jaccard","reflexive",0.0143916642401976
"no_components_or_four_labels__idf_presence__jaccard","reciprocal",0.0223205822226698
"no_components_or_four_labels__idf_presence__jaccard","dual",0.0174902496369257
"no_components_or_four_labels__idf_presence__jaccard","paucal",0.0128751149174122
"no_components_or_four_labels__idf_presence__jaccard","multal",0.0186665766799888
"no_components_or_four_labels__idf_presence__jaccard","proportional",0.00666169876232975
"no_components_or_four_labels__idf_presence__jaccard","semantically_countable",0.00139072913366007
"no_components_or_four_labels__idf_presence__jaccard","semantically_uncountable",0.0065282330088827
"no_components_or_four_labels__idf_presence__jaccard","semantically_singular",0.00261702447194095
"no_components_or_four_labels__idf_presence__jaccard","semantically_plural",0.00357815364877344
"no_components_or_four_labels__idf_presence__jaccard","distributive",0.00335693451898031
"no_components_or_four_labels__idf_presence__jaccard","joint",0.00365400554268099
"no_components_or_four_labels__idf_presence__jaccard","cardinal",0.0186665766799888
"no_components_or_four_labels__idf_presence__jaccard","disjunctive",0.0223205822226698
"no_components_or_four_labels__idf_presence__jaccard","degree",0.0138362440942447
"no_components_or_four_labels__idf_presence__jaccard","sufficiency",0.0223205822226698
"no_components_or_four_labels__idf_presence__jaccard","temporal",0.0143916642401976
"no_components_or_four_labels__idf_presence__jaccard","locative",0.0186665766799888
"no_components_or_four_labels__idf_presence__jaccard","dummy",0.0223205822226698
"no_components_or_four_labels__idf_presence__jaccard","can_be_followed_by_adjective_such",0.00770456005194586
"no_components_or_four_labels__idf_presence__jaccard","can_be_modified_by_almost",0.00579146176257663
"no_components_or_four_labels__idf_presence__jaccard","can_be_modified_by_approximately",0.0113585655946269
"no_components_or_four_labels__idf_presence__jaccard","can_be_modified_by_at_least",0.00413357379472631
"no_components_or_four_labels__idf_presence__jaccard","can_be_modified_by_hardly",0.00804478233166806
"no_components_or_four_labels__idf_presence__jaccard","can_be_modified_by_not",0.00723215919145443
"no_components_or_four_labels__idf_presence__jaccard","can_be_modified_by_adverb_very",0.0186665766799888
"no_components_or_four_labels__idf_presence__jaccard","Coordinates_with_independent_genitives",0.00524751412534285
"no_components_or_four_labels__idf_presence__jaccard","Coordinates_with_dependent_genitives",0.0128751149174122
"no_components_or_four_labels__idf_presence__jaccard","Coordinates_with_NPs",0.00139072913366007
"no_components_or_four_labels__idf_presence__jaccard","intensifying_reduplication",0.0201831260027742
"no_components_or_four_labels__idf_presence__jaccard","selects_singular_heads",0.0101822385515637
"no_components_or_four_labels__idf_presence__jaccard","selects_count_singular_heads",0.0101822385515637
"no_components_or_four_labels__idf_presence__jaccard","selects_non_count_heads",0.0124531605249064
"no_components_or_four_labels__idf_presence__jaccard","selects_plural_heads",0.00879915498222539
"no_components_or_four_labels__idf_presence__jaccard","compatible_count_sing_NP",0.00484946732789912
"no_components_or_four_labels__idf_presence__jaccard","compatible_count_plur_NP",0.0051451494395444
"no_components_or_four_labels__idf_presence__jaccard","compatible_non_count_NP",0.0065282330088827
"no_components_or_four_labels__idf_presence__jaccard","Forms_universal_pronouns_before_all",0.0174902496369257
"no_components_or_four_labels__idf_presence__jaccard","functions_as_a_predeterminer_modifier",0.0165291204600932
"no_components_or_four_labels__idf_presence__jaccard","functions_as_prehead_modifier_in_nominal",0.0124531605249064
"no_components_or_four_labels__idf_presence__jaccard","functions_as_degree_modifier_in_AdjP",0.0120624917771986
"no_components_or_four_labels__idf_presence__jaccard","functions_as_predicative_complement",0.00249298073293385
"no_components_or_four_labels__idf_presence__jaccard","functions_as_predicative_complement_to_seem",0.0110389758879195
"no_components_or_four_labels__idf_presence__jaccard","functions_as_marker_of_coordination",0.0223205822226698
"no_components_or_four_labels__idf_presence__jaccard","functions_as_adjunct_in_clause_structure",0.00679863154363988
"no_components_or_four_labels__idf_presence__jaccard","functions_as_attrib_modifier_in_nominal",0.0101822385515637
"no_components_or_four_labels__idf_presence__jaccard","appears_in_subject",0.000961129176832484
"no_components_or_four_labels__idf_presence__jaccard","appears_in_object",0.000780885442448232
"no_components_or_four_labels__idf_presence__jaccard","functions_as_post_head_modifier_of_it_or_them",0.0201831260027742
"no_components_or_four_labels__idf_presence__jaccard","functions_as_post_head_modifier_of_N",0.0186665766799888
"no_components_or_four_labels__idf_presence__jaccard","appears_in_existentials_there_s_on_the_table",0.00666169876232975
"no_components_or_four_labels__idf_presence__jaccard","functions_as_determiner_in_day_s_time_ago",0.011698787874349
"no_components_or_four_labels__idf_presence__jaccard","functions_as_subject_of_present_participal_of_joining_you",0.00225332056909143
"no_components_or_four_labels__idf_presence__jaccard","Functions_as_subject_of_interrogative_tag",0.0133338054563243
"no_components_or_four_labels__idf_presence__jaccard","functions_in_vocative",0.0133338054563243
"no_components_or_four_labels__idf_presence__jaccard","must_be_outranked_by_a_coindexed_element",0.0128751149174122
"no_components_or_four_labels__idf_presence__jaccard","takes_predeterminer_modifiers_all_or_both",0.00840848623451758
"no_components_or_four_labels__idf_presence__jaccard","occurs_after_predeterminer_modifiers_fractions",0.00556710383205022
"no_components_or_four_labels__idf_presence__jaccard","occurs_after_predeterminer_modifiers_multipliers",0.00556710383205022
"no_components_or_four_labels__idf_presence__jaccard","ironic_use_of_repetition",0.011698787874349
"no_components_or_four_labels__idf_presence__jaccard","take_poor_lucky_silly_as_attrib_modifiers",0.0157164973198796
"no_components_or_four_labels__idf_presence__jaccard","takes_adverb_quite_as_a_modifier",0.00556710383205022
"no_components_or_four_labels__idf_presence__jaccard","takes_else_or_more_as_a_post_head_dependent",0.00804478233166806
"no_components_or_four_labels__idf_presence__jaccard","accepts_genitive_apstrophe_s",0.00922110937473121
"no_components_or_four_labels__idf_presence__jaccard","takes_post_head_modifier_the_hell",0.0174902496369257
"no_morph__equal_features__sqrt_hamming","Must_be_stressed_as_object_after_particle",0.0112359550561798
"no_morph__equal_features__sqrt_hamming","Start_with_th",0.0112359550561798
"no_morph__equal_features__sqrt_hamming","Start_with_hw",0.0112359550561798
"no_morph__equal_features__sqrt_hamming","anaphoric_marker",0.0112359550561798
"no_morph__equal_features__sqrt_hamming","deictic_marker",0.0112359550561798
"no_morph__equal_features__sqrt_hamming","person_deixis",0.0112359550561798
"no_morph__equal_features__sqrt_hamming","pro_form",0.0112359550561798
"no_morph__equal_features__sqrt_hamming","personal_gender_as_head_or_fused_head",0.0112359550561798
"no_morph__equal_features__sqrt_hamming","non_personal_gender",0.0112359550561798
"no_morph__equal_features__sqrt_hamming","epicene_personal_gender",0.0112359550561798
"no_morph__equal_features__sqrt_hamming","masculine_gender",0.0112359550561798
"no_morph__equal_features__sqrt_hamming","feminine_gender",0.0112359550561798
"no_morph__equal_features__sqrt_hamming","definite",0.0112359550561798
"no_morph__equal_features__sqrt_hamming","indefinite",0.0112359550561798
"no_morph__equal_features__sqrt_hamming","existential",0.0112359550561798
"no_morph__equal_features__sqrt_hamming","universal",0.0112359550561798
"no_morph__equal_features__sqrt_hamming","free_choice",0.0112359550561798
"no_morph__equal_features__sqrt_hamming","negative",0.0112359550561798
"no_morph__equal_features__sqrt_hamming","interrogative",0.0112359550561798
"no_morph__equal_features__sqrt_hamming","non_affirmative",0.0112359550561798
"no_morph__equal_features__sqrt_hamming","reflexive",0.0112359550561798
"no_morph__equal_features__sqrt_hamming","reciprocal",0.0112359550561798
"no_morph__equal_features__sqrt_hamming","dual",0.0112359550561798
"no_morph__equal_features__sqrt_hamming","paucal",0.0112359550561798
"no_morph__equal_features__sqrt_hamming","multal",0.0112359550561798
"no_morph__equal_features__sqrt_hamming","proportional",0.0112359550561798
"no_morph__equal_features__sqrt_hamming","semantically_countable",0.0112359550561798
"no_morph__equal_features__sqrt_hamming","semantically_uncountable",0.0112359550561798
"no_morph__equal_features__sqrt_hamming","semantically_singular",0.0112359550561798
"no_morph__equal_features__sqrt_hamming","semantically_plural",0.0112359550561798
"no_morph__equal_features__sqrt_hamming","distributive",0.0112359550561798
"no_morph__equal_features__sqrt_hamming","joint",0.0112359550561798
"no_morph__equal_features__sqrt_hamming","cardinal",0.0112359550561798
"no_morph__equal_features__sqrt_hamming","disjunctive",0.0112359550561798
"no_morph__equal_features__sqrt_hamming","degree",0.0112359550561798
"no_morph__equal_features__sqrt_hamming","sufficiency",0.0112359550561798
"no_morph__equal_features__sqrt_hamming","temporal",0.0112359550561798
"no_morph__equal_features__sqrt_hamming","locative",0.0112359550561798
"no_morph__equal_features__sqrt_hamming","dummy",0.0112359550561798
"no_morph__equal_features__sqrt_hamming","can_be_followed_by_adjective_such",0.0112359550561798
"no_morph__equal_features__sqrt_hamming","can_be_modified_by_almost",0.0112359550561798
"no_morph__equal_features__sqrt_hamming","can_be_modified_by_approximately",0.0112359550561798
"no_morph__equal_features__sqrt_hamming","can_be_modified_by_at_least",0.0112359550561798
"no_morph__equal_features__sqrt_hamming","can_be_modified_by_hardly",0.0112359550561798
"no_morph__equal_features__sqrt_hamming","can_be_modified_by_not",0.0112359550561798
"no_morph__equal_features__sqrt_hamming","can_be_modified_by_adverb_very",0.0112359550561798
"no_morph__equal_features__sqrt_hamming","Coordinates_with_independent_genitives",0.0112359550561798
"no_morph__equal_features__sqrt_hamming","Coordinates_with_dependent_genitives",0.0112359550561798
"no_morph__equal_features__sqrt_hamming","Coordinates_with_NPs",0.0112359550561798
"no_morph__equal_features__sqrt_hamming","intensifying_reduplication",0.0112359550561798
"no_morph__equal_features__sqrt_hamming","selects_singular_heads",0.0112359550561798
"no_morph__equal_features__sqrt_hamming","selects_count_singular_heads",0.0112359550561798
"no_morph__equal_features__sqrt_hamming","selects_non_count_heads",0.0112359550561798
"no_morph__equal_features__sqrt_hamming","selects_plural_heads",0.0112359550561798
"no_morph__equal_features__sqrt_hamming","compatible_count_sing_NP",0.0112359550561798
"no_morph__equal_features__sqrt_hamming","compatible_count_plur_NP",0.0112359550561798
"no_morph__equal_features__sqrt_hamming","compatible_non_count_NP",0.0112359550561798
"no_morph__equal_features__sqrt_hamming","Forms_universal_pronouns_before_all",0.0112359550561798
"no_morph__equal_features__sqrt_hamming","functions_as_a_predeterminer_modifier",0.0112359550561798
"no_morph__equal_features__sqrt_hamming","functions_as_prehead_modifier_in_nominal",0.0112359550561798
"no_morph__equal_features__sqrt_hamming","functions_as_degree_modifier_in_AdjP",0.0112359550561798
"no_morph__equal_features__sqrt_hamming","functions_as_predicative_complement",0.0112359550561798
"no_morph__equal_features__sqrt_hamming","functions_as_predicative_complement_to_seem",0.0112359550561798
"no_morph__equal_features__sqrt_hamming","functions_as_marker_of_coordination",0.0112359550561798
"no_morph__equal_features__sqrt_hamming","functions_as_fused_determiner_head",0.0112359550561798
"no_morph__equal_features__sqrt_hamming","functions_as_head_of_partitive_construction",0.0112359550561798
"no_morph__equal_features__sqrt_hamming","functions_as_adjunct_in_clause_structure",0.0112359550561798
"no_morph__equal_features__sqrt_hamming","functions_as_attrib_modifier_in_nominal",0.0112359550561798
"no_morph__equal_features__sqrt_hamming","appears_in_subject",0.0112359550561798
"no_morph__equal_features__sqrt_hamming","appears_in_object",0.0112359550561798
"no_morph__equal_features__sqrt_hamming","functions_as_post_head_modifier_of_it_or_them",0.0112359550561798
"no_morph__equal_features__sqrt_hamming","functions_as_post_head_modifier_of_N",0.0112359550561798
"no_morph__equal_features__sqrt_hamming","appears_in_existentials_there_s_on_the_table",0.0112359550561798
"no_morph__equal_features__sqrt_hamming","functions_as_determiner_in_day_s_time_ago",0.0112359550561798
"no_morph__equal_features__sqrt_hamming","functions_as_subject_of_present_participal_of_joining_you",0.0112359550561798
"no_morph__equal_features__sqrt_hamming","Functions_as_subject_of_interrogative_tag",0.0112359550561798
"no_morph__equal_features__sqrt_hamming","functions_as_subject_determiner",0.0112359550561798
"no_morph__equal_features__sqrt_hamming","functions_in_vocative",0.0112359550561798
"no_morph__equal_features__sqrt_hamming","May_coordinate_with_non_fused_determiners",0.0112359550561798
"no_morph__equal_features__sqrt_hamming","must_be_outranked_by_a_coindexed_element",0.0112359550561798
"no_morph__equal_features__sqrt_hamming","takes_predeterminer_modifiers_all_or_both",0.0112359550561798
"no_morph__equal_features__sqrt_hamming","occurs_after_predeterminer_modifiers_fractions",0.0112359550561798
"no_morph__equal_features__sqrt_hamming","occurs_after_predeterminer_modifiers_multipliers",0.0112359550561798
"no_morph__equal_features__sqrt_hamming","ironic_use_of_repetition",0.0112359550561798
"no_morph__equal_features__sqrt_hamming","take_poor_lucky_silly_as_attrib_modifiers",0.0112359550561798
"no_morph__equal_features__sqrt_hamming","takes_adverb_quite_as_a_modifier",0.0112359550561798
"no_morph__equal_features__sqrt_hamming","takes_else_or_more_as_a_post_head_dependent",0.0112359550561798
"no_morph__equal_features__sqrt_hamming","accepts_genitive_apstrophe_s",0.0112359550561798
"no_morph__equal_features__sqrt_hamming","takes_post_head_modifier_the_hell",0.0112359550561798
"no_morph__equal_features__hamming","Must_be_stressed_as_object_after_particle",0.0112359550561798
"no_morph__equal_features__hamming","Start_with_th",0.0112359550561798
"no_morph__equal_features__hamming","Start_with_hw",0.0112359550561798
"no_morph__equal_features__hamming","anaphoric_marker",0.0112359550561798
"no_morph__equal_features__hamming","deictic_marker",0.0112359550561798
"no_morph__equal_features__hamming","person_deixis",0.0112359550561798
"no_morph__equal_features__hamming","pro_form",0.0112359550561798
"no_morph__equal_features__hamming","personal_gender_as_head_or_fused_head",0.0112359550561798
"no_morph__equal_features__hamming","non_personal_gender",0.0112359550561798
"no_morph__equal_features__hamming","epicene_personal_gender",0.0112359550561798
"no_morph__equal_features__hamming","masculine_gender",0.0112359550561798
"no_morph__equal_features__hamming","feminine_gender",0.0112359550561798
"no_morph__equal_features__hamming","definite",0.0112359550561798
"no_morph__equal_features__hamming","indefinite",0.0112359550561798
"no_morph__equal_features__hamming","existential",0.0112359550561798
"no_morph__equal_features__hamming","universal",0.0112359550561798
"no_morph__equal_features__hamming","free_choice",0.0112359550561798
"no_morph__equal_features__hamming","negative",0.0112359550561798
"no_morph__equal_features__hamming","interrogative",0.0112359550561798
"no_morph__equal_features__hamming","non_affirmative",0.0112359550561798
"no_morph__equal_features__hamming","reflexive",0.0112359550561798
"no_morph__equal_features__hamming","reciprocal",0.0112359550561798
"no_morph__equal_features__hamming","dual",0.0112359550561798
"no_morph__equal_features__hamming","paucal",0.0112359550561798
"no_morph__equal_features__hamming","multal",0.0112359550561798
"no_morph__equal_features__hamming","proportional",0.0112359550561798
"no_morph__equal_features__hamming","semantically_countable",0.0112359550561798
"no_morph__equal_features__hamming","semantically_uncountable",0.0112359550561798
"no_morph__equal_features__hamming","semantically_singular",0.0112359550561798
"no_morph__equal_features__hamming","semantically_plural",0.0112359550561798
"no_morph__equal_features__hamming","distributive",0.0112359550561798
"no_morph__equal_features__hamming","joint",0.0112359550561798
"no_morph__equal_features__hamming","cardinal",0.0112359550561798
"no_morph__equal_features__hamming","disjunctive",0.0112359550561798
"no_morph__equal_features__hamming","degree",0.0112359550561798
"no_morph__equal_features__hamming","sufficiency",0.0112359550561798
"no_morph__equal_features__hamming","temporal",0.0112359550561798
"no_morph__equal_features__hamming","locative",0.0112359550561798
"no_morph__equal_features__hamming","dummy",0.0112359550561798
"no_morph__equal_features__hamming","can_be_followed_by_adjective_such",0.0112359550561798
"no_morph__equal_features__hamming","can_be_modified_by_almost",0.0112359550561798
"no_morph__equal_features__hamming","can_be_modified_by_approximately",0.0112359550561798
"no_morph__equal_features__hamming","can_be_modified_by_at_least",0.0112359550561798
"no_morph__equal_features__hamming","can_be_modified_by_hardly",0.0112359550561798
"no_morph__equal_features__hamming","can_be_modified_by_not",0.0112359550561798
"no_morph__equal_features__hamming","can_be_modified_by_adverb_very",0.0112359550561798
"no_morph__equal_features__hamming","Coordinates_with_independent_genitives",0.0112359550561798
"no_morph__equal_features__hamming","Coordinates_with_dependent_genitives",0.0112359550561798
"no_morph__equal_features__hamming","Coordinates_with_NPs",0.0112359550561798
"no_morph__equal_features__hamming","intensifying_reduplication",0.0112359550561798
"no_morph__equal_features__hamming","selects_singular_heads",0.0112359550561798
"no_morph__equal_features__hamming","selects_count_singular_heads",0.0112359550561798
"no_morph__equal_features__hamming","selects_non_count_heads",0.0112359550561798
"no_morph__equal_features__hamming","selects_plural_heads",0.0112359550561798
"no_morph__equal_features__hamming","compatible_count_sing_NP",0.0112359550561798
"no_morph__equal_features__hamming","compatible_count_plur_NP",0.0112359550561798
"no_morph__equal_features__hamming","compatible_non_count_NP",0.0112359550561798
"no_morph__equal_features__hamming","Forms_universal_pronouns_before_all",0.0112359550561798
"no_morph__equal_features__hamming","functions_as_a_predeterminer_modifier",0.0112359550561798
"no_morph__equal_features__hamming","functions_as_prehead_modifier_in_nominal",0.0112359550561798
"no_morph__equal_features__hamming","functions_as_degree_modifier_in_AdjP",0.0112359550561798
"no_morph__equal_features__hamming","functions_as_predicative_complement",0.0112359550561798
"no_morph__equal_features__hamming","functions_as_predicative_complement_to_seem",0.0112359550561798
"no_morph__equal_features__hamming","functions_as_marker_of_coordination",0.0112359550561798
"no_morph__equal_features__hamming","functions_as_fused_determiner_head",0.0112359550561798
"no_morph__equal_features__hamming","functions_as_head_of_partitive_construction",0.0112359550561798
"no_morph__equal_features__hamming","functions_as_adjunct_in_clause_structure",0.0112359550561798
"no_morph__equal_features__hamming","functions_as_attrib_modifier_in_nominal",0.0112359550561798
"no_morph__equal_features__hamming","appears_in_subject",0.0112359550561798
"no_morph__equal_features__hamming","appears_in_object",0.0112359550561798
"no_morph__equal_features__hamming","functions_as_post_head_modifier_of_it_or_them",0.0112359550561798
"no_morph__equal_features__hamming","functions_as_post_head_modifier_of_N",0.0112359550561798
"no_morph__equal_features__hamming","appears_in_existentials_there_s_on_the_table",0.0112359550561798
"no_morph__equal_features__hamming","functions_as_determiner_in_day_s_time_ago",0.0112359550561798
"no_morph__equal_features__hamming","functions_as_subject_of_present_participal_of_joining_you",0.0112359550561798
"no_morph__equal_features__hamming","Functions_as_subject_of_interrogative_tag",0.0112359550561798
"no_morph__equal_features__hamming","functions_as_subject_determiner",0.0112359550561798
"no_morph__equal_features__hamming","functions_in_vocative",0.0112359550561798
"no_morph__equal_features__hamming","May_coordinate_with_non_fused_determiners",0.0112359550561798
"no_morph__equal_features__hamming","must_be_outranked_by_a_coindexed_element",0.0112359550561798
"no_morph__equal_features__hamming","takes_predeterminer_modifiers_all_or_both",0.0112359550561798
"no_morph__equal_features__hamming","occurs_after_predeterminer_modifiers_fractions",0.0112359550561798
"no_morph__equal_features__hamming","occurs_after_predeterminer_modifiers_multipliers",0.0112359550561798
"no_morph__equal_features__hamming","ironic_use_of_repetition",0.0112359550561798
"no_morph__equal_features__hamming","take_poor_lucky_silly_as_attrib_modifiers",0.0112359550561798
"no_morph__equal_features__hamming","takes_adverb_quite_as_a_modifier",0.0112359550561798
"no_morph__equal_features__hamming","takes_else_or_more_as_a_post_head_dependent",0.0112359550561798
"no_morph__equal_features__hamming","accepts_genitive_apstrophe_s",0.0112359550561798
"no_morph__equal_features__hamming","takes_post_head_modifier_the_hell",0.0112359550561798
"no_morph__equal_features__jaccard","Must_be_stressed_as_object_after_particle",0.0112359550561798
"no_morph__equal_features__jaccard","Start_with_th",0.0112359550561798
"no_morph__equal_features__jaccard","Start_with_hw",0.0112359550561798
"no_morph__equal_features__jaccard","anaphoric_marker",0.0112359550561798
"no_morph__equal_features__jaccard","deictic_marker",0.0112359550561798
"no_morph__equal_features__jaccard","person_deixis",0.0112359550561798
"no_morph__equal_features__jaccard","pro_form",0.0112359550561798
"no_morph__equal_features__jaccard","personal_gender_as_head_or_fused_head",0.0112359550561798
"no_morph__equal_features__jaccard","non_personal_gender",0.0112359550561798
"no_morph__equal_features__jaccard","epicene_personal_gender",0.0112359550561798
"no_morph__equal_features__jaccard","masculine_gender",0.0112359550561798
"no_morph__equal_features__jaccard","feminine_gender",0.0112359550561798
"no_morph__equal_features__jaccard","definite",0.0112359550561798
"no_morph__equal_features__jaccard","indefinite",0.0112359550561798
"no_morph__equal_features__jaccard","existential",0.0112359550561798
"no_morph__equal_features__jaccard","universal",0.0112359550561798
"no_morph__equal_features__jaccard","free_choice",0.0112359550561798
"no_morph__equal_features__jaccard","negative",0.0112359550561798
"no_morph__equal_features__jaccard","interrogative",0.0112359550561798
"no_morph__equal_features__jaccard","non_affirmative",0.0112359550561798
"no_morph__equal_features__jaccard","reflexive",0.0112359550561798
"no_morph__equal_features__jaccard","reciprocal",0.0112359550561798
"no_morph__equal_features__jaccard","dual",0.0112359550561798
"no_morph__equal_features__jaccard","paucal",0.0112359550561798
"no_morph__equal_features__jaccard","multal",0.0112359550561798
"no_morph__equal_features__jaccard","proportional",0.0112359550561798
"no_morph__equal_features__jaccard","semantically_countable",0.0112359550561798
"no_morph__equal_features__jaccard","semantically_uncountable",0.0112359550561798
"no_morph__equal_features__jaccard","semantically_singular",0.0112359550561798
"no_morph__equal_features__jaccard","semantically_plural",0.0112359550561798
"no_morph__equal_features__jaccard","distributive",0.0112359550561798
"no_morph__equal_features__jaccard","joint",0.0112359550561798
"no_morph__equal_features__jaccard","cardinal",0.0112359550561798
"no_morph__equal_features__jaccard","disjunctive",0.0112359550561798
"no_morph__equal_features__jaccard","degree",0.0112359550561798
"no_morph__equal_features__jaccard","sufficiency",0.0112359550561798
"no_morph__equal_features__jaccard","temporal",0.0112359550561798
"no_morph__equal_features__jaccard","locative",0.0112359550561798
"no_morph__equal_features__jaccard","dummy",0.0112359550561798
"no_morph__equal_features__jaccard","can_be_followed_by_adjective_such",0.0112359550561798
"no_morph__equal_features__jaccard","can_be_modified_by_almost",0.0112359550561798
"no_morph__equal_features__jaccard","can_be_modified_by_approximately",0.0112359550561798
"no_morph__equal_features__jaccard","can_be_modified_by_at_least",0.0112359550561798
"no_morph__equal_features__jaccard","can_be_modified_by_hardly",0.0112359550561798
"no_morph__equal_features__jaccard","can_be_modified_by_not",0.0112359550561798
"no_morph__equal_features__jaccard","can_be_modified_by_adverb_very",0.0112359550561798
"no_morph__equal_features__jaccard","Coordinates_with_independent_genitives",0.0112359550561798
"no_morph__equal_features__jaccard","Coordinates_with_dependent_genitives",0.0112359550561798
"no_morph__equal_features__jaccard","Coordinates_with_NPs",0.0112359550561798
"no_morph__equal_features__jaccard","intensifying_reduplication",0.0112359550561798
"no_morph__equal_features__jaccard","selects_singular_heads",0.0112359550561798
"no_morph__equal_features__jaccard","selects_count_singular_heads",0.0112359550561798
"no_morph__equal_features__jaccard","selects_non_count_heads",0.0112359550561798
"no_morph__equal_features__jaccard","selects_plural_heads",0.0112359550561798
"no_morph__equal_features__jaccard","compatible_count_sing_NP",0.0112359550561798
"no_morph__equal_features__jaccard","compatible_count_plur_NP",0.0112359550561798
"no_morph__equal_features__jaccard","compatible_non_count_NP",0.0112359550561798
"no_morph__equal_features__jaccard","Forms_universal_pronouns_before_all",0.0112359550561798
"no_morph__equal_features__jaccard","functions_as_a_predeterminer_modifier",0.0112359550561798
"no_morph__equal_features__jaccard","functions_as_prehead_modifier_in_nominal",0.0112359550561798
"no_morph__equal_features__jaccard","functions_as_degree_modifier_in_AdjP",0.0112359550561798
"no_morph__equal_features__jaccard","functions_as_predicative_complement",0.0112359550561798
"no_morph__equal_features__jaccard","functions_as_predicative_complement_to_seem",0.0112359550561798
"no_morph__equal_features__jaccard","functions_as_marker_of_coordination",0.0112359550561798
"no_morph__equal_features__jaccard","functions_as_fused_determiner_head",0.0112359550561798
"no_morph__equal_features__jaccard","functions_as_head_of_partitive_construction",0.0112359550561798
"no_morph__equal_features__jaccard","functions_as_adjunct_in_clause_structure",0.0112359550561798
"no_morph__equal_features__jaccard","functions_as_attrib_modifier_in_nominal",0.0112359550561798
"no_morph__equal_features__jaccard","appears_in_subject",0.0112359550561798
"no_morph__equal_features__jaccard","appears_in_object",0.0112359550561798
"no_morph__equal_features__jaccard","functions_as_post_head_modifier_of_it_or_them",0.0112359550561798
"no_morph__equal_features__jaccard","functions_as_post_head_modifier_of_N",0.0112359550561798
"no_morph__equal_features__jaccard","appears_in_existentials_there_s_on_the_table",0.0112359550561798
"no_morph__equal_features__jaccard","functions_as_determiner_in_day_s_time_ago",0.0112359550561798
"no_morph__equal_features__jaccard","functions_as_subject_of_present_participal_of_joining_you",0.0112359550561798
"no_morph__equal_features__jaccard","Functions_as_subject_of_interrogative_tag",0.0112359550561798
"no_morph__equal_features__jaccard","functions_as_subject_determiner",0.0112359550561798
"no_morph__equal_features__jaccard","functions_in_vocative",0.0112359550561798
"no_morph__equal_features__jaccard","May_coordinate_with_non_fused_determiners",0.0112359550561798
"no_morph__equal_features__jaccard","must_be_outranked_by_a_coindexed_element",0.0112359550561798
"no_morph__equal_features__jaccard","takes_predeterminer_modifiers_all_or_both",0.0112359550561798
"no_morph__equal_features__jaccard","occurs_after_predeterminer_modifiers_fractions",0.0112359550561798
"no_morph__equal_features__jaccard","occurs_after_predeterminer_modifiers_multipliers",0.0112359550561798
"no_morph__equal_features__jaccard","ironic_use_of_repetition",0.0112359550561798
"no_morph__equal_features__jaccard","take_poor_lucky_silly_as_attrib_modifiers",0.0112359550561798
"no_morph__equal_features__jaccard","takes_adverb_quite_as_a_modifier",0.0112359550561798
"no_morph__equal_features__jaccard","takes_else_or_more_as_a_post_head_dependent",0.0112359550561798
"no_morph__equal_features__jaccard","accepts_genitive_apstrophe_s",0.0112359550561798
"no_morph__equal_features__jaccard","takes_post_head_modifier_the_hell",0.0112359550561798
"no_morph__equal_domains__sqrt_hamming","Must_be_stressed_as_object_after_particle",0.111111111111111
"no_morph__equal_domains__sqrt_hamming","Start_with_th",0.111111111111111
"no_morph__equal_domains__sqrt_hamming","Start_with_hw",0.111111111111111
"no_morph__equal_domains__sqrt_hamming","anaphoric_marker",0.00925925925925927
"no_morph__equal_domains__sqrt_hamming","deictic_marker",0.00925925925925927
"no_morph__equal_domains__sqrt_hamming","person_deixis",0.00925925925925927
"no_morph__equal_domains__sqrt_hamming","pro_form",0.00925925925925927
"no_morph__equal_domains__sqrt_hamming","personal_gender_as_head_or_fused_head",0.00925925925925927
"no_morph__equal_domains__sqrt_hamming","non_personal_gender",0.00925925925925927
"no_morph__equal_domains__sqrt_hamming","epicene_personal_gender",0.00925925925925927
"no_morph__equal_domains__sqrt_hamming","masculine_gender",0.00925925925925927
"no_morph__equal_domains__sqrt_hamming","feminine_gender",0.00925925925925927
"no_morph__equal_domains__sqrt_hamming","definite",0.00925925925925927
"no_morph__equal_domains__sqrt_hamming","indefinite",0.00925925925925927
"no_morph__equal_domains__sqrt_hamming","existential",0.00925925925925927
"no_morph__equal_domains__sqrt_hamming","universal",0.00925925925925927
"no_morph__equal_domains__sqrt_hamming","free_choice",0.00925925925925927
"no_morph__equal_domains__sqrt_hamming","negative",0.00925925925925927
"no_morph__equal_domains__sqrt_hamming","interrogative",0.00925925925925927
"no_morph__equal_domains__sqrt_hamming","non_affirmative",0.00925925925925927
"no_morph__equal_domains__sqrt_hamming","reflexive",0.00925925925925927
"no_morph__equal_domains__sqrt_hamming","reciprocal",0.00925925925925927
"no_morph__equal_domains__sqrt_hamming","dual",0.00925925925925927
"no_morph__equal_domains__sqrt_hamming","paucal",0.00925925925925927
"no_morph__equal_domains__sqrt_hamming","multal",0.00925925925925927
"no_morph__equal_domains__sqrt_hamming","proportional",0.00925925925925927
"no_morph__equal_domains__sqrt_hamming","semantically_countable",0.00925925925925927
"no_morph__equal_domains__sqrt_hamming","semantically_uncountable",0.00925925925925927
"no_morph__equal_domains__sqrt_hamming","semantically_singular",0.00925925925925927
"no_morph__equal_domains__sqrt_hamming","semantically_plural",0.00925925925925927
"no_morph__equal_domains__sqrt_hamming","distributive",0.00925925925925927
"no_morph__equal_domains__sqrt_hamming","joint",0.00925925925925927
"no_morph__equal_domains__sqrt_hamming","cardinal",0.00925925925925927
"no_morph__equal_domains__sqrt_hamming","disjunctive",0.00925925925925927
"no_morph__equal_domains__sqrt_hamming","degree",0.00925925925925927
"no_morph__equal_domains__sqrt_hamming","sufficiency",0.00925925925925927
"no_morph__equal_domains__sqrt_hamming","temporal",0.00925925925925927
"no_morph__equal_domains__sqrt_hamming","locative",0.00925925925925927
"no_morph__equal_domains__sqrt_hamming","dummy",0.00925925925925927
"no_morph__equal_domains__sqrt_hamming","can_be_followed_by_adjective_such",0.00666666666666667
"no_morph__equal_domains__sqrt_hamming","can_be_modified_by_almost",0.00666666666666667
"no_morph__equal_domains__sqrt_hamming","can_be_modified_by_approximately",0.00666666666666667
"no_morph__equal_domains__sqrt_hamming","can_be_modified_by_at_least",0.00666666666666667
"no_morph__equal_domains__sqrt_hamming","can_be_modified_by_hardly",0.00666666666666667
"no_morph__equal_domains__sqrt_hamming","can_be_modified_by_not",0.00666666666666667
"no_morph__equal_domains__sqrt_hamming","can_be_modified_by_adverb_very",0.00666666666666667
"no_morph__equal_domains__sqrt_hamming","Coordinates_with_independent_genitives",0.00666666666666667
"no_morph__equal_domains__sqrt_hamming","Coordinates_with_dependent_genitives",0.00666666666666667
"no_morph__equal_domains__sqrt_hamming","Coordinates_with_NPs",0.00666666666666667
"no_morph__equal_domains__sqrt_hamming","intensifying_reduplication",0.00666666666666667
"no_morph__equal_domains__sqrt_hamming","selects_singular_heads",0.00666666666666667
"no_morph__equal_domains__sqrt_hamming","selects_count_singular_heads",0.00666666666666667
"no_morph__equal_domains__sqrt_hamming","selects_non_count_heads",0.00666666666666667
"no_morph__equal_domains__sqrt_hamming","selects_plural_heads",0.00666666666666667
"no_morph__equal_domains__sqrt_hamming","compatible_count_sing_NP",0.00666666666666667
"no_morph__equal_domains__sqrt_hamming","compatible_count_plur_NP",0.00666666666666667
"no_morph__equal_domains__sqrt_hamming","compatible_non_count_NP",0.00666666666666667
"no_morph__equal_domains__sqrt_hamming","Forms_universal_pronouns_before_all",0.00666666666666667
"no_morph__equal_domains__sqrt_hamming","functions_as_a_predeterminer_modifier",0.00666666666666667
"no_morph__equal_domains__sqrt_hamming","functions_as_prehead_modifier_in_nominal",0.00666666666666667
"no_morph__equal_domains__sqrt_hamming","functions_as_degree_modifier_in_AdjP",0.00666666666666667
"no_morph__equal_domains__sqrt_hamming","functions_as_predicative_complement",0.00666666666666667
"no_morph__equal_domains__sqrt_hamming","functions_as_predicative_complement_to_seem",0.00666666666666667
"no_morph__equal_domains__sqrt_hamming","functions_as_marker_of_coordination",0.00666666666666667
"no_morph__equal_domains__sqrt_hamming","functions_as_fused_determiner_head",0.00666666666666667
"no_morph__equal_domains__sqrt_hamming","functions_as_head_of_partitive_construction",0.00666666666666667
"no_morph__equal_domains__sqrt_hamming","functions_as_adjunct_in_clause_structure",0.00666666666666667
"no_morph__equal_domains__sqrt_hamming","functions_as_attrib_modifier_in_nominal",0.00666666666666667
"no_morph__equal_domains__sqrt_hamming","appears_in_subject",0.00666666666666667
"no_morph__equal_domains__sqrt_hamming","appears_in_object",0.00666666666666667
"no_morph__equal_domains__sqrt_hamming","functions_as_post_head_modifier_of_it_or_them",0.00666666666666667
"no_morph__equal_domains__sqrt_hamming","functions_as_post_head_modifier_of_N",0.00666666666666667
"no_morph__equal_domains__sqrt_hamming","appears_in_existentials_there_s_on_the_table",0.00666666666666667
"no_morph__equal_domains__sqrt_hamming","functions_as_determiner_in_day_s_time_ago",0.00666666666666667
"no_morph__equal_domains__sqrt_hamming","functions_as_subject_of_present_participal_of_joining_you",0.00666666666666667
"no_morph__equal_domains__sqrt_hamming","Functions_as_subject_of_interrogative_tag",0.00666666666666667
"no_morph__equal_domains__sqrt_hamming","functions_as_subject_determiner",0.00666666666666667
"no_morph__equal_domains__sqrt_hamming","functions_in_vocative",0.00666666666666667
"no_morph__equal_domains__sqrt_hamming","May_coordinate_with_non_fused_determiners",0.00666666666666667
"no_morph__equal_domains__sqrt_hamming","must_be_outranked_by_a_coindexed_element",0.00666666666666667
"no_morph__equal_domains__sqrt_hamming","takes_predeterminer_modifiers_all_or_both",0.00666666666666667
"no_morph__equal_domains__sqrt_hamming","occurs_after_predeterminer_modifiers_fractions",0.00666666666666667
"no_morph__equal_domains__sqrt_hamming","occurs_after_predeterminer_modifiers_multipliers",0.00666666666666667
"no_morph__equal_domains__sqrt_hamming","ironic_use_of_repetition",0.00666666666666667
"no_morph__equal_domains__sqrt_hamming","take_poor_lucky_silly_as_attrib_modifiers",0.00666666666666667
"no_morph__equal_domains__sqrt_hamming","takes_adverb_quite_as_a_modifier",0.00666666666666667
"no_morph__equal_domains__sqrt_hamming","takes_else_or_more_as_a_post_head_dependent",0.00666666666666667
"no_morph__equal_domains__sqrt_hamming","accepts_genitive_apstrophe_s",0.00666666666666667
"no_morph__equal_domains__sqrt_hamming","takes_post_head_modifier_the_hell",0.00666666666666667
"no_morph__equal_domains__hamming","Must_be_stressed_as_object_after_particle",0.111111111111111
"no_morph__equal_domains__hamming","Start_with_th",0.111111111111111
"no_morph__equal_domains__hamming","Start_with_hw",0.111111111111111
"no_morph__equal_domains__hamming","anaphoric_marker",0.00925925925925927
"no_morph__equal_domains__hamming","deictic_marker",0.00925925925925927
"no_morph__equal_domains__hamming","person_deixis",0.00925925925925927
"no_morph__equal_domains__hamming","pro_form",0.00925925925925927
"no_morph__equal_domains__hamming","personal_gender_as_head_or_fused_head",0.00925925925925927
"no_morph__equal_domains__hamming","non_personal_gender",0.00925925925925927
"no_morph__equal_domains__hamming","epicene_personal_gender",0.00925925925925927
"no_morph__equal_domains__hamming","masculine_gender",0.00925925925925927
"no_morph__equal_domains__hamming","feminine_gender",0.00925925925925927
"no_morph__equal_domains__hamming","definite",0.00925925925925927
"no_morph__equal_domains__hamming","indefinite",0.00925925925925927
"no_morph__equal_domains__hamming","existential",0.00925925925925927
"no_morph__equal_domains__hamming","universal",0.00925925925925927
"no_morph__equal_domains__hamming","free_choice",0.00925925925925927
"no_morph__equal_domains__hamming","negative",0.00925925925925927
"no_morph__equal_domains__hamming","interrogative",0.00925925925925927
"no_morph__equal_domains__hamming","non_affirmative",0.00925925925925927
"no_morph__equal_domains__hamming","reflexive",0.00925925925925927
"no_morph__equal_domains__hamming","reciprocal",0.00925925925925927
"no_morph__equal_domains__hamming","dual",0.00925925925925927
"no_morph__equal_domains__hamming","paucal",0.00925925925925927
"no_morph__equal_domains__hamming","multal",0.00925925925925927
"no_morph__equal_domains__hamming","proportional",0.00925925925925927
"no_morph__equal_domains__hamming","semantically_countable",0.00925925925925927
"no_morph__equal_domains__hamming","semantically_uncountable",0.00925925925925927
"no_morph__equal_domains__hamming","semantically_singular",0.00925925925925927
"no_morph__equal_domains__hamming","semantically_plural",0.00925925925925927
"no_morph__equal_domains__hamming","distributive",0.00925925925925927
"no_morph__equal_domains__hamming","joint",0.00925925925925927
"no_morph__equal_domains__hamming","cardinal",0.00925925925925927
"no_morph__equal_domains__hamming","disjunctive",0.00925925925925927
"no_morph__equal_domains__hamming","degree",0.00925925925925927
"no_morph__equal_domains__hamming","sufficiency",0.00925925925925927
"no_morph__equal_domains__hamming","temporal",0.00925925925925927
"no_morph__equal_domains__hamming","locative",0.00925925925925927
"no_morph__equal_domains__hamming","dummy",0.00925925925925927
"no_morph__equal_domains__hamming","can_be_followed_by_adjective_such",0.00666666666666667
"no_morph__equal_domains__hamming","can_be_modified_by_almost",0.00666666666666667
"no_morph__equal_domains__hamming","can_be_modified_by_approximately",0.00666666666666667
"no_morph__equal_domains__hamming","can_be_modified_by_at_least",0.00666666666666667
"no_morph__equal_domains__hamming","can_be_modified_by_hardly",0.00666666666666667
"no_morph__equal_domains__hamming","can_be_modified_by_not",0.00666666666666667
"no_morph__equal_domains__hamming","can_be_modified_by_adverb_very",0.00666666666666667
"no_morph__equal_domains__hamming","Coordinates_with_independent_genitives",0.00666666666666667
"no_morph__equal_domains__hamming","Coordinates_with_dependent_genitives",0.00666666666666667
"no_morph__equal_domains__hamming","Coordinates_with_NPs",0.00666666666666667
"no_morph__equal_domains__hamming","intensifying_reduplication",0.00666666666666667
"no_morph__equal_domains__hamming","selects_singular_heads",0.00666666666666667
"no_morph__equal_domains__hamming","selects_count_singular_heads",0.00666666666666667
"no_morph__equal_domains__hamming","selects_non_count_heads",0.00666666666666667
"no_morph__equal_domains__hamming","selects_plural_heads",0.00666666666666667
"no_morph__equal_domains__hamming","compatible_count_sing_NP",0.00666666666666667
"no_morph__equal_domains__hamming","compatible_count_plur_NP",0.00666666666666667
"no_morph__equal_domains__hamming","compatible_non_count_NP",0.00666666666666667
"no_morph__equal_domains__hamming","Forms_universal_pronouns_before_all",0.00666666666666667
"no_morph__equal_domains__hamming","functions_as_a_predeterminer_modifier",0.00666666666666667
"no_morph__equal_domains__hamming","functions_as_prehead_modifier_in_nominal",0.00666666666666667
"no_morph__equal_domains__hamming","functions_as_degree_modifier_in_AdjP",0.00666666666666667
"no_morph__equal_domains__hamming","functions_as_predicative_complement",0.00666666666666667
"no_morph__equal_domains__hamming","functions_as_predicative_complement_to_seem",0.00666666666666667
"no_morph__equal_domains__hamming","functions_as_marker_of_coordination",0.00666666666666667
"no_morph__equal_domains__hamming","functions_as_fused_determiner_head",0.00666666666666667
"no_morph__equal_domains__hamming","functions_as_head_of_partitive_construction",0.00666666666666667
"no_morph__equal_domains__hamming","functions_as_adjunct_in_clause_structure",0.00666666666666667
"no_morph__equal_domains__hamming","functions_as_attrib_modifier_in_nominal",0.00666666666666667
"no_morph__equal_domains__hamming","appears_in_subject",0.00666666666666667
"no_morph__equal_domains__hamming","appears_in_object",0.00666666666666667
"no_morph__equal_domains__hamming","functions_as_post_head_modifier_of_it_or_them",0.00666666666666667
"no_morph__equal_domains__hamming","functions_as_post_head_modifier_of_N",0.00666666666666667
"no_morph__equal_domains__hamming","appears_in_existentials_there_s_on_the_table",0.00666666666666667
"no_morph__equal_domains__hamming","functions_as_determiner_in_day_s_time_ago",0.00666666666666667
"no_morph__equal_domains__hamming","functions_as_subject_of_present_participal_of_joining_you",0.00666666666666667
"no_morph__equal_domains__hamming","Functions_as_subject_of_interrogative_tag",0.00666666666666667
"no_morph__equal_domains__hamming","functions_as_subject_determiner",0.00666666666666667
"no_morph__equal_domains__hamming","functions_in_vocative",0.00666666666666667
"no_morph__equal_domains__hamming","May_coordinate_with_non_fused_determiners",0.00666666666666667
"no_morph__equal_domains__hamming","must_be_outranked_by_a_coindexed_element",0.00666666666666667
"no_morph__equal_domains__hamming","takes_predeterminer_modifiers_all_or_both",0.00666666666666667
"no_morph__equal_domains__hamming","occurs_after_predeterminer_modifiers_fractions",0.00666666666666667
"no_morph__equal_domains__hamming","occurs_after_predeterminer_modifiers_multipliers",0.00666666666666667
"no_morph__equal_domains__hamming","ironic_use_of_repetition",0.00666666666666667
"no_morph__equal_domains__hamming","take_poor_lucky_silly_as_attrib_modifiers",0.00666666666666667
"no_morph__equal_domains__hamming","takes_adverb_quite_as_a_modifier",0.00666666666666667
"no_morph__equal_domains__hamming","takes_else_or_more_as_a_post_head_dependent",0.00666666666666667
"no_morph__equal_domains__hamming","accepts_genitive_apstrophe_s",0.00666666666666667
"no_morph__equal_domains__hamming","takes_post_head_modifier_the_hell",0.00666666666666667
"no_morph__equal_domains__jaccard","Must_be_stressed_as_object_after_particle",0.111111111111111
"no_morph__equal_domains__jaccard","Start_with_th",0.111111111111111
"no_morph__equal_domains__jaccard","Start_with_hw",0.111111111111111
"no_morph__equal_domains__jaccard","anaphoric_marker",0.00925925925925927
"no_morph__equal_domains__jaccard","deictic_marker",0.00925925925925927
"no_morph__equal_domains__jaccard","person_deixis",0.00925925925925927
"no_morph__equal_domains__jaccard","pro_form",0.00925925925925927
"no_morph__equal_domains__jaccard","personal_gender_as_head_or_fused_head",0.00925925925925927
"no_morph__equal_domains__jaccard","non_personal_gender",0.00925925925925927
"no_morph__equal_domains__jaccard","epicene_personal_gender",0.00925925925925927
"no_morph__equal_domains__jaccard","masculine_gender",0.00925925925925927
"no_morph__equal_domains__jaccard","feminine_gender",0.00925925925925927
"no_morph__equal_domains__jaccard","definite",0.00925925925925927
"no_morph__equal_domains__jaccard","indefinite",0.00925925925925927
"no_morph__equal_domains__jaccard","existential",0.00925925925925927
"no_morph__equal_domains__jaccard","universal",0.00925925925925927
"no_morph__equal_domains__jaccard","free_choice",0.00925925925925927
"no_morph__equal_domains__jaccard","negative",0.00925925925925927
"no_morph__equal_domains__jaccard","interrogative",0.00925925925925927
"no_morph__equal_domains__jaccard","non_affirmative",0.00925925925925927
"no_morph__equal_domains__jaccard","reflexive",0.00925925925925927
"no_morph__equal_domains__jaccard","reciprocal",0.00925925925925927
"no_morph__equal_domains__jaccard","dual",0.00925925925925927
"no_morph__equal_domains__jaccard","paucal",0.00925925925925927
"no_morph__equal_domains__jaccard","multal",0.00925925925925927
"no_morph__equal_domains__jaccard","proportional",0.00925925925925927
"no_morph__equal_domains__jaccard","semantically_countable",0.00925925925925927
"no_morph__equal_domains__jaccard","semantically_uncountable",0.00925925925925927
"no_morph__equal_domains__jaccard","semantically_singular",0.00925925925925927
"no_morph__equal_domains__jaccard","semantically_plural",0.00925925925925927
"no_morph__equal_domains__jaccard","distributive",0.00925925925925927
"no_morph__equal_domains__jaccard","joint",0.00925925925925927
"no_morph__equal_domains__jaccard","cardinal",0.00925925925925927
"no_morph__equal_domains__jaccard","disjunctive",0.00925925925925927
"no_morph__equal_domains__jaccard","degree",0.00925925925925927
"no_morph__equal_domains__jaccard","sufficiency",0.00925925925925927
"no_morph__equal_domains__jaccard","temporal",0.00925925925925927
"no_morph__equal_domains__jaccard","locative",0.00925925925925927
"no_morph__equal_domains__jaccard","dummy",0.00925925925925927
"no_morph__equal_domains__jaccard","can_be_followed_by_adjective_such",0.00666666666666667
"no_morph__equal_domains__jaccard","can_be_modified_by_almost",0.00666666666666667
"no_morph__equal_domains__jaccard","can_be_modified_by_approximately",0.00666666666666667
"no_morph__equal_domains__jaccard","can_be_modified_by_at_least",0.00666666666666667
"no_morph__equal_domains__jaccard","can_be_modified_by_hardly",0.00666666666666667
"no_morph__equal_domains__jaccard","can_be_modified_by_not",0.00666666666666667
"no_morph__equal_domains__jaccard","can_be_modified_by_adverb_very",0.00666666666666667
"no_morph__equal_domains__jaccard","Coordinates_with_independent_genitives",0.00666666666666667
"no_morph__equal_domains__jaccard","Coordinates_with_dependent_genitives",0.00666666666666667
"no_morph__equal_domains__jaccard","Coordinates_with_NPs",0.00666666666666667
"no_morph__equal_domains__jaccard","intensifying_reduplication",0.00666666666666667
"no_morph__equal_domains__jaccard","selects_singular_heads",0.00666666666666667
"no_morph__equal_domains__jaccard","selects_count_singular_heads",0.00666666666666667
"no_morph__equal_domains__jaccard","selects_non_count_heads",0.00666666666666667
"no_morph__equal_domains__jaccard","selects_plural_heads",0.00666666666666667
"no_morph__equal_domains__jaccard","compatible_count_sing_NP",0.00666666666666667
"no_morph__equal_domains__jaccard","compatible_count_plur_NP",0.00666666666666667
"no_morph__equal_domains__jaccard","compatible_non_count_NP",0.00666666666666667
"no_morph__equal_domains__jaccard","Forms_universal_pronouns_before_all",0.00666666666666667
"no_morph__equal_domains__jaccard","functions_as_a_predeterminer_modifier",0.00666666666666667
"no_morph__equal_domains__jaccard","functions_as_prehead_modifier_in_nominal",0.00666666666666667
"no_morph__equal_domains__jaccard","functions_as_degree_modifier_in_AdjP",0.00666666666666667
"no_morph__equal_domains__jaccard","functions_as_predicative_complement",0.00666666666666667
"no_morph__equal_domains__jaccard","functions_as_predicative_complement_to_seem",0.00666666666666667
"no_morph__equal_domains__jaccard","functions_as_marker_of_coordination",0.00666666666666667
"no_morph__equal_domains__jaccard","functions_as_fused_determiner_head",0.00666666666666667
"no_morph__equal_domains__jaccard","functions_as_head_of_partitive_construction",0.00666666666666667
"no_morph__equal_domains__jaccard","functions_as_adjunct_in_clause_structure",0.00666666666666667
"no_morph__equal_domains__jaccard","functions_as_attrib_modifier_in_nominal",0.00666666666666667
"no_morph__equal_domains__jaccard","appears_in_subject",0.00666666666666667
"no_morph__equal_domains__jaccard","appears_in_object",0.00666666666666667
"no_morph__equal_domains__jaccard","functions_as_post_head_modifier_of_it_or_them",0.00666666666666667
"no_morph__equal_domains__jaccard","functions_as_post_head_modifier_of_N",0.00666666666666667
"no_morph__equal_domains__jaccard","appears_in_existentials_there_s_on_the_table",0.00666666666666667
"no_morph__equal_domains__jaccard","functions_as_determiner_in_day_s_time_ago",0.00666666666666667
"no_morph__equal_domains__jaccard","functions_as_subject_of_present_participal_of_joining_you",0.00666666666666667
"no_morph__equal_domains__jaccard","Functions_as_subject_of_interrogative_tag",0.00666666666666667
"no_morph__equal_domains__jaccard","functions_as_subject_determiner",0.00666666666666667
"no_morph__equal_domains__jaccard","functions_in_vocative",0.00666666666666667
"no_morph__equal_domains__jaccard","May_coordinate_with_non_fused_determiners",0.00666666666666667
"no_morph__equal_domains__jaccard","must_be_outranked_by_a_coindexed_element",0.00666666666666667
"no_morph__equal_domains__jaccard","takes_predeterminer_modifiers_all_or_both",0.00666666666666667
"no_morph__equal_domains__jaccard","occurs_after_predeterminer_modifiers_fractions",0.00666666666666667
"no_morph__equal_domains__jaccard","occurs_after_predeterminer_modifiers_multipliers",0.00666666666666667
"no_morph__equal_domains__jaccard","ironic_use_of_repetition",0.00666666666666667
"no_morph__equal_domains__jaccard","take_poor_lucky_silly_as_attrib_modifiers",0.00666666666666667
"no_morph__equal_domains__jaccard","takes_adverb_quite_as_a_modifier",0.00666666666666667
"no_morph__equal_domains__jaccard","takes_else_or_more_as_a_post_head_dependent",0.00666666666666667
"no_morph__equal_domains__jaccard","accepts_genitive_apstrophe_s",0.00666666666666667
"no_morph__equal_domains__jaccard","takes_post_head_modifier_the_hell",0.00666666666666667
"no_morph__idf_presence__jaccard","Must_be_stressed_as_object_after_particle",0.00715368036737246
"no_morph__idf_presence__jaccard","Start_with_th",0.0120965818741239
"no_morph__idf_presence__jaccard","Start_with_hw",0.015770479667137
"no_morph__idf_presence__jaccard","anaphoric_marker",0.00253374787644162
"no_morph__idf_presence__jaccard","deictic_marker",0.00792504727561409
"no_morph__idf_presence__jaccard","person_deixis",0.00881552501994536
"no_morph__idf_presence__jaccard","pro_form",0.00443862408564049
"no_morph__idf_presence__jaccard","personal_gender_as_head_or_fused_head",0.00531407797004224
"no_morph__idf_presence__jaccard","non_personal_gender",0.00844270722381587
"no_morph__idf_presence__jaccard","epicene_personal_gender",0.00687183564645502
"no_morph__idf_presence__jaccard","masculine_gender",0.020454956638342
"no_morph__idf_presence__jaccard","feminine_gender",0.0191659297818986
"no_morph__idf_presence__jaccard","definite",0.00383902416944146
"no_morph__idf_presence__jaccard","indefinite",0.0037582302526109
"no_morph__idf_presence__jaccard","existential",0.00100319685017525
"no_morph__idf_presence__jaccard","universal",0.0164508735001666
"no_morph__idf_presence__jaccard","free_choice",0.0103504047619533
"no_morph__idf_presence__jaccard","negative",0.0136462546354496
"no_morph__idf_presence__jaccard","interrogative",0.0124467903619913
"no_morph__idf_presence__jaccard","non_affirmative",0.0103504047619533
"no_morph__idf_presence__jaccard","reflexive",0.015770479667137
"no_morph__idf_presence__jaccard","reciprocal",0.0244590397765174
"no_morph__idf_presence__jaccard","dual",0.0191659297818986
"no_morph__idf_presence__jaccard","paucal",0.0141086350145642
"no_morph__idf_presence__jaccard","multal",0.020454956638342
"no_morph__idf_presence__jaccard","proportional",0.00729993301167171
"no_morph__idf_presence__jaccard","semantically_countable",0.00152397006759103
"no_morph__idf_presence__jaccard","semantically_uncountable",0.00715368036737246
"no_morph__idf_presence__jaccard","semantically_singular",0.00286775250827964
"no_morph__idf_presence__jaccard","semantically_plural",0.00392096413743871
"no_morph__idf_presence__jaccard","distributive",0.00367855077021744
"no_morph__idf_presence__jaccard","joint",0.00400408313817538
"no_morph__idf_presence__jaccard","cardinal",0.020454956638342
"no_morph__idf_presence__jaccard","disjunctive",0.0244590397765174
"no_morph__idf_presence__jaccard","degree",0.0151618466437232
"no_morph__idf_presence__jaccard","sufficiency",0.0244590397765174
"no_morph__idf_presence__jaccard","temporal",0.015770479667137
"no_morph__idf_presence__jaccard","locative",0.020454956638342
"no_morph__idf_presence__jaccard","dummy",0.0244590397765174
"no_morph__idf_presence__jaccard","can_be_followed_by_adjective_such",0.00844270722381587
"no_morph__idf_presence__jaccard","can_be_modified_by_almost",0.00634632162377787
"no_morph__idf_presence__jaccard","can_be_modified_by_approximately",0.0124467903619913
"no_morph__idf_presence__jaccard","can_be_modified_by_at_least",0.00452959716085253
"no_morph__idf_presence__jaccard","can_be_modified_by_hardly",0.00881552501994536
"no_morph__idf_presence__jaccard","can_be_modified_by_not",0.00792504727561409
"no_morph__idf_presence__jaccard","can_be_modified_by_adverb_very",0.020454956638342
"no_morph__idf_presence__jaccard","Coordinates_with_independent_genitives",0.005750260250346
"no_morph__idf_presence__jaccard","Coordinates_with_dependent_genitives",0.0141086350145642
"no_morph__idf_presence__jaccard","Coordinates_with_NPs",0.00152397006759103
"no_morph__idf_presence__jaccard","intensifying_reduplication",0.0221168012909149
"no_morph__idf_presence__jaccard","selects_singular_heads",0.0111577635055478
"no_morph__idf_presence__jaccard","selects_count_singular_heads",0.0111577635055478
"no_morph__idf_presence__jaccard","selects_non_count_heads",0.0136462546354496
"no_morph__idf_presence__jaccard","selects_plural_heads",0.00964217149727419
"no_morph__idf_presence__jaccard","compatible_count_sing_NP",0.00531407797004224
"no_morph__idf_presence__jaccard","compatible_count_plur_NP",0.00563808835909881
"no_morph__idf_presence__jaccard","compatible_non_count_NP",0.00715368036737246
"no_morph__idf_presence__jaccard","Forms_universal_pronouns_before_all",0.0191659297818986
"no_morph__idf_presence__jaccard","functions_as_a_predeterminer_modifier",0.0181127181527395
"no_morph__idf_presence__jaccard","functions_as_prehead_modifier_in_nominal",0.0136462546354496
"no_morph__idf_presence__jaccard","functions_as_degree_modifier_in_AdjP",0.0132181572702329
"no_morph__idf_presence__jaccard","functions_as_predicative_complement",0.00273182456893936
"no_morph__idf_presence__jaccard","functions_as_predicative_complement_to_seem",0.0120965818741239
"no_morph__idf_presence__jaccard","functions_as_marker_of_coordination",0.0244590397765174
"no_morph__idf_presence__jaccard","functions_as_fused_determiner_head",0.00531407797004224
"no_morph__idf_presence__jaccard","functions_as_head_of_partitive_construction",0.00760403853426691
"no_morph__idf_presence__jaccard","functions_as_adjunct_in_clause_structure",0.00744998484774666
"no_morph__idf_presence__jaccard","functions_as_attrib_modifier_in_nominal",0.0111577635055478
"no_morph__idf_presence__jaccard","appears_in_subject",0.00105321162915907
"no_morph__idf_presence__jaccard","appears_in_object",0.000855699367839346
"no_morph__idf_presence__jaccard","functions_as_post_head_modifier_of_it_or_them",0.0221168012909149
"no_morph__idf_presence__jaccard","functions_as_post_head_modifier_of_N",0.020454956638342
"no_morph__idf_presence__jaccard","appears_in_existentials_there_s_on_the_table",0.00729993301167171
"no_morph__idf_presence__jaccard","functions_as_determiner_in_day_s_time_ago",0.0128196081581207
"no_morph__idf_presence__jaccard","functions_as_subject_of_present_participal_of_joining_you",0.00246920339616749
"no_morph__idf_presence__jaccard","Functions_as_subject_of_interrogative_tag",0.0146112711028364
"no_morph__idf_presence__jaccard","functions_as_subject_determiner",0.0141086350145642
"no_morph__idf_presence__jaccard","functions_in_vocative",0.0146112711028364
"no_morph__idf_presence__jaccard","May_coordinate_with_non_fused_determiners",0.00826494947905855
"no_morph__idf_presence__jaccard","must_be_outranked_by_a_coindexed_element",0.0141086350145642
"no_morph__idf_presence__jaccard","takes_predeterminer_modifiers_all_or_both",0.0092140741320575
"no_morph__idf_presence__jaccard","occurs_after_predeterminer_modifiers_fractions",0.00610046873821339
"no_morph__idf_presence__jaccard","occurs_after_predeterminer_modifiers_multipliers",0.00610046873821339
"no_morph__idf_presence__jaccard","ironic_use_of_repetition",0.0128196081581207
"no_morph__idf_presence__jaccard","take_poor_lucky_silly_as_attrib_modifiers",0.0172222404084083
"no_morph__idf_presence__jaccard","takes_adverb_quite_as_a_modifier",0.00610046873821339
"no_morph__idf_presence__jaccard","takes_else_or_more_as_a_post_head_dependent",0.00881552501994536
"no_morph__idf_presence__jaccard","accepts_genitive_apstrophe_s",0.0101045518763888
"no_morph__idf_presence__jaccard","takes_post_head_modifier_the_hell",0.0191659297818986
"no_phon__equal_features__sqrt_hamming","a",0.00657894736842105
"no_phon__equal_features__sqrt_hamming","another",0.00657894736842105
"no_phon__equal_features__sqrt_hamming","any",0.00657894736842105
"no_phon__equal_features__sqrt_hamming","body",0.00657894736842105
"no_phon__equal_features__sqrt_hamming","certain",0.00657894736842105
"no_phon__equal_features__sqrt_hamming","day",0.00657894736842105
"no_phon__equal_features__sqrt_hamming","each",0.00657894736842105
"no_phon__equal_features__sqrt_hamming","each_other",0.00657894736842105
"no_phon__equal_features__sqrt_hamming","either",0.00657894736842105
"no_phon__equal_features__sqrt_hamming","ever",0.00657894736842105
"no_phon__equal_features__sqrt_hamming","every",0.00657894736842105
"no_phon__equal_features__sqrt_hamming","few",0.00657894736842105
"no_phon__equal_features__sqrt_hamming","her",0.00657894736842105
"no_phon__equal_features__sqrt_hamming","him",0.00657894736842105
"no_phon__equal_features__sqrt_hamming","it",0.00657894736842105
"no_phon__equal_features__sqrt_hamming","its",0.00657894736842105
"no_phon__equal_features__sqrt_hamming","little",0.00657894736842105
"no_phon__equal_features__sqrt_hamming","many",0.00657894736842105
"no_phon__equal_features__sqrt_hamming","many_a",0.00657894736842105
"no_phon__equal_features__sqrt_hamming","my",0.00657894736842105
"no_phon__equal_features__sqrt_hamming","no",0.00657894736842105
"no_phon__equal_features__sqrt_hamming","no_one",0.00657894736842105
"no_phon__equal_features__sqrt_hamming","one",0.00657894736842105
"no_phon__equal_features__sqrt_hamming","one_s",0.00657894736842105
"no_phon__equal_features__sqrt_hamming","other",0.00657894736842105
"no_phon__equal_features__sqrt_hamming","our",0.00657894736842105
"no_phon__equal_features__sqrt_hamming","ours",0.00657894736842105
"no_phon__equal_features__sqrt_hamming","self",0.00657894736842105
"no_phon__equal_features__sqrt_hamming","some",0.00657894736842105
"no_phon__equal_features__sqrt_hamming","their",0.00657894736842105
"no_phon__equal_features__sqrt_hamming","theirs",0.00657894736842105
"no_phon__equal_features__sqrt_hamming","them",0.00657894736842105
"no_phon__equal_features__sqrt_hamming","they",0.00657894736842105
"no_phon__equal_features__sqrt_hamming","thing",0.00657894736842105
"no_phon__equal_features__sqrt_hamming","to",0.00657894736842105
"no_phon__equal_features__sqrt_hamming","us",0.00657894736842105
"no_phon__equal_features__sqrt_hamming","we",0.00657894736842105
"no_phon__equal_features__sqrt_hamming","what",0.00657894736842105
"no_phon__equal_features__sqrt_hamming","whatever",0.00657894736842105
"no_phon__equal_features__sqrt_hamming","where",0.00657894736842105
"no_phon__equal_features__sqrt_hamming","which",0.00657894736842105
"no_phon__equal_features__sqrt_hamming","whichever",0.00657894736842105
"no_phon__equal_features__sqrt_hamming","who",0.00657894736842105
"no_phon__equal_features__sqrt_hamming","whoever",0.00657894736842105
"no_phon__equal_features__sqrt_hamming","whom",0.00657894736842105
"no_phon__equal_features__sqrt_hamming","whose",0.00657894736842105
"no_phon__equal_features__sqrt_hamming","whosoever",0.00657894736842105
"no_phon__equal_features__sqrt_hamming","you",0.00657894736842105
"no_phon__equal_features__sqrt_hamming","your",0.00657894736842105
"no_phon__equal_features__sqrt_hamming","yours",0.00657894736842105
"no_phon__equal_features__sqrt_hamming","genitive_case",0.00657894736842105
"no_phon__equal_features__sqrt_hamming","accusative_case",0.00657894736842105
"no_phon__equal_features__sqrt_hamming","nominative_case",0.00657894736842105
"no_phon__equal_features__sqrt_hamming","in_word_formation_e_g_a_many_sided_shape",0.00657894736842105
"no_phon__equal_features__sqrt_hamming","has_derivationtionally_related_words",0.00657894736842105
"no_phon__equal_features__sqrt_hamming","has_corresponding_word",0.00657894736842105
"no_phon__equal_features__sqrt_hamming","compound_word",0.00657894736842105
"no_phon__equal_features__sqrt_hamming","inflects_for_case",0.00657894736842105
"no_phon__equal_features__sqrt_hamming","paradigm_has_distinct_acc_form",0.00657894736842105
"no_phon__equal_features__sqrt_hamming","paradigm_has_genitive_form",0.00657894736842105
"no_phon__equal_features__sqrt_hamming","paradigm_has_distinct_independent_genitive_form",0.00657894736842105
"no_phon__equal_features__sqrt_hamming","paradigm_has_distinct_self_form",0.00657894736842105
"no_phon__equal_features__sqrt_hamming","paradigm_has_comparative_and_superlative_forms",0.00657894736842105
"no_phon__equal_features__sqrt_hamming","paradigm_has_distinct_plural_form",0.00657894736842105
"no_phon__equal_features__sqrt_hamming","does_not_inflect",0.00657894736842105
"no_phon__equal_features__sqrt_hamming","Monmorphemic",0.00657894736842105
"no_phon__equal_features__sqrt_hamming","anaphoric_marker",0.00657894736842105
"no_phon__equal_features__sqrt_hamming","deictic_marker",0.00657894736842105
"no_phon__equal_features__sqrt_hamming","person_deixis",0.00657894736842105
"no_phon__equal_features__sqrt_hamming","pro_form",0.00657894736842105
"no_phon__equal_features__sqrt_hamming","personal_gender_as_head_or_fused_head",0.00657894736842105
"no_phon__equal_features__sqrt_hamming","non_personal_gender",0.00657894736842105
"no_phon__equal_features__sqrt_hamming","epicene_personal_gender",0.00657894736842105
"no_phon__equal_features__sqrt_hamming","masculine_gender",0.00657894736842105
"no_phon__equal_features__sqrt_hamming","feminine_gender",0.00657894736842105
"no_phon__equal_features__sqrt_hamming","definite",0.00657894736842105
"no_phon__equal_features__sqrt_hamming","indefinite",0.00657894736842105
"no_phon__equal_features__sqrt_hamming","existential",0.00657894736842105
"no_phon__equal_features__sqrt_hamming","universal",0.00657894736842105
"no_phon__equal_features__sqrt_hamming","free_choice",0.00657894736842105
"no_phon__equal_features__sqrt_hamming","negative",0.00657894736842105
"no_phon__equal_features__sqrt_hamming","interrogative",0.00657894736842105
"no_phon__equal_features__sqrt_hamming","non_affirmative",0.00657894736842105
"no_phon__equal_features__sqrt_hamming","reflexive",0.00657894736842105
"no_phon__equal_features__sqrt_hamming","reciprocal",0.00657894736842105
"no_phon__equal_features__sqrt_hamming","dual",0.00657894736842105
"no_phon__equal_features__sqrt_hamming","paucal",0.00657894736842105
"no_phon__equal_features__sqrt_hamming","multal",0.00657894736842105
"no_phon__equal_features__sqrt_hamming","proportional",0.00657894736842105
"no_phon__equal_features__sqrt_hamming","semantically_countable",0.00657894736842105
"no_phon__equal_features__sqrt_hamming","semantically_uncountable",0.00657894736842105
"no_phon__equal_features__sqrt_hamming","semantically_singular",0.00657894736842105
"no_phon__equal_features__sqrt_hamming","semantically_plural",0.00657894736842105
"no_phon__equal_features__sqrt_hamming","distributive",0.00657894736842105
"no_phon__equal_features__sqrt_hamming","joint",0.00657894736842105
"no_phon__equal_features__sqrt_hamming","cardinal",0.00657894736842105
"no_phon__equal_features__sqrt_hamming","disjunctive",0.00657894736842105
"no_phon__equal_features__sqrt_hamming","degree",0.00657894736842105
"no_phon__equal_features__sqrt_hamming","sufficiency",0.00657894736842105
"no_phon__equal_features__sqrt_hamming","temporal",0.00657894736842105
"no_phon__equal_features__sqrt_hamming","locative",0.00657894736842105
"no_phon__equal_features__sqrt_hamming","dummy",0.00657894736842105
"no_phon__equal_features__sqrt_hamming","can_be_followed_by_adjective_such",0.00657894736842105
"no_phon__equal_features__sqrt_hamming","can_be_modified_by_almost",0.00657894736842105
"no_phon__equal_features__sqrt_hamming","can_be_modified_by_approximately",0.00657894736842105
"no_phon__equal_features__sqrt_hamming","can_be_modified_by_at_least",0.00657894736842105
"no_phon__equal_features__sqrt_hamming","can_be_modified_by_hardly",0.00657894736842105
"no_phon__equal_features__sqrt_hamming","can_be_modified_by_not",0.00657894736842105
"no_phon__equal_features__sqrt_hamming","can_be_modified_by_adverb_very",0.00657894736842105
"no_phon__equal_features__sqrt_hamming","Coordinates_with_independent_genitives",0.00657894736842105
"no_phon__equal_features__sqrt_hamming","Coordinates_with_dependent_genitives",0.00657894736842105
"no_phon__equal_features__sqrt_hamming","Coordinates_with_NPs",0.00657894736842105
"no_phon__equal_features__sqrt_hamming","intensifying_reduplication",0.00657894736842105
"no_phon__equal_features__sqrt_hamming","selects_singular_heads",0.00657894736842105
"no_phon__equal_features__sqrt_hamming","selects_count_singular_heads",0.00657894736842105
"no_phon__equal_features__sqrt_hamming","selects_non_count_heads",0.00657894736842105
"no_phon__equal_features__sqrt_hamming","selects_plural_heads",0.00657894736842105
"no_phon__equal_features__sqrt_hamming","compatible_count_sing_NP",0.00657894736842105
"no_phon__equal_features__sqrt_hamming","compatible_count_plur_NP",0.00657894736842105
"no_phon__equal_features__sqrt_hamming","compatible_non_count_NP",0.00657894736842105
"no_phon__equal_features__sqrt_hamming","Forms_universal_pronouns_before_all",0.00657894736842105
"no_phon__equal_features__sqrt_hamming","functions_as_a_predeterminer_modifier",0.00657894736842105
"no_phon__equal_features__sqrt_hamming","functions_as_prehead_modifier_in_nominal",0.00657894736842105
"no_phon__equal_features__sqrt_hamming","functions_as_degree_modifier_in_AdjP",0.00657894736842105
"no_phon__equal_features__sqrt_hamming","functions_as_predicative_complement",0.00657894736842105
"no_phon__equal_features__sqrt_hamming","functions_as_predicative_complement_to_seem",0.00657894736842105
"no_phon__equal_features__sqrt_hamming","functions_as_marker_of_coordination",0.00657894736842105
"no_phon__equal_features__sqrt_hamming","functions_as_fused_determiner_head",0.00657894736842105
"no_phon__equal_features__sqrt_hamming","functions_as_head_of_partitive_construction",0.00657894736842105
"no_phon__equal_features__sqrt_hamming","functions_as_adjunct_in_clause_structure",0.00657894736842105
"no_phon__equal_features__sqrt_hamming","functions_as_attrib_modifier_in_nominal",0.00657894736842105
"no_phon__equal_features__sqrt_hamming","appears_in_subject",0.00657894736842105
"no_phon__equal_features__sqrt_hamming","appears_in_object",0.00657894736842105
"no_phon__equal_features__sqrt_hamming","functions_as_post_head_modifier_of_it_or_them",0.00657894736842105
"no_phon__equal_features__sqrt_hamming","functions_as_post_head_modifier_of_N",0.00657894736842105
"no_phon__equal_features__sqrt_hamming","appears_in_existentials_there_s_on_the_table",0.00657894736842105
"no_phon__equal_features__sqrt_hamming","functions_as_determiner_in_day_s_time_ago",0.00657894736842105
"no_phon__equal_features__sqrt_hamming","functions_as_subject_of_present_participal_of_joining_you",0.00657894736842105
"no_phon__equal_features__sqrt_hamming","Functions_as_subject_of_interrogative_tag",0.00657894736842105
"no_phon__equal_features__sqrt_hamming","functions_as_subject_determiner",0.00657894736842105
"no_phon__equal_features__sqrt_hamming","functions_in_vocative",0.00657894736842105
"no_phon__equal_features__sqrt_hamming","May_coordinate_with_non_fused_determiners",0.00657894736842105
"no_phon__equal_features__sqrt_hamming","must_be_outranked_by_a_coindexed_element",0.00657894736842105
"no_phon__equal_features__sqrt_hamming","takes_predeterminer_modifiers_all_or_both",0.00657894736842105
"no_phon__equal_features__sqrt_hamming","occurs_after_predeterminer_modifiers_fractions",0.00657894736842105
"no_phon__equal_features__sqrt_hamming","occurs_after_predeterminer_modifiers_multipliers",0.00657894736842105
"no_phon__equal_features__sqrt_hamming","ironic_use_of_repetition",0.00657894736842105
"no_phon__equal_features__sqrt_hamming","take_poor_lucky_silly_as_attrib_modifiers",0.00657894736842105
"no_phon__equal_features__sqrt_hamming","takes_adverb_quite_as_a_modifier",0.00657894736842105
"no_phon__equal_features__sqrt_hamming","takes_else_or_more_as_a_post_head_dependent",0.00657894736842105
"no_phon__equal_features__sqrt_hamming","accepts_genitive_apstrophe_s",0.00657894736842105
"no_phon__equal_features__sqrt_hamming","takes_post_head_modifier_the_hell",0.00657894736842105
"no_phon__equal_features__hamming","a",0.00657894736842105
"no_phon__equal_features__hamming","another",0.00657894736842105
"no_phon__equal_features__hamming","any",0.00657894736842105
"no_phon__equal_features__hamming","body",0.00657894736842105
"no_phon__equal_features__hamming","certain",0.00657894736842105
"no_phon__equal_features__hamming","day",0.00657894736842105
"no_phon__equal_features__hamming","each",0.00657894736842105
"no_phon__equal_features__hamming","each_other",0.00657894736842105
"no_phon__equal_features__hamming","either",0.00657894736842105
"no_phon__equal_features__hamming","ever",0.00657894736842105
"no_phon__equal_features__hamming","every",0.00657894736842105
"no_phon__equal_features__hamming","few",0.00657894736842105
"no_phon__equal_features__hamming","her",0.00657894736842105
"no_phon__equal_features__hamming","him",0.00657894736842105
"no_phon__equal_features__hamming","it",0.00657894736842105
"no_phon__equal_features__hamming","its",0.00657894736842105
"no_phon__equal_features__hamming","little",0.00657894736842105
"no_phon__equal_features__hamming","many",0.00657894736842105
"no_phon__equal_features__hamming","many_a",0.00657894736842105
"no_phon__equal_features__hamming","my",0.00657894736842105
"no_phon__equal_features__hamming","no",0.00657894736842105
"no_phon__equal_features__hamming","no_one",0.00657894736842105
"no_phon__equal_features__hamming","one",0.00657894736842105
"no_phon__equal_features__hamming","one_s",0.00657894736842105
"no_phon__equal_features__hamming","other",0.00657894736842105
"no_phon__equal_features__hamming","our",0.00657894736842105
"no_phon__equal_features__hamming","ours",0.00657894736842105
"no_phon__equal_features__hamming","self",0.00657894736842105
"no_phon__equal_features__hamming","some",0.00657894736842105
"no_phon__equal_features__hamming","their",0.00657894736842105
"no_phon__equal_features__hamming","theirs",0.00657894736842105
"no_phon__equal_features__hamming","them",0.00657894736842105
"no_phon__equal_features__hamming","they",0.00657894736842105
"no_phon__equal_features__hamming","thing",0.00657894736842105
"no_phon__equal_features__hamming","to",0.00657894736842105
"no_phon__equal_features__hamming","us",0.00657894736842105
"no_phon__equal_features__hamming","we",0.00657894736842105
"no_phon__equal_features__hamming","what",0.00657894736842105
"no_phon__equal_features__hamming","whatever",0.00657894736842105
"no_phon__equal_features__hamming","where",0.00657894736842105
"no_phon__equal_features__hamming","which",0.00657894736842105
"no_phon__equal_features__hamming","whichever",0.00657894736842105
"no_phon__equal_features__hamming","who",0.00657894736842105
"no_phon__equal_features__hamming","whoever",0.00657894736842105
"no_phon__equal_features__hamming","whom",0.00657894736842105
"no_phon__equal_features__hamming","whose",0.00657894736842105
"no_phon__equal_features__hamming","whosoever",0.00657894736842105
"no_phon__equal_features__hamming","you",0.00657894736842105
"no_phon__equal_features__hamming","your",0.00657894736842105
"no_phon__equal_features__hamming","yours",0.00657894736842105
"no_phon__equal_features__hamming","genitive_case",0.00657894736842105
"no_phon__equal_features__hamming","accusative_case",0.00657894736842105
"no_phon__equal_features__hamming","nominative_case",0.00657894736842105
"no_phon__equal_features__hamming","in_word_formation_e_g_a_many_sided_shape",0.00657894736842105
"no_phon__equal_features__hamming","has_derivationtionally_related_words",0.00657894736842105
"no_phon__equal_features__hamming","has_corresponding_word",0.00657894736842105
"no_phon__equal_features__hamming","compound_word",0.00657894736842105
"no_phon__equal_features__hamming","inflects_for_case",0.00657894736842105
"no_phon__equal_features__hamming","paradigm_has_distinct_acc_form",0.00657894736842105
"no_phon__equal_features__hamming","paradigm_has_genitive_form",0.00657894736842105
"no_phon__equal_features__hamming","paradigm_has_distinct_independent_genitive_form",0.00657894736842105
"no_phon__equal_features__hamming","paradigm_has_distinct_self_form",0.00657894736842105
"no_phon__equal_features__hamming","paradigm_has_comparative_and_superlative_forms",0.00657894736842105
"no_phon__equal_features__hamming","paradigm_has_distinct_plural_form",0.00657894736842105
"no_phon__equal_features__hamming","does_not_inflect",0.00657894736842105
"no_phon__equal_features__hamming","Monmorphemic",0.00657894736842105
"no_phon__equal_features__hamming","anaphoric_marker",0.00657894736842105
"no_phon__equal_features__hamming","deictic_marker",0.00657894736842105
"no_phon__equal_features__hamming","person_deixis",0.00657894736842105
"no_phon__equal_features__hamming","pro_form",0.00657894736842105
"no_phon__equal_features__hamming","personal_gender_as_head_or_fused_head",0.00657894736842105
"no_phon__equal_features__hamming","non_personal_gender",0.00657894736842105
"no_phon__equal_features__hamming","epicene_personal_gender",0.00657894736842105
"no_phon__equal_features__hamming","masculine_gender",0.00657894736842105
"no_phon__equal_features__hamming","feminine_gender",0.00657894736842105
"no_phon__equal_features__hamming","definite",0.00657894736842105
"no_phon__equal_features__hamming","indefinite",0.00657894736842105
"no_phon__equal_features__hamming","existential",0.00657894736842105
"no_phon__equal_features__hamming","universal",0.00657894736842105
"no_phon__equal_features__hamming","free_choice",0.00657894736842105
"no_phon__equal_features__hamming","negative",0.00657894736842105
"no_phon__equal_features__hamming","interrogative",0.00657894736842105
"no_phon__equal_features__hamming","non_affirmative",0.00657894736842105
"no_phon__equal_features__hamming","reflexive",0.00657894736842105
"no_phon__equal_features__hamming","reciprocal",0.00657894736842105
"no_phon__equal_features__hamming","dual",0.00657894736842105
"no_phon__equal_features__hamming","paucal",0.00657894736842105
"no_phon__equal_features__hamming","multal",0.00657894736842105
"no_phon__equal_features__hamming","proportional",0.00657894736842105
"no_phon__equal_features__hamming","semantically_countable",0.00657894736842105
"no_phon__equal_features__hamming","semantically_uncountable",0.00657894736842105
"no_phon__equal_features__hamming","semantically_singular",0.00657894736842105
"no_phon__equal_features__hamming","semantically_plural",0.00657894736842105
"no_phon__equal_features__hamming","distributive",0.00657894736842105
"no_phon__equal_features__hamming","joint",0.00657894736842105
"no_phon__equal_features__hamming","cardinal",0.00657894736842105
"no_phon__equal_features__hamming","disjunctive",0.00657894736842105
"no_phon__equal_features__hamming","degree",0.00657894736842105
"no_phon__equal_features__hamming","sufficiency",0.00657894736842105
"no_phon__equal_features__hamming","temporal",0.00657894736842105
"no_phon__equal_features__hamming","locative",0.00657894736842105
"no_phon__equal_features__hamming","dummy",0.00657894736842105
"no_phon__equal_features__hamming","can_be_followed_by_adjective_such",0.00657894736842105
"no_phon__equal_features__hamming","can_be_modified_by_almost",0.00657894736842105
"no_phon__equal_features__hamming","can_be_modified_by_approximately",0.00657894736842105
"no_phon__equal_features__hamming","can_be_modified_by_at_least",0.00657894736842105
"no_phon__equal_features__hamming","can_be_modified_by_hardly",0.00657894736842105
"no_phon__equal_features__hamming","can_be_modified_by_not",0.00657894736842105
"no_phon__equal_features__hamming","can_be_modified_by_adverb_very",0.00657894736842105
"no_phon__equal_features__hamming","Coordinates_with_independent_genitives",0.00657894736842105
"no_phon__equal_features__hamming","Coordinates_with_dependent_genitives",0.00657894736842105
"no_phon__equal_features__hamming","Coordinates_with_NPs",0.00657894736842105
"no_phon__equal_features__hamming","intensifying_reduplication",0.00657894736842105
"no_phon__equal_features__hamming","selects_singular_heads",0.00657894736842105
"no_phon__equal_features__hamming","selects_count_singular_heads",0.00657894736842105
"no_phon__equal_features__hamming","selects_non_count_heads",0.00657894736842105
"no_phon__equal_features__hamming","selects_plural_heads",0.00657894736842105
"no_phon__equal_features__hamming","compatible_count_sing_NP",0.00657894736842105
"no_phon__equal_features__hamming","compatible_count_plur_NP",0.00657894736842105
"no_phon__equal_features__hamming","compatible_non_count_NP",0.00657894736842105
"no_phon__equal_features__hamming","Forms_universal_pronouns_before_all",0.00657894736842105
"no_phon__equal_features__hamming","functions_as_a_predeterminer_modifier",0.00657894736842105
"no_phon__equal_features__hamming","functions_as_prehead_modifier_in_nominal",0.00657894736842105
"no_phon__equal_features__hamming","functions_as_degree_modifier_in_AdjP",0.00657894736842105
"no_phon__equal_features__hamming","functions_as_predicative_complement",0.00657894736842105
"no_phon__equal_features__hamming","functions_as_predicative_complement_to_seem",0.00657894736842105
"no_phon__equal_features__hamming","functions_as_marker_of_coordination",0.00657894736842105
"no_phon__equal_features__hamming","functions_as_fused_determiner_head",0.00657894736842105
"no_phon__equal_features__hamming","functions_as_head_of_partitive_construction",0.00657894736842105
"no_phon__equal_features__hamming","functions_as_adjunct_in_clause_structure",0.00657894736842105
"no_phon__equal_features__hamming","functions_as_attrib_modifier_in_nominal",0.00657894736842105
"no_phon__equal_features__hamming","appears_in_subject",0.00657894736842105
"no_phon__equal_features__hamming","appears_in_object",0.00657894736842105
"no_phon__equal_features__hamming","functions_as_post_head_modifier_of_it_or_them",0.00657894736842105
"no_phon__equal_features__hamming","functions_as_post_head_modifier_of_N",0.00657894736842105
"no_phon__equal_features__hamming","appears_in_existentials_there_s_on_the_table",0.00657894736842105
"no_phon__equal_features__hamming","functions_as_determiner_in_day_s_time_ago",0.00657894736842105
"no_phon__equal_features__hamming","functions_as_subject_of_present_participal_of_joining_you",0.00657894736842105
"no_phon__equal_features__hamming","Functions_as_subject_of_interrogative_tag",0.00657894736842105
"no_phon__equal_features__hamming","functions_as_subject_determiner",0.00657894736842105
"no_phon__equal_features__hamming","functions_in_vocative",0.00657894736842105
"no_phon__equal_features__hamming","May_coordinate_with_non_fused_determiners",0.00657894736842105
"no_phon__equal_features__hamming","must_be_outranked_by_a_coindexed_element",0.00657894736842105
"no_phon__equal_features__hamming","takes_predeterminer_modifiers_all_or_both",0.00657894736842105
"no_phon__equal_features__hamming","occurs_after_predeterminer_modifiers_fractions",0.00657894736842105
"no_phon__equal_features__hamming","occurs_after_predeterminer_modifiers_multipliers",0.00657894736842105
"no_phon__equal_features__hamming","ironic_use_of_repetition",0.00657894736842105
"no_phon__equal_features__hamming","take_poor_lucky_silly_as_attrib_modifiers",0.00657894736842105
"no_phon__equal_features__hamming","takes_adverb_quite_as_a_modifier",0.00657894736842105
"no_phon__equal_features__hamming","takes_else_or_more_as_a_post_head_dependent",0.00657894736842105
"no_phon__equal_features__hamming","accepts_genitive_apstrophe_s",0.00657894736842105
"no_phon__equal_features__hamming","takes_post_head_modifier_the_hell",0.00657894736842105
"no_phon__equal_features__jaccard","a",0.00657894736842105
"no_phon__equal_features__jaccard","another",0.00657894736842105
"no_phon__equal_features__jaccard","any",0.00657894736842105
"no_phon__equal_features__jaccard","body",0.00657894736842105
"no_phon__equal_features__jaccard","certain",0.00657894736842105
"no_phon__equal_features__jaccard","day",0.00657894736842105
"no_phon__equal_features__jaccard","each",0.00657894736842105
"no_phon__equal_features__jaccard","each_other",0.00657894736842105
"no_phon__equal_features__jaccard","either",0.00657894736842105
"no_phon__equal_features__jaccard","ever",0.00657894736842105
"no_phon__equal_features__jaccard","every",0.00657894736842105
"no_phon__equal_features__jaccard","few",0.00657894736842105
"no_phon__equal_features__jaccard","her",0.00657894736842105
"no_phon__equal_features__jaccard","him",0.00657894736842105
"no_phon__equal_features__jaccard","it",0.00657894736842105
"no_phon__equal_features__jaccard","its",0.00657894736842105
"no_phon__equal_features__jaccard","little",0.00657894736842105
"no_phon__equal_features__jaccard","many",0.00657894736842105
"no_phon__equal_features__jaccard","many_a",0.00657894736842105
"no_phon__equal_features__jaccard","my",0.00657894736842105
"no_phon__equal_features__jaccard","no",0.00657894736842105
"no_phon__equal_features__jaccard","no_one",0.00657894736842105
"no_phon__equal_features__jaccard","one",0.00657894736842105
"no_phon__equal_features__jaccard","one_s",0.00657894736842105
"no_phon__equal_features__jaccard","other",0.00657894736842105
"no_phon__equal_features__jaccard","our",0.00657894736842105
"no_phon__equal_features__jaccard","ours",0.00657894736842105
"no_phon__equal_features__jaccard","self",0.00657894736842105
"no_phon__equal_features__jaccard","some",0.00657894736842105
"no_phon__equal_features__jaccard","their",0.00657894736842105
"no_phon__equal_features__jaccard","theirs",0.00657894736842105
"no_phon__equal_features__jaccard","them",0.00657894736842105
"no_phon__equal_features__jaccard","they",0.00657894736842105
"no_phon__equal_features__jaccard","thing",0.00657894736842105
"no_phon__equal_features__jaccard","to",0.00657894736842105
"no_phon__equal_features__jaccard","us",0.00657894736842105
"no_phon__equal_features__jaccard","we",0.00657894736842105
"no_phon__equal_features__jaccard","what",0.00657894736842105
"no_phon__equal_features__jaccard","whatever",0.00657894736842105
"no_phon__equal_features__jaccard","where",0.00657894736842105
"no_phon__equal_features__jaccard","which",0.00657894736842105
"no_phon__equal_features__jaccard","whichever",0.00657894736842105
"no_phon__equal_features__jaccard","who",0.00657894736842105
"no_phon__equal_features__jaccard","whoever",0.00657894736842105
"no_phon__equal_features__jaccard","whom",0.00657894736842105
"no_phon__equal_features__jaccard","whose",0.00657894736842105
"no_phon__equal_features__jaccard","whosoever",0.00657894736842105
"no_phon__equal_features__jaccard","you",0.00657894736842105
"no_phon__equal_features__jaccard","your",0.00657894736842105
"no_phon__equal_features__jaccard","yours",0.00657894736842105
"no_phon__equal_features__jaccard","genitive_case",0.00657894736842105
"no_phon__equal_features__jaccard","accusative_case",0.00657894736842105
"no_phon__equal_features__jaccard","nominative_case",0.00657894736842105
"no_phon__equal_features__jaccard","in_word_formation_e_g_a_many_sided_shape",0.00657894736842105
"no_phon__equal_features__jaccard","has_derivationtionally_related_words",0.00657894736842105
"no_phon__equal_features__jaccard","has_corresponding_word",0.00657894736842105
"no_phon__equal_features__jaccard","compound_word",0.00657894736842105
"no_phon__equal_features__jaccard","inflects_for_case",0.00657894736842105
"no_phon__equal_features__jaccard","paradigm_has_distinct_acc_form",0.00657894736842105
"no_phon__equal_features__jaccard","paradigm_has_genitive_form",0.00657894736842105
"no_phon__equal_features__jaccard","paradigm_has_distinct_independent_genitive_form",0.00657894736842105
"no_phon__equal_features__jaccard","paradigm_has_distinct_self_form",0.00657894736842105
"no_phon__equal_features__jaccard","paradigm_has_comparative_and_superlative_forms",0.00657894736842105
"no_phon__equal_features__jaccard","paradigm_has_distinct_plural_form",0.00657894736842105
"no_phon__equal_features__jaccard","does_not_inflect",0.00657894736842105
"no_phon__equal_features__jaccard","Monmorphemic",0.00657894736842105
"no_phon__equal_features__jaccard","anaphoric_marker",0.00657894736842105
"no_phon__equal_features__jaccard","deictic_marker",0.00657894736842105
"no_phon__equal_features__jaccard","person_deixis",0.00657894736842105
"no_phon__equal_features__jaccard","pro_form",0.00657894736842105
"no_phon__equal_features__jaccard","personal_gender_as_head_or_fused_head",0.00657894736842105
"no_phon__equal_features__jaccard","non_personal_gender",0.00657894736842105
"no_phon__equal_features__jaccard","epicene_personal_gender",0.00657894736842105
"no_phon__equal_features__jaccard","masculine_gender",0.00657894736842105
"no_phon__equal_features__jaccard","feminine_gender",0.00657894736842105
"no_phon__equal_features__jaccard","definite",0.00657894736842105
"no_phon__equal_features__jaccard","indefinite",0.00657894736842105
"no_phon__equal_features__jaccard","existential",0.00657894736842105
"no_phon__equal_features__jaccard","universal",0.00657894736842105
"no_phon__equal_features__jaccard","free_choice",0.00657894736842105
"no_phon__equal_features__jaccard","negative",0.00657894736842105
"no_phon__equal_features__jaccard","interrogative",0.00657894736842105
"no_phon__equal_features__jaccard","non_affirmative",0.00657894736842105
"no_phon__equal_features__jaccard","reflexive",0.00657894736842105
"no_phon__equal_features__jaccard","reciprocal",0.00657894736842105
"no_phon__equal_features__jaccard","dual",0.00657894736842105
"no_phon__equal_features__jaccard","paucal",0.00657894736842105
"no_phon__equal_features__jaccard","multal",0.00657894736842105
"no_phon__equal_features__jaccard","proportional",0.00657894736842105
"no_phon__equal_features__jaccard","semantically_countable",0.00657894736842105
"no_phon__equal_features__jaccard","semantically_uncountable",0.00657894736842105
"no_phon__equal_features__jaccard","semantically_singular",0.00657894736842105
"no_phon__equal_features__jaccard","semantically_plural",0.00657894736842105
"no_phon__equal_features__jaccard","distributive",0.00657894736842105
"no_phon__equal_features__jaccard","joint",0.00657894736842105
"no_phon__equal_features__jaccard","cardinal",0.00657894736842105
"no_phon__equal_features__jaccard","disjunctive",0.00657894736842105
"no_phon__equal_features__jaccard","degree",0.00657894736842105
"no_phon__equal_features__jaccard","sufficiency",0.00657894736842105
"no_phon__equal_features__jaccard","temporal",0.00657894736842105
"no_phon__equal_features__jaccard","locative",0.00657894736842105
"no_phon__equal_features__jaccard","dummy",0.00657894736842105
"no_phon__equal_features__jaccard","can_be_followed_by_adjective_such",0.00657894736842105
"no_phon__equal_features__jaccard","can_be_modified_by_almost",0.00657894736842105
"no_phon__equal_features__jaccard","can_be_modified_by_approximately",0.00657894736842105
"no_phon__equal_features__jaccard","can_be_modified_by_at_least",0.00657894736842105
"no_phon__equal_features__jaccard","can_be_modified_by_hardly",0.00657894736842105
"no_phon__equal_features__jaccard","can_be_modified_by_not",0.00657894736842105
"no_phon__equal_features__jaccard","can_be_modified_by_adverb_very",0.00657894736842105
"no_phon__equal_features__jaccard","Coordinates_with_independent_genitives",0.00657894736842105
"no_phon__equal_features__jaccard","Coordinates_with_dependent_genitives",0.00657894736842105
"no_phon__equal_features__jaccard","Coordinates_with_NPs",0.00657894736842105
"no_phon__equal_features__jaccard","intensifying_reduplication",0.00657894736842105
"no_phon__equal_features__jaccard","selects_singular_heads",0.00657894736842105
"no_phon__equal_features__jaccard","selects_count_singular_heads",0.00657894736842105
"no_phon__equal_features__jaccard","selects_non_count_heads",0.00657894736842105
"no_phon__equal_features__jaccard","selects_plural_heads",0.00657894736842105
"no_phon__equal_features__jaccard","compatible_count_sing_NP",0.00657894736842105
"no_phon__equal_features__jaccard","compatible_count_plur_NP",0.00657894736842105
"no_phon__equal_features__jaccard","compatible_non_count_NP",0.00657894736842105
"no_phon__equal_features__jaccard","Forms_universal_pronouns_before_all",0.00657894736842105
"no_phon__equal_features__jaccard","functions_as_a_predeterminer_modifier",0.00657894736842105
"no_phon__equal_features__jaccard","functions_as_prehead_modifier_in_nominal",0.00657894736842105
"no_phon__equal_features__jaccard","functions_as_degree_modifier_in_AdjP",0.00657894736842105
"no_phon__equal_features__jaccard","functions_as_predicative_complement",0.00657894736842105
"no_phon__equal_features__jaccard","functions_as_predicative_complement_to_seem",0.00657894736842105
"no_phon__equal_features__jaccard","functions_as_marker_of_coordination",0.00657894736842105
"no_phon__equal_features__jaccard","functions_as_fused_determiner_head",0.00657894736842105
"no_phon__equal_features__jaccard","functions_as_head_of_partitive_construction",0.00657894736842105
"no_phon__equal_features__jaccard","functions_as_adjunct_in_clause_structure",0.00657894736842105
"no_phon__equal_features__jaccard","functions_as_attrib_modifier_in_nominal",0.00657894736842105
"no_phon__equal_features__jaccard","appears_in_subject",0.00657894736842105
"no_phon__equal_features__jaccard","appears_in_object",0.00657894736842105
"no_phon__equal_features__jaccard","functions_as_post_head_modifier_of_it_or_them",0.00657894736842105
"no_phon__equal_features__jaccard","functions_as_post_head_modifier_of_N",0.00657894736842105
"no_phon__equal_features__jaccard","appears_in_existentials_there_s_on_the_table",0.00657894736842105
"no_phon__equal_features__jaccard","functions_as_determiner_in_day_s_time_ago",0.00657894736842105
"no_phon__equal_features__jaccard","functions_as_subject_of_present_participal_of_joining_you",0.00657894736842105
"no_phon__equal_features__jaccard","Functions_as_subject_of_interrogative_tag",0.00657894736842105
"no_phon__equal_features__jaccard","functions_as_subject_determiner",0.00657894736842105
"no_phon__equal_features__jaccard","functions_in_vocative",0.00657894736842105
"no_phon__equal_features__jaccard","May_coordinate_with_non_fused_determiners",0.00657894736842105
"no_phon__equal_features__jaccard","must_be_outranked_by_a_coindexed_element",0.00657894736842105
"no_phon__equal_features__jaccard","takes_predeterminer_modifiers_all_or_both",0.00657894736842105
"no_phon__equal_features__jaccard","occurs_after_predeterminer_modifiers_fractions",0.00657894736842105
"no_phon__equal_features__jaccard","occurs_after_predeterminer_modifiers_multipliers",0.00657894736842105
"no_phon__equal_features__jaccard","ironic_use_of_repetition",0.00657894736842105
"no_phon__equal_features__jaccard","take_poor_lucky_silly_as_attrib_modifiers",0.00657894736842105
"no_phon__equal_features__jaccard","takes_adverb_quite_as_a_modifier",0.00657894736842105
"no_phon__equal_features__jaccard","takes_else_or_more_as_a_post_head_dependent",0.00657894736842105
"no_phon__equal_features__jaccard","accepts_genitive_apstrophe_s",0.00657894736842105
"no_phon__equal_features__jaccard","takes_post_head_modifier_the_hell",0.00657894736842105
"no_phon__equal_domains__sqrt_hamming","a",0.00505050505050506
"no_phon__equal_domains__sqrt_hamming","another",0.00505050505050506
"no_phon__equal_domains__sqrt_hamming","any",0.00505050505050506
"no_phon__equal_domains__sqrt_hamming","body",0.00505050505050506
"no_phon__equal_domains__sqrt_hamming","certain",0.00505050505050506
"no_phon__equal_domains__sqrt_hamming","day",0.00505050505050506
"no_phon__equal_domains__sqrt_hamming","each",0.00505050505050506
"no_phon__equal_domains__sqrt_hamming","each_other",0.00505050505050506
"no_phon__equal_domains__sqrt_hamming","either",0.00505050505050506
"no_phon__equal_domains__sqrt_hamming","ever",0.00505050505050506
"no_phon__equal_domains__sqrt_hamming","every",0.00505050505050506
"no_phon__equal_domains__sqrt_hamming","few",0.00505050505050506
"no_phon__equal_domains__sqrt_hamming","her",0.00505050505050506
"no_phon__equal_domains__sqrt_hamming","him",0.00505050505050506
"no_phon__equal_domains__sqrt_hamming","it",0.00505050505050506
"no_phon__equal_domains__sqrt_hamming","its",0.00505050505050506
"no_phon__equal_domains__sqrt_hamming","little",0.00505050505050506
"no_phon__equal_domains__sqrt_hamming","many",0.00505050505050506
"no_phon__equal_domains__sqrt_hamming","many_a",0.00505050505050506
"no_phon__equal_domains__sqrt_hamming","my",0.00505050505050506
"no_phon__equal_domains__sqrt_hamming","no",0.00505050505050506
"no_phon__equal_domains__sqrt_hamming","no_one",0.00505050505050506
"no_phon__equal_domains__sqrt_hamming","one",0.00505050505050506
"no_phon__equal_domains__sqrt_hamming","one_s",0.00505050505050506
"no_phon__equal_domains__sqrt_hamming","other",0.00505050505050506
"no_phon__equal_domains__sqrt_hamming","our",0.00505050505050506
"no_phon__equal_domains__sqrt_hamming","ours",0.00505050505050506
"no_phon__equal_domains__sqrt_hamming","self",0.00505050505050506
"no_phon__equal_domains__sqrt_hamming","some",0.00505050505050506
"no_phon__equal_domains__sqrt_hamming","their",0.00505050505050506
"no_phon__equal_domains__sqrt_hamming","theirs",0.00505050505050506
"no_phon__equal_domains__sqrt_hamming","them",0.00505050505050506
"no_phon__equal_domains__sqrt_hamming","they",0.00505050505050506
"no_phon__equal_domains__sqrt_hamming","thing",0.00505050505050506
"no_phon__equal_domains__sqrt_hamming","to",0.00505050505050506
"no_phon__equal_domains__sqrt_hamming","us",0.00505050505050506
"no_phon__equal_domains__sqrt_hamming","we",0.00505050505050506
"no_phon__equal_domains__sqrt_hamming","what",0.00505050505050506
"no_phon__equal_domains__sqrt_hamming","whatever",0.00505050505050506
"no_phon__equal_domains__sqrt_hamming","where",0.00505050505050506
"no_phon__equal_domains__sqrt_hamming","which",0.00505050505050506
"no_phon__equal_domains__sqrt_hamming","whichever",0.00505050505050506
"no_phon__equal_domains__sqrt_hamming","who",0.00505050505050506
"no_phon__equal_domains__sqrt_hamming","whoever",0.00505050505050506
"no_phon__equal_domains__sqrt_hamming","whom",0.00505050505050506
"no_phon__equal_domains__sqrt_hamming","whose",0.00505050505050506
"no_phon__equal_domains__sqrt_hamming","whosoever",0.00505050505050506
"no_phon__equal_domains__sqrt_hamming","you",0.00505050505050506
"no_phon__equal_domains__sqrt_hamming","your",0.00505050505050506
"no_phon__equal_domains__sqrt_hamming","yours",0.00505050505050506
"no_phon__equal_domains__sqrt_hamming","genitive_case",0.00505050505050506
"no_phon__equal_domains__sqrt_hamming","accusative_case",0.00505050505050506
"no_phon__equal_domains__sqrt_hamming","nominative_case",0.00505050505050506
"no_phon__equal_domains__sqrt_hamming","in_word_formation_e_g_a_many_sided_shape",0.00505050505050506
"no_phon__equal_domains__sqrt_hamming","has_derivationtionally_related_words",0.00505050505050506
"no_phon__equal_domains__sqrt_hamming","has_corresponding_word",0.00505050505050506
"no_phon__equal_domains__sqrt_hamming","compound_word",0.00505050505050506
"no_phon__equal_domains__sqrt_hamming","inflects_for_case",0.00505050505050506
"no_phon__equal_domains__sqrt_hamming","paradigm_has_distinct_acc_form",0.00505050505050506
"no_phon__equal_domains__sqrt_hamming","paradigm_has_genitive_form",0.00505050505050506
"no_phon__equal_domains__sqrt_hamming","paradigm_has_distinct_independent_genitive_form",0.00505050505050506
"no_phon__equal_domains__sqrt_hamming","paradigm_has_distinct_self_form",0.00505050505050506
"no_phon__equal_domains__sqrt_hamming","paradigm_has_comparative_and_superlative_forms",0.00505050505050506
"no_phon__equal_domains__sqrt_hamming","paradigm_has_distinct_plural_form",0.00505050505050506
"no_phon__equal_domains__sqrt_hamming","does_not_inflect",0.00505050505050506
"no_phon__equal_domains__sqrt_hamming","Monmorphemic",0.00505050505050506
"no_phon__equal_domains__sqrt_hamming","anaphoric_marker",0.00925925925925927
"no_phon__equal_domains__sqrt_hamming","deictic_marker",0.00925925925925927
"no_phon__equal_domains__sqrt_hamming","person_deixis",0.00925925925925927
"no_phon__equal_domains__sqrt_hamming","pro_form",0.00925925925925927
"no_phon__equal_domains__sqrt_hamming","personal_gender_as_head_or_fused_head",0.00925925925925927
"no_phon__equal_domains__sqrt_hamming","non_personal_gender",0.00925925925925927
"no_phon__equal_domains__sqrt_hamming","epicene_personal_gender",0.00925925925925927
"no_phon__equal_domains__sqrt_hamming","masculine_gender",0.00925925925925927
"no_phon__equal_domains__sqrt_hamming","feminine_gender",0.00925925925925927
"no_phon__equal_domains__sqrt_hamming","definite",0.00925925925925927
"no_phon__equal_domains__sqrt_hamming","indefinite",0.00925925925925927
"no_phon__equal_domains__sqrt_hamming","existential",0.00925925925925927
"no_phon__equal_domains__sqrt_hamming","universal",0.00925925925925927
"no_phon__equal_domains__sqrt_hamming","free_choice",0.00925925925925927
"no_phon__equal_domains__sqrt_hamming","negative",0.00925925925925927
"no_phon__equal_domains__sqrt_hamming","interrogative",0.00925925925925927
"no_phon__equal_domains__sqrt_hamming","non_affirmative",0.00925925925925927
"no_phon__equal_domains__sqrt_hamming","reflexive",0.00925925925925927
"no_phon__equal_domains__sqrt_hamming","reciprocal",0.00925925925925927
"no_phon__equal_domains__sqrt_hamming","dual",0.00925925925925927
"no_phon__equal_domains__sqrt_hamming","paucal",0.00925925925925927
"no_phon__equal_domains__sqrt_hamming","multal",0.00925925925925927
"no_phon__equal_domains__sqrt_hamming","proportional",0.00925925925925927
"no_phon__equal_domains__sqrt_hamming","semantically_countable",0.00925925925925927
"no_phon__equal_domains__sqrt_hamming","semantically_uncountable",0.00925925925925927
"no_phon__equal_domains__sqrt_hamming","semantically_singular",0.00925925925925927
"no_phon__equal_domains__sqrt_hamming","semantically_plural",0.00925925925925927
"no_phon__equal_domains__sqrt_hamming","distributive",0.00925925925925927
"no_phon__equal_domains__sqrt_hamming","joint",0.00925925925925927
"no_phon__equal_domains__sqrt_hamming","cardinal",0.00925925925925927
"no_phon__equal_domains__sqrt_hamming","disjunctive",0.00925925925925927
"no_phon__equal_domains__sqrt_hamming","degree",0.00925925925925927
"no_phon__equal_domains__sqrt_hamming","sufficiency",0.00925925925925927
"no_phon__equal_domains__sqrt_hamming","temporal",0.00925925925925927
"no_phon__equal_domains__sqrt_hamming","locative",0.00925925925925927
"no_phon__equal_domains__sqrt_hamming","dummy",0.00925925925925927
"no_phon__equal_domains__sqrt_hamming","can_be_followed_by_adjective_such",0.00666666666666667
"no_phon__equal_domains__sqrt_hamming","can_be_modified_by_almost",0.00666666666666667
"no_phon__equal_domains__sqrt_hamming","can_be_modified_by_approximately",0.00666666666666667
"no_phon__equal_domains__sqrt_hamming","can_be_modified_by_at_least",0.00666666666666667
"no_phon__equal_domains__sqrt_hamming","can_be_modified_by_hardly",0.00666666666666667
"no_phon__equal_domains__sqrt_hamming","can_be_modified_by_not",0.00666666666666667
"no_phon__equal_domains__sqrt_hamming","can_be_modified_by_adverb_very",0.00666666666666667
"no_phon__equal_domains__sqrt_hamming","Coordinates_with_independent_genitives",0.00666666666666667
"no_phon__equal_domains__sqrt_hamming","Coordinates_with_dependent_genitives",0.00666666666666667
"no_phon__equal_domains__sqrt_hamming","Coordinates_with_NPs",0.00666666666666667
"no_phon__equal_domains__sqrt_hamming","intensifying_reduplication",0.00666666666666667
"no_phon__equal_domains__sqrt_hamming","selects_singular_heads",0.00666666666666667
"no_phon__equal_domains__sqrt_hamming","selects_count_singular_heads",0.00666666666666667
"no_phon__equal_domains__sqrt_hamming","selects_non_count_heads",0.00666666666666667
"no_phon__equal_domains__sqrt_hamming","selects_plural_heads",0.00666666666666667
"no_phon__equal_domains__sqrt_hamming","compatible_count_sing_NP",0.00666666666666667
"no_phon__equal_domains__sqrt_hamming","compatible_count_plur_NP",0.00666666666666667
"no_phon__equal_domains__sqrt_hamming","compatible_non_count_NP",0.00666666666666667
"no_phon__equal_domains__sqrt_hamming","Forms_universal_pronouns_before_all",0.00666666666666667
"no_phon__equal_domains__sqrt_hamming","functions_as_a_predeterminer_modifier",0.00666666666666667
"no_phon__equal_domains__sqrt_hamming","functions_as_prehead_modifier_in_nominal",0.00666666666666667
"no_phon__equal_domains__sqrt_hamming","functions_as_degree_modifier_in_AdjP",0.00666666666666667
"no_phon__equal_domains__sqrt_hamming","functions_as_predicative_complement",0.00666666666666667
"no_phon__equal_domains__sqrt_hamming","functions_as_predicative_complement_to_seem",0.00666666666666667
"no_phon__equal_domains__sqrt_hamming","functions_as_marker_of_coordination",0.00666666666666667
"no_phon__equal_domains__sqrt_hamming","functions_as_fused_determiner_head",0.00666666666666667
"no_phon__equal_domains__sqrt_hamming","functions_as_head_of_partitive_construction",0.00666666666666667
"no_phon__equal_domains__sqrt_hamming","functions_as_adjunct_in_clause_structure",0.00666666666666667
"no_phon__equal_domains__sqrt_hamming","functions_as_attrib_modifier_in_nominal",0.00666666666666667
"no_phon__equal_domains__sqrt_hamming","appears_in_subject",0.00666666666666667
"no_phon__equal_domains__sqrt_hamming","appears_in_object",0.00666666666666667
"no_phon__equal_domains__sqrt_hamming","functions_as_post_head_modifier_of_it_or_them",0.00666666666666667
"no_phon__equal_domains__sqrt_hamming","functions_as_post_head_modifier_of_N",0.00666666666666667
"no_phon__equal_domains__sqrt_hamming","appears_in_existentials_there_s_on_the_table",0.00666666666666667
"no_phon__equal_domains__sqrt_hamming","functions_as_determiner_in_day_s_time_ago",0.00666666666666667
"no_phon__equal_domains__sqrt_hamming","functions_as_subject_of_present_participal_of_joining_you",0.00666666666666667
"no_phon__equal_domains__sqrt_hamming","Functions_as_subject_of_interrogative_tag",0.00666666666666667
"no_phon__equal_domains__sqrt_hamming","functions_as_subject_determiner",0.00666666666666667
"no_phon__equal_domains__sqrt_hamming","functions_in_vocative",0.00666666666666667
"no_phon__equal_domains__sqrt_hamming","May_coordinate_with_non_fused_determiners",0.00666666666666667
"no_phon__equal_domains__sqrt_hamming","must_be_outranked_by_a_coindexed_element",0.00666666666666667
"no_phon__equal_domains__sqrt_hamming","takes_predeterminer_modifiers_all_or_both",0.00666666666666667
"no_phon__equal_domains__sqrt_hamming","occurs_after_predeterminer_modifiers_fractions",0.00666666666666667
"no_phon__equal_domains__sqrt_hamming","occurs_after_predeterminer_modifiers_multipliers",0.00666666666666667
"no_phon__equal_domains__sqrt_hamming","ironic_use_of_repetition",0.00666666666666667
"no_phon__equal_domains__sqrt_hamming","take_poor_lucky_silly_as_attrib_modifiers",0.00666666666666667
"no_phon__equal_domains__sqrt_hamming","takes_adverb_quite_as_a_modifier",0.00666666666666667
"no_phon__equal_domains__sqrt_hamming","takes_else_or_more_as_a_post_head_dependent",0.00666666666666667
"no_phon__equal_domains__sqrt_hamming","accepts_genitive_apstrophe_s",0.00666666666666667
"no_phon__equal_domains__sqrt_hamming","takes_post_head_modifier_the_hell",0.00666666666666667
"no_phon__equal_domains__hamming","a",0.00505050505050506
"no_phon__equal_domains__hamming","another",0.00505050505050506
"no_phon__equal_domains__hamming","any",0.00505050505050506
"no_phon__equal_domains__hamming","body",0.00505050505050506
"no_phon__equal_domains__hamming","certain",0.00505050505050506
"no_phon__equal_domains__hamming","day",0.00505050505050506
"no_phon__equal_domains__hamming","each",0.00505050505050506
"no_phon__equal_domains__hamming","each_other",0.00505050505050506
"no_phon__equal_domains__hamming","either",0.00505050505050506
"no_phon__equal_domains__hamming","ever",0.00505050505050506
"no_phon__equal_domains__hamming","every",0.00505050505050506
"no_phon__equal_domains__hamming","few",0.00505050505050506
"no_phon__equal_domains__hamming","her",0.00505050505050506
"no_phon__equal_domains__hamming","him",0.00505050505050506
"no_phon__equal_domains__hamming","it",0.00505050505050506
"no_phon__equal_domains__hamming","its",0.00505050505050506
"no_phon__equal_domains__hamming","little",0.00505050505050506
"no_phon__equal_domains__hamming","many",0.00505050505050506
"no_phon__equal_domains__hamming","many_a",0.00505050505050506
"no_phon__equal_domains__hamming","my",0.00505050505050506
"no_phon__equal_domains__hamming","no",0.00505050505050506
"no_phon__equal_domains__hamming","no_one",0.00505050505050506
"no_phon__equal_domains__hamming","one",0.00505050505050506
"no_phon__equal_domains__hamming","one_s",0.00505050505050506
"no_phon__equal_domains__hamming","other",0.00505050505050506
"no_phon__equal_domains__hamming","our",0.00505050505050506
"no_phon__equal_domains__hamming","ours",0.00505050505050506
"no_phon__equal_domains__hamming","self",0.00505050505050506
"no_phon__equal_domains__hamming","some",0.00505050505050506
"no_phon__equal_domains__hamming","their",0.00505050505050506
"no_phon__equal_domains__hamming","theirs",0.00505050505050506
"no_phon__equal_domains__hamming","them",0.00505050505050506
"no_phon__equal_domains__hamming","they",0.00505050505050506
"no_phon__equal_domains__hamming","thing",0.00505050505050506
"no_phon__equal_domains__hamming","to",0.00505050505050506
"no_phon__equal_domains__hamming","us",0.00505050505050506
"no_phon__equal_domains__hamming","we",0.00505050505050506
"no_phon__equal_domains__hamming","what",0.00505050505050506
"no_phon__equal_domains__hamming","whatever",0.00505050505050506
"no_phon__equal_domains__hamming","where",0.00505050505050506
"no_phon__equal_domains__hamming","which",0.00505050505050506
"no_phon__equal_domains__hamming","whichever",0.00505050505050506
"no_phon__equal_domains__hamming","who",0.00505050505050506
"no_phon__equal_domains__hamming","whoever",0.00505050505050506
"no_phon__equal_domains__hamming","whom",0.00505050505050506
"no_phon__equal_domains__hamming","whose",0.00505050505050506
"no_phon__equal_domains__hamming","whosoever",0.00505050505050506
"no_phon__equal_domains__hamming","you",0.00505050505050506
"no_phon__equal_domains__hamming","your",0.00505050505050506
"no_phon__equal_domains__hamming","yours",0.00505050505050506
"no_phon__equal_domains__hamming","genitive_case",0.00505050505050506
"no_phon__equal_domains__hamming","accusative_case",0.00505050505050506
"no_phon__equal_domains__hamming","nominative_case",0.00505050505050506
"no_phon__equal_domains__hamming","in_word_formation_e_g_a_many_sided_shape",0.00505050505050506
"no_phon__equal_domains__hamming","has_derivationtionally_related_words",0.00505050505050506
"no_phon__equal_domains__hamming","has_corresponding_word",0.00505050505050506
"no_phon__equal_domains__hamming","compound_word",0.00505050505050506
"no_phon__equal_domains__hamming","inflects_for_case",0.00505050505050506
"no_phon__equal_domains__hamming","paradigm_has_distinct_acc_form",0.00505050505050506
"no_phon__equal_domains__hamming","paradigm_has_genitive_form",0.00505050505050506
"no_phon__equal_domains__hamming","paradigm_has_distinct_independent_genitive_form",0.00505050505050506
"no_phon__equal_domains__hamming","paradigm_has_distinct_self_form",0.00505050505050506
"no_phon__equal_domains__hamming","paradigm_has_comparative_and_superlative_forms",0.00505050505050506
"no_phon__equal_domains__hamming","paradigm_has_distinct_plural_form",0.00505050505050506
"no_phon__equal_domains__hamming","does_not_inflect",0.00505050505050506
"no_phon__equal_domains__hamming","Monmorphemic",0.00505050505050506
"no_phon__equal_domains__hamming","anaphoric_marker",0.00925925925925927
"no_phon__equal_domains__hamming","deictic_marker",0.00925925925925927
"no_phon__equal_domains__hamming","person_deixis",0.00925925925925927
"no_phon__equal_domains__hamming","pro_form",0.00925925925925927
"no_phon__equal_domains__hamming","personal_gender_as_head_or_fused_head",0.00925925925925927
"no_phon__equal_domains__hamming","non_personal_gender",0.00925925925925927
"no_phon__equal_domains__hamming","epicene_personal_gender",0.00925925925925927
"no_phon__equal_domains__hamming","masculine_gender",0.00925925925925927
"no_phon__equal_domains__hamming","feminine_gender",0.00925925925925927
"no_phon__equal_domains__hamming","definite",0.00925925925925927
"no_phon__equal_domains__hamming","indefinite",0.00925925925925927
"no_phon__equal_domains__hamming","existential",0.00925925925925927
"no_phon__equal_domains__hamming","universal",0.00925925925925927
"no_phon__equal_domains__hamming","free_choice",0.00925925925925927
"no_phon__equal_domains__hamming","negative",0.00925925925925927
"no_phon__equal_domains__hamming","interrogative",0.00925925925925927
"no_phon__equal_domains__hamming","non_affirmative",0.00925925925925927
"no_phon__equal_domains__hamming","reflexive",0.00925925925925927
"no_phon__equal_domains__hamming","reciprocal",0.00925925925925927
"no_phon__equal_domains__hamming","dual",0.00925925925925927
"no_phon__equal_domains__hamming","paucal",0.00925925925925927
"no_phon__equal_domains__hamming","multal",0.00925925925925927
"no_phon__equal_domains__hamming","proportional",0.00925925925925927
"no_phon__equal_domains__hamming","semantically_countable",0.00925925925925927
"no_phon__equal_domains__hamming","semantically_uncountable",0.00925925925925927
"no_phon__equal_domains__hamming","semantically_singular",0.00925925925925927
"no_phon__equal_domains__hamming","semantically_plural",0.00925925925925927
"no_phon__equal_domains__hamming","distributive",0.00925925925925927
"no_phon__equal_domains__hamming","joint",0.00925925925925927
"no_phon__equal_domains__hamming","cardinal",0.00925925925925927
"no_phon__equal_domains__hamming","disjunctive",0.00925925925925927
"no_phon__equal_domains__hamming","degree",0.00925925925925927
"no_phon__equal_domains__hamming","sufficiency",0.00925925925925927
"no_phon__equal_domains__hamming","temporal",0.00925925925925927
"no_phon__equal_domains__hamming","locative",0.00925925925925927
"no_phon__equal_domains__hamming","dummy",0.00925925925925927
"no_phon__equal_domains__hamming","can_be_followed_by_adjective_such",0.00666666666666667
"no_phon__equal_domains__hamming","can_be_modified_by_almost",0.00666666666666667
"no_phon__equal_domains__hamming","can_be_modified_by_approximately",0.00666666666666667
"no_phon__equal_domains__hamming","can_be_modified_by_at_least",0.00666666666666667
"no_phon__equal_domains__hamming","can_be_modified_by_hardly",0.00666666666666667
"no_phon__equal_domains__hamming","can_be_modified_by_not",0.00666666666666667
"no_phon__equal_domains__hamming","can_be_modified_by_adverb_very",0.00666666666666667
"no_phon__equal_domains__hamming","Coordinates_with_independent_genitives",0.00666666666666667
"no_phon__equal_domains__hamming","Coordinates_with_dependent_genitives",0.00666666666666667
"no_phon__equal_domains__hamming","Coordinates_with_NPs",0.00666666666666667
"no_phon__equal_domains__hamming","intensifying_reduplication",0.00666666666666667
"no_phon__equal_domains__hamming","selects_singular_heads",0.00666666666666667
"no_phon__equal_domains__hamming","selects_count_singular_heads",0.00666666666666667
"no_phon__equal_domains__hamming","selects_non_count_heads",0.00666666666666667
"no_phon__equal_domains__hamming","selects_plural_heads",0.00666666666666667
"no_phon__equal_domains__hamming","compatible_count_sing_NP",0.00666666666666667
"no_phon__equal_domains__hamming","compatible_count_plur_NP",0.00666666666666667
"no_phon__equal_domains__hamming","compatible_non_count_NP",0.00666666666666667
"no_phon__equal_domains__hamming","Forms_universal_pronouns_before_all",0.00666666666666667
"no_phon__equal_domains__hamming","functions_as_a_predeterminer_modifier",0.00666666666666667
"no_phon__equal_domains__hamming","functions_as_prehead_modifier_in_nominal",0.00666666666666667
"no_phon__equal_domains__hamming","functions_as_degree_modifier_in_AdjP",0.00666666666666667
"no_phon__equal_domains__hamming","functions_as_predicative_complement",0.00666666666666667
"no_phon__equal_domains__hamming","functions_as_predicative_complement_to_seem",0.00666666666666667
"no_phon__equal_domains__hamming","functions_as_marker_of_coordination",0.00666666666666667
"no_phon__equal_domains__hamming","functions_as_fused_determiner_head",0.00666666666666667
"no_phon__equal_domains__hamming","functions_as_head_of_partitive_construction",0.00666666666666667
"no_phon__equal_domains__hamming","functions_as_adjunct_in_clause_structure",0.00666666666666667
"no_phon__equal_domains__hamming","functions_as_attrib_modifier_in_nominal",0.00666666666666667
"no_phon__equal_domains__hamming","appears_in_subject",0.00666666666666667
"no_phon__equal_domains__hamming","appears_in_object",0.00666666666666667
"no_phon__equal_domains__hamming","functions_as_post_head_modifier_of_it_or_them",0.00666666666666667
"no_phon__equal_domains__hamming","functions_as_post_head_modifier_of_N",0.00666666666666667
"no_phon__equal_domains__hamming","appears_in_existentials_there_s_on_the_table",0.00666666666666667
"no_phon__equal_domains__hamming","functions_as_determiner_in_day_s_time_ago",0.00666666666666667
"no_phon__equal_domains__hamming","functions_as_subject_of_present_participal_of_joining_you",0.00666666666666667
"no_phon__equal_domains__hamming","Functions_as_subject_of_interrogative_tag",0.00666666666666667
"no_phon__equal_domains__hamming","functions_as_subject_determiner",0.00666666666666667
"no_phon__equal_domains__hamming","functions_in_vocative",0.00666666666666667
"no_phon__equal_domains__hamming","May_coordinate_with_non_fused_determiners",0.00666666666666667
"no_phon__equal_domains__hamming","must_be_outranked_by_a_coindexed_element",0.00666666666666667
"no_phon__equal_domains__hamming","takes_predeterminer_modifiers_all_or_both",0.00666666666666667
"no_phon__equal_domains__hamming","occurs_after_predeterminer_modifiers_fractions",0.00666666666666667
"no_phon__equal_domains__hamming","occurs_after_predeterminer_modifiers_multipliers",0.00666666666666667
"no_phon__equal_domains__hamming","ironic_use_of_repetition",0.00666666666666667
"no_phon__equal_domains__hamming","take_poor_lucky_silly_as_attrib_modifiers",0.00666666666666667
"no_phon__equal_domains__hamming","takes_adverb_quite_as_a_modifier",0.00666666666666667
"no_phon__equal_domains__hamming","takes_else_or_more_as_a_post_head_dependent",0.00666666666666667
"no_phon__equal_domains__hamming","accepts_genitive_apstrophe_s",0.00666666666666667
"no_phon__equal_domains__hamming","takes_post_head_modifier_the_hell",0.00666666666666667
"no_phon__equal_domains__jaccard","a",0.00505050505050506
"no_phon__equal_domains__jaccard","another",0.00505050505050506
"no_phon__equal_domains__jaccard","any",0.00505050505050506
"no_phon__equal_domains__jaccard","body",0.00505050505050506
"no_phon__equal_domains__jaccard","certain",0.00505050505050506
"no_phon__equal_domains__jaccard","day",0.00505050505050506
"no_phon__equal_domains__jaccard","each",0.00505050505050506
"no_phon__equal_domains__jaccard","each_other",0.00505050505050506
"no_phon__equal_domains__jaccard","either",0.00505050505050506
"no_phon__equal_domains__jaccard","ever",0.00505050505050506
"no_phon__equal_domains__jaccard","every",0.00505050505050506
"no_phon__equal_domains__jaccard","few",0.00505050505050506
"no_phon__equal_domains__jaccard","her",0.00505050505050506
"no_phon__equal_domains__jaccard","him",0.00505050505050506
"no_phon__equal_domains__jaccard","it",0.00505050505050506
"no_phon__equal_domains__jaccard","its",0.00505050505050506
"no_phon__equal_domains__jaccard","little",0.00505050505050506
"no_phon__equal_domains__jaccard","many",0.00505050505050506
"no_phon__equal_domains__jaccard","many_a",0.00505050505050506
"no_phon__equal_domains__jaccard","my",0.00505050505050506
"no_phon__equal_domains__jaccard","no",0.00505050505050506
"no_phon__equal_domains__jaccard","no_one",0.00505050505050506
"no_phon__equal_domains__jaccard","one",0.00505050505050506
"no_phon__equal_domains__jaccard","one_s",0.00505050505050506
"no_phon__equal_domains__jaccard","other",0.00505050505050506
"no_phon__equal_domains__jaccard","our",0.00505050505050506
"no_phon__equal_domains__jaccard","ours",0.00505050505050506
"no_phon__equal_domains__jaccard","self",0.00505050505050506
"no_phon__equal_domains__jaccard","some",0.00505050505050506
"no_phon__equal_domains__jaccard","their",0.00505050505050506
"no_phon__equal_domains__jaccard","theirs",0.00505050505050506
"no_phon__equal_domains__jaccard","them",0.00505050505050506
"no_phon__equal_domains__jaccard","they",0.00505050505050506
"no_phon__equal_domains__jaccard","thing",0.00505050505050506
"no_phon__equal_domains__jaccard","to",0.00505050505050506
"no_phon__equal_domains__jaccard","us",0.00505050505050506
"no_phon__equal_domains__jaccard","we",0.00505050505050506
"no_phon__equal_domains__jaccard","what",0.00505050505050506
"no_phon__equal_domains__jaccard","whatever",0.00505050505050506
"no_phon__equal_domains__jaccard","where",0.00505050505050506
"no_phon__equal_domains__jaccard","which",0.00505050505050506
"no_phon__equal_domains__jaccard","whichever",0.00505050505050506
"no_phon__equal_domains__jaccard","who",0.00505050505050506
"no_phon__equal_domains__jaccard","whoever",0.00505050505050506
"no_phon__equal_domains__jaccard","whom",0.00505050505050506
"no_phon__equal_domains__jaccard","whose",0.00505050505050506
"no_phon__equal_domains__jaccard","whosoever",0.00505050505050506
"no_phon__equal_domains__jaccard","you",0.00505050505050506
"no_phon__equal_domains__jaccard","your",0.00505050505050506
"no_phon__equal_domains__jaccard","yours",0.00505050505050506
"no_phon__equal_domains__jaccard","genitive_case",0.00505050505050506
"no_phon__equal_domains__jaccard","accusative_case",0.00505050505050506
"no_phon__equal_domains__jaccard","nominative_case",0.00505050505050506
"no_phon__equal_domains__jaccard","in_word_formation_e_g_a_many_sided_shape",0.00505050505050506
"no_phon__equal_domains__jaccard","has_derivationtionally_related_words",0.00505050505050506
"no_phon__equal_domains__jaccard","has_corresponding_word",0.00505050505050506
"no_phon__equal_domains__jaccard","compound_word",0.00505050505050506
"no_phon__equal_domains__jaccard","inflects_for_case",0.00505050505050506
"no_phon__equal_domains__jaccard","paradigm_has_distinct_acc_form",0.00505050505050506
"no_phon__equal_domains__jaccard","paradigm_has_genitive_form",0.00505050505050506
"no_phon__equal_domains__jaccard","paradigm_has_distinct_independent_genitive_form",0.00505050505050506
"no_phon__equal_domains__jaccard","paradigm_has_distinct_self_form",0.00505050505050506
"no_phon__equal_domains__jaccard","paradigm_has_comparative_and_superlative_forms",0.00505050505050506
"no_phon__equal_domains__jaccard","paradigm_has_distinct_plural_form",0.00505050505050506
"no_phon__equal_domains__jaccard","does_not_inflect",0.00505050505050506
"no_phon__equal_domains__jaccard","Monmorphemic",0.00505050505050506
"no_phon__equal_domains__jaccard","anaphoric_marker",0.00925925925925927
"no_phon__equal_domains__jaccard","deictic_marker",0.00925925925925927
"no_phon__equal_domains__jaccard","person_deixis",0.00925925925925927
"no_phon__equal_domains__jaccard","pro_form",0.00925925925925927
"no_phon__equal_domains__jaccard","personal_gender_as_head_or_fused_head",0.00925925925925927
"no_phon__equal_domains__jaccard","non_personal_gender",0.00925925925925927
"no_phon__equal_domains__jaccard","epicene_personal_gender",0.00925925925925927
"no_phon__equal_domains__jaccard","masculine_gender",0.00925925925925927
"no_phon__equal_domains__jaccard","feminine_gender",0.00925925925925927
"no_phon__equal_domains__jaccard","definite",0.00925925925925927
"no_phon__equal_domains__jaccard","indefinite",0.00925925925925927
"no_phon__equal_domains__jaccard","existential",0.00925925925925927
"no_phon__equal_domains__jaccard","universal",0.00925925925925927
"no_phon__equal_domains__jaccard","free_choice",0.00925925925925927
"no_phon__equal_domains__jaccard","negative",0.00925925925925927
"no_phon__equal_domains__jaccard","interrogative",0.00925925925925927
"no_phon__equal_domains__jaccard","non_affirmative",0.00925925925925927
"no_phon__equal_domains__jaccard","reflexive",0.00925925925925927
"no_phon__equal_domains__jaccard","reciprocal",0.00925925925925927
"no_phon__equal_domains__jaccard","dual",0.00925925925925927
"no_phon__equal_domains__jaccard","paucal",0.00925925925925927
"no_phon__equal_domains__jaccard","multal",0.00925925925925927
"no_phon__equal_domains__jaccard","proportional",0.00925925925925927
"no_phon__equal_domains__jaccard","semantically_countable",0.00925925925925927
"no_phon__equal_domains__jaccard","semantically_uncountable",0.00925925925925927
"no_phon__equal_domains__jaccard","semantically_singular",0.00925925925925927
"no_phon__equal_domains__jaccard","semantically_plural",0.00925925925925927
"no_phon__equal_domains__jaccard","distributive",0.00925925925925927
"no_phon__equal_domains__jaccard","joint",0.00925925925925927
"no_phon__equal_domains__jaccard","cardinal",0.00925925925925927
"no_phon__equal_domains__jaccard","disjunctive",0.00925925925925927
"no_phon__equal_domains__jaccard","degree",0.00925925925925927
"no_phon__equal_domains__jaccard","sufficiency",0.00925925925925927
"no_phon__equal_domains__jaccard","temporal",0.00925925925925927
"no_phon__equal_domains__jaccard","locative",0.00925925925925927
"no_phon__equal_domains__jaccard","dummy",0.00925925925925927
"no_phon__equal_domains__jaccard","can_be_followed_by_adjective_such",0.00666666666666667
"no_phon__equal_domains__jaccard","can_be_modified_by_almost",0.00666666666666667
"no_phon__equal_domains__jaccard","can_be_modified_by_approximately",0.00666666666666667
"no_phon__equal_domains__jaccard","can_be_modified_by_at_least",0.00666666666666667
"no_phon__equal_domains__jaccard","can_be_modified_by_hardly",0.00666666666666667
"no_phon__equal_domains__jaccard","can_be_modified_by_not",0.00666666666666667
"no_phon__equal_domains__jaccard","can_be_modified_by_adverb_very",0.00666666666666667
"no_phon__equal_domains__jaccard","Coordinates_with_independent_genitives",0.00666666666666667
"no_phon__equal_domains__jaccard","Coordinates_with_dependent_genitives",0.00666666666666667
"no_phon__equal_domains__jaccard","Coordinates_with_NPs",0.00666666666666667
"no_phon__equal_domains__jaccard","intensifying_reduplication",0.00666666666666667
"no_phon__equal_domains__jaccard","selects_singular_heads",0.00666666666666667
"no_phon__equal_domains__jaccard","selects_count_singular_heads",0.00666666666666667
"no_phon__equal_domains__jaccard","selects_non_count_heads",0.00666666666666667
"no_phon__equal_domains__jaccard","selects_plural_heads",0.00666666666666667
"no_phon__equal_domains__jaccard","compatible_count_sing_NP",0.00666666666666667
"no_phon__equal_domains__jaccard","compatible_count_plur_NP",0.00666666666666667
"no_phon__equal_domains__jaccard","compatible_non_count_NP",0.00666666666666667
"no_phon__equal_domains__jaccard","Forms_universal_pronouns_before_all",0.00666666666666667
"no_phon__equal_domains__jaccard","functions_as_a_predeterminer_modifier",0.00666666666666667
"no_phon__equal_domains__jaccard","functions_as_prehead_modifier_in_nominal",0.00666666666666667
"no_phon__equal_domains__jaccard","functions_as_degree_modifier_in_AdjP",0.00666666666666667
"no_phon__equal_domains__jaccard","functions_as_predicative_complement",0.00666666666666667
"no_phon__equal_domains__jaccard","functions_as_predicative_complement_to_seem",0.00666666666666667
"no_phon__equal_domains__jaccard","functions_as_marker_of_coordination",0.00666666666666667
"no_phon__equal_domains__jaccard","functions_as_fused_determiner_head",0.00666666666666667
"no_phon__equal_domains__jaccard","functions_as_head_of_partitive_construction",0.00666666666666667
"no_phon__equal_domains__jaccard","functions_as_adjunct_in_clause_structure",0.00666666666666667
"no_phon__equal_domains__jaccard","functions_as_attrib_modifier_in_nominal",0.00666666666666667
"no_phon__equal_domains__jaccard","appears_in_subject",0.00666666666666667
"no_phon__equal_domains__jaccard","appears_in_object",0.00666666666666667
"no_phon__equal_domains__jaccard","functions_as_post_head_modifier_of_it_or_them",0.00666666666666667
"no_phon__equal_domains__jaccard","functions_as_post_head_modifier_of_N",0.00666666666666667
"no_phon__equal_domains__jaccard","appears_in_existentials_there_s_on_the_table",0.00666666666666667
"no_phon__equal_domains__jaccard","functions_as_determiner_in_day_s_time_ago",0.00666666666666667
"no_phon__equal_domains__jaccard","functions_as_subject_of_present_participal_of_joining_you",0.00666666666666667
"no_phon__equal_domains__jaccard","Functions_as_subject_of_interrogative_tag",0.00666666666666667
"no_phon__equal_domains__jaccard","functions_as_subject_determiner",0.00666666666666667
"no_phon__equal_domains__jaccard","functions_in_vocative",0.00666666666666667
"no_phon__equal_domains__jaccard","May_coordinate_with_non_fused_determiners",0.00666666666666667
"no_phon__equal_domains__jaccard","must_be_outranked_by_a_coindexed_element",0.00666666666666667
"no_phon__equal_domains__jaccard","takes_predeterminer_modifiers_all_or_both",0.00666666666666667
"no_phon__equal_domains__jaccard","occurs_after_predeterminer_modifiers_fractions",0.00666666666666667
"no_phon__equal_domains__jaccard","occurs_after_predeterminer_modifiers_multipliers",0.00666666666666667
"no_phon__equal_domains__jaccard","ironic_use_of_repetition",0.00666666666666667
"no_phon__equal_domains__jaccard","take_poor_lucky_silly_as_attrib_modifiers",0.00666666666666667
"no_phon__equal_domains__jaccard","takes_adverb_quite_as_a_modifier",0.00666666666666667
"no_phon__equal_domains__jaccard","takes_else_or_more_as_a_post_head_dependent",0.00666666666666667
"no_phon__equal_domains__jaccard","accepts_genitive_apstrophe_s",0.00666666666666667
"no_phon__equal_domains__jaccard","takes_post_head_modifier_the_hell",0.00666666666666667
"no_phon__unique_profiles__sqrt_hamming","a",0.00671140939597315
"no_phon__unique_profiles__sqrt_hamming","another",0.00671140939597315
"no_phon__unique_profiles__sqrt_hamming","any",0.00671140939597315
"no_phon__unique_profiles__sqrt_hamming","body",0.00671140939597315
"no_phon__unique_profiles__sqrt_hamming","certain",0.00671140939597315
"no_phon__unique_profiles__sqrt_hamming","day",0.00671140939597315
"no_phon__unique_profiles__sqrt_hamming","each",0.00671140939597315
"no_phon__unique_profiles__sqrt_hamming","each_other",0.00671140939597315
"no_phon__unique_profiles__sqrt_hamming","either",0.00335570469798658
"no_phon__unique_profiles__sqrt_hamming","ever",0.00671140939597315
"no_phon__unique_profiles__sqrt_hamming","every",0.00671140939597315
"no_phon__unique_profiles__sqrt_hamming","few",0.00671140939597315
"no_phon__unique_profiles__sqrt_hamming","her",0.00671140939597315
"no_phon__unique_profiles__sqrt_hamming","him",0.00671140939597315
"no_phon__unique_profiles__sqrt_hamming","it",0.00671140939597315
"no_phon__unique_profiles__sqrt_hamming","its",0.00671140939597315
"no_phon__unique_profiles__sqrt_hamming","little",0.00671140939597315
"no_phon__unique_profiles__sqrt_hamming","many",0.00671140939597315
"no_phon__unique_profiles__sqrt_hamming","many_a",0.00671140939597315
"no_phon__unique_profiles__sqrt_hamming","my",0.00671140939597315
"no_phon__unique_profiles__sqrt_hamming","no",0.00671140939597315
"no_phon__unique_profiles__sqrt_hamming","no_one",0.00671140939597315
"no_phon__unique_profiles__sqrt_hamming","one",0.00671140939597315
"no_phon__unique_profiles__sqrt_hamming","one_s",0.00671140939597315
"no_phon__unique_profiles__sqrt_hamming","other",0.00671140939597315
"no_phon__unique_profiles__sqrt_hamming","our",0.00671140939597315
"no_phon__unique_profiles__sqrt_hamming","ours",0.00671140939597315
"no_phon__unique_profiles__sqrt_hamming","self",0.00671140939597315
"no_phon__unique_profiles__sqrt_hamming","some",0.00671140939597315
"no_phon__unique_profiles__sqrt_hamming","their",0.00671140939597315
"no_phon__unique_profiles__sqrt_hamming","theirs",0.00671140939597315
"no_phon__unique_profiles__sqrt_hamming","them",0.00671140939597315
"no_phon__unique_profiles__sqrt_hamming","they",0.00671140939597315
"no_phon__unique_profiles__sqrt_hamming","thing",0.00671140939597315
"no_phon__unique_profiles__sqrt_hamming","to",0.00671140939597315
"no_phon__unique_profiles__sqrt_hamming","us",0.00671140939597315
"no_phon__unique_profiles__sqrt_hamming","we",0.00671140939597315
"no_phon__unique_profiles__sqrt_hamming","what",0.00671140939597315
"no_phon__unique_profiles__sqrt_hamming","whatever",0.00671140939597315
"no_phon__unique_profiles__sqrt_hamming","where",0.00335570469798658
"no_phon__unique_profiles__sqrt_hamming","which",0.00671140939597315
"no_phon__unique_profiles__sqrt_hamming","whichever",0.00671140939597315
"no_phon__unique_profiles__sqrt_hamming","who",0.00671140939597315
"no_phon__unique_profiles__sqrt_hamming","whoever",0.00671140939597315
"no_phon__unique_profiles__sqrt_hamming","whom",0.00671140939597315
"no_phon__unique_profiles__sqrt_hamming","whose",0.00671140939597315
"no_phon__unique_profiles__sqrt_hamming","whosoever",0.00671140939597315
"no_phon__unique_profiles__sqrt_hamming","you",0.00671140939597315
"no_phon__unique_profiles__sqrt_hamming","your",0.00671140939597315
"no_phon__unique_profiles__sqrt_hamming","yours",0.00671140939597315
"no_phon__unique_profiles__sqrt_hamming","genitive_case",0.00671140939597315
"no_phon__unique_profiles__sqrt_hamming","accusative_case",0.00671140939597315
"no_phon__unique_profiles__sqrt_hamming","nominative_case",0.00671140939597315
"no_phon__unique_profiles__sqrt_hamming","in_word_formation_e_g_a_many_sided_shape",0.00671140939597315
"no_phon__unique_profiles__sqrt_hamming","has_derivationtionally_related_words",0.00671140939597315
"no_phon__unique_profiles__sqrt_hamming","has_corresponding_word",0.00671140939597315
"no_phon__unique_profiles__sqrt_hamming","compound_word",0.00671140939597315
"no_phon__unique_profiles__sqrt_hamming","inflects_for_case",0.00671140939597315
"no_phon__unique_profiles__sqrt_hamming","paradigm_has_distinct_acc_form",0.00671140939597315
"no_phon__unique_profiles__sqrt_hamming","paradigm_has_genitive_form",0.00671140939597315
"no_phon__unique_profiles__sqrt_hamming","paradigm_has_distinct_independent_genitive_form",0.00671140939597315
"no_phon__unique_profiles__sqrt_hamming","paradigm_has_distinct_self_form",0.00671140939597315
"no_phon__unique_profiles__sqrt_hamming","paradigm_has_comparative_and_superlative_forms",0.00335570469798658
"no_phon__unique_profiles__sqrt_hamming","paradigm_has_distinct_plural_form",0.00671140939597315
"no_phon__unique_profiles__sqrt_hamming","does_not_inflect",0.00671140939597315
"no_phon__unique_profiles__sqrt_hamming","Monmorphemic",0.00671140939597315
"no_phon__unique_profiles__sqrt_hamming","anaphoric_marker",0.00671140939597315
"no_phon__unique_profiles__sqrt_hamming","deictic_marker",0.00671140939597315
"no_phon__unique_profiles__sqrt_hamming","person_deixis",0.00671140939597315
"no_phon__unique_profiles__sqrt_hamming","pro_form",0.00671140939597315
"no_phon__unique_profiles__sqrt_hamming","personal_gender_as_head_or_fused_head",0.00671140939597315
"no_phon__unique_profiles__sqrt_hamming","non_personal_gender",0.00671140939597315
"no_phon__unique_profiles__sqrt_hamming","epicene_personal_gender",0.00671140939597315
"no_phon__unique_profiles__sqrt_hamming","masculine_gender",0.00671140939597315
"no_phon__unique_profiles__sqrt_hamming","feminine_gender",0.00671140939597315
"no_phon__unique_profiles__sqrt_hamming","definite",0.00671140939597315
"no_phon__unique_profiles__sqrt_hamming","indefinite",0.00671140939597315
"no_phon__unique_profiles__sqrt_hamming","existential",0.00671140939597315
"no_phon__unique_profiles__sqrt_hamming","universal",0.00671140939597315
"no_phon__unique_profiles__sqrt_hamming","free_choice",0.00671140939597315
"no_phon__unique_profiles__sqrt_hamming","negative",0.00671140939597315
"no_phon__unique_profiles__sqrt_hamming","interrogative",0.00671140939597315
"no_phon__unique_profiles__sqrt_hamming","non_affirmative",0.00671140939597315
"no_phon__unique_profiles__sqrt_hamming","reflexive",0.00671140939597315
"no_phon__unique_profiles__sqrt_hamming","reciprocal",0.00671140939597315
"no_phon__unique_profiles__sqrt_hamming","dual",0.00671140939597315
"no_phon__unique_profiles__sqrt_hamming","paucal",0.00671140939597315
"no_phon__unique_profiles__sqrt_hamming","multal",0.00671140939597315
"no_phon__unique_profiles__sqrt_hamming","proportional",0.00671140939597315
"no_phon__unique_profiles__sqrt_hamming","semantically_countable",0.00671140939597315
"no_phon__unique_profiles__sqrt_hamming","semantically_uncountable",0.00671140939597315
"no_phon__unique_profiles__sqrt_hamming","semantically_singular",0.00671140939597315
"no_phon__unique_profiles__sqrt_hamming","semantically_plural",0.00671140939597315
"no_phon__unique_profiles__sqrt_hamming","distributive",0.00671140939597315
"no_phon__unique_profiles__sqrt_hamming","joint",0.00671140939597315
"no_phon__unique_profiles__sqrt_hamming","cardinal",0.00671140939597315
"no_phon__unique_profiles__sqrt_hamming","disjunctive",0.00335570469798658
"no_phon__unique_profiles__sqrt_hamming","degree",0.00335570469798658
"no_phon__unique_profiles__sqrt_hamming","sufficiency",0.00671140939597315
"no_phon__unique_profiles__sqrt_hamming","temporal",0.00671140939597315
"no_phon__unique_profiles__sqrt_hamming","locative",0.00335570469798658
"no_phon__unique_profiles__sqrt_hamming","dummy",0.00671140939597315
"no_phon__unique_profiles__sqrt_hamming","can_be_followed_by_adjective_such",0.00671140939597315
"no_phon__unique_profiles__sqrt_hamming","can_be_modified_by_almost",0.00671140939597315
"no_phon__unique_profiles__sqrt_hamming","can_be_modified_by_approximately",0.00671140939597315
"no_phon__unique_profiles__sqrt_hamming","can_be_modified_by_at_least",0.00671140939597315
"no_phon__unique_profiles__sqrt_hamming","can_be_modified_by_hardly",0.00671140939597315
"no_phon__unique_profiles__sqrt_hamming","can_be_modified_by_not",0.00671140939597315
"no_phon__unique_profiles__sqrt_hamming","can_be_modified_by_adverb_very",0.00671140939597315
"no_phon__unique_profiles__sqrt_hamming","Coordinates_with_independent_genitives",0.00671140939597315
"no_phon__unique_profiles__sqrt_hamming","Coordinates_with_dependent_genitives",0.00671140939597315
"no_phon__unique_profiles__sqrt_hamming","Coordinates_with_NPs",0.00671140939597315
"no_phon__unique_profiles__sqrt_hamming","intensifying_reduplication",0.00671140939597315
"no_phon__unique_profiles__sqrt_hamming","selects_singular_heads",0.00671140939597315
"no_phon__unique_profiles__sqrt_hamming","selects_count_singular_heads",0.00671140939597315
"no_phon__unique_profiles__sqrt_hamming","selects_non_count_heads",0.00671140939597315
"no_phon__unique_profiles__sqrt_hamming","selects_plural_heads",0.00671140939597315
"no_phon__unique_profiles__sqrt_hamming","compatible_count_sing_NP",0.00671140939597315
"no_phon__unique_profiles__sqrt_hamming","compatible_count_plur_NP",0.00671140939597315
"no_phon__unique_profiles__sqrt_hamming","compatible_non_count_NP",0.00671140939597315
"no_phon__unique_profiles__sqrt_hamming","Forms_universal_pronouns_before_all",0.00671140939597315
"no_phon__unique_profiles__sqrt_hamming","functions_as_a_predeterminer_modifier",0.00671140939597315
"no_phon__unique_profiles__sqrt_hamming","functions_as_prehead_modifier_in_nominal",0.00671140939597315
"no_phon__unique_profiles__sqrt_hamming","functions_as_degree_modifier_in_AdjP",0.00671140939597315
"no_phon__unique_profiles__sqrt_hamming","functions_as_predicative_complement",0.00671140939597315
"no_phon__unique_profiles__sqrt_hamming","functions_as_predicative_complement_to_seem",0.00671140939597315
"no_phon__unique_profiles__sqrt_hamming","functions_as_marker_of_coordination",0.00671140939597315
"no_phon__unique_profiles__sqrt_hamming","functions_as_fused_determiner_head",0.00671140939597315
"no_phon__unique_profiles__sqrt_hamming","functions_as_head_of_partitive_construction",0.00671140939597315
"no_phon__unique_profiles__sqrt_hamming","functions_as_adjunct_in_clause_structure",0.00671140939597315
"no_phon__unique_profiles__sqrt_hamming","functions_as_attrib_modifier_in_nominal",0.00671140939597315
"no_phon__unique_profiles__sqrt_hamming","appears_in_subject",0.00671140939597315
"no_phon__unique_profiles__sqrt_hamming","appears_in_object",0.00671140939597315
"no_phon__unique_profiles__sqrt_hamming","functions_as_post_head_modifier_of_it_or_them",0.00671140939597315
"no_phon__unique_profiles__sqrt_hamming","functions_as_post_head_modifier_of_N",0.00671140939597315
"no_phon__unique_profiles__sqrt_hamming","appears_in_existentials_there_s_on_the_table",0.00671140939597315
"no_phon__unique_profiles__sqrt_hamming","functions_as_determiner_in_day_s_time_ago",0.00671140939597315
"no_phon__unique_profiles__sqrt_hamming","functions_as_subject_of_present_participal_of_joining_you",0.00671140939597315
"no_phon__unique_profiles__sqrt_hamming","Functions_as_subject_of_interrogative_tag",0.00671140939597315
"no_phon__unique_profiles__sqrt_hamming","functions_as_subject_determiner",0.00671140939597315
"no_phon__unique_profiles__sqrt_hamming","functions_in_vocative",0.00671140939597315
"no_phon__unique_profiles__sqrt_hamming","May_coordinate_with_non_fused_determiners",0.00671140939597315
"no_phon__unique_profiles__sqrt_hamming","must_be_outranked_by_a_coindexed_element",0.00671140939597315
"no_phon__unique_profiles__sqrt_hamming","takes_predeterminer_modifiers_all_or_both",0.00671140939597315
"no_phon__unique_profiles__sqrt_hamming","occurs_after_predeterminer_modifiers_fractions",0.00671140939597315
"no_phon__unique_profiles__sqrt_hamming","occurs_after_predeterminer_modifiers_multipliers",0.00671140939597315
"no_phon__unique_profiles__sqrt_hamming","ironic_use_of_repetition",0.00671140939597315
"no_phon__unique_profiles__sqrt_hamming","take_poor_lucky_silly_as_attrib_modifiers",0.00671140939597315
"no_phon__unique_profiles__sqrt_hamming","takes_adverb_quite_as_a_modifier",0.00671140939597315
"no_phon__unique_profiles__sqrt_hamming","takes_else_or_more_as_a_post_head_dependent",0.00671140939597315
"no_phon__unique_profiles__sqrt_hamming","accepts_genitive_apstrophe_s",0.00671140939597315
"no_phon__unique_profiles__sqrt_hamming","takes_post_head_modifier_the_hell",0.00671140939597315
"no_phon__unique_profiles__hamming","a",0.00671140939597315
"no_phon__unique_profiles__hamming","another",0.00671140939597315
"no_phon__unique_profiles__hamming","any",0.00671140939597315
"no_phon__unique_profiles__hamming","body",0.00671140939597315
"no_phon__unique_profiles__hamming","certain",0.00671140939597315
"no_phon__unique_profiles__hamming","day",0.00671140939597315
"no_phon__unique_profiles__hamming","each",0.00671140939597315
"no_phon__unique_profiles__hamming","each_other",0.00671140939597315
"no_phon__unique_profiles__hamming","either",0.00335570469798658
"no_phon__unique_profiles__hamming","ever",0.00671140939597315
"no_phon__unique_profiles__hamming","every",0.00671140939597315
"no_phon__unique_profiles__hamming","few",0.00671140939597315
"no_phon__unique_profiles__hamming","her",0.00671140939597315
"no_phon__unique_profiles__hamming","him",0.00671140939597315
"no_phon__unique_profiles__hamming","it",0.00671140939597315
"no_phon__unique_profiles__hamming","its",0.00671140939597315
"no_phon__unique_profiles__hamming","little",0.00671140939597315
"no_phon__unique_profiles__hamming","many",0.00671140939597315
"no_phon__unique_profiles__hamming","many_a",0.00671140939597315
"no_phon__unique_profiles__hamming","my",0.00671140939597315
"no_phon__unique_profiles__hamming","no",0.00671140939597315
"no_phon__unique_profiles__hamming","no_one",0.00671140939597315
"no_phon__unique_profiles__hamming","one",0.00671140939597315
"no_phon__unique_profiles__hamming","one_s",0.00671140939597315
"no_phon__unique_profiles__hamming","other",0.00671140939597315
"no_phon__unique_profiles__hamming","our",0.00671140939597315
"no_phon__unique_profiles__hamming","ours",0.00671140939597315
"no_phon__unique_profiles__hamming","self",0.00671140939597315
"no_phon__unique_profiles__hamming","some",0.00671140939597315
"no_phon__unique_profiles__hamming","their",0.00671140939597315
"no_phon__unique_profiles__hamming","theirs",0.00671140939597315
"no_phon__unique_profiles__hamming","them",0.00671140939597315
"no_phon__unique_profiles__hamming","they",0.00671140939597315
"no_phon__unique_profiles__hamming","thing",0.00671140939597315
"no_phon__unique_profiles__hamming","to",0.00671140939597315
"no_phon__unique_profiles__hamming","us",0.00671140939597315
"no_phon__unique_profiles__hamming","we",0.00671140939597315
"no_phon__unique_profiles__hamming","what",0.00671140939597315
"no_phon__unique_profiles__hamming","whatever",0.00671140939597315
"no_phon__unique_profiles__hamming","where",0.00335570469798658
"no_phon__unique_profiles__hamming","which",0.00671140939597315
"no_phon__unique_profiles__hamming","whichever",0.00671140939597315
"no_phon__unique_profiles__hamming","who",0.00671140939597315
"no_phon__unique_profiles__hamming","whoever",0.00671140939597315
"no_phon__unique_profiles__hamming","whom",0.00671140939597315
"no_phon__unique_profiles__hamming","whose",0.00671140939597315
"no_phon__unique_profiles__hamming","whosoever",0.00671140939597315
"no_phon__unique_profiles__hamming","you",0.00671140939597315
"no_phon__unique_profiles__hamming","your",0.00671140939597315
"no_phon__unique_profiles__hamming","yours",0.00671140939597315
"no_phon__unique_profiles__hamming","genitive_case",0.00671140939597315
"no_phon__unique_profiles__hamming","accusative_case",0.00671140939597315
"no_phon__unique_profiles__hamming","nominative_case",0.00671140939597315
"no_phon__unique_profiles__hamming","in_word_formation_e_g_a_many_sided_shape",0.00671140939597315
"no_phon__unique_profiles__hamming","has_derivationtionally_related_words",0.00671140939597315
"no_phon__unique_profiles__hamming","has_corresponding_word",0.00671140939597315
"no_phon__unique_profiles__hamming","compound_word",0.00671140939597315
"no_phon__unique_profiles__hamming","inflects_for_case",0.00671140939597315
"no_phon__unique_profiles__hamming","paradigm_has_distinct_acc_form",0.00671140939597315
"no_phon__unique_profiles__hamming","paradigm_has_genitive_form",0.00671140939597315
"no_phon__unique_profiles__hamming","paradigm_has_distinct_independent_genitive_form",0.00671140939597315
"no_phon__unique_profiles__hamming","paradigm_has_distinct_self_form",0.00671140939597315
"no_phon__unique_profiles__hamming","paradigm_has_comparative_and_superlative_forms",0.00335570469798658
"no_phon__unique_profiles__hamming","paradigm_has_distinct_plural_form",0.00671140939597315
"no_phon__unique_profiles__hamming","does_not_inflect",0.00671140939597315
"no_phon__unique_profiles__hamming","Monmorphemic",0.00671140939597315
"no_phon__unique_profiles__hamming","anaphoric_marker",0.00671140939597315
"no_phon__unique_profiles__hamming","deictic_marker",0.00671140939597315
"no_phon__unique_profiles__hamming","person_deixis",0.00671140939597315
"no_phon__unique_profiles__hamming","pro_form",0.00671140939597315
"no_phon__unique_profiles__hamming","personal_gender_as_head_or_fused_head",0.00671140939597315
"no_phon__unique_profiles__hamming","non_personal_gender",0.00671140939597315
"no_phon__unique_profiles__hamming","epicene_personal_gender",0.00671140939597315
"no_phon__unique_profiles__hamming","masculine_gender",0.00671140939597315
"no_phon__unique_profiles__hamming","feminine_gender",0.00671140939597315
"no_phon__unique_profiles__hamming","definite",0.00671140939597315
"no_phon__unique_profiles__hamming","indefinite",0.00671140939597315
"no_phon__unique_profiles__hamming","existential",0.00671140939597315
"no_phon__unique_profiles__hamming","universal",0.00671140939597315
"no_phon__unique_profiles__hamming","free_choice",0.00671140939597315
"no_phon__unique_profiles__hamming","negative",0.00671140939597315
"no_phon__unique_profiles__hamming","interrogative",0.00671140939597315
"no_phon__unique_profiles__hamming","non_affirmative",0.00671140939597315
"no_phon__unique_profiles__hamming","reflexive",0.00671140939597315
"no_phon__unique_profiles__hamming","reciprocal",0.00671140939597315
"no_phon__unique_profiles__hamming","dual",0.00671140939597315
"no_phon__unique_profiles__hamming","paucal",0.00671140939597315
"no_phon__unique_profiles__hamming","multal",0.00671140939597315
"no_phon__unique_profiles__hamming","proportional",0.00671140939597315
"no_phon__unique_profiles__hamming","semantically_countable",0.00671140939597315
"no_phon__unique_profiles__hamming","semantically_uncountable",0.00671140939597315
"no_phon__unique_profiles__hamming","semantically_singular",0.00671140939597315
"no_phon__unique_profiles__hamming","semantically_plural",0.00671140939597315
"no_phon__unique_profiles__hamming","distributive",0.00671140939597315
"no_phon__unique_profiles__hamming","joint",0.00671140939597315
"no_phon__unique_profiles__hamming","cardinal",0.00671140939597315
"no_phon__unique_profiles__hamming","disjunctive",0.00335570469798658
"no_phon__unique_profiles__hamming","degree",0.00335570469798658
"no_phon__unique_profiles__hamming","sufficiency",0.00671140939597315
"no_phon__unique_profiles__hamming","temporal",0.00671140939597315
"no_phon__unique_profiles__hamming","locative",0.00335570469798658
"no_phon__unique_profiles__hamming","dummy",0.00671140939597315
"no_phon__unique_profiles__hamming","can_be_followed_by_adjective_such",0.00671140939597315
"no_phon__unique_profiles__hamming","can_be_modified_by_almost",0.00671140939597315
"no_phon__unique_profiles__hamming","can_be_modified_by_approximately",0.00671140939597315
"no_phon__unique_profiles__hamming","can_be_modified_by_at_least",0.00671140939597315
"no_phon__unique_profiles__hamming","can_be_modified_by_hardly",0.00671140939597315
"no_phon__unique_profiles__hamming","can_be_modified_by_not",0.00671140939597315
"no_phon__unique_profiles__hamming","can_be_modified_by_adverb_very",0.00671140939597315
"no_phon__unique_profiles__hamming","Coordinates_with_independent_genitives",0.00671140939597315
"no_phon__unique_profiles__hamming","Coordinates_with_dependent_genitives",0.00671140939597315
"no_phon__unique_profiles__hamming","Coordinates_with_NPs",0.00671140939597315
"no_phon__unique_profiles__hamming","intensifying_reduplication",0.00671140939597315
"no_phon__unique_profiles__hamming","selects_singular_heads",0.00671140939597315
"no_phon__unique_profiles__hamming","selects_count_singular_heads",0.00671140939597315
"no_phon__unique_profiles__hamming","selects_non_count_heads",0.00671140939597315
"no_phon__unique_profiles__hamming","selects_plural_heads",0.00671140939597315
"no_phon__unique_profiles__hamming","compatible_count_sing_NP",0.00671140939597315
"no_phon__unique_profiles__hamming","compatible_count_plur_NP",0.00671140939597315
"no_phon__unique_profiles__hamming","compatible_non_count_NP",0.00671140939597315
"no_phon__unique_profiles__hamming","Forms_universal_pronouns_before_all",0.00671140939597315
"no_phon__unique_profiles__hamming","functions_as_a_predeterminer_modifier",0.00671140939597315
"no_phon__unique_profiles__hamming","functions_as_prehead_modifier_in_nominal",0.00671140939597315
"no_phon__unique_profiles__hamming","functions_as_degree_modifier_in_AdjP",0.00671140939597315
"no_phon__unique_profiles__hamming","functions_as_predicative_complement",0.00671140939597315
"no_phon__unique_profiles__hamming","functions_as_predicative_complement_to_seem",0.00671140939597315
"no_phon__unique_profiles__hamming","functions_as_marker_of_coordination",0.00671140939597315
"no_phon__unique_profiles__hamming","functions_as_fused_determiner_head",0.00671140939597315
"no_phon__unique_profiles__hamming","functions_as_head_of_partitive_construction",0.00671140939597315
"no_phon__unique_profiles__hamming","functions_as_adjunct_in_clause_structure",0.00671140939597315
"no_phon__unique_profiles__hamming","functions_as_attrib_modifier_in_nominal",0.00671140939597315
"no_phon__unique_profiles__hamming","appears_in_subject",0.00671140939597315
"no_phon__unique_profiles__hamming","appears_in_object",0.00671140939597315
"no_phon__unique_profiles__hamming","functions_as_post_head_modifier_of_it_or_them",0.00671140939597315
"no_phon__unique_profiles__hamming","functions_as_post_head_modifier_of_N",0.00671140939597315
"no_phon__unique_profiles__hamming","appears_in_existentials_there_s_on_the_table",0.00671140939597315
"no_phon__unique_profiles__hamming","functions_as_determiner_in_day_s_time_ago",0.00671140939597315
"no_phon__unique_profiles__hamming","functions_as_subject_of_present_participal_of_joining_you",0.00671140939597315
"no_phon__unique_profiles__hamming","Functions_as_subject_of_interrogative_tag",0.00671140939597315
"no_phon__unique_profiles__hamming","functions_as_subject_determiner",0.00671140939597315
"no_phon__unique_profiles__hamming","functions_in_vocative",0.00671140939597315
"no_phon__unique_profiles__hamming","May_coordinate_with_non_fused_determiners",0.00671140939597315
"no_phon__unique_profiles__hamming","must_be_outranked_by_a_coindexed_element",0.00671140939597315
"no_phon__unique_profiles__hamming","takes_predeterminer_modifiers_all_or_both",0.00671140939597315
"no_phon__unique_profiles__hamming","occurs_after_predeterminer_modifiers_fractions",0.00671140939597315
"no_phon__unique_profiles__hamming","occurs_after_predeterminer_modifiers_multipliers",0.00671140939597315
"no_phon__unique_profiles__hamming","ironic_use_of_repetition",0.00671140939597315
"no_phon__unique_profiles__hamming","take_poor_lucky_silly_as_attrib_modifiers",0.00671140939597315
"no_phon__unique_profiles__hamming","takes_adverb_quite_as_a_modifier",0.00671140939597315
"no_phon__unique_profiles__hamming","takes_else_or_more_as_a_post_head_dependent",0.00671140939597315
"no_phon__unique_profiles__hamming","accepts_genitive_apstrophe_s",0.00671140939597315
"no_phon__unique_profiles__hamming","takes_post_head_modifier_the_hell",0.00671140939597315
"no_phon__unique_profiles__jaccard","a",0.00671140939597315
"no_phon__unique_profiles__jaccard","another",0.00671140939597315
"no_phon__unique_profiles__jaccard","any",0.00671140939597315
"no_phon__unique_profiles__jaccard","body",0.00671140939597315
"no_phon__unique_profiles__jaccard","certain",0.00671140939597315
"no_phon__unique_profiles__jaccard","day",0.00671140939597315
"no_phon__unique_profiles__jaccard","each",0.00671140939597315
"no_phon__unique_profiles__jaccard","each_other",0.00671140939597315
"no_phon__unique_profiles__jaccard","either",0.00335570469798658
"no_phon__unique_profiles__jaccard","ever",0.00671140939597315
"no_phon__unique_profiles__jaccard","every",0.00671140939597315
"no_phon__unique_profiles__jaccard","few",0.00671140939597315
"no_phon__unique_profiles__jaccard","her",0.00671140939597315
"no_phon__unique_profiles__jaccard","him",0.00671140939597315
"no_phon__unique_profiles__jaccard","it",0.00671140939597315
"no_phon__unique_profiles__jaccard","its",0.00671140939597315
"no_phon__unique_profiles__jaccard","little",0.00671140939597315
"no_phon__unique_profiles__jaccard","many",0.00671140939597315
"no_phon__unique_profiles__jaccard","many_a",0.00671140939597315
"no_phon__unique_profiles__jaccard","my",0.00671140939597315
"no_phon__unique_profiles__jaccard","no",0.00671140939597315
"no_phon__unique_profiles__jaccard","no_one",0.00671140939597315
"no_phon__unique_profiles__jaccard","one",0.00671140939597315
"no_phon__unique_profiles__jaccard","one_s",0.00671140939597315
"no_phon__unique_profiles__jaccard","other",0.00671140939597315
"no_phon__unique_profiles__jaccard","our",0.00671140939597315
"no_phon__unique_profiles__jaccard","ours",0.00671140939597315
"no_phon__unique_profiles__jaccard","self",0.00671140939597315
"no_phon__unique_profiles__jaccard","some",0.00671140939597315
"no_phon__unique_profiles__jaccard","their",0.00671140939597315
"no_phon__unique_profiles__jaccard","theirs",0.00671140939597315
"no_phon__unique_profiles__jaccard","them",0.00671140939597315
"no_phon__unique_profiles__jaccard","they",0.00671140939597315
"no_phon__unique_profiles__jaccard","thing",0.00671140939597315
"no_phon__unique_profiles__jaccard","to",0.00671140939597315
"no_phon__unique_profiles__jaccard","us",0.00671140939597315
"no_phon__unique_profiles__jaccard","we",0.00671140939597315
"no_phon__unique_profiles__jaccard","what",0.00671140939597315
"no_phon__unique_profiles__jaccard","whatever",0.00671140939597315
"no_phon__unique_profiles__jaccard","where",0.00335570469798658
"no_phon__unique_profiles__jaccard","which",0.00671140939597315
"no_phon__unique_profiles__jaccard","whichever",0.00671140939597315
"no_phon__unique_profiles__jaccard","who",0.00671140939597315
"no_phon__unique_profiles__jaccard","whoever",0.00671140939597315
"no_phon__unique_profiles__jaccard","whom",0.00671140939597315
"no_phon__unique_profiles__jaccard","whose",0.00671140939597315
"no_phon__unique_profiles__jaccard","whosoever",0.00671140939597315
"no_phon__unique_profiles__jaccard","you",0.00671140939597315
"no_phon__unique_profiles__jaccard","your",0.00671140939597315
"no_phon__unique_profiles__jaccard","yours",0.00671140939597315
"no_phon__unique_profiles__jaccard","genitive_case",0.00671140939597315
"no_phon__unique_profiles__jaccard","accusative_case",0.00671140939597315
"no_phon__unique_profiles__jaccard","nominative_case",0.00671140939597315
"no_phon__unique_profiles__jaccard","in_word_formation_e_g_a_many_sided_shape",0.00671140939597315
"no_phon__unique_profiles__jaccard","has_derivationtionally_related_words",0.00671140939597315
"no_phon__unique_profiles__jaccard","has_corresponding_word",0.00671140939597315
"no_phon__unique_profiles__jaccard","compound_word",0.00671140939597315
"no_phon__unique_profiles__jaccard","inflects_for_case",0.00671140939597315
"no_phon__unique_profiles__jaccard","paradigm_has_distinct_acc_form",0.00671140939597315
"no_phon__unique_profiles__jaccard","paradigm_has_genitive_form",0.00671140939597315
"no_phon__unique_profiles__jaccard","paradigm_has_distinct_independent_genitive_form",0.00671140939597315
"no_phon__unique_profiles__jaccard","paradigm_has_distinct_self_form",0.00671140939597315
"no_phon__unique_profiles__jaccard","paradigm_has_comparative_and_superlative_forms",0.00335570469798658
"no_phon__unique_profiles__jaccard","paradigm_has_distinct_plural_form",0.00671140939597315
"no_phon__unique_profiles__jaccard","does_not_inflect",0.00671140939597315
"no_phon__unique_profiles__jaccard","Monmorphemic",0.00671140939597315
"no_phon__unique_profiles__jaccard","anaphoric_marker",0.00671140939597315
"no_phon__unique_profiles__jaccard","deictic_marker",0.00671140939597315
"no_phon__unique_profiles__jaccard","person_deixis",0.00671140939597315
"no_phon__unique_profiles__jaccard","pro_form",0.00671140939597315
"no_phon__unique_profiles__jaccard","personal_gender_as_head_or_fused_head",0.00671140939597315
"no_phon__unique_profiles__jaccard","non_personal_gender",0.00671140939597315
"no_phon__unique_profiles__jaccard","epicene_personal_gender",0.00671140939597315
"no_phon__unique_profiles__jaccard","masculine_gender",0.00671140939597315
"no_phon__unique_profiles__jaccard","feminine_gender",0.00671140939597315
"no_phon__unique_profiles__jaccard","definite",0.00671140939597315
"no_phon__unique_profiles__jaccard","indefinite",0.00671140939597315
"no_phon__unique_profiles__jaccard","existential",0.00671140939597315
"no_phon__unique_profiles__jaccard","universal",0.00671140939597315
"no_phon__unique_profiles__jaccard","free_choice",0.00671140939597315
"no_phon__unique_profiles__jaccard","negative",0.00671140939597315
"no_phon__unique_profiles__jaccard","interrogative",0.00671140939597315
"no_phon__unique_profiles__jaccard","non_affirmative",0.00671140939597315
"no_phon__unique_profiles__jaccard","reflexive",0.00671140939597315
"no_phon__unique_profiles__jaccard","reciprocal",0.00671140939597315
"no_phon__unique_profiles__jaccard","dual",0.00671140939597315
"no_phon__unique_profiles__jaccard","paucal",0.00671140939597315
"no_phon__unique_profiles__jaccard","multal",0.00671140939597315
"no_phon__unique_profiles__jaccard","proportional",0.00671140939597315
"no_phon__unique_profiles__jaccard","semantically_countable",0.00671140939597315
"no_phon__unique_profiles__jaccard","semantically_uncountable",0.00671140939597315
"no_phon__unique_profiles__jaccard","semantically_singular",0.00671140939597315
"no_phon__unique_profiles__jaccard","semantically_plural",0.00671140939597315
"no_phon__unique_profiles__jaccard","distributive",0.00671140939597315
"no_phon__unique_profiles__jaccard","joint",0.00671140939597315
"no_phon__unique_profiles__jaccard","cardinal",0.00671140939597315
"no_phon__unique_profiles__jaccard","disjunctive",0.00335570469798658
"no_phon__unique_profiles__jaccard","degree",0.00335570469798658
"no_phon__unique_profiles__jaccard","sufficiency",0.00671140939597315
"no_phon__unique_profiles__jaccard","temporal",0.00671140939597315
"no_phon__unique_profiles__jaccard","locative",0.00335570469798658
"no_phon__unique_profiles__jaccard","dummy",0.00671140939597315
"no_phon__unique_profiles__jaccard","can_be_followed_by_adjective_such",0.00671140939597315
"no_phon__unique_profiles__jaccard","can_be_modified_by_almost",0.00671140939597315
"no_phon__unique_profiles__jaccard","can_be_modified_by_approximately",0.00671140939597315
"no_phon__unique_profiles__jaccard","can_be_modified_by_at_least",0.00671140939597315
"no_phon__unique_profiles__jaccard","can_be_modified_by_hardly",0.00671140939597315
"no_phon__unique_profiles__jaccard","can_be_modified_by_not",0.00671140939597315
"no_phon__unique_profiles__jaccard","can_be_modified_by_adverb_very",0.00671140939597315
"no_phon__unique_profiles__jaccard","Coordinates_with_independent_genitives",0.00671140939597315
"no_phon__unique_profiles__jaccard","Coordinates_with_dependent_genitives",0.00671140939597315
"no_phon__unique_profiles__jaccard","Coordinates_with_NPs",0.00671140939597315
"no_phon__unique_profiles__jaccard","intensifying_reduplication",0.00671140939597315
"no_phon__unique_profiles__jaccard","selects_singular_heads",0.00671140939597315
"no_phon__unique_profiles__jaccard","selects_count_singular_heads",0.00671140939597315
"no_phon__unique_profiles__jaccard","selects_non_count_heads",0.00671140939597315
"no_phon__unique_profiles__jaccard","selects_plural_heads",0.00671140939597315
"no_phon__unique_profiles__jaccard","compatible_count_sing_NP",0.00671140939597315
"no_phon__unique_profiles__jaccard","compatible_count_plur_NP",0.00671140939597315
"no_phon__unique_profiles__jaccard","compatible_non_count_NP",0.00671140939597315
"no_phon__unique_profiles__jaccard","Forms_universal_pronouns_before_all",0.00671140939597315
"no_phon__unique_profiles__jaccard","functions_as_a_predeterminer_modifier",0.00671140939597315
"no_phon__unique_profiles__jaccard","functions_as_prehead_modifier_in_nominal",0.00671140939597315
"no_phon__unique_profiles__jaccard","functions_as_degree_modifier_in_AdjP",0.00671140939597315
"no_phon__unique_profiles__jaccard","functions_as_predicative_complement",0.00671140939597315
"no_phon__unique_profiles__jaccard","functions_as_predicative_complement_to_seem",0.00671140939597315
"no_phon__unique_profiles__jaccard","functions_as_marker_of_coordination",0.00671140939597315
"no_phon__unique_profiles__jaccard","functions_as_fused_determiner_head",0.00671140939597315
"no_phon__unique_profiles__jaccard","functions_as_head_of_partitive_construction",0.00671140939597315
"no_phon__unique_profiles__jaccard","functions_as_adjunct_in_clause_structure",0.00671140939597315
"no_phon__unique_profiles__jaccard","functions_as_attrib_modifier_in_nominal",0.00671140939597315
"no_phon__unique_profiles__jaccard","appears_in_subject",0.00671140939597315
"no_phon__unique_profiles__jaccard","appears_in_object",0.00671140939597315
"no_phon__unique_profiles__jaccard","functions_as_post_head_modifier_of_it_or_them",0.00671140939597315
"no_phon__unique_profiles__jaccard","functions_as_post_head_modifier_of_N",0.00671140939597315
"no_phon__unique_profiles__jaccard","appears_in_existentials_there_s_on_the_table",0.00671140939597315
"no_phon__unique_profiles__jaccard","functions_as_determiner_in_day_s_time_ago",0.00671140939597315
"no_phon__unique_profiles__jaccard","functions_as_subject_of_present_participal_of_joining_you",0.00671140939597315
"no_phon__unique_profiles__jaccard","Functions_as_subject_of_interrogative_tag",0.00671140939597315
"no_phon__unique_profiles__jaccard","functions_as_subject_determiner",0.00671140939597315
"no_phon__unique_profiles__jaccard","functions_in_vocative",0.00671140939597315
"no_phon__unique_profiles__jaccard","May_coordinate_with_non_fused_determiners",0.00671140939597315
"no_phon__unique_profiles__jaccard","must_be_outranked_by_a_coindexed_element",0.00671140939597315
"no_phon__unique_profiles__jaccard","takes_predeterminer_modifiers_all_or_both",0.00671140939597315
"no_phon__unique_profiles__jaccard","occurs_after_predeterminer_modifiers_fractions",0.00671140939597315
"no_phon__unique_profiles__jaccard","occurs_after_predeterminer_modifiers_multipliers",0.00671140939597315
"no_phon__unique_profiles__jaccard","ironic_use_of_repetition",0.00671140939597315
"no_phon__unique_profiles__jaccard","take_poor_lucky_silly_as_attrib_modifiers",0.00671140939597315
"no_phon__unique_profiles__jaccard","takes_adverb_quite_as_a_modifier",0.00671140939597315
"no_phon__unique_profiles__jaccard","takes_else_or_more_as_a_post_head_dependent",0.00671140939597315
"no_phon__unique_profiles__jaccard","accepts_genitive_apstrophe_s",0.00671140939597315
"no_phon__unique_profiles__jaccard","takes_post_head_modifier_the_hell",0.00671140939597315
"no_phon__idf_presence__jaccard","a",0.00753076095691562
"no_phon__idf_presence__jaccard","another",0.0101244680807859
"no_phon__idf_presence__jaccard","any",0.00877363963093184
"no_phon__idf_presence__jaccard","body",0.00936372094927773
"no_phon__idf_presence__jaccard","certain",0.0111966809416398
"no_phon__idf_presence__jaccard","day",0.0111966809416398
"no_phon__idf_presence__jaccard","each",0.0111966809416398
"no_phon__idf_presence__jaccard","each_other",0.0130296409340019
"no_phon__idf_presence__jaccard","either",0.0111966809416398
"no_phon__idf_presence__jaccard","ever",0.00605091168514741
"no_phon__idf_presence__jaccard","every",0.00877363963093184
"no_phon__idf_presence__jaccard","few",0.00936372094927773
"no_phon__idf_presence__jaccard","her",0.00936372094927773
"no_phon__idf_presence__jaccard","him",0.0111966809416398
"no_phon__idf_presence__jaccard","it",0.00936372094927773
"no_phon__idf_presence__jaccard","its",0.0111966809416398
"no_phon__idf_presence__jaccard","little",0.0111966809416398
"no_phon__idf_presence__jaccard","many",0.0111966809416398
"no_phon__idf_presence__jaccard","many_a",0.0111966809416398
"no_phon__idf_presence__jaccard","my",0.0111966809416398
"no_phon__idf_presence__jaccard","no",0.00829150808842376
"no_phon__idf_presence__jaccard","no_one",0.0111966809416398
"no_phon__idf_presence__jaccard","one",0.0066886411807273
"no_phon__idf_presence__jaccard","one_s",0.0111966809416398
"no_phon__idf_presence__jaccard","other",0.0101244680807859
"no_phon__idf_presence__jaccard","our",0.0101244680807859
"no_phon__idf_presence__jaccard","ours",0.0111966809416398
"no_phon__idf_presence__jaccard","self",0.00694067963856974
"no_phon__idf_presence__jaccard","some",0.00829150808842376
"no_phon__idf_presence__jaccard","their",0.00936372094927773
"no_phon__idf_presence__jaccard","theirs",0.0111966809416398
"no_phon__idf_presence__jaccard","them",0.00936372094927773
"no_phon__idf_presence__jaccard","they",0.0111966809416398
"no_phon__idf_presence__jaccard","thing",0.00936372094927773
"no_phon__idf_presence__jaccard","to",0.0101244680807859
"no_phon__idf_presence__jaccard","us",0.0111966809416398
"no_phon__idf_presence__jaccard","we",0.0111966809416398
"no_phon__idf_presence__jaccard","what",0.00877363963093184
"no_phon__idf_presence__jaccard","whatever",0.0111966809416398
"no_phon__idf_presence__jaccard","where",0.00936372094927773
"no_phon__idf_presence__jaccard","which",0.00877363963093184
"no_phon__idf_presence__jaccard","whichever",0.0111966809416398
"no_phon__idf_presence__jaccard","who",0.0066886411807273
"no_phon__idf_presence__jaccard","whoever",0.0111966809416398
"no_phon__idf_presence__jaccard","whom",0.0111966809416398
"no_phon__idf_presence__jaccard","whose",0.0111966809416398
"no_phon__idf_presence__jaccard","whosoever",0.0111966809416398
"no_phon__idf_presence__jaccard","you",0.00721929522756979
"no_phon__idf_presence__jaccard","your",0.00829150808842376
"no_phon__idf_presence__jaccard","yours",0.0111966809416398
"no_phon__idf_presence__jaccard","genitive_case",0.00485568118836519
"no_phon__idf_presence__jaccard","accusative_case",0.0066886411807273
"no_phon__idf_presence__jaccard","nominative_case",0.0066886411807273
"no_phon__idf_presence__jaccard","in_word_formation_e_g_a_many_sided_shape",0.00412515612627766
"no_phon__idf_presence__jaccard","has_derivationtionally_related_words",0.00147506302197086
"no_phon__idf_presence__jaccard","has_corresponding_word",0.00341039975904351
"no_phon__idf_presence__jaccard","compound_word",0.00279262811133745
"no_phon__idf_presence__jaccard","inflects_for_case",0.00161246547464568
"no_phon__idf_presence__jaccard","paradigm_has_distinct_acc_form",0.0032094624525376
"no_phon__idf_presence__jaccard","paradigm_has_genitive_form",0.00258096299177741
"no_phon__idf_presence__jaccard","paradigm_has_distinct_independent_genitive_form",0.00378346832751123
"no_phon__idf_presence__jaccard","paradigm_has_distinct_self_form",0.00308351473066843
"no_phon__idf_presence__jaccard","paradigm_has_comparative_and_superlative_forms",0.00694067963856974
"no_phon__idf_presence__jaccard","paradigm_has_distinct_plural_form",0.00485568118836519
"no_phon__idf_presence__jaccard","does_not_inflect",0.00211583731039275
"no_phon__idf_presence__jaccard","Monmorphemic",0.00179491038207732
"no_phon__idf_presence__jaccard","anaphoric_marker",0.00115988063383875
"no_phon__idf_presence__jaccard","deictic_marker",0.00362787037443942
"no_phon__idf_presence__jaccard","person_deixis",0.00403550678535367
"no_phon__idf_presence__jaccard","pro_form",0.00203188097982932
"no_phon__idf_presence__jaccard","personal_gender_as_head_or_fused_head",0.0024326398776572
"no_phon__idf_presence__jaccard","non_personal_gender",0.00386484097219142
"no_phon__idf_presence__jaccard","epicene_personal_gender",0.00314573883193134
"no_phon__idf_presence__jaccard","masculine_gender",0.00936372094927773
"no_phon__idf_presence__jaccard","feminine_gender",0.00877363963093184
"no_phon__idf_presence__jaccard","definite",0.00175740050080577
"no_phon__idf_presence__jaccard","indefinite",0.00172041525048349
"no_phon__idf_presence__jaccard","existential",0.000459236141553453
"no_phon__idf_presence__jaccard","universal",0.00753076095691562
"no_phon__idf_presence__jaccard","free_choice",0.00473813284557817
"no_phon__idf_presence__jaccard","negative",0.00624688297650161
"no_phon__idf_presence__jaccard","interrogative",0.00569780096455352
"no_phon__idf_presence__jaccard","non_affirmative",0.00473813284557817
"no_phon__idf_presence__jaccard","reflexive",0.00721929522756979
"no_phon__idf_presence__jaccard","reciprocal",0.0111966809416398
"no_phon__idf_presence__jaccard","dual",0.00877363963093184
"no_phon__idf_presence__jaccard","paucal",0.00645854809606166
"no_phon__idf_presence__jaccard","multal",0.00936372094927773
"no_phon__idf_presence__jaccard","proportional",0.00334171012328555
"no_phon__idf_presence__jaccard","semantically_countable",0.000697631908992937
"no_phon__idf_presence__jaccard","semantically_uncountable",0.00327475965384553
"no_phon__idf_presence__jaccard","semantically_singular",0.00131277883956924
"no_phon__idf_presence__jaccard","semantically_plural",0.00179491038207732
"no_phon__idf_presence__jaccard","distributive",0.00168394015783446
"no_phon__idf_presence__jaccard","joint",0.0018329599923621
"no_phon__idf_presence__jaccard","cardinal",0.00936372094927773
"no_phon__idf_presence__jaccard","disjunctive",0.0111966809416398
"no_phon__idf_presence__jaccard","degree",0.00694067963856974
"no_phon__idf_presence__jaccard","sufficiency",0.0111966809416398
"no_phon__idf_presence__jaccard","temporal",0.00721929522756979
"no_phon__idf_presence__jaccard","locative",0.00936372094927773
"no_phon__idf_presence__jaccard","dummy",0.0111966809416398
"no_phon__idf_presence__jaccard","can_be_followed_by_adjective_such",0.00386484097219142
"no_phon__idf_presence__jaccard","can_be_modified_by_almost",0.00290517285321607
"no_phon__idf_presence__jaccard","can_be_modified_by_approximately",0.00569780096455352
"no_phon__idf_presence__jaccard","can_be_modified_by_at_least",0.00207352597107738
"no_phon__idf_presence__jaccard","can_be_modified_by_hardly",0.00403550678535367
"no_phon__idf_presence__jaccard","can_be_modified_by_not",0.00362787037443942
"no_phon__idf_presence__jaccard","can_be_modified_by_adverb_very",0.00936372094927773
"no_phon__idf_presence__jaccard","Coordinates_with_independent_genitives",0.00263231222250726
"no_phon__idf_presence__jaccard","Coordinates_with_dependent_genitives",0.00645854809606166
"no_phon__idf_presence__jaccard","Coordinates_with_NPs",0.000697631908992937
"no_phon__idf_presence__jaccard","intensifying_reduplication",0.0101244680807859
"no_phon__idf_presence__jaccard","selects_singular_heads",0.00510771964620764
"no_phon__idf_presence__jaccard","selects_count_singular_heads",0.00510771964620764
"no_phon__idf_presence__jaccard","selects_non_count_heads",0.00624688297650161
"no_phon__idf_presence__jaccard","selects_plural_heads",0.00441392298413951
"no_phon__idf_presence__jaccard","compatible_count_sing_NP",0.0024326398776572
"no_phon__idf_presence__jaccard","compatible_count_plur_NP",0.00258096299177741
"no_phon__idf_presence__jaccard","compatible_non_count_NP",0.00327475965384553
"no_phon__idf_presence__jaccard","Forms_universal_pronouns_before_all",0.00877363963093184
"no_phon__idf_presence__jaccard","functions_as_a_predeterminer_modifier",0.00829150808842376
"no_phon__idf_presence__jaccard","functions_as_prehead_modifier_in_nominal",0.00624688297650161
"no_phon__idf_presence__jaccard","functions_as_degree_modifier_in_AdjP",0.00605091168514741
"no_phon__idf_presence__jaccard","functions_as_predicative_complement",0.00125055473830633
"no_phon__idf_presence__jaccard","functions_as_predicative_complement_to_seem",0.00553748507572333
"no_phon__idf_presence__jaccard","functions_as_marker_of_coordination",0.0111966809416398
"no_phon__idf_presence__jaccard","functions_as_fused_determiner_head",0.0024326398776572
"no_phon__idf_presence__jaccard","functions_as_head_of_partitive_construction",0.00348092133272796
"no_phon__idf_presence__jaccard","functions_as_adjunct_in_clause_structure",0.00341039975904351
"no_phon__idf_presence__jaccard","functions_as_attrib_modifier_in_nominal",0.00510771964620764
"no_phon__idf_presence__jaccard","appears_in_subject",0.000482131542508081
"no_phon__idf_presence__jaccard","appears_in_object",0.000391715819230915
"no_phon__idf_presence__jaccard","functions_as_post_head_modifier_of_it_or_them",0.0101244680807859
"no_phon__idf_presence__jaccard","functions_as_post_head_modifier_of_N",0.00936372094927773
"no_phon__idf_presence__jaccard","appears_in_existentials_there_s_on_the_table",0.00334171012328555
"no_phon__idf_presence__jaccard","functions_as_determiner_in_day_s_time_ago",0.00586846677771577
"no_phon__idf_presence__jaccard","functions_as_subject_of_present_participal_of_joining_you",0.0011303339321376
"no_phon__idf_presence__jaccard","Functions_as_subject_of_interrogative_tag",0.0066886411807273
"no_phon__idf_presence__jaccard","functions_as_subject_determiner",0.00645854809606166
"no_phon__idf_presence__jaccard","functions_in_vocative",0.0066886411807273
"no_phon__idf_presence__jaccard","May_coordinate_with_non_fused_determiners",0.00378346832751123
"no_phon__idf_presence__jaccard","must_be_outranked_by_a_coindexed_element",0.00645854809606166
"no_phon__idf_presence__jaccard","takes_predeterminer_modifiers_all_or_both",0.00421795169278531
"no_phon__idf_presence__jaccard","occurs_after_predeterminer_modifiers_fractions",0.00279262811133745
"no_phon__idf_presence__jaccard","occurs_after_predeterminer_modifiers_multipliers",0.00279262811133745
"no_phon__idf_presence__jaccard","ironic_use_of_repetition",0.00586846677771577
"no_phon__idf_presence__jaccard","take_poor_lucky_silly_as_attrib_modifiers",0.00788387167750951
"no_phon__idf_presence__jaccard","takes_adverb_quite_as_a_modifier",0.00279262811133745
"no_phon__idf_presence__jaccard","takes_else_or_more_as_a_post_head_dependent",0.00403550678535367
"no_phon__idf_presence__jaccard","accepts_genitive_apstrophe_s",0.00462558810369955
"no_phon__idf_presence__jaccard","takes_post_head_modifier_the_hell",0.00877363963093184
"no_sem__equal_features__sqrt_hamming","a",0.00840336134453781
"no_sem__equal_features__sqrt_hamming","another",0.00840336134453781
"no_sem__equal_features__sqrt_hamming","any",0.00840336134453781
"no_sem__equal_features__sqrt_hamming","body",0.00840336134453781
"no_sem__equal_features__sqrt_hamming","certain",0.00840336134453781
"no_sem__equal_features__sqrt_hamming","day",0.00840336134453781
"no_sem__equal_features__sqrt_hamming","each",0.00840336134453781
"no_sem__equal_features__sqrt_hamming","each_other",0.00840336134453781
"no_sem__equal_features__sqrt_hamming","either",0.00840336134453781
"no_sem__equal_features__sqrt_hamming","ever",0.00840336134453781
"no_sem__equal_features__sqrt_hamming","every",0.00840336134453781
"no_sem__equal_features__sqrt_hamming","few",0.00840336134453781
"no_sem__equal_features__sqrt_hamming","her",0.00840336134453781
"no_sem__equal_features__sqrt_hamming","him",0.00840336134453781
"no_sem__equal_features__sqrt_hamming","it",0.00840336134453781
"no_sem__equal_features__sqrt_hamming","its",0.00840336134453781
"no_sem__equal_features__sqrt_hamming","little",0.00840336134453781
"no_sem__equal_features__sqrt_hamming","many",0.00840336134453781
"no_sem__equal_features__sqrt_hamming","many_a",0.00840336134453781
"no_sem__equal_features__sqrt_hamming","my",0.00840336134453781
"no_sem__equal_features__sqrt_hamming","no",0.00840336134453781
"no_sem__equal_features__sqrt_hamming","no_one",0.00840336134453781
"no_sem__equal_features__sqrt_hamming","one",0.00840336134453781
"no_sem__equal_features__sqrt_hamming","one_s",0.00840336134453781
"no_sem__equal_features__sqrt_hamming","other",0.00840336134453781
"no_sem__equal_features__sqrt_hamming","our",0.00840336134453781
"no_sem__equal_features__sqrt_hamming","ours",0.00840336134453781
"no_sem__equal_features__sqrt_hamming","self",0.00840336134453781
"no_sem__equal_features__sqrt_hamming","some",0.00840336134453781
"no_sem__equal_features__sqrt_hamming","their",0.00840336134453781
"no_sem__equal_features__sqrt_hamming","theirs",0.00840336134453781
"no_sem__equal_features__sqrt_hamming","them",0.00840336134453781
"no_sem__equal_features__sqrt_hamming","they",0.00840336134453781
"no_sem__equal_features__sqrt_hamming","thing",0.00840336134453781
"no_sem__equal_features__sqrt_hamming","to",0.00840336134453781
"no_sem__equal_features__sqrt_hamming","us",0.00840336134453781
"no_sem__equal_features__sqrt_hamming","we",0.00840336134453781
"no_sem__equal_features__sqrt_hamming","what",0.00840336134453781
"no_sem__equal_features__sqrt_hamming","whatever",0.00840336134453781
"no_sem__equal_features__sqrt_hamming","where",0.00840336134453781
"no_sem__equal_features__sqrt_hamming","which",0.00840336134453781
"no_sem__equal_features__sqrt_hamming","whichever",0.00840336134453781
"no_sem__equal_features__sqrt_hamming","who",0.00840336134453781
"no_sem__equal_features__sqrt_hamming","whoever",0.00840336134453781
"no_sem__equal_features__sqrt_hamming","whom",0.00840336134453781
"no_sem__equal_features__sqrt_hamming","whose",0.00840336134453781
"no_sem__equal_features__sqrt_hamming","whosoever",0.00840336134453781
"no_sem__equal_features__sqrt_hamming","you",0.00840336134453781
"no_sem__equal_features__sqrt_hamming","your",0.00840336134453781
"no_sem__equal_features__sqrt_hamming","yours",0.00840336134453781
"no_sem__equal_features__sqrt_hamming","genitive_case",0.00840336134453781
"no_sem__equal_features__sqrt_hamming","accusative_case",0.00840336134453781
"no_sem__equal_features__sqrt_hamming","nominative_case",0.00840336134453781
"no_sem__equal_features__sqrt_hamming","in_word_formation_e_g_a_many_sided_shape",0.00840336134453781
"no_sem__equal_features__sqrt_hamming","has_derivationtionally_related_words",0.00840336134453781
"no_sem__equal_features__sqrt_hamming","has_corresponding_word",0.00840336134453781
"no_sem__equal_features__sqrt_hamming","compound_word",0.00840336134453781
"no_sem__equal_features__sqrt_hamming","inflects_for_case",0.00840336134453781
"no_sem__equal_features__sqrt_hamming","paradigm_has_distinct_acc_form",0.00840336134453781
"no_sem__equal_features__sqrt_hamming","paradigm_has_genitive_form",0.00840336134453781
"no_sem__equal_features__sqrt_hamming","paradigm_has_distinct_independent_genitive_form",0.00840336134453781
"no_sem__equal_features__sqrt_hamming","paradigm_has_distinct_self_form",0.00840336134453781
"no_sem__equal_features__sqrt_hamming","paradigm_has_comparative_and_superlative_forms",0.00840336134453781
"no_sem__equal_features__sqrt_hamming","paradigm_has_distinct_plural_form",0.00840336134453781
"no_sem__equal_features__sqrt_hamming","does_not_inflect",0.00840336134453781
"no_sem__equal_features__sqrt_hamming","Monmorphemic",0.00840336134453781
"no_sem__equal_features__sqrt_hamming","Must_be_stressed_as_object_after_particle",0.00840336134453781
"no_sem__equal_features__sqrt_hamming","Start_with_th",0.00840336134453781
"no_sem__equal_features__sqrt_hamming","Start_with_hw",0.00840336134453781
"no_sem__equal_features__sqrt_hamming","can_be_followed_by_adjective_such",0.00840336134453781
"no_sem__equal_features__sqrt_hamming","can_be_modified_by_almost",0.00840336134453781
"no_sem__equal_features__sqrt_hamming","can_be_modified_by_approximately",0.00840336134453781
"no_sem__equal_features__sqrt_hamming","can_be_modified_by_at_least",0.00840336134453781
"no_sem__equal_features__sqrt_hamming","can_be_modified_by_hardly",0.00840336134453781
"no_sem__equal_features__sqrt_hamming","can_be_modified_by_not",0.00840336134453781
"no_sem__equal_features__sqrt_hamming","can_be_modified_by_adverb_very",0.00840336134453781
"no_sem__equal_features__sqrt_hamming","Coordinates_with_independent_genitives",0.00840336134453781
"no_sem__equal_features__sqrt_hamming","Coordinates_with_dependent_genitives",0.00840336134453781
"no_sem__equal_features__sqrt_hamming","Coordinates_with_NPs",0.00840336134453781
"no_sem__equal_features__sqrt_hamming","intensifying_reduplication",0.00840336134453781
"no_sem__equal_features__sqrt_hamming","selects_singular_heads",0.00840336134453781
"no_sem__equal_features__sqrt_hamming","selects_count_singular_heads",0.00840336134453781
"no_sem__equal_features__sqrt_hamming","selects_non_count_heads",0.00840336134453781
"no_sem__equal_features__sqrt_hamming","selects_plural_heads",0.00840336134453781
"no_sem__equal_features__sqrt_hamming","compatible_count_sing_NP",0.00840336134453781
"no_sem__equal_features__sqrt_hamming","compatible_count_plur_NP",0.00840336134453781
"no_sem__equal_features__sqrt_hamming","compatible_non_count_NP",0.00840336134453781
"no_sem__equal_features__sqrt_hamming","Forms_universal_pronouns_before_all",0.00840336134453781
"no_sem__equal_features__sqrt_hamming","functions_as_a_predeterminer_modifier",0.00840336134453781
"no_sem__equal_features__sqrt_hamming","functions_as_prehead_modifier_in_nominal",0.00840336134453781
"no_sem__equal_features__sqrt_hamming","functions_as_degree_modifier_in_AdjP",0.00840336134453781
"no_sem__equal_features__sqrt_hamming","functions_as_predicative_complement",0.00840336134453781
"no_sem__equal_features__sqrt_hamming","functions_as_predicative_complement_to_seem",0.00840336134453781
"no_sem__equal_features__sqrt_hamming","functions_as_marker_of_coordination",0.00840336134453781
"no_sem__equal_features__sqrt_hamming","functions_as_fused_determiner_head",0.00840336134453781
"no_sem__equal_features__sqrt_hamming","functions_as_head_of_partitive_construction",0.00840336134453781
"no_sem__equal_features__sqrt_hamming","functions_as_adjunct_in_clause_structure",0.00840336134453781
"no_sem__equal_features__sqrt_hamming","functions_as_attrib_modifier_in_nominal",0.00840336134453781
"no_sem__equal_features__sqrt_hamming","appears_in_subject",0.00840336134453781
"no_sem__equal_features__sqrt_hamming","appears_in_object",0.00840336134453781
"no_sem__equal_features__sqrt_hamming","functions_as_post_head_modifier_of_it_or_them",0.00840336134453781
"no_sem__equal_features__sqrt_hamming","functions_as_post_head_modifier_of_N",0.00840336134453781
"no_sem__equal_features__sqrt_hamming","appears_in_existentials_there_s_on_the_table",0.00840336134453781
"no_sem__equal_features__sqrt_hamming","functions_as_determiner_in_day_s_time_ago",0.00840336134453781
"no_sem__equal_features__sqrt_hamming","functions_as_subject_of_present_participal_of_joining_you",0.00840336134453781
"no_sem__equal_features__sqrt_hamming","Functions_as_subject_of_interrogative_tag",0.00840336134453781
"no_sem__equal_features__sqrt_hamming","functions_as_subject_determiner",0.00840336134453781
"no_sem__equal_features__sqrt_hamming","functions_in_vocative",0.00840336134453781
"no_sem__equal_features__sqrt_hamming","May_coordinate_with_non_fused_determiners",0.00840336134453781
"no_sem__equal_features__sqrt_hamming","must_be_outranked_by_a_coindexed_element",0.00840336134453781
"no_sem__equal_features__sqrt_hamming","takes_predeterminer_modifiers_all_or_both",0.00840336134453781
"no_sem__equal_features__sqrt_hamming","occurs_after_predeterminer_modifiers_fractions",0.00840336134453781
"no_sem__equal_features__sqrt_hamming","occurs_after_predeterminer_modifiers_multipliers",0.00840336134453781
"no_sem__equal_features__sqrt_hamming","ironic_use_of_repetition",0.00840336134453781
"no_sem__equal_features__sqrt_hamming","take_poor_lucky_silly_as_attrib_modifiers",0.00840336134453781
"no_sem__equal_features__sqrt_hamming","takes_adverb_quite_as_a_modifier",0.00840336134453781
"no_sem__equal_features__sqrt_hamming","takes_else_or_more_as_a_post_head_dependent",0.00840336134453781
"no_sem__equal_features__sqrt_hamming","accepts_genitive_apstrophe_s",0.00840336134453781
"no_sem__equal_features__sqrt_hamming","takes_post_head_modifier_the_hell",0.00840336134453781
"no_sem__equal_features__hamming","a",0.00840336134453781
"no_sem__equal_features__hamming","another",0.00840336134453781
"no_sem__equal_features__hamming","any",0.00840336134453781
"no_sem__equal_features__hamming","body",0.00840336134453781
"no_sem__equal_features__hamming","certain",0.00840336134453781
"no_sem__equal_features__hamming","day",0.00840336134453781
"no_sem__equal_features__hamming","each",0.00840336134453781
"no_sem__equal_features__hamming","each_other",0.00840336134453781
"no_sem__equal_features__hamming","either",0.00840336134453781
"no_sem__equal_features__hamming","ever",0.00840336134453781
"no_sem__equal_features__hamming","every",0.00840336134453781
"no_sem__equal_features__hamming","few",0.00840336134453781
"no_sem__equal_features__hamming","her",0.00840336134453781
"no_sem__equal_features__hamming","him",0.00840336134453781
"no_sem__equal_features__hamming","it",0.00840336134453781
"no_sem__equal_features__hamming","its",0.00840336134453781
"no_sem__equal_features__hamming","little",0.00840336134453781
"no_sem__equal_features__hamming","many",0.00840336134453781
"no_sem__equal_features__hamming","many_a",0.00840336134453781
"no_sem__equal_features__hamming","my",0.00840336134453781
"no_sem__equal_features__hamming","no",0.00840336134453781
"no_sem__equal_features__hamming","no_one",0.00840336134453781
"no_sem__equal_features__hamming","one",0.00840336134453781
"no_sem__equal_features__hamming","one_s",0.00840336134453781
"no_sem__equal_features__hamming","other",0.00840336134453781
"no_sem__equal_features__hamming","our",0.00840336134453781
"no_sem__equal_features__hamming","ours",0.00840336134453781
"no_sem__equal_features__hamming","self",0.00840336134453781
"no_sem__equal_features__hamming","some",0.00840336134453781
"no_sem__equal_features__hamming","their",0.00840336134453781
"no_sem__equal_features__hamming","theirs",0.00840336134453781
"no_sem__equal_features__hamming","them",0.00840336134453781
"no_sem__equal_features__hamming","they",0.00840336134453781
"no_sem__equal_features__hamming","thing",0.00840336134453781
"no_sem__equal_features__hamming","to",0.00840336134453781
"no_sem__equal_features__hamming","us",0.00840336134453781
"no_sem__equal_features__hamming","we",0.00840336134453781
"no_sem__equal_features__hamming","what",0.00840336134453781
"no_sem__equal_features__hamming","whatever",0.00840336134453781
"no_sem__equal_features__hamming","where",0.00840336134453781
"no_sem__equal_features__hamming","which",0.00840336134453781
"no_sem__equal_features__hamming","whichever",0.00840336134453781
"no_sem__equal_features__hamming","who",0.00840336134453781
"no_sem__equal_features__hamming","whoever",0.00840336134453781
"no_sem__equal_features__hamming","whom",0.00840336134453781
"no_sem__equal_features__hamming","whose",0.00840336134453781
"no_sem__equal_features__hamming","whosoever",0.00840336134453781
"no_sem__equal_features__hamming","you",0.00840336134453781
"no_sem__equal_features__hamming","your",0.00840336134453781
"no_sem__equal_features__hamming","yours",0.00840336134453781
"no_sem__equal_features__hamming","genitive_case",0.00840336134453781
"no_sem__equal_features__hamming","accusative_case",0.00840336134453781
"no_sem__equal_features__hamming","nominative_case",0.00840336134453781
"no_sem__equal_features__hamming","in_word_formation_e_g_a_many_sided_shape",0.00840336134453781
"no_sem__equal_features__hamming","has_derivationtionally_related_words",0.00840336134453781
"no_sem__equal_features__hamming","has_corresponding_word",0.00840336134453781
"no_sem__equal_features__hamming","compound_word",0.00840336134453781
"no_sem__equal_features__hamming","inflects_for_case",0.00840336134453781
"no_sem__equal_features__hamming","paradigm_has_distinct_acc_form",0.00840336134453781
"no_sem__equal_features__hamming","paradigm_has_genitive_form",0.00840336134453781
"no_sem__equal_features__hamming","paradigm_has_distinct_independent_genitive_form",0.00840336134453781
"no_sem__equal_features__hamming","paradigm_has_distinct_self_form",0.00840336134453781
"no_sem__equal_features__hamming","paradigm_has_comparative_and_superlative_forms",0.00840336134453781
"no_sem__equal_features__hamming","paradigm_has_distinct_plural_form",0.00840336134453781
"no_sem__equal_features__hamming","does_not_inflect",0.00840336134453781
"no_sem__equal_features__hamming","Monmorphemic",0.00840336134453781
"no_sem__equal_features__hamming","Must_be_stressed_as_object_after_particle",0.00840336134453781
"no_sem__equal_features__hamming","Start_with_th",0.00840336134453781
"no_sem__equal_features__hamming","Start_with_hw",0.00840336134453781
"no_sem__equal_features__hamming","can_be_followed_by_adjective_such",0.00840336134453781
"no_sem__equal_features__hamming","can_be_modified_by_almost",0.00840336134453781
"no_sem__equal_features__hamming","can_be_modified_by_approximately",0.00840336134453781
"no_sem__equal_features__hamming","can_be_modified_by_at_least",0.00840336134453781
"no_sem__equal_features__hamming","can_be_modified_by_hardly",0.00840336134453781
"no_sem__equal_features__hamming","can_be_modified_by_not",0.00840336134453781
"no_sem__equal_features__hamming","can_be_modified_by_adverb_very",0.00840336134453781
"no_sem__equal_features__hamming","Coordinates_with_independent_genitives",0.00840336134453781
"no_sem__equal_features__hamming","Coordinates_with_dependent_genitives",0.00840336134453781
"no_sem__equal_features__hamming","Coordinates_with_NPs",0.00840336134453781
"no_sem__equal_features__hamming","intensifying_reduplication",0.00840336134453781
"no_sem__equal_features__hamming","selects_singular_heads",0.00840336134453781
"no_sem__equal_features__hamming","selects_count_singular_heads",0.00840336134453781
"no_sem__equal_features__hamming","selects_non_count_heads",0.00840336134453781
"no_sem__equal_features__hamming","selects_plural_heads",0.00840336134453781
"no_sem__equal_features__hamming","compatible_count_sing_NP",0.00840336134453781
"no_sem__equal_features__hamming","compatible_count_plur_NP",0.00840336134453781
"no_sem__equal_features__hamming","compatible_non_count_NP",0.00840336134453781
"no_sem__equal_features__hamming","Forms_universal_pronouns_before_all",0.00840336134453781
"no_sem__equal_features__hamming","functions_as_a_predeterminer_modifier",0.00840336134453781
"no_sem__equal_features__hamming","functions_as_prehead_modifier_in_nominal",0.00840336134453781
"no_sem__equal_features__hamming","functions_as_degree_modifier_in_AdjP",0.00840336134453781
"no_sem__equal_features__hamming","functions_as_predicative_complement",0.00840336134453781
"no_sem__equal_features__hamming","functions_as_predicative_complement_to_seem",0.00840336134453781
"no_sem__equal_features__hamming","functions_as_marker_of_coordination",0.00840336134453781
"no_sem__equal_features__hamming","functions_as_fused_determiner_head",0.00840336134453781
"no_sem__equal_features__hamming","functions_as_head_of_partitive_construction",0.00840336134453781
"no_sem__equal_features__hamming","functions_as_adjunct_in_clause_structure",0.00840336134453781
"no_sem__equal_features__hamming","functions_as_attrib_modifier_in_nominal",0.00840336134453781
"no_sem__equal_features__hamming","appears_in_subject",0.00840336134453781
"no_sem__equal_features__hamming","appears_in_object",0.00840336134453781
"no_sem__equal_features__hamming","functions_as_post_head_modifier_of_it_or_them",0.00840336134453781
"no_sem__equal_features__hamming","functions_as_post_head_modifier_of_N",0.00840336134453781
"no_sem__equal_features__hamming","appears_in_existentials_there_s_on_the_table",0.00840336134453781
"no_sem__equal_features__hamming","functions_as_determiner_in_day_s_time_ago",0.00840336134453781
"no_sem__equal_features__hamming","functions_as_subject_of_present_participal_of_joining_you",0.00840336134453781
"no_sem__equal_features__hamming","Functions_as_subject_of_interrogative_tag",0.00840336134453781
"no_sem__equal_features__hamming","functions_as_subject_determiner",0.00840336134453781
"no_sem__equal_features__hamming","functions_in_vocative",0.00840336134453781
"no_sem__equal_features__hamming","May_coordinate_with_non_fused_determiners",0.00840336134453781
"no_sem__equal_features__hamming","must_be_outranked_by_a_coindexed_element",0.00840336134453781
"no_sem__equal_features__hamming","takes_predeterminer_modifiers_all_or_both",0.00840336134453781
"no_sem__equal_features__hamming","occurs_after_predeterminer_modifiers_fractions",0.00840336134453781
"no_sem__equal_features__hamming","occurs_after_predeterminer_modifiers_multipliers",0.00840336134453781
"no_sem__equal_features__hamming","ironic_use_of_repetition",0.00840336134453781
"no_sem__equal_features__hamming","take_poor_lucky_silly_as_attrib_modifiers",0.00840336134453781
"no_sem__equal_features__hamming","takes_adverb_quite_as_a_modifier",0.00840336134453781
"no_sem__equal_features__hamming","takes_else_or_more_as_a_post_head_dependent",0.00840336134453781
"no_sem__equal_features__hamming","accepts_genitive_apstrophe_s",0.00840336134453781
"no_sem__equal_features__hamming","takes_post_head_modifier_the_hell",0.00840336134453781
"no_sem__equal_features__jaccard","a",0.00840336134453781
"no_sem__equal_features__jaccard","another",0.00840336134453781
"no_sem__equal_features__jaccard","any",0.00840336134453781
"no_sem__equal_features__jaccard","body",0.00840336134453781
"no_sem__equal_features__jaccard","certain",0.00840336134453781
"no_sem__equal_features__jaccard","day",0.00840336134453781
"no_sem__equal_features__jaccard","each",0.00840336134453781
"no_sem__equal_features__jaccard","each_other",0.00840336134453781
"no_sem__equal_features__jaccard","either",0.00840336134453781
"no_sem__equal_features__jaccard","ever",0.00840336134453781
"no_sem__equal_features__jaccard","every",0.00840336134453781
"no_sem__equal_features__jaccard","few",0.00840336134453781
"no_sem__equal_features__jaccard","her",0.00840336134453781
"no_sem__equal_features__jaccard","him",0.00840336134453781
"no_sem__equal_features__jaccard","it",0.00840336134453781
"no_sem__equal_features__jaccard","its",0.00840336134453781
"no_sem__equal_features__jaccard","little",0.00840336134453781
"no_sem__equal_features__jaccard","many",0.00840336134453781
"no_sem__equal_features__jaccard","many_a",0.00840336134453781
"no_sem__equal_features__jaccard","my",0.00840336134453781
"no_sem__equal_features__jaccard","no",0.00840336134453781
"no_sem__equal_features__jaccard","no_one",0.00840336134453781
"no_sem__equal_features__jaccard","one",0.00840336134453781
"no_sem__equal_features__jaccard","one_s",0.00840336134453781
"no_sem__equal_features__jaccard","other",0.00840336134453781
"no_sem__equal_features__jaccard","our",0.00840336134453781
"no_sem__equal_features__jaccard","ours",0.00840336134453781
"no_sem__equal_features__jaccard","self",0.00840336134453781
"no_sem__equal_features__jaccard","some",0.00840336134453781
"no_sem__equal_features__jaccard","their",0.00840336134453781
"no_sem__equal_features__jaccard","theirs",0.00840336134453781
"no_sem__equal_features__jaccard","them",0.00840336134453781
"no_sem__equal_features__jaccard","they",0.00840336134453781
"no_sem__equal_features__jaccard","thing",0.00840336134453781
"no_sem__equal_features__jaccard","to",0.00840336134453781
"no_sem__equal_features__jaccard","us",0.00840336134453781
"no_sem__equal_features__jaccard","we",0.00840336134453781
"no_sem__equal_features__jaccard","what",0.00840336134453781
"no_sem__equal_features__jaccard","whatever",0.00840336134453781
"no_sem__equal_features__jaccard","where",0.00840336134453781
"no_sem__equal_features__jaccard","which",0.00840336134453781
"no_sem__equal_features__jaccard","whichever",0.00840336134453781
"no_sem__equal_features__jaccard","who",0.00840336134453781
"no_sem__equal_features__jaccard","whoever",0.00840336134453781
"no_sem__equal_features__jaccard","whom",0.00840336134453781
"no_sem__equal_features__jaccard","whose",0.00840336134453781
"no_sem__equal_features__jaccard","whosoever",0.00840336134453781
"no_sem__equal_features__jaccard","you",0.00840336134453781
"no_sem__equal_features__jaccard","your",0.00840336134453781
"no_sem__equal_features__jaccard","yours",0.00840336134453781
"no_sem__equal_features__jaccard","genitive_case",0.00840336134453781
"no_sem__equal_features__jaccard","accusative_case",0.00840336134453781
"no_sem__equal_features__jaccard","nominative_case",0.00840336134453781
"no_sem__equal_features__jaccard","in_word_formation_e_g_a_many_sided_shape",0.00840336134453781
"no_sem__equal_features__jaccard","has_derivationtionally_related_words",0.00840336134453781
"no_sem__equal_features__jaccard","has_corresponding_word",0.00840336134453781
"no_sem__equal_features__jaccard","compound_word",0.00840336134453781
"no_sem__equal_features__jaccard","inflects_for_case",0.00840336134453781
"no_sem__equal_features__jaccard","paradigm_has_distinct_acc_form",0.00840336134453781
"no_sem__equal_features__jaccard","paradigm_has_genitive_form",0.00840336134453781
"no_sem__equal_features__jaccard","paradigm_has_distinct_independent_genitive_form",0.00840336134453781
"no_sem__equal_features__jaccard","paradigm_has_distinct_self_form",0.00840336134453781
"no_sem__equal_features__jaccard","paradigm_has_comparative_and_superlative_forms",0.00840336134453781
"no_sem__equal_features__jaccard","paradigm_has_distinct_plural_form",0.00840336134453781
"no_sem__equal_features__jaccard","does_not_inflect",0.00840336134453781
"no_sem__equal_features__jaccard","Monmorphemic",0.00840336134453781
"no_sem__equal_features__jaccard","Must_be_stressed_as_object_after_particle",0.00840336134453781
"no_sem__equal_features__jaccard","Start_with_th",0.00840336134453781
"no_sem__equal_features__jaccard","Start_with_hw",0.00840336134453781
"no_sem__equal_features__jaccard","can_be_followed_by_adjective_such",0.00840336134453781
"no_sem__equal_features__jaccard","can_be_modified_by_almost",0.00840336134453781
"no_sem__equal_features__jaccard","can_be_modified_by_approximately",0.00840336134453781
"no_sem__equal_features__jaccard","can_be_modified_by_at_least",0.00840336134453781
"no_sem__equal_features__jaccard","can_be_modified_by_hardly",0.00840336134453781
"no_sem__equal_features__jaccard","can_be_modified_by_not",0.00840336134453781
"no_sem__equal_features__jaccard","can_be_modified_by_adverb_very",0.00840336134453781
"no_sem__equal_features__jaccard","Coordinates_with_independent_genitives",0.00840336134453781
"no_sem__equal_features__jaccard","Coordinates_with_dependent_genitives",0.00840336134453781
"no_sem__equal_features__jaccard","Coordinates_with_NPs",0.00840336134453781
"no_sem__equal_features__jaccard","intensifying_reduplication",0.00840336134453781
"no_sem__equal_features__jaccard","selects_singular_heads",0.00840336134453781
"no_sem__equal_features__jaccard","selects_count_singular_heads",0.00840336134453781
"no_sem__equal_features__jaccard","selects_non_count_heads",0.00840336134453781
"no_sem__equal_features__jaccard","selects_plural_heads",0.00840336134453781
"no_sem__equal_features__jaccard","compatible_count_sing_NP",0.00840336134453781
"no_sem__equal_features__jaccard","compatible_count_plur_NP",0.00840336134453781
"no_sem__equal_features__jaccard","compatible_non_count_NP",0.00840336134453781
"no_sem__equal_features__jaccard","Forms_universal_pronouns_before_all",0.00840336134453781
"no_sem__equal_features__jaccard","functions_as_a_predeterminer_modifier",0.00840336134453781
"no_sem__equal_features__jaccard","functions_as_prehead_modifier_in_nominal",0.00840336134453781
"no_sem__equal_features__jaccard","functions_as_degree_modifier_in_AdjP",0.00840336134453781
"no_sem__equal_features__jaccard","functions_as_predicative_complement",0.00840336134453781
"no_sem__equal_features__jaccard","functions_as_predicative_complement_to_seem",0.00840336134453781
"no_sem__equal_features__jaccard","functions_as_marker_of_coordination",0.00840336134453781
"no_sem__equal_features__jaccard","functions_as_fused_determiner_head",0.00840336134453781
"no_sem__equal_features__jaccard","functions_as_head_of_partitive_construction",0.00840336134453781
"no_sem__equal_features__jaccard","functions_as_adjunct_in_clause_structure",0.00840336134453781
"no_sem__equal_features__jaccard","functions_as_attrib_modifier_in_nominal",0.00840336134453781
"no_sem__equal_features__jaccard","appears_in_subject",0.00840336134453781
"no_sem__equal_features__jaccard","appears_in_object",0.00840336134453781
"no_sem__equal_features__jaccard","functions_as_post_head_modifier_of_it_or_them",0.00840336134453781
"no_sem__equal_features__jaccard","functions_as_post_head_modifier_of_N",0.00840336134453781
"no_sem__equal_features__jaccard","appears_in_existentials_there_s_on_the_table",0.00840336134453781
"no_sem__equal_features__jaccard","functions_as_determiner_in_day_s_time_ago",0.00840336134453781
"no_sem__equal_features__jaccard","functions_as_subject_of_present_participal_of_joining_you",0.00840336134453781
"no_sem__equal_features__jaccard","Functions_as_subject_of_interrogative_tag",0.00840336134453781
"no_sem__equal_features__jaccard","functions_as_subject_determiner",0.00840336134453781
"no_sem__equal_features__jaccard","functions_in_vocative",0.00840336134453781
"no_sem__equal_features__jaccard","May_coordinate_with_non_fused_determiners",0.00840336134453781
"no_sem__equal_features__jaccard","must_be_outranked_by_a_coindexed_element",0.00840336134453781
"no_sem__equal_features__jaccard","takes_predeterminer_modifiers_all_or_both",0.00840336134453781
"no_sem__equal_features__jaccard","occurs_after_predeterminer_modifiers_fractions",0.00840336134453781
"no_sem__equal_features__jaccard","occurs_after_predeterminer_modifiers_multipliers",0.00840336134453781
"no_sem__equal_features__jaccard","ironic_use_of_repetition",0.00840336134453781
"no_sem__equal_features__jaccard","take_poor_lucky_silly_as_attrib_modifiers",0.00840336134453781
"no_sem__equal_features__jaccard","takes_adverb_quite_as_a_modifier",0.00840336134453781
"no_sem__equal_features__jaccard","takes_else_or_more_as_a_post_head_dependent",0.00840336134453781
"no_sem__equal_features__jaccard","accepts_genitive_apstrophe_s",0.00840336134453781
"no_sem__equal_features__jaccard","takes_post_head_modifier_the_hell",0.00840336134453781
"no_sem__equal_domains__sqrt_hamming","a",0.00505050505050505
"no_sem__equal_domains__sqrt_hamming","another",0.00505050505050505
"no_sem__equal_domains__sqrt_hamming","any",0.00505050505050505
"no_sem__equal_domains__sqrt_hamming","body",0.00505050505050505
"no_sem__equal_domains__sqrt_hamming","certain",0.00505050505050505
"no_sem__equal_domains__sqrt_hamming","day",0.00505050505050505
"no_sem__equal_domains__sqrt_hamming","each",0.00505050505050505
"no_sem__equal_domains__sqrt_hamming","each_other",0.00505050505050505
"no_sem__equal_domains__sqrt_hamming","either",0.00505050505050505
"no_sem__equal_domains__sqrt_hamming","ever",0.00505050505050505
"no_sem__equal_domains__sqrt_hamming","every",0.00505050505050505
"no_sem__equal_domains__sqrt_hamming","few",0.00505050505050505
"no_sem__equal_domains__sqrt_hamming","her",0.00505050505050505
"no_sem__equal_domains__sqrt_hamming","him",0.00505050505050505
"no_sem__equal_domains__sqrt_hamming","it",0.00505050505050505
"no_sem__equal_domains__sqrt_hamming","its",0.00505050505050505
"no_sem__equal_domains__sqrt_hamming","little",0.00505050505050505
"no_sem__equal_domains__sqrt_hamming","many",0.00505050505050505
"no_sem__equal_domains__sqrt_hamming","many_a",0.00505050505050505
"no_sem__equal_domains__sqrt_hamming","my",0.00505050505050505
"no_sem__equal_domains__sqrt_hamming","no",0.00505050505050505
"no_sem__equal_domains__sqrt_hamming","no_one",0.00505050505050505
"no_sem__equal_domains__sqrt_hamming","one",0.00505050505050505
"no_sem__equal_domains__sqrt_hamming","one_s",0.00505050505050505
"no_sem__equal_domains__sqrt_hamming","other",0.00505050505050505
"no_sem__equal_domains__sqrt_hamming","our",0.00505050505050505
"no_sem__equal_domains__sqrt_hamming","ours",0.00505050505050505
"no_sem__equal_domains__sqrt_hamming","self",0.00505050505050505
"no_sem__equal_domains__sqrt_hamming","some",0.00505050505050505
"no_sem__equal_domains__sqrt_hamming","their",0.00505050505050505
"no_sem__equal_domains__sqrt_hamming","theirs",0.00505050505050505
"no_sem__equal_domains__sqrt_hamming","them",0.00505050505050505
"no_sem__equal_domains__sqrt_hamming","they",0.00505050505050505
"no_sem__equal_domains__sqrt_hamming","thing",0.00505050505050505
"no_sem__equal_domains__sqrt_hamming","to",0.00505050505050505
"no_sem__equal_domains__sqrt_hamming","us",0.00505050505050505
"no_sem__equal_domains__sqrt_hamming","we",0.00505050505050505
"no_sem__equal_domains__sqrt_hamming","what",0.00505050505050505
"no_sem__equal_domains__sqrt_hamming","whatever",0.00505050505050505
"no_sem__equal_domains__sqrt_hamming","where",0.00505050505050505
"no_sem__equal_domains__sqrt_hamming","which",0.00505050505050505
"no_sem__equal_domains__sqrt_hamming","whichever",0.00505050505050505
"no_sem__equal_domains__sqrt_hamming","who",0.00505050505050505
"no_sem__equal_domains__sqrt_hamming","whoever",0.00505050505050505
"no_sem__equal_domains__sqrt_hamming","whom",0.00505050505050505
"no_sem__equal_domains__sqrt_hamming","whose",0.00505050505050505
"no_sem__equal_domains__sqrt_hamming","whosoever",0.00505050505050505
"no_sem__equal_domains__sqrt_hamming","you",0.00505050505050505
"no_sem__equal_domains__sqrt_hamming","your",0.00505050505050505
"no_sem__equal_domains__sqrt_hamming","yours",0.00505050505050505
"no_sem__equal_domains__sqrt_hamming","genitive_case",0.00505050505050505
"no_sem__equal_domains__sqrt_hamming","accusative_case",0.00505050505050505
"no_sem__equal_domains__sqrt_hamming","nominative_case",0.00505050505050505
"no_sem__equal_domains__sqrt_hamming","in_word_formation_e_g_a_many_sided_shape",0.00505050505050505
"no_sem__equal_domains__sqrt_hamming","has_derivationtionally_related_words",0.00505050505050505
"no_sem__equal_domains__sqrt_hamming","has_corresponding_word",0.00505050505050505
"no_sem__equal_domains__sqrt_hamming","compound_word",0.00505050505050505
"no_sem__equal_domains__sqrt_hamming","inflects_for_case",0.00505050505050505
"no_sem__equal_domains__sqrt_hamming","paradigm_has_distinct_acc_form",0.00505050505050505
"no_sem__equal_domains__sqrt_hamming","paradigm_has_genitive_form",0.00505050505050505
"no_sem__equal_domains__sqrt_hamming","paradigm_has_distinct_independent_genitive_form",0.00505050505050505
"no_sem__equal_domains__sqrt_hamming","paradigm_has_distinct_self_form",0.00505050505050505
"no_sem__equal_domains__sqrt_hamming","paradigm_has_comparative_and_superlative_forms",0.00505050505050505
"no_sem__equal_domains__sqrt_hamming","paradigm_has_distinct_plural_form",0.00505050505050505
"no_sem__equal_domains__sqrt_hamming","does_not_inflect",0.00505050505050505
"no_sem__equal_domains__sqrt_hamming","Monmorphemic",0.00505050505050505
"no_sem__equal_domains__sqrt_hamming","Must_be_stressed_as_object_after_particle",0.111111111111111
"no_sem__equal_domains__sqrt_hamming","Start_with_th",0.111111111111111
"no_sem__equal_domains__sqrt_hamming","Start_with_hw",0.111111111111111
"no_sem__equal_domains__sqrt_hamming","can_be_followed_by_adjective_such",0.00666666666666667
"no_sem__equal_domains__sqrt_hamming","can_be_modified_by_almost",0.00666666666666667
"no_sem__equal_domains__sqrt_hamming","can_be_modified_by_approximately",0.00666666666666667
"no_sem__equal_domains__sqrt_hamming","can_be_modified_by_at_least",0.00666666666666667
"no_sem__equal_domains__sqrt_hamming","can_be_modified_by_hardly",0.00666666666666667
"no_sem__equal_domains__sqrt_hamming","can_be_modified_by_not",0.00666666666666667
"no_sem__equal_domains__sqrt_hamming","can_be_modified_by_adverb_very",0.00666666666666667
"no_sem__equal_domains__sqrt_hamming","Coordinates_with_independent_genitives",0.00666666666666667
"no_sem__equal_domains__sqrt_hamming","Coordinates_with_dependent_genitives",0.00666666666666667
"no_sem__equal_domains__sqrt_hamming","Coordinates_with_NPs",0.00666666666666667
"no_sem__equal_domains__sqrt_hamming","intensifying_reduplication",0.00666666666666667
"no_sem__equal_domains__sqrt_hamming","selects_singular_heads",0.00666666666666667
"no_sem__equal_domains__sqrt_hamming","selects_count_singular_heads",0.00666666666666667
"no_sem__equal_domains__sqrt_hamming","selects_non_count_heads",0.00666666666666667
"no_sem__equal_domains__sqrt_hamming","selects_plural_heads",0.00666666666666667
"no_sem__equal_domains__sqrt_hamming","compatible_count_sing_NP",0.00666666666666667
"no_sem__equal_domains__sqrt_hamming","compatible_count_plur_NP",0.00666666666666667
"no_sem__equal_domains__sqrt_hamming","compatible_non_count_NP",0.00666666666666667
"no_sem__equal_domains__sqrt_hamming","Forms_universal_pronouns_before_all",0.00666666666666667
"no_sem__equal_domains__sqrt_hamming","functions_as_a_predeterminer_modifier",0.00666666666666667
"no_sem__equal_domains__sqrt_hamming","functions_as_prehead_modifier_in_nominal",0.00666666666666667
"no_sem__equal_domains__sqrt_hamming","functions_as_degree_modifier_in_AdjP",0.00666666666666667
"no_sem__equal_domains__sqrt_hamming","functions_as_predicative_complement",0.00666666666666667
"no_sem__equal_domains__sqrt_hamming","functions_as_predicative_complement_to_seem",0.00666666666666667
"no_sem__equal_domains__sqrt_hamming","functions_as_marker_of_coordination",0.00666666666666667
"no_sem__equal_domains__sqrt_hamming","functions_as_fused_determiner_head",0.00666666666666667
"no_sem__equal_domains__sqrt_hamming","functions_as_head_of_partitive_construction",0.00666666666666667
"no_sem__equal_domains__sqrt_hamming","functions_as_adjunct_in_clause_structure",0.00666666666666667
"no_sem__equal_domains__sqrt_hamming","functions_as_attrib_modifier_in_nominal",0.00666666666666667
"no_sem__equal_domains__sqrt_hamming","appears_in_subject",0.00666666666666667
"no_sem__equal_domains__sqrt_hamming","appears_in_object",0.00666666666666667
"no_sem__equal_domains__sqrt_hamming","functions_as_post_head_modifier_of_it_or_them",0.00666666666666667
"no_sem__equal_domains__sqrt_hamming","functions_as_post_head_modifier_of_N",0.00666666666666667
"no_sem__equal_domains__sqrt_hamming","appears_in_existentials_there_s_on_the_table",0.00666666666666667
"no_sem__equal_domains__sqrt_hamming","functions_as_determiner_in_day_s_time_ago",0.00666666666666667
"no_sem__equal_domains__sqrt_hamming","functions_as_subject_of_present_participal_of_joining_you",0.00666666666666667
"no_sem__equal_domains__sqrt_hamming","Functions_as_subject_of_interrogative_tag",0.00666666666666667
"no_sem__equal_domains__sqrt_hamming","functions_as_subject_determiner",0.00666666666666667
"no_sem__equal_domains__sqrt_hamming","functions_in_vocative",0.00666666666666667
"no_sem__equal_domains__sqrt_hamming","May_coordinate_with_non_fused_determiners",0.00666666666666667
"no_sem__equal_domains__sqrt_hamming","must_be_outranked_by_a_coindexed_element",0.00666666666666667
"no_sem__equal_domains__sqrt_hamming","takes_predeterminer_modifiers_all_or_both",0.00666666666666667
"no_sem__equal_domains__sqrt_hamming","occurs_after_predeterminer_modifiers_fractions",0.00666666666666667
"no_sem__equal_domains__sqrt_hamming","occurs_after_predeterminer_modifiers_multipliers",0.00666666666666667
"no_sem__equal_domains__sqrt_hamming","ironic_use_of_repetition",0.00666666666666667
"no_sem__equal_domains__sqrt_hamming","take_poor_lucky_silly_as_attrib_modifiers",0.00666666666666667
"no_sem__equal_domains__sqrt_hamming","takes_adverb_quite_as_a_modifier",0.00666666666666667
"no_sem__equal_domains__sqrt_hamming","takes_else_or_more_as_a_post_head_dependent",0.00666666666666667
"no_sem__equal_domains__sqrt_hamming","accepts_genitive_apstrophe_s",0.00666666666666667
"no_sem__equal_domains__sqrt_hamming","takes_post_head_modifier_the_hell",0.00666666666666667
"no_sem__equal_domains__hamming","a",0.00505050505050505
"no_sem__equal_domains__hamming","another",0.00505050505050505
"no_sem__equal_domains__hamming","any",0.00505050505050505
"no_sem__equal_domains__hamming","body",0.00505050505050505
"no_sem__equal_domains__hamming","certain",0.00505050505050505
"no_sem__equal_domains__hamming","day",0.00505050505050505
"no_sem__equal_domains__hamming","each",0.00505050505050505
"no_sem__equal_domains__hamming","each_other",0.00505050505050505
"no_sem__equal_domains__hamming","either",0.00505050505050505
"no_sem__equal_domains__hamming","ever",0.00505050505050505
"no_sem__equal_domains__hamming","every",0.00505050505050505
"no_sem__equal_domains__hamming","few",0.00505050505050505
"no_sem__equal_domains__hamming","her",0.00505050505050505
"no_sem__equal_domains__hamming","him",0.00505050505050505
"no_sem__equal_domains__hamming","it",0.00505050505050505
"no_sem__equal_domains__hamming","its",0.00505050505050505
"no_sem__equal_domains__hamming","little",0.00505050505050505
"no_sem__equal_domains__hamming","many",0.00505050505050505
"no_sem__equal_domains__hamming","many_a",0.00505050505050505
"no_sem__equal_domains__hamming","my",0.00505050505050505
"no_sem__equal_domains__hamming","no",0.00505050505050505
"no_sem__equal_domains__hamming","no_one",0.00505050505050505
"no_sem__equal_domains__hamming","one",0.00505050505050505
"no_sem__equal_domains__hamming","one_s",0.00505050505050505
"no_sem__equal_domains__hamming","other",0.00505050505050505
"no_sem__equal_domains__hamming","our",0.00505050505050505
"no_sem__equal_domains__hamming","ours",0.00505050505050505
"no_sem__equal_domains__hamming","self",0.00505050505050505
"no_sem__equal_domains__hamming","some",0.00505050505050505
"no_sem__equal_domains__hamming","their",0.00505050505050505
"no_sem__equal_domains__hamming","theirs",0.00505050505050505
"no_sem__equal_domains__hamming","them",0.00505050505050505
"no_sem__equal_domains__hamming","they",0.00505050505050505
"no_sem__equal_domains__hamming","thing",0.00505050505050505
"no_sem__equal_domains__hamming","to",0.00505050505050505
"no_sem__equal_domains__hamming","us",0.00505050505050505
"no_sem__equal_domains__hamming","we",0.00505050505050505
"no_sem__equal_domains__hamming","what",0.00505050505050505
"no_sem__equal_domains__hamming","whatever",0.00505050505050505
"no_sem__equal_domains__hamming","where",0.00505050505050505
"no_sem__equal_domains__hamming","which",0.00505050505050505
"no_sem__equal_domains__hamming","whichever",0.00505050505050505
"no_sem__equal_domains__hamming","who",0.00505050505050505
"no_sem__equal_domains__hamming","whoever",0.00505050505050505
"no_sem__equal_domains__hamming","whom",0.00505050505050505
"no_sem__equal_domains__hamming","whose",0.00505050505050505
"no_sem__equal_domains__hamming","whosoever",0.00505050505050505
"no_sem__equal_domains__hamming","you",0.00505050505050505
"no_sem__equal_domains__hamming","your",0.00505050505050505
"no_sem__equal_domains__hamming","yours",0.00505050505050505
"no_sem__equal_domains__hamming","genitive_case",0.00505050505050505
"no_sem__equal_domains__hamming","accusative_case",0.00505050505050505
"no_sem__equal_domains__hamming","nominative_case",0.00505050505050505
"no_sem__equal_domains__hamming","in_word_formation_e_g_a_many_sided_shape",0.00505050505050505
"no_sem__equal_domains__hamming","has_derivationtionally_related_words",0.00505050505050505
"no_sem__equal_domains__hamming","has_corresponding_word",0.00505050505050505
"no_sem__equal_domains__hamming","compound_word",0.00505050505050505
"no_sem__equal_domains__hamming","inflects_for_case",0.00505050505050505
"no_sem__equal_domains__hamming","paradigm_has_distinct_acc_form",0.00505050505050505
"no_sem__equal_domains__hamming","paradigm_has_genitive_form",0.00505050505050505
"no_sem__equal_domains__hamming","paradigm_has_distinct_independent_genitive_form",0.00505050505050505
"no_sem__equal_domains__hamming","paradigm_has_distinct_self_form",0.00505050505050505
"no_sem__equal_domains__hamming","paradigm_has_comparative_and_superlative_forms",0.00505050505050505
"no_sem__equal_domains__hamming","paradigm_has_distinct_plural_form",0.00505050505050505
"no_sem__equal_domains__hamming","does_not_inflect",0.00505050505050505
"no_sem__equal_domains__hamming","Monmorphemic",0.00505050505050505
"no_sem__equal_domains__hamming","Must_be_stressed_as_object_after_particle",0.111111111111111
"no_sem__equal_domains__hamming","Start_with_th",0.111111111111111
"no_sem__equal_domains__hamming","Start_with_hw",0.111111111111111
"no_sem__equal_domains__hamming","can_be_followed_by_adjective_such",0.00666666666666667
"no_sem__equal_domains__hamming","can_be_modified_by_almost",0.00666666666666667
"no_sem__equal_domains__hamming","can_be_modified_by_approximately",0.00666666666666667
"no_sem__equal_domains__hamming","can_be_modified_by_at_least",0.00666666666666667
"no_sem__equal_domains__hamming","can_be_modified_by_hardly",0.00666666666666667
"no_sem__equal_domains__hamming","can_be_modified_by_not",0.00666666666666667
"no_sem__equal_domains__hamming","can_be_modified_by_adverb_very",0.00666666666666667
"no_sem__equal_domains__hamming","Coordinates_with_independent_genitives",0.00666666666666667
"no_sem__equal_domains__hamming","Coordinates_with_dependent_genitives",0.00666666666666667
"no_sem__equal_domains__hamming","Coordinates_with_NPs",0.00666666666666667
"no_sem__equal_domains__hamming","intensifying_reduplication",0.00666666666666667
"no_sem__equal_domains__hamming","selects_singular_heads",0.00666666666666667
"no_sem__equal_domains__hamming","selects_count_singular_heads",0.00666666666666667
"no_sem__equal_domains__hamming","selects_non_count_heads",0.00666666666666667
"no_sem__equal_domains__hamming","selects_plural_heads",0.00666666666666667
"no_sem__equal_domains__hamming","compatible_count_sing_NP",0.00666666666666667
"no_sem__equal_domains__hamming","compatible_count_plur_NP",0.00666666666666667
"no_sem__equal_domains__hamming","compatible_non_count_NP",0.00666666666666667
"no_sem__equal_domains__hamming","Forms_universal_pronouns_before_all",0.00666666666666667
"no_sem__equal_domains__hamming","functions_as_a_predeterminer_modifier",0.00666666666666667
"no_sem__equal_domains__hamming","functions_as_prehead_modifier_in_nominal",0.00666666666666667
"no_sem__equal_domains__hamming","functions_as_degree_modifier_in_AdjP",0.00666666666666667
"no_sem__equal_domains__hamming","functions_as_predicative_complement",0.00666666666666667
"no_sem__equal_domains__hamming","functions_as_predicative_complement_to_seem",0.00666666666666667
"no_sem__equal_domains__hamming","functions_as_marker_of_coordination",0.00666666666666667
"no_sem__equal_domains__hamming","functions_as_fused_determiner_head",0.00666666666666667
"no_sem__equal_domains__hamming","functions_as_head_of_partitive_construction",0.00666666666666667
"no_sem__equal_domains__hamming","functions_as_adjunct_in_clause_structure",0.00666666666666667
"no_sem__equal_domains__hamming","functions_as_attrib_modifier_in_nominal",0.00666666666666667
"no_sem__equal_domains__hamming","appears_in_subject",0.00666666666666667
"no_sem__equal_domains__hamming","appears_in_object",0.00666666666666667
"no_sem__equal_domains__hamming","functions_as_post_head_modifier_of_it_or_them",0.00666666666666667
"no_sem__equal_domains__hamming","functions_as_post_head_modifier_of_N",0.00666666666666667
"no_sem__equal_domains__hamming","appears_in_existentials_there_s_on_the_table",0.00666666666666667
"no_sem__equal_domains__hamming","functions_as_determiner_in_day_s_time_ago",0.00666666666666667
"no_sem__equal_domains__hamming","functions_as_subject_of_present_participal_of_joining_you",0.00666666666666667
"no_sem__equal_domains__hamming","Functions_as_subject_of_interrogative_tag",0.00666666666666667
"no_sem__equal_domains__hamming","functions_as_subject_determiner",0.00666666666666667
"no_sem__equal_domains__hamming","functions_in_vocative",0.00666666666666667
"no_sem__equal_domains__hamming","May_coordinate_with_non_fused_determiners",0.00666666666666667
"no_sem__equal_domains__hamming","must_be_outranked_by_a_coindexed_element",0.00666666666666667
"no_sem__equal_domains__hamming","takes_predeterminer_modifiers_all_or_both",0.00666666666666667
"no_sem__equal_domains__hamming","occurs_after_predeterminer_modifiers_fractions",0.00666666666666667
"no_sem__equal_domains__hamming","occurs_after_predeterminer_modifiers_multipliers",0.00666666666666667
"no_sem__equal_domains__hamming","ironic_use_of_repetition",0.00666666666666667
"no_sem__equal_domains__hamming","take_poor_lucky_silly_as_attrib_modifiers",0.00666666666666667
"no_sem__equal_domains__hamming","takes_adverb_quite_as_a_modifier",0.00666666666666667
"no_sem__equal_domains__hamming","takes_else_or_more_as_a_post_head_dependent",0.00666666666666667
"no_sem__equal_domains__hamming","accepts_genitive_apstrophe_s",0.00666666666666667
"no_sem__equal_domains__hamming","takes_post_head_modifier_the_hell",0.00666666666666667
"no_sem__equal_domains__jaccard","a",0.00505050505050505
"no_sem__equal_domains__jaccard","another",0.00505050505050505
"no_sem__equal_domains__jaccard","any",0.00505050505050505
"no_sem__equal_domains__jaccard","body",0.00505050505050505
"no_sem__equal_domains__jaccard","certain",0.00505050505050505
"no_sem__equal_domains__jaccard","day",0.00505050505050505
"no_sem__equal_domains__jaccard","each",0.00505050505050505
"no_sem__equal_domains__jaccard","each_other",0.00505050505050505
"no_sem__equal_domains__jaccard","either",0.00505050505050505
"no_sem__equal_domains__jaccard","ever",0.00505050505050505
"no_sem__equal_domains__jaccard","every",0.00505050505050505
"no_sem__equal_domains__jaccard","few",0.00505050505050505
"no_sem__equal_domains__jaccard","her",0.00505050505050505
"no_sem__equal_domains__jaccard","him",0.00505050505050505
"no_sem__equal_domains__jaccard","it",0.00505050505050505
"no_sem__equal_domains__jaccard","its",0.00505050505050505
"no_sem__equal_domains__jaccard","little",0.00505050505050505
"no_sem__equal_domains__jaccard","many",0.00505050505050505
"no_sem__equal_domains__jaccard","many_a",0.00505050505050505
"no_sem__equal_domains__jaccard","my",0.00505050505050505
"no_sem__equal_domains__jaccard","no",0.00505050505050505
"no_sem__equal_domains__jaccard","no_one",0.00505050505050505
"no_sem__equal_domains__jaccard","one",0.00505050505050505
"no_sem__equal_domains__jaccard","one_s",0.00505050505050505
"no_sem__equal_domains__jaccard","other",0.00505050505050505
"no_sem__equal_domains__jaccard","our",0.00505050505050505
"no_sem__equal_domains__jaccard","ours",0.00505050505050505
"no_sem__equal_domains__jaccard","self",0.00505050505050505
"no_sem__equal_domains__jaccard","some",0.00505050505050505
"no_sem__equal_domains__jaccard","their",0.00505050505050505
"no_sem__equal_domains__jaccard","theirs",0.00505050505050505
"no_sem__equal_domains__jaccard","them",0.00505050505050505
"no_sem__equal_domains__jaccard","they",0.00505050505050505
"no_sem__equal_domains__jaccard","thing",0.00505050505050505
"no_sem__equal_domains__jaccard","to",0.00505050505050505
"no_sem__equal_domains__jaccard","us",0.00505050505050505
"no_sem__equal_domains__jaccard","we",0.00505050505050505
"no_sem__equal_domains__jaccard","what",0.00505050505050505
"no_sem__equal_domains__jaccard","whatever",0.00505050505050505
"no_sem__equal_domains__jaccard","where",0.00505050505050505
"no_sem__equal_domains__jaccard","which",0.00505050505050505
"no_sem__equal_domains__jaccard","whichever",0.00505050505050505
"no_sem__equal_domains__jaccard","who",0.00505050505050505
"no_sem__equal_domains__jaccard","whoever",0.00505050505050505
"no_sem__equal_domains__jaccard","whom",0.00505050505050505
"no_sem__equal_domains__jaccard","whose",0.00505050505050505
"no_sem__equal_domains__jaccard","whosoever",0.00505050505050505
"no_sem__equal_domains__jaccard","you",0.00505050505050505
"no_sem__equal_domains__jaccard","your",0.00505050505050505
"no_sem__equal_domains__jaccard","yours",0.00505050505050505
"no_sem__equal_domains__jaccard","genitive_case",0.00505050505050505
"no_sem__equal_domains__jaccard","accusative_case",0.00505050505050505
"no_sem__equal_domains__jaccard","nominative_case",0.00505050505050505
"no_sem__equal_domains__jaccard","in_word_formation_e_g_a_many_sided_shape",0.00505050505050505
"no_sem__equal_domains__jaccard","has_derivationtionally_related_words",0.00505050505050505
"no_sem__equal_domains__jaccard","has_corresponding_word",0.00505050505050505
"no_sem__equal_domains__jaccard","compound_word",0.00505050505050505
"no_sem__equal_domains__jaccard","inflects_for_case",0.00505050505050505
"no_sem__equal_domains__jaccard","paradigm_has_distinct_acc_form",0.00505050505050505
"no_sem__equal_domains__jaccard","paradigm_has_genitive_form",0.00505050505050505
"no_sem__equal_domains__jaccard","paradigm_has_distinct_independent_genitive_form",0.00505050505050505
"no_sem__equal_domains__jaccard","paradigm_has_distinct_self_form",0.00505050505050505
"no_sem__equal_domains__jaccard","paradigm_has_comparative_and_superlative_forms",0.00505050505050505
"no_sem__equal_domains__jaccard","paradigm_has_distinct_plural_form",0.00505050505050505
"no_sem__equal_domains__jaccard","does_not_inflect",0.00505050505050505
"no_sem__equal_domains__jaccard","Monmorphemic",0.00505050505050505
"no_sem__equal_domains__jaccard","Must_be_stressed_as_object_after_particle",0.111111111111111
"no_sem__equal_domains__jaccard","Start_with_th",0.111111111111111
"no_sem__equal_domains__jaccard","Start_with_hw",0.111111111111111
"no_sem__equal_domains__jaccard","can_be_followed_by_adjective_such",0.00666666666666667
"no_sem__equal_domains__jaccard","can_be_modified_by_almost",0.00666666666666667
"no_sem__equal_domains__jaccard","can_be_modified_by_approximately",0.00666666666666667
"no_sem__equal_domains__jaccard","can_be_modified_by_at_least",0.00666666666666667
"no_sem__equal_domains__jaccard","can_be_modified_by_hardly",0.00666666666666667
"no_sem__equal_domains__jaccard","can_be_modified_by_not",0.00666666666666667
"no_sem__equal_domains__jaccard","can_be_modified_by_adverb_very",0.00666666666666667
"no_sem__equal_domains__jaccard","Coordinates_with_independent_genitives",0.00666666666666667
"no_sem__equal_domains__jaccard","Coordinates_with_dependent_genitives",0.00666666666666667
"no_sem__equal_domains__jaccard","Coordinates_with_NPs",0.00666666666666667
"no_sem__equal_domains__jaccard","intensifying_reduplication",0.00666666666666667
"no_sem__equal_domains__jaccard","selects_singular_heads",0.00666666666666667
"no_sem__equal_domains__jaccard","selects_count_singular_heads",0.00666666666666667
"no_sem__equal_domains__jaccard","selects_non_count_heads",0.00666666666666667
"no_sem__equal_domains__jaccard","selects_plural_heads",0.00666666666666667
"no_sem__equal_domains__jaccard","compatible_count_sing_NP",0.00666666666666667
"no_sem__equal_domains__jaccard","compatible_count_plur_NP",0.00666666666666667
"no_sem__equal_domains__jaccard","compatible_non_count_NP",0.00666666666666667
"no_sem__equal_domains__jaccard","Forms_universal_pronouns_before_all",0.00666666666666667
"no_sem__equal_domains__jaccard","functions_as_a_predeterminer_modifier",0.00666666666666667
"no_sem__equal_domains__jaccard","functions_as_prehead_modifier_in_nominal",0.00666666666666667
"no_sem__equal_domains__jaccard","functions_as_degree_modifier_in_AdjP",0.00666666666666667
"no_sem__equal_domains__jaccard","functions_as_predicative_complement",0.00666666666666667
"no_sem__equal_domains__jaccard","functions_as_predicative_complement_to_seem",0.00666666666666667
"no_sem__equal_domains__jaccard","functions_as_marker_of_coordination",0.00666666666666667
"no_sem__equal_domains__jaccard","functions_as_fused_determiner_head",0.00666666666666667
"no_sem__equal_domains__jaccard","functions_as_head_of_partitive_construction",0.00666666666666667
"no_sem__equal_domains__jaccard","functions_as_adjunct_in_clause_structure",0.00666666666666667
"no_sem__equal_domains__jaccard","functions_as_attrib_modifier_in_nominal",0.00666666666666667
"no_sem__equal_domains__jaccard","appears_in_subject",0.00666666666666667
"no_sem__equal_domains__jaccard","appears_in_object",0.00666666666666667
"no_sem__equal_domains__jaccard","functions_as_post_head_modifier_of_it_or_them",0.00666666666666667
"no_sem__equal_domains__jaccard","functions_as_post_head_modifier_of_N",0.00666666666666667
"no_sem__equal_domains__jaccard","appears_in_existentials_there_s_on_the_table",0.00666666666666667
"no_sem__equal_domains__jaccard","functions_as_determiner_in_day_s_time_ago",0.00666666666666667
"no_sem__equal_domains__jaccard","functions_as_subject_of_present_participal_of_joining_you",0.00666666666666667
"no_sem__equal_domains__jaccard","Functions_as_subject_of_interrogative_tag",0.00666666666666667
"no_sem__equal_domains__jaccard","functions_as_subject_determiner",0.00666666666666667
"no_sem__equal_domains__jaccard","functions_in_vocative",0.00666666666666667
"no_sem__equal_domains__jaccard","May_coordinate_with_non_fused_determiners",0.00666666666666667
"no_sem__equal_domains__jaccard","must_be_outranked_by_a_coindexed_element",0.00666666666666667
"no_sem__equal_domains__jaccard","takes_predeterminer_modifiers_all_or_both",0.00666666666666667
"no_sem__equal_domains__jaccard","occurs_after_predeterminer_modifiers_fractions",0.00666666666666667
"no_sem__equal_domains__jaccard","occurs_after_predeterminer_modifiers_multipliers",0.00666666666666667
"no_sem__equal_domains__jaccard","ironic_use_of_repetition",0.00666666666666667
"no_sem__equal_domains__jaccard","take_poor_lucky_silly_as_attrib_modifiers",0.00666666666666667
"no_sem__equal_domains__jaccard","takes_adverb_quite_as_a_modifier",0.00666666666666667
"no_sem__equal_domains__jaccard","takes_else_or_more_as_a_post_head_dependent",0.00666666666666667
"no_sem__equal_domains__jaccard","accepts_genitive_apstrophe_s",0.00666666666666667
"no_sem__equal_domains__jaccard","takes_post_head_modifier_the_hell",0.00666666666666667
"no_sem__idf_presence__jaccard","a",0.00916955230379087
"no_sem__idf_presence__jaccard","another",0.0123276837687397
"no_sem__idf_presence__jaccard","any",0.0106828975120453
"no_sem__idf_presence__jaccard","body",0.0114013881855667
"no_sem__idf_presence__jaccard","certain",0.0136332240673424
"no_sem__idf_presence__jaccard","day",0.0136332240673424
"no_sem__idf_presence__jaccard","each",0.0136332240673424
"no_sem__idf_presence__jaccard","each_other",0.0158650599491182
"no_sem__idf_presence__jaccard","either",0.0136332240673424
"no_sem__idf_presence__jaccard","ever",0.00736766861941442
"no_sem__idf_presence__jaccard","every",0.0106828975120453
"no_sem__idf_presence__jaccard","few",0.0114013881855667
"no_sem__idf_presence__jaccard","her",0.0114013881855667
"no_sem__idf_presence__jaccard","him",0.0136332240673424
"no_sem__idf_presence__jaccard","it",0.0114013881855667
"no_sem__idf_presence__jaccard","its",0.0136332240673424
"no_sem__idf_presence__jaccard","little",0.0136332240673424
"no_sem__idf_presence__jaccard","many",0.0136332240673424
"no_sem__idf_presence__jaccard","many_a",0.0136332240673424
"no_sem__idf_presence__jaccard","my",0.0136332240673424
"no_sem__idf_presence__jaccard","no",0.0100958478869639
"no_sem__idf_presence__jaccard","no_one",0.0136332240673424
"no_sem__idf_presence__jaccard","one",0.00814417633209382
"no_sem__idf_presence__jaccard","one_s",0.0136332240673424
"no_sem__idf_presence__jaccard","other",0.0123276837687397
"no_sem__idf_presence__jaccard","our",0.0123276837687397
"no_sem__idf_presence__jaccard","ours",0.0136332240673424
"no_sem__idf_presence__jaccard","self",0.00845106163026954
"no_sem__idf_presence__jaccard","some",0.0100958478869639
"no_sem__idf_presence__jaccard","their",0.0114013881855667
"no_sem__idf_presence__jaccard","theirs",0.0136332240673424
"no_sem__idf_presence__jaccard","them",0.0114013881855667
"no_sem__idf_presence__jaccard","they",0.0136332240673424
"no_sem__idf_presence__jaccard","thing",0.0114013881855667
"no_sem__idf_presence__jaccard","to",0.0123276837687397
"no_sem__idf_presence__jaccard","us",0.0136332240673424
"no_sem__idf_presence__jaccard","we",0.0136332240673424
"no_sem__idf_presence__jaccard","what",0.0106828975120453
"no_sem__idf_presence__jaccard","whatever",0.0136332240673424
"no_sem__idf_presence__jaccard","where",0.0114013881855667
"no_sem__idf_presence__jaccard","which",0.0106828975120453
"no_sem__idf_presence__jaccard","whichever",0.0136332240673424
"no_sem__idf_presence__jaccard","who",0.00814417633209382
"no_sem__idf_presence__jaccard","whoever",0.0136332240673424
"no_sem__idf_presence__jaccard","whom",0.0136332240673424
"no_sem__idf_presence__jaccard","whose",0.0136332240673424
"no_sem__idf_presence__jaccard","whosoever",0.0136332240673424
"no_sem__idf_presence__jaccard","you",0.00879030758836112
"no_sem__idf_presence__jaccard","your",0.0100958478869639
"no_sem__idf_presence__jaccard","yours",0.0136332240673424
"no_sem__idf_presence__jaccard","genitive_case",0.00591234045031804
"no_sem__idf_presence__jaccard","accusative_case",0.00814417633209382
"no_sem__idf_presence__jaccard","nominative_case",0.00814417633209382
"no_sem__idf_presence__jaccard","in_word_formation_e_g_a_many_sided_shape",0.00502284365120768
"no_sem__idf_presence__jaccard","has_derivationtionally_related_words",0.00179605588448917
"no_sem__idf_presence__jaccard","has_corresponding_word",0.00415254701965647
"no_sem__idf_presence__jaccard","compound_word",0.00340034024163654
"no_sem__idf_presence__jaccard","inflects_for_case",0.00196335889459387
"no_sem__idf_presence__jaccard","paradigm_has_distinct_acc_form",0.00390788314673181
"no_sem__idf_presence__jaccard","paradigm_has_genitive_form",0.0031426140442711
"no_sem__idf_presence__jaccard","paradigm_has_distinct_independent_genitive_form",0.00460680015171527
"no_sem__idf_presence__jaccard","paradigm_has_distinct_self_form",0.00375452756555881
"no_sem__idf_presence__jaccard","paradigm_has_comparative_and_superlative_forms",0.00845106163026954
"no_sem__idf_presence__jaccard","paradigm_has_distinct_plural_form",0.00591234045031804
"no_sem__idf_presence__jaccard","does_not_inflect",0.00257627097645982
"no_sem__idf_presence__jaccard","Monmorphemic",0.00218550618234152
"no_sem__idf_presence__jaccard","Must_be_stressed_as_object_after_particle",0.00398738986671797
"no_sem__idf_presence__jaccard","Start_with_th",0.00674251371459052
"no_sem__idf_presence__jaccard","Start_with_hw",0.00879030758836112
"no_sem__idf_presence__jaccard","can_be_followed_by_adjective_such",0.00470588054023931
"no_sem__idf_presence__jaccard","can_be_modified_by_almost",0.00353737618037855
"no_sem__idf_presence__jaccard","can_be_modified_by_approximately",0.00693771642201509
"no_sem__idf_presence__jaccard","can_be_modified_by_at_least",0.0025247521404331
"no_sem__idf_presence__jaccard","can_be_modified_by_hardly",0.00491368544989099
"no_sem__idf_presence__jaccard","can_be_modified_by_not",0.0044173420641173
"no_sem__idf_presence__jaccard","can_be_modified_by_adverb_very",0.0114013881855667
"no_sem__idf_presence__jaccard","Coordinates_with_independent_genitives",0.00320513753421197
"no_sem__idf_presence__jaccard","Coordinates_with_dependent_genitives",0.0078640120051881
"no_sem__idf_presence__jaccard","Coordinates_with_NPs",0.000849445668890839
"no_sem__idf_presence__jaccard","intensifying_reduplication",0.0123276837687397
"no_sem__idf_presence__jaccard","selects_singular_heads",0.00621922574849376
"no_sem__idf_presence__jaccard","selects_count_singular_heads",0.00621922574849376
"no_sem__idf_presence__jaccard","selects_non_count_heads",0.00760628580782267
"no_sem__idf_presence__jaccard","selects_plural_heads",0.00537444992604688
"no_sem__idf_presence__jaccard","compatible_count_sing_NP",0.00296201389502093
"no_sem__idf_presence__jaccard","compatible_count_plur_NP",0.0031426140442711
"no_sem__idf_presence__jaccard","compatible_non_count_NP",0.00398738986671797
"no_sem__idf_presence__jaccard","Forms_universal_pronouns_before_all",0.0106828975120453
"no_sem__idf_presence__jaccard","functions_as_a_predeterminer_modifier",0.0100958478869639
"no_sem__idf_presence__jaccard","functions_as_prehead_modifier_in_nominal",0.00760628580782267
"no_sem__idf_presence__jaccard","functions_as_degree_modifier_in_AdjP",0.00736766861941442
"no_sem__idf_presence__jaccard","functions_as_predicative_complement",0.00152269168378303
"no_sem__idf_presence__jaccard","functions_as_predicative_complement_to_seem",0.00674251371459052
"no_sem__idf_presence__jaccard","functions_as_marker_of_coordination",0.0136332240673424
"no_sem__idf_presence__jaccard","functions_as_fused_determiner_head",0.00296201389502093
"no_sem__idf_presence__jaccard","functions_as_head_of_partitive_construction",0.00423841500326991
"no_sem__idf_presence__jaccard","functions_as_adjunct_in_clause_structure",0.00415254701965647
"no_sem__idf_presence__jaccard","functions_as_attrib_modifier_in_nominal",0.00621922574849376
"no_sem__idf_presence__jaccard","appears_in_subject",0.000587049625081434
"no_sem__idf_presence__jaccard","appears_in_object",0.000476958266662508
"no_sem__idf_presence__jaccard","functions_as_post_head_modifier_of_it_or_them",0.0123276837687397
"no_sem__idf_presence__jaccard","functions_as_post_head_modifier_of_N",0.0114013881855667
"no_sem__idf_presence__jaccard","appears_in_existentials_there_s_on_the_table",0.00406890962744412
"no_sem__idf_presence__jaccard","functions_as_determiner_in_day_s_time_ago",0.00714552133166677
"no_sem__idf_presence__jaccard","functions_as_subject_of_present_participal_of_joining_you",0.00137630926951244
"no_sem__idf_presence__jaccard","Functions_as_subject_of_interrogative_tag",0.00814417633209382
"no_sem__idf_presence__jaccard","functions_as_subject_determiner",0.0078640120051881
"no_sem__idf_presence__jaccard","functions_in_vocative",0.00814417633209382
"no_sem__idf_presence__jaccard","May_coordinate_with_non_fused_determiners",0.00460680015171527
"no_sem__idf_presence__jaccard","must_be_outranked_by_a_coindexed_element",0.0078640120051881
"no_sem__idf_presence__jaccard","takes_predeterminer_modifiers_all_or_both",0.00513583273763864
"no_sem__idf_presence__jaccard","occurs_after_predeterminer_modifiers_fractions",0.00340034024163654
"no_sem__idf_presence__jaccard","occurs_after_predeterminer_modifiers_multipliers",0.00340034024163654
"no_sem__idf_presence__jaccard","ironic_use_of_repetition",0.00714552133166677
"no_sem__idf_presence__jaccard","take_poor_lucky_silly_as_attrib_modifiers",0.0095995045011902
"no_sem__idf_presence__jaccard","takes_adverb_quite_as_a_modifier",0.00340034024163654
"no_sem__idf_presence__jaccard","takes_else_or_more_as_a_post_head_dependent",0.00491368544989099
"no_sem__idf_presence__jaccard","accepts_genitive_apstrophe_s",0.00563217612341232
"no_sem__idf_presence__jaccard","takes_post_head_modifier_the_hell",0.0106828975120453
"no_synt__equal_features__sqrt_hamming","a",0.00952380952380952
"no_synt__equal_features__sqrt_hamming","another",0.00952380952380952
"no_synt__equal_features__sqrt_hamming","any",0.00952380952380952
"no_synt__equal_features__sqrt_hamming","body",0.00952380952380952
"no_synt__equal_features__sqrt_hamming","certain",0.00952380952380952
"no_synt__equal_features__sqrt_hamming","day",0.00952380952380952
"no_synt__equal_features__sqrt_hamming","each",0.00952380952380952
"no_synt__equal_features__sqrt_hamming","each_other",0.00952380952380952
"no_synt__equal_features__sqrt_hamming","either",0.00952380952380952
"no_synt__equal_features__sqrt_hamming","ever",0.00952380952380952
"no_synt__equal_features__sqrt_hamming","every",0.00952380952380952
"no_synt__equal_features__sqrt_hamming","few",0.00952380952380952
"no_synt__equal_features__sqrt_hamming","her",0.00952380952380952
"no_synt__equal_features__sqrt_hamming","him",0.00952380952380952
"no_synt__equal_features__sqrt_hamming","it",0.00952380952380952
"no_synt__equal_features__sqrt_hamming","its",0.00952380952380952
"no_synt__equal_features__sqrt_hamming","little",0.00952380952380952
"no_synt__equal_features__sqrt_hamming","many",0.00952380952380952
"no_synt__equal_features__sqrt_hamming","many_a",0.00952380952380952
"no_synt__equal_features__sqrt_hamming","my",0.00952380952380952
"no_synt__equal_features__sqrt_hamming","no",0.00952380952380952
"no_synt__equal_features__sqrt_hamming","no_one",0.00952380952380952
"no_synt__equal_features__sqrt_hamming","one",0.00952380952380952
"no_synt__equal_features__sqrt_hamming","one_s",0.00952380952380952
"no_synt__equal_features__sqrt_hamming","other",0.00952380952380952
"no_synt__equal_features__sqrt_hamming","our",0.00952380952380952
"no_synt__equal_features__sqrt_hamming","ours",0.00952380952380952
"no_synt__equal_features__sqrt_hamming","self",0.00952380952380952
"no_synt__equal_features__sqrt_hamming","some",0.00952380952380952
"no_synt__equal_features__sqrt_hamming","their",0.00952380952380952
"no_synt__equal_features__sqrt_hamming","theirs",0.00952380952380952
"no_synt__equal_features__sqrt_hamming","them",0.00952380952380952
"no_synt__equal_features__sqrt_hamming","they",0.00952380952380952
"no_synt__equal_features__sqrt_hamming","thing",0.00952380952380952
"no_synt__equal_features__sqrt_hamming","to",0.00952380952380952
"no_synt__equal_features__sqrt_hamming","us",0.00952380952380952
"no_synt__equal_features__sqrt_hamming","we",0.00952380952380952
"no_synt__equal_features__sqrt_hamming","what",0.00952380952380952
"no_synt__equal_features__sqrt_hamming","whatever",0.00952380952380952
"no_synt__equal_features__sqrt_hamming","where",0.00952380952380952
"no_synt__equal_features__sqrt_hamming","which",0.00952380952380952
"no_synt__equal_features__sqrt_hamming","whichever",0.00952380952380952
"no_synt__equal_features__sqrt_hamming","who",0.00952380952380952
"no_synt__equal_features__sqrt_hamming","whoever",0.00952380952380952
"no_synt__equal_features__sqrt_hamming","whom",0.00952380952380952
"no_synt__equal_features__sqrt_hamming","whose",0.00952380952380952
"no_synt__equal_features__sqrt_hamming","whosoever",0.00952380952380952
"no_synt__equal_features__sqrt_hamming","you",0.00952380952380952
"no_synt__equal_features__sqrt_hamming","your",0.00952380952380952
"no_synt__equal_features__sqrt_hamming","yours",0.00952380952380952
"no_synt__equal_features__sqrt_hamming","genitive_case",0.00952380952380952
"no_synt__equal_features__sqrt_hamming","accusative_case",0.00952380952380952
"no_synt__equal_features__sqrt_hamming","nominative_case",0.00952380952380952
"no_synt__equal_features__sqrt_hamming","in_word_formation_e_g_a_many_sided_shape",0.00952380952380952
"no_synt__equal_features__sqrt_hamming","has_derivationtionally_related_words",0.00952380952380952
"no_synt__equal_features__sqrt_hamming","has_corresponding_word",0.00952380952380952
"no_synt__equal_features__sqrt_hamming","compound_word",0.00952380952380952
"no_synt__equal_features__sqrt_hamming","inflects_for_case",0.00952380952380952
"no_synt__equal_features__sqrt_hamming","paradigm_has_distinct_acc_form",0.00952380952380952
"no_synt__equal_features__sqrt_hamming","paradigm_has_genitive_form",0.00952380952380952
"no_synt__equal_features__sqrt_hamming","paradigm_has_distinct_independent_genitive_form",0.00952380952380952
"no_synt__equal_features__sqrt_hamming","paradigm_has_distinct_self_form",0.00952380952380952
"no_synt__equal_features__sqrt_hamming","paradigm_has_comparative_and_superlative_forms",0.00952380952380952
"no_synt__equal_features__sqrt_hamming","paradigm_has_distinct_plural_form",0.00952380952380952
"no_synt__equal_features__sqrt_hamming","does_not_inflect",0.00952380952380952
"no_synt__equal_features__sqrt_hamming","Monmorphemic",0.00952380952380952
"no_synt__equal_features__sqrt_hamming","Must_be_stressed_as_object_after_particle",0.00952380952380952
"no_synt__equal_features__sqrt_hamming","Start_with_th",0.00952380952380952
"no_synt__equal_features__sqrt_hamming","Start_with_hw",0.00952380952380952
"no_synt__equal_features__sqrt_hamming","anaphoric_marker",0.00952380952380952
"no_synt__equal_features__sqrt_hamming","deictic_marker",0.00952380952380952
"no_synt__equal_features__sqrt_hamming","person_deixis",0.00952380952380952
"no_synt__equal_features__sqrt_hamming","pro_form",0.00952380952380952
"no_synt__equal_features__sqrt_hamming","personal_gender_as_head_or_fused_head",0.00952380952380952
"no_synt__equal_features__sqrt_hamming","non_personal_gender",0.00952380952380952
"no_synt__equal_features__sqrt_hamming","epicene_personal_gender",0.00952380952380952
"no_synt__equal_features__sqrt_hamming","masculine_gender",0.00952380952380952
"no_synt__equal_features__sqrt_hamming","feminine_gender",0.00952380952380952
"no_synt__equal_features__sqrt_hamming","definite",0.00952380952380952
"no_synt__equal_features__sqrt_hamming","indefinite",0.00952380952380952
"no_synt__equal_features__sqrt_hamming","existential",0.00952380952380952
"no_synt__equal_features__sqrt_hamming","universal",0.00952380952380952
"no_synt__equal_features__sqrt_hamming","free_choice",0.00952380952380952
"no_synt__equal_features__sqrt_hamming","negative",0.00952380952380952
"no_synt__equal_features__sqrt_hamming","interrogative",0.00952380952380952
"no_synt__equal_features__sqrt_hamming","non_affirmative",0.00952380952380952
"no_synt__equal_features__sqrt_hamming","reflexive",0.00952380952380952
"no_synt__equal_features__sqrt_hamming","reciprocal",0.00952380952380952
"no_synt__equal_features__sqrt_hamming","dual",0.00952380952380952
"no_synt__equal_features__sqrt_hamming","paucal",0.00952380952380952
"no_synt__equal_features__sqrt_hamming","multal",0.00952380952380952
"no_synt__equal_features__sqrt_hamming","proportional",0.00952380952380952
"no_synt__equal_features__sqrt_hamming","semantically_countable",0.00952380952380952
"no_synt__equal_features__sqrt_hamming","semantically_uncountable",0.00952380952380952
"no_synt__equal_features__sqrt_hamming","semantically_singular",0.00952380952380952
"no_synt__equal_features__sqrt_hamming","semantically_plural",0.00952380952380952
"no_synt__equal_features__sqrt_hamming","distributive",0.00952380952380952
"no_synt__equal_features__sqrt_hamming","joint",0.00952380952380952
"no_synt__equal_features__sqrt_hamming","cardinal",0.00952380952380952
"no_synt__equal_features__sqrt_hamming","disjunctive",0.00952380952380952
"no_synt__equal_features__sqrt_hamming","degree",0.00952380952380952
"no_synt__equal_features__sqrt_hamming","sufficiency",0.00952380952380952
"no_synt__equal_features__sqrt_hamming","temporal",0.00952380952380952
"no_synt__equal_features__sqrt_hamming","locative",0.00952380952380952
"no_synt__equal_features__sqrt_hamming","dummy",0.00952380952380952
"no_synt__equal_features__hamming","a",0.00952380952380952
"no_synt__equal_features__hamming","another",0.00952380952380952
"no_synt__equal_features__hamming","any",0.00952380952380952
"no_synt__equal_features__hamming","body",0.00952380952380952
"no_synt__equal_features__hamming","certain",0.00952380952380952
"no_synt__equal_features__hamming","day",0.00952380952380952
"no_synt__equal_features__hamming","each",0.00952380952380952
"no_synt__equal_features__hamming","each_other",0.00952380952380952
"no_synt__equal_features__hamming","either",0.00952380952380952
"no_synt__equal_features__hamming","ever",0.00952380952380952
"no_synt__equal_features__hamming","every",0.00952380952380952
"no_synt__equal_features__hamming","few",0.00952380952380952
"no_synt__equal_features__hamming","her",0.00952380952380952
"no_synt__equal_features__hamming","him",0.00952380952380952
"no_synt__equal_features__hamming","it",0.00952380952380952
"no_synt__equal_features__hamming","its",0.00952380952380952
"no_synt__equal_features__hamming","little",0.00952380952380952
"no_synt__equal_features__hamming","many",0.00952380952380952
"no_synt__equal_features__hamming","many_a",0.00952380952380952
"no_synt__equal_features__hamming","my",0.00952380952380952
"no_synt__equal_features__hamming","no",0.00952380952380952
"no_synt__equal_features__hamming","no_one",0.00952380952380952
"no_synt__equal_features__hamming","one",0.00952380952380952
"no_synt__equal_features__hamming","one_s",0.00952380952380952
"no_synt__equal_features__hamming","other",0.00952380952380952
"no_synt__equal_features__hamming","our",0.00952380952380952
"no_synt__equal_features__hamming","ours",0.00952380952380952
"no_synt__equal_features__hamming","self",0.00952380952380952
"no_synt__equal_features__hamming","some",0.00952380952380952
"no_synt__equal_features__hamming","their",0.00952380952380952
"no_synt__equal_features__hamming","theirs",0.00952380952380952
"no_synt__equal_features__hamming","them",0.00952380952380952
"no_synt__equal_features__hamming","they",0.00952380952380952
"no_synt__equal_features__hamming","thing",0.00952380952380952
"no_synt__equal_features__hamming","to",0.00952380952380952
"no_synt__equal_features__hamming","us",0.00952380952380952
"no_synt__equal_features__hamming","we",0.00952380952380952
"no_synt__equal_features__hamming","what",0.00952380952380952
"no_synt__equal_features__hamming","whatever",0.00952380952380952
"no_synt__equal_features__hamming","where",0.00952380952380952
"no_synt__equal_features__hamming","which",0.00952380952380952
"no_synt__equal_features__hamming","whichever",0.00952380952380952
"no_synt__equal_features__hamming","who",0.00952380952380952
"no_synt__equal_features__hamming","whoever",0.00952380952380952
"no_synt__equal_features__hamming","whom",0.00952380952380952
"no_synt__equal_features__hamming","whose",0.00952380952380952
"no_synt__equal_features__hamming","whosoever",0.00952380952380952
"no_synt__equal_features__hamming","you",0.00952380952380952
"no_synt__equal_features__hamming","your",0.00952380952380952
"no_synt__equal_features__hamming","yours",0.00952380952380952
"no_synt__equal_features__hamming","genitive_case",0.00952380952380952
"no_synt__equal_features__hamming","accusative_case",0.00952380952380952
"no_synt__equal_features__hamming","nominative_case",0.00952380952380952
"no_synt__equal_features__hamming","in_word_formation_e_g_a_many_sided_shape",0.00952380952380952
"no_synt__equal_features__hamming","has_derivationtionally_related_words",0.00952380952380952
"no_synt__equal_features__hamming","has_corresponding_word",0.00952380952380952
"no_synt__equal_features__hamming","compound_word",0.00952380952380952
"no_synt__equal_features__hamming","inflects_for_case",0.00952380952380952
"no_synt__equal_features__hamming","paradigm_has_distinct_acc_form",0.00952380952380952
"no_synt__equal_features__hamming","paradigm_has_genitive_form",0.00952380952380952
"no_synt__equal_features__hamming","paradigm_has_distinct_independent_genitive_form",0.00952380952380952
"no_synt__equal_features__hamming","paradigm_has_distinct_self_form",0.00952380952380952
"no_synt__equal_features__hamming","paradigm_has_comparative_and_superlative_forms",0.00952380952380952
"no_synt__equal_features__hamming","paradigm_has_distinct_plural_form",0.00952380952380952
"no_synt__equal_features__hamming","does_not_inflect",0.00952380952380952
"no_synt__equal_features__hamming","Monmorphemic",0.00952380952380952
"no_synt__equal_features__hamming","Must_be_stressed_as_object_after_particle",0.00952380952380952
"no_synt__equal_features__hamming","Start_with_th",0.00952380952380952
"no_synt__equal_features__hamming","Start_with_hw",0.00952380952380952
"no_synt__equal_features__hamming","anaphoric_marker",0.00952380952380952
"no_synt__equal_features__hamming","deictic_marker",0.00952380952380952
"no_synt__equal_features__hamming","person_deixis",0.00952380952380952
"no_synt__equal_features__hamming","pro_form",0.00952380952380952
"no_synt__equal_features__hamming","personal_gender_as_head_or_fused_head",0.00952380952380952
"no_synt__equal_features__hamming","non_personal_gender",0.00952380952380952
"no_synt__equal_features__hamming","epicene_personal_gender",0.00952380952380952
"no_synt__equal_features__hamming","masculine_gender",0.00952380952380952
"no_synt__equal_features__hamming","feminine_gender",0.00952380952380952
"no_synt__equal_features__hamming","definite",0.00952380952380952
"no_synt__equal_features__hamming","indefinite",0.00952380952380952
"no_synt__equal_features__hamming","existential",0.00952380952380952
"no_synt__equal_features__hamming","universal",0.00952380952380952
"no_synt__equal_features__hamming","free_choice",0.00952380952380952
"no_synt__equal_features__hamming","negative",0.00952380952380952
"no_synt__equal_features__hamming","interrogative",0.00952380952380952
"no_synt__equal_features__hamming","non_affirmative",0.00952380952380952
"no_synt__equal_features__hamming","reflexive",0.00952380952380952
"no_synt__equal_features__hamming","reciprocal",0.00952380952380952
"no_synt__equal_features__hamming","dual",0.00952380952380952
"no_synt__equal_features__hamming","paucal",0.00952380952380952
"no_synt__equal_features__hamming","multal",0.00952380952380952
"no_synt__equal_features__hamming","proportional",0.00952380952380952
"no_synt__equal_features__hamming","semantically_countable",0.00952380952380952
"no_synt__equal_features__hamming","semantically_uncountable",0.00952380952380952
"no_synt__equal_features__hamming","semantically_singular",0.00952380952380952
"no_synt__equal_features__hamming","semantically_plural",0.00952380952380952
"no_synt__equal_features__hamming","distributive",0.00952380952380952
"no_synt__equal_features__hamming","joint",0.00952380952380952
"no_synt__equal_features__hamming","cardinal",0.00952380952380952
"no_synt__equal_features__hamming","disjunctive",0.00952380952380952
"no_synt__equal_features__hamming","degree",0.00952380952380952
"no_synt__equal_features__hamming","sufficiency",0.00952380952380952
"no_synt__equal_features__hamming","temporal",0.00952380952380952
"no_synt__equal_features__hamming","locative",0.00952380952380952
"no_synt__equal_features__hamming","dummy",0.00952380952380952
"no_synt__equal_features__jaccard","a",0.00952380952380952
"no_synt__equal_features__jaccard","another",0.00952380952380952
"no_synt__equal_features__jaccard","any",0.00952380952380952
"no_synt__equal_features__jaccard","body",0.00952380952380952
"no_synt__equal_features__jaccard","certain",0.00952380952380952
"no_synt__equal_features__jaccard","day",0.00952380952380952
"no_synt__equal_features__jaccard","each",0.00952380952380952
"no_synt__equal_features__jaccard","each_other",0.00952380952380952
"no_synt__equal_features__jaccard","either",0.00952380952380952
"no_synt__equal_features__jaccard","ever",0.00952380952380952
"no_synt__equal_features__jaccard","every",0.00952380952380952
"no_synt__equal_features__jaccard","few",0.00952380952380952
"no_synt__equal_features__jaccard","her",0.00952380952380952
"no_synt__equal_features__jaccard","him",0.00952380952380952
"no_synt__equal_features__jaccard","it",0.00952380952380952
"no_synt__equal_features__jaccard","its",0.00952380952380952
"no_synt__equal_features__jaccard","little",0.00952380952380952
"no_synt__equal_features__jaccard","many",0.00952380952380952
"no_synt__equal_features__jaccard","many_a",0.00952380952380952
"no_synt__equal_features__jaccard","my",0.00952380952380952
"no_synt__equal_features__jaccard","no",0.00952380952380952
"no_synt__equal_features__jaccard","no_one",0.00952380952380952
"no_synt__equal_features__jaccard","one",0.00952380952380952
"no_synt__equal_features__jaccard","one_s",0.00952380952380952
"no_synt__equal_features__jaccard","other",0.00952380952380952
"no_synt__equal_features__jaccard","our",0.00952380952380952
"no_synt__equal_features__jaccard","ours",0.00952380952380952
"no_synt__equal_features__jaccard","self",0.00952380952380952
"no_synt__equal_features__jaccard","some",0.00952380952380952
"no_synt__equal_features__jaccard","their",0.00952380952380952
"no_synt__equal_features__jaccard","theirs",0.00952380952380952
"no_synt__equal_features__jaccard","them",0.00952380952380952
"no_synt__equal_features__jaccard","they",0.00952380952380952
"no_synt__equal_features__jaccard","thing",0.00952380952380952
"no_synt__equal_features__jaccard","to",0.00952380952380952
"no_synt__equal_features__jaccard","us",0.00952380952380952
"no_synt__equal_features__jaccard","we",0.00952380952380952
"no_synt__equal_features__jaccard","what",0.00952380952380952
"no_synt__equal_features__jaccard","whatever",0.00952380952380952
"no_synt__equal_features__jaccard","where",0.00952380952380952
"no_synt__equal_features__jaccard","which",0.00952380952380952
"no_synt__equal_features__jaccard","whichever",0.00952380952380952
"no_synt__equal_features__jaccard","who",0.00952380952380952
"no_synt__equal_features__jaccard","whoever",0.00952380952380952
"no_synt__equal_features__jaccard","whom",0.00952380952380952
"no_synt__equal_features__jaccard","whose",0.00952380952380952
"no_synt__equal_features__jaccard","whosoever",0.00952380952380952
"no_synt__equal_features__jaccard","you",0.00952380952380952
"no_synt__equal_features__jaccard","your",0.00952380952380952
"no_synt__equal_features__jaccard","yours",0.00952380952380952
"no_synt__equal_features__jaccard","genitive_case",0.00952380952380952
"no_synt__equal_features__jaccard","accusative_case",0.00952380952380952
"no_synt__equal_features__jaccard","nominative_case",0.00952380952380952
"no_synt__equal_features__jaccard","in_word_formation_e_g_a_many_sided_shape",0.00952380952380952
"no_synt__equal_features__jaccard","has_derivationtionally_related_words",0.00952380952380952
"no_synt__equal_features__jaccard","has_corresponding_word",0.00952380952380952
"no_synt__equal_features__jaccard","compound_word",0.00952380952380952
"no_synt__equal_features__jaccard","inflects_for_case",0.00952380952380952
"no_synt__equal_features__jaccard","paradigm_has_distinct_acc_form",0.00952380952380952
"no_synt__equal_features__jaccard","paradigm_has_genitive_form",0.00952380952380952
"no_synt__equal_features__jaccard","paradigm_has_distinct_independent_genitive_form",0.00952380952380952
"no_synt__equal_features__jaccard","paradigm_has_distinct_self_form",0.00952380952380952
"no_synt__equal_features__jaccard","paradigm_has_comparative_and_superlative_forms",0.00952380952380952
"no_synt__equal_features__jaccard","paradigm_has_distinct_plural_form",0.00952380952380952
"no_synt__equal_features__jaccard","does_not_inflect",0.00952380952380952
"no_synt__equal_features__jaccard","Monmorphemic",0.00952380952380952
"no_synt__equal_features__jaccard","Must_be_stressed_as_object_after_particle",0.00952380952380952
"no_synt__equal_features__jaccard","Start_with_th",0.00952380952380952
"no_synt__equal_features__jaccard","Start_with_hw",0.00952380952380952
"no_synt__equal_features__jaccard","anaphoric_marker",0.00952380952380952
"no_synt__equal_features__jaccard","deictic_marker",0.00952380952380952
"no_synt__equal_features__jaccard","person_deixis",0.00952380952380952
"no_synt__equal_features__jaccard","pro_form",0.00952380952380952
"no_synt__equal_features__jaccard","personal_gender_as_head_or_fused_head",0.00952380952380952
"no_synt__equal_features__jaccard","non_personal_gender",0.00952380952380952
"no_synt__equal_features__jaccard","epicene_personal_gender",0.00952380952380952
"no_synt__equal_features__jaccard","masculine_gender",0.00952380952380952
"no_synt__equal_features__jaccard","feminine_gender",0.00952380952380952
"no_synt__equal_features__jaccard","definite",0.00952380952380952
"no_synt__equal_features__jaccard","indefinite",0.00952380952380952
"no_synt__equal_features__jaccard","existential",0.00952380952380952
"no_synt__equal_features__jaccard","universal",0.00952380952380952
"no_synt__equal_features__jaccard","free_choice",0.00952380952380952
"no_synt__equal_features__jaccard","negative",0.00952380952380952
"no_synt__equal_features__jaccard","interrogative",0.00952380952380952
"no_synt__equal_features__jaccard","non_affirmative",0.00952380952380952
"no_synt__equal_features__jaccard","reflexive",0.00952380952380952
"no_synt__equal_features__jaccard","reciprocal",0.00952380952380952
"no_synt__equal_features__jaccard","dual",0.00952380952380952
"no_synt__equal_features__jaccard","paucal",0.00952380952380952
"no_synt__equal_features__jaccard","multal",0.00952380952380952
"no_synt__equal_features__jaccard","proportional",0.00952380952380952
"no_synt__equal_features__jaccard","semantically_countable",0.00952380952380952
"no_synt__equal_features__jaccard","semantically_uncountable",0.00952380952380952
"no_synt__equal_features__jaccard","semantically_singular",0.00952380952380952
"no_synt__equal_features__jaccard","semantically_plural",0.00952380952380952
"no_synt__equal_features__jaccard","distributive",0.00952380952380952
"no_synt__equal_features__jaccard","joint",0.00952380952380952
"no_synt__equal_features__jaccard","cardinal",0.00952380952380952
"no_synt__equal_features__jaccard","disjunctive",0.00952380952380952
"no_synt__equal_features__jaccard","degree",0.00952380952380952
"no_synt__equal_features__jaccard","sufficiency",0.00952380952380952
"no_synt__equal_features__jaccard","temporal",0.00952380952380952
"no_synt__equal_features__jaccard","locative",0.00952380952380952
"no_synt__equal_features__jaccard","dummy",0.00952380952380952
"no_synt__equal_domains__sqrt_hamming","a",0.00505050505050506
"no_synt__equal_domains__sqrt_hamming","another",0.00505050505050506
"no_synt__equal_domains__sqrt_hamming","any",0.00505050505050506
"no_synt__equal_domains__sqrt_hamming","body",0.00505050505050506
"no_synt__equal_domains__sqrt_hamming","certain",0.00505050505050506
"no_synt__equal_domains__sqrt_hamming","day",0.00505050505050506
"no_synt__equal_domains__sqrt_hamming","each",0.00505050505050506
"no_synt__equal_domains__sqrt_hamming","each_other",0.00505050505050506
"no_synt__equal_domains__sqrt_hamming","either",0.00505050505050506
"no_synt__equal_domains__sqrt_hamming","ever",0.00505050505050506
"no_synt__equal_domains__sqrt_hamming","every",0.00505050505050506
"no_synt__equal_domains__sqrt_hamming","few",0.00505050505050506
"no_synt__equal_domains__sqrt_hamming","her",0.00505050505050506
"no_synt__equal_domains__sqrt_hamming","him",0.00505050505050506
"no_synt__equal_domains__sqrt_hamming","it",0.00505050505050506
"no_synt__equal_domains__sqrt_hamming","its",0.00505050505050506
"no_synt__equal_domains__sqrt_hamming","little",0.00505050505050506
"no_synt__equal_domains__sqrt_hamming","many",0.00505050505050506
"no_synt__equal_domains__sqrt_hamming","many_a",0.00505050505050506
"no_synt__equal_domains__sqrt_hamming","my",0.00505050505050506
"no_synt__equal_domains__sqrt_hamming","no",0.00505050505050506
"no_synt__equal_domains__sqrt_hamming","no_one",0.00505050505050506
"no_synt__equal_domains__sqrt_hamming","one",0.00505050505050506
"no_synt__equal_domains__sqrt_hamming","one_s",0.00505050505050506
"no_synt__equal_domains__sqrt_hamming","other",0.00505050505050506
"no_synt__equal_domains__sqrt_hamming","our",0.00505050505050506
"no_synt__equal_domains__sqrt_hamming","ours",0.00505050505050506
"no_synt__equal_domains__sqrt_hamming","self",0.00505050505050506
"no_synt__equal_domains__sqrt_hamming","some",0.00505050505050506
"no_synt__equal_domains__sqrt_hamming","their",0.00505050505050506
"no_synt__equal_domains__sqrt_hamming","theirs",0.00505050505050506
"no_synt__equal_domains__sqrt_hamming","them",0.00505050505050506
"no_synt__equal_domains__sqrt_hamming","they",0.00505050505050506
"no_synt__equal_domains__sqrt_hamming","thing",0.00505050505050506
"no_synt__equal_domains__sqrt_hamming","to",0.00505050505050506
"no_synt__equal_domains__sqrt_hamming","us",0.00505050505050506
"no_synt__equal_domains__sqrt_hamming","we",0.00505050505050506
"no_synt__equal_domains__sqrt_hamming","what",0.00505050505050506
"no_synt__equal_domains__sqrt_hamming","whatever",0.00505050505050506
"no_synt__equal_domains__sqrt_hamming","where",0.00505050505050506
"no_synt__equal_domains__sqrt_hamming","which",0.00505050505050506
"no_synt__equal_domains__sqrt_hamming","whichever",0.00505050505050506
"no_synt__equal_domains__sqrt_hamming","who",0.00505050505050506
"no_synt__equal_domains__sqrt_hamming","whoever",0.00505050505050506
"no_synt__equal_domains__sqrt_hamming","whom",0.00505050505050506
"no_synt__equal_domains__sqrt_hamming","whose",0.00505050505050506
"no_synt__equal_domains__sqrt_hamming","whosoever",0.00505050505050506
"no_synt__equal_domains__sqrt_hamming","you",0.00505050505050506
"no_synt__equal_domains__sqrt_hamming","your",0.00505050505050506
"no_synt__equal_domains__sqrt_hamming","yours",0.00505050505050506
"no_synt__equal_domains__sqrt_hamming","genitive_case",0.00505050505050506
"no_synt__equal_domains__sqrt_hamming","accusative_case",0.00505050505050506
"no_synt__equal_domains__sqrt_hamming","nominative_case",0.00505050505050506
"no_synt__equal_domains__sqrt_hamming","in_word_formation_e_g_a_many_sided_shape",0.00505050505050506
"no_synt__equal_domains__sqrt_hamming","has_derivationtionally_related_words",0.00505050505050506
"no_synt__equal_domains__sqrt_hamming","has_corresponding_word",0.00505050505050506
"no_synt__equal_domains__sqrt_hamming","compound_word",0.00505050505050506
"no_synt__equal_domains__sqrt_hamming","inflects_for_case",0.00505050505050506
"no_synt__equal_domains__sqrt_hamming","paradigm_has_distinct_acc_form",0.00505050505050506
"no_synt__equal_domains__sqrt_hamming","paradigm_has_genitive_form",0.00505050505050506
"no_synt__equal_domains__sqrt_hamming","paradigm_has_distinct_independent_genitive_form",0.00505050505050506
"no_synt__equal_domains__sqrt_hamming","paradigm_has_distinct_self_form",0.00505050505050506
"no_synt__equal_domains__sqrt_hamming","paradigm_has_comparative_and_superlative_forms",0.00505050505050506
"no_synt__equal_domains__sqrt_hamming","paradigm_has_distinct_plural_form",0.00505050505050506
"no_synt__equal_domains__sqrt_hamming","does_not_inflect",0.00505050505050506
"no_synt__equal_domains__sqrt_hamming","Monmorphemic",0.00505050505050506
"no_synt__equal_domains__sqrt_hamming","Must_be_stressed_as_object_after_particle",0.111111111111111
"no_synt__equal_domains__sqrt_hamming","Start_with_th",0.111111111111111
"no_synt__equal_domains__sqrt_hamming","Start_with_hw",0.111111111111111
"no_synt__equal_domains__sqrt_hamming","anaphoric_marker",0.00925925925925927
"no_synt__equal_domains__sqrt_hamming","deictic_marker",0.00925925925925927
"no_synt__equal_domains__sqrt_hamming","person_deixis",0.00925925925925927
"no_synt__equal_domains__sqrt_hamming","pro_form",0.00925925925925927
"no_synt__equal_domains__sqrt_hamming","personal_gender_as_head_or_fused_head",0.00925925925925927
"no_synt__equal_domains__sqrt_hamming","non_personal_gender",0.00925925925925927
"no_synt__equal_domains__sqrt_hamming","epicene_personal_gender",0.00925925925925927
"no_synt__equal_domains__sqrt_hamming","masculine_gender",0.00925925925925927
"no_synt__equal_domains__sqrt_hamming","feminine_gender",0.00925925925925927
"no_synt__equal_domains__sqrt_hamming","definite",0.00925925925925927
"no_synt__equal_domains__sqrt_hamming","indefinite",0.00925925925925927
"no_synt__equal_domains__sqrt_hamming","existential",0.00925925925925927
"no_synt__equal_domains__sqrt_hamming","universal",0.00925925925925927
"no_synt__equal_domains__sqrt_hamming","free_choice",0.00925925925925927
"no_synt__equal_domains__sqrt_hamming","negative",0.00925925925925927
"no_synt__equal_domains__sqrt_hamming","interrogative",0.00925925925925927
"no_synt__equal_domains__sqrt_hamming","non_affirmative",0.00925925925925927
"no_synt__equal_domains__sqrt_hamming","reflexive",0.00925925925925927
"no_synt__equal_domains__sqrt_hamming","reciprocal",0.00925925925925927
"no_synt__equal_domains__sqrt_hamming","dual",0.00925925925925927
"no_synt__equal_domains__sqrt_hamming","paucal",0.00925925925925927
"no_synt__equal_domains__sqrt_hamming","multal",0.00925925925925927
"no_synt__equal_domains__sqrt_hamming","proportional",0.00925925925925927
"no_synt__equal_domains__sqrt_hamming","semantically_countable",0.00925925925925927
"no_synt__equal_domains__sqrt_hamming","semantically_uncountable",0.00925925925925927
"no_synt__equal_domains__sqrt_hamming","semantically_singular",0.00925925925925927
"no_synt__equal_domains__sqrt_hamming","semantically_plural",0.00925925925925927
"no_synt__equal_domains__sqrt_hamming","distributive",0.00925925925925927
"no_synt__equal_domains__sqrt_hamming","joint",0.00925925925925927
"no_synt__equal_domains__sqrt_hamming","cardinal",0.00925925925925927
"no_synt__equal_domains__sqrt_hamming","disjunctive",0.00925925925925927
"no_synt__equal_domains__sqrt_hamming","degree",0.00925925925925927
"no_synt__equal_domains__sqrt_hamming","sufficiency",0.00925925925925927
"no_synt__equal_domains__sqrt_hamming","temporal",0.00925925925925927
"no_synt__equal_domains__sqrt_hamming","locative",0.00925925925925927
"no_synt__equal_domains__sqrt_hamming","dummy",0.00925925925925927
"no_synt__equal_domains__hamming","a",0.00505050505050506
"no_synt__equal_domains__hamming","another",0.00505050505050506
"no_synt__equal_domains__hamming","any",0.00505050505050506
"no_synt__equal_domains__hamming","body",0.00505050505050506
"no_synt__equal_domains__hamming","certain",0.00505050505050506
"no_synt__equal_domains__hamming","day",0.00505050505050506
"no_synt__equal_domains__hamming","each",0.00505050505050506
"no_synt__equal_domains__hamming","each_other",0.00505050505050506
"no_synt__equal_domains__hamming","either",0.00505050505050506
"no_synt__equal_domains__hamming","ever",0.00505050505050506
"no_synt__equal_domains__hamming","every",0.00505050505050506
"no_synt__equal_domains__hamming","few",0.00505050505050506
"no_synt__equal_domains__hamming","her",0.00505050505050506
"no_synt__equal_domains__hamming","him",0.00505050505050506
"no_synt__equal_domains__hamming","it",0.00505050505050506
"no_synt__equal_domains__hamming","its",0.00505050505050506
"no_synt__equal_domains__hamming","little",0.00505050505050506
"no_synt__equal_domains__hamming","many",0.00505050505050506
"no_synt__equal_domains__hamming","many_a",0.00505050505050506
"no_synt__equal_domains__hamming","my",0.00505050505050506
"no_synt__equal_domains__hamming","no",0.00505050505050506
"no_synt__equal_domains__hamming","no_one",0.00505050505050506
"no_synt__equal_domains__hamming","one",0.00505050505050506
"no_synt__equal_domains__hamming","one_s",0.00505050505050506
"no_synt__equal_domains__hamming","other",0.00505050505050506
"no_synt__equal_domains__hamming","our",0.00505050505050506
"no_synt__equal_domains__hamming","ours",0.00505050505050506
"no_synt__equal_domains__hamming","self",0.00505050505050506
"no_synt__equal_domains__hamming","some",0.00505050505050506
"no_synt__equal_domains__hamming","their",0.00505050505050506
"no_synt__equal_domains__hamming","theirs",0.00505050505050506
"no_synt__equal_domains__hamming","them",0.00505050505050506
"no_synt__equal_domains__hamming","they",0.00505050505050506
"no_synt__equal_domains__hamming","thing",0.00505050505050506
"no_synt__equal_domains__hamming","to",0.00505050505050506
"no_synt__equal_domains__hamming","us",0.00505050505050506
"no_synt__equal_domains__hamming","we",0.00505050505050506
"no_synt__equal_domains__hamming","what",0.00505050505050506
"no_synt__equal_domains__hamming","whatever",0.00505050505050506
"no_synt__equal_domains__hamming","where",0.00505050505050506
"no_synt__equal_domains__hamming","which",0.00505050505050506
"no_synt__equal_domains__hamming","whichever",0.00505050505050506
"no_synt__equal_domains__hamming","who",0.00505050505050506
"no_synt__equal_domains__hamming","whoever",0.00505050505050506
"no_synt__equal_domains__hamming","whom",0.00505050505050506
"no_synt__equal_domains__hamming","whose",0.00505050505050506
"no_synt__equal_domains__hamming","whosoever",0.00505050505050506
"no_synt__equal_domains__hamming","you",0.00505050505050506
"no_synt__equal_domains__hamming","your",0.00505050505050506
"no_synt__equal_domains__hamming","yours",0.00505050505050506
"no_synt__equal_domains__hamming","genitive_case",0.00505050505050506
"no_synt__equal_domains__hamming","accusative_case",0.00505050505050506
"no_synt__equal_domains__hamming","nominative_case",0.00505050505050506
"no_synt__equal_domains__hamming","in_word_formation_e_g_a_many_sided_shape",0.00505050505050506
"no_synt__equal_domains__hamming","has_derivationtionally_related_words",0.00505050505050506
"no_synt__equal_domains__hamming","has_corresponding_word",0.00505050505050506
"no_synt__equal_domains__hamming","compound_word",0.00505050505050506
"no_synt__equal_domains__hamming","inflects_for_case",0.00505050505050506
"no_synt__equal_domains__hamming","paradigm_has_distinct_acc_form",0.00505050505050506
"no_synt__equal_domains__hamming","paradigm_has_genitive_form",0.00505050505050506
"no_synt__equal_domains__hamming","paradigm_has_distinct_independent_genitive_form",0.00505050505050506
"no_synt__equal_domains__hamming","paradigm_has_distinct_self_form",0.00505050505050506
"no_synt__equal_domains__hamming","paradigm_has_comparative_and_superlative_forms",0.00505050505050506
"no_synt__equal_domains__hamming","paradigm_has_distinct_plural_form",0.00505050505050506
"no_synt__equal_domains__hamming","does_not_inflect",0.00505050505050506
"no_synt__equal_domains__hamming","Monmorphemic",0.00505050505050506
"no_synt__equal_domains__hamming","Must_be_stressed_as_object_after_particle",0.111111111111111
"no_synt__equal_domains__hamming","Start_with_th",0.111111111111111
"no_synt__equal_domains__hamming","Start_with_hw",0.111111111111111
"no_synt__equal_domains__hamming","anaphoric_marker",0.00925925925925927
"no_synt__equal_domains__hamming","deictic_marker",0.00925925925925927
"no_synt__equal_domains__hamming","person_deixis",0.00925925925925927
"no_synt__equal_domains__hamming","pro_form",0.00925925925925927
"no_synt__equal_domains__hamming","personal_gender_as_head_or_fused_head",0.00925925925925927
"no_synt__equal_domains__hamming","non_personal_gender",0.00925925925925927
"no_synt__equal_domains__hamming","epicene_personal_gender",0.00925925925925927
"no_synt__equal_domains__hamming","masculine_gender",0.00925925925925927
"no_synt__equal_domains__hamming","feminine_gender",0.00925925925925927
"no_synt__equal_domains__hamming","definite",0.00925925925925927
"no_synt__equal_domains__hamming","indefinite",0.00925925925925927
"no_synt__equal_domains__hamming","existential",0.00925925925925927
"no_synt__equal_domains__hamming","universal",0.00925925925925927
"no_synt__equal_domains__hamming","free_choice",0.00925925925925927
"no_synt__equal_domains__hamming","negative",0.00925925925925927
"no_synt__equal_domains__hamming","interrogative",0.00925925925925927
"no_synt__equal_domains__hamming","non_affirmative",0.00925925925925927
"no_synt__equal_domains__hamming","reflexive",0.00925925925925927
"no_synt__equal_domains__hamming","reciprocal",0.00925925925925927
"no_synt__equal_domains__hamming","dual",0.00925925925925927
"no_synt__equal_domains__hamming","paucal",0.00925925925925927
"no_synt__equal_domains__hamming","multal",0.00925925925925927
"no_synt__equal_domains__hamming","proportional",0.00925925925925927
"no_synt__equal_domains__hamming","semantically_countable",0.00925925925925927
"no_synt__equal_domains__hamming","semantically_uncountable",0.00925925925925927
"no_synt__equal_domains__hamming","semantically_singular",0.00925925925925927
"no_synt__equal_domains__hamming","semantically_plural",0.00925925925925927
"no_synt__equal_domains__hamming","distributive",0.00925925925925927
"no_synt__equal_domains__hamming","joint",0.00925925925925927
"no_synt__equal_domains__hamming","cardinal",0.00925925925925927
"no_synt__equal_domains__hamming","disjunctive",0.00925925925925927
"no_synt__equal_domains__hamming","degree",0.00925925925925927
"no_synt__equal_domains__hamming","sufficiency",0.00925925925925927
"no_synt__equal_domains__hamming","temporal",0.00925925925925927
"no_synt__equal_domains__hamming","locative",0.00925925925925927
"no_synt__equal_domains__hamming","dummy",0.00925925925925927
"no_synt__equal_domains__jaccard","a",0.00505050505050506
"no_synt__equal_domains__jaccard","another",0.00505050505050506
"no_synt__equal_domains__jaccard","any",0.00505050505050506
"no_synt__equal_domains__jaccard","body",0.00505050505050506
"no_synt__equal_domains__jaccard","certain",0.00505050505050506
"no_synt__equal_domains__jaccard","day",0.00505050505050506
"no_synt__equal_domains__jaccard","each",0.00505050505050506
"no_synt__equal_domains__jaccard","each_other",0.00505050505050506
"no_synt__equal_domains__jaccard","either",0.00505050505050506
"no_synt__equal_domains__jaccard","ever",0.00505050505050506
"no_synt__equal_domains__jaccard","every",0.00505050505050506
"no_synt__equal_domains__jaccard","few",0.00505050505050506
"no_synt__equal_domains__jaccard","her",0.00505050505050506
"no_synt__equal_domains__jaccard","him",0.00505050505050506
"no_synt__equal_domains__jaccard","it",0.00505050505050506
"no_synt__equal_domains__jaccard","its",0.00505050505050506
"no_synt__equal_domains__jaccard","little",0.00505050505050506
"no_synt__equal_domains__jaccard","many",0.00505050505050506
"no_synt__equal_domains__jaccard","many_a",0.00505050505050506
"no_synt__equal_domains__jaccard","my",0.00505050505050506
"no_synt__equal_domains__jaccard","no",0.00505050505050506
"no_synt__equal_domains__jaccard","no_one",0.00505050505050506
"no_synt__equal_domains__jaccard","one",0.00505050505050506
"no_synt__equal_domains__jaccard","one_s",0.00505050505050506
"no_synt__equal_domains__jaccard","other",0.00505050505050506
"no_synt__equal_domains__jaccard","our",0.00505050505050506
"no_synt__equal_domains__jaccard","ours",0.00505050505050506
"no_synt__equal_domains__jaccard","self",0.00505050505050506
"no_synt__equal_domains__jaccard","some",0.00505050505050506
"no_synt__equal_domains__jaccard","their",0.00505050505050506
"no_synt__equal_domains__jaccard","theirs",0.00505050505050506
"no_synt__equal_domains__jaccard","them",0.00505050505050506
"no_synt__equal_domains__jaccard","they",0.00505050505050506
"no_synt__equal_domains__jaccard","thing",0.00505050505050506
"no_synt__equal_domains__jaccard","to",0.00505050505050506
"no_synt__equal_domains__jaccard","us",0.00505050505050506
"no_synt__equal_domains__jaccard","we",0.00505050505050506
"no_synt__equal_domains__jaccard","what",0.00505050505050506
"no_synt__equal_domains__jaccard","whatever",0.00505050505050506
"no_synt__equal_domains__jaccard","where",0.00505050505050506
"no_synt__equal_domains__jaccard","which",0.00505050505050506
"no_synt__equal_domains__jaccard","whichever",0.00505050505050506
"no_synt__equal_domains__jaccard","who",0.00505050505050506
"no_synt__equal_domains__jaccard","whoever",0.00505050505050506
"no_synt__equal_domains__jaccard","whom",0.00505050505050506
"no_synt__equal_domains__jaccard","whose",0.00505050505050506
"no_synt__equal_domains__jaccard","whosoever",0.00505050505050506
"no_synt__equal_domains__jaccard","you",0.00505050505050506
"no_synt__equal_domains__jaccard","your",0.00505050505050506
"no_synt__equal_domains__jaccard","yours",0.00505050505050506
"no_synt__equal_domains__jaccard","genitive_case",0.00505050505050506
"no_synt__equal_domains__jaccard","accusative_case",0.00505050505050506
"no_synt__equal_domains__jaccard","nominative_case",0.00505050505050506
"no_synt__equal_domains__jaccard","in_word_formation_e_g_a_many_sided_shape",0.00505050505050506
"no_synt__equal_domains__jaccard","has_derivationtionally_related_words",0.00505050505050506
"no_synt__equal_domains__jaccard","has_corresponding_word",0.00505050505050506
"no_synt__equal_domains__jaccard","compound_word",0.00505050505050506
"no_synt__equal_domains__jaccard","inflects_for_case",0.00505050505050506
"no_synt__equal_domains__jaccard","paradigm_has_distinct_acc_form",0.00505050505050506
"no_synt__equal_domains__jaccard","paradigm_has_genitive_form",0.00505050505050506
"no_synt__equal_domains__jaccard","paradigm_has_distinct_independent_genitive_form",0.00505050505050506
"no_synt__equal_domains__jaccard","paradigm_has_distinct_self_form",0.00505050505050506
"no_synt__equal_domains__jaccard","paradigm_has_comparative_and_superlative_forms",0.00505050505050506
"no_synt__equal_domains__jaccard","paradigm_has_distinct_plural_form",0.00505050505050506
"no_synt__equal_domains__jaccard","does_not_inflect",0.00505050505050506
"no_synt__equal_domains__jaccard","Monmorphemic",0.00505050505050506
"no_synt__equal_domains__jaccard","Must_be_stressed_as_object_after_particle",0.111111111111111
"no_synt__equal_domains__jaccard","Start_with_th",0.111111111111111
"no_synt__equal_domains__jaccard","Start_with_hw",0.111111111111111
"no_synt__equal_domains__jaccard","anaphoric_marker",0.00925925925925927
"no_synt__equal_domains__jaccard","deictic_marker",0.00925925925925927
"no_synt__equal_domains__jaccard","person_deixis",0.00925925925925927
"no_synt__equal_domains__jaccard","pro_form",0.00925925925925927
"no_synt__equal_domains__jaccard","personal_gender_as_head_or_fused_head",0.00925925925925927
"no_synt__equal_domains__jaccard","non_personal_gender",0.00925925925925927
"no_synt__equal_domains__jaccard","epicene_personal_gender",0.00925925925925927
"no_synt__equal_domains__jaccard","masculine_gender",0.00925925925925927
"no_synt__equal_domains__jaccard","feminine_gender",0.00925925925925927
"no_synt__equal_domains__jaccard","definite",0.00925925925925927
"no_synt__equal_domains__jaccard","indefinite",0.00925925925925927
"no_synt__equal_domains__jaccard","existential",0.00925925925925927
"no_synt__equal_domains__jaccard","universal",0.00925925925925927
"no_synt__equal_domains__jaccard","free_choice",0.00925925925925927
"no_synt__equal_domains__jaccard","negative",0.00925925925925927
"no_synt__equal_domains__jaccard","interrogative",0.00925925925925927
"no_synt__equal_domains__jaccard","non_affirmative",0.00925925925925927
"no_synt__equal_domains__jaccard","reflexive",0.00925925925925927
"no_synt__equal_domains__jaccard","reciprocal",0.00925925925925927
"no_synt__equal_domains__jaccard","dual",0.00925925925925927
"no_synt__equal_domains__jaccard","paucal",0.00925925925925927
"no_synt__equal_domains__jaccard","multal",0.00925925925925927
"no_synt__equal_domains__jaccard","proportional",0.00925925925925927
"no_synt__equal_domains__jaccard","semantically_countable",0.00925925925925927
"no_synt__equal_domains__jaccard","semantically_uncountable",0.00925925925925927
"no_synt__equal_domains__jaccard","semantically_singular",0.00925925925925927
"no_synt__equal_domains__jaccard","semantically_plural",0.00925925925925927
"no_synt__equal_domains__jaccard","distributive",0.00925925925925927
"no_synt__equal_domains__jaccard","joint",0.00925925925925927
"no_synt__equal_domains__jaccard","cardinal",0.00925925925925927
"no_synt__equal_domains__jaccard","disjunctive",0.00925925925925927
"no_synt__equal_domains__jaccard","degree",0.00925925925925927
"no_synt__equal_domains__jaccard","sufficiency",0.00925925925925927
"no_synt__equal_domains__jaccard","temporal",0.00925925925925927
"no_synt__equal_domains__jaccard","locative",0.00925925925925927
"no_synt__equal_domains__jaccard","dummy",0.00925925925925927
"no_synt__unique_profiles__sqrt_hamming","a",0.00980392156862745
"no_synt__unique_profiles__sqrt_hamming","another",0.00980392156862745
"no_synt__unique_profiles__sqrt_hamming","any",0.00980392156862745
"no_synt__unique_profiles__sqrt_hamming","body",0.00980392156862745
"no_synt__unique_profiles__sqrt_hamming","certain",0.00980392156862745
"no_synt__unique_profiles__sqrt_hamming","day",0.00980392156862745
"no_synt__unique_profiles__sqrt_hamming","each",0.00980392156862745
"no_synt__unique_profiles__sqrt_hamming","each_other",0.00980392156862745
"no_synt__unique_profiles__sqrt_hamming","either",0.00490196078431373
"no_synt__unique_profiles__sqrt_hamming","ever",0.00980392156862745
"no_synt__unique_profiles__sqrt_hamming","every",0.00980392156862745
"no_synt__unique_profiles__sqrt_hamming","few",0.00980392156862745
"no_synt__unique_profiles__sqrt_hamming","her",0.00980392156862745
"no_synt__unique_profiles__sqrt_hamming","him",0.00980392156862745
"no_synt__unique_profiles__sqrt_hamming","it",0.00980392156862745
"no_synt__unique_profiles__sqrt_hamming","its",0.00980392156862745
"no_synt__unique_profiles__sqrt_hamming","little",0.00980392156862745
"no_synt__unique_profiles__sqrt_hamming","many",0.00980392156862745
"no_synt__unique_profiles__sqrt_hamming","many_a",0.00980392156862745
"no_synt__unique_profiles__sqrt_hamming","my",0.00980392156862745
"no_synt__unique_profiles__sqrt_hamming","no",0.00980392156862745
"no_synt__unique_profiles__sqrt_hamming","no_one",0.00980392156862745
"no_synt__unique_profiles__sqrt_hamming","one",0.00980392156862745
"no_synt__unique_profiles__sqrt_hamming","one_s",0.00980392156862745
"no_synt__unique_profiles__sqrt_hamming","other",0.00980392156862745
"no_synt__unique_profiles__sqrt_hamming","our",0.00980392156862745
"no_synt__unique_profiles__sqrt_hamming","ours",0.00980392156862745
"no_synt__unique_profiles__sqrt_hamming","self",0.00980392156862745
"no_synt__unique_profiles__sqrt_hamming","some",0.00980392156862745
"no_synt__unique_profiles__sqrt_hamming","their",0.00980392156862745
"no_synt__unique_profiles__sqrt_hamming","theirs",0.00980392156862745
"no_synt__unique_profiles__sqrt_hamming","them",0.00980392156862745
"no_synt__unique_profiles__sqrt_hamming","they",0.00980392156862745
"no_synt__unique_profiles__sqrt_hamming","thing",0.00980392156862745
"no_synt__unique_profiles__sqrt_hamming","to",0.00980392156862745
"no_synt__unique_profiles__sqrt_hamming","us",0.00980392156862745
"no_synt__unique_profiles__sqrt_hamming","we",0.00980392156862745
"no_synt__unique_profiles__sqrt_hamming","what",0.00980392156862745
"no_synt__unique_profiles__sqrt_hamming","whatever",0.00980392156862745
"no_synt__unique_profiles__sqrt_hamming","where",0.00490196078431373
"no_synt__unique_profiles__sqrt_hamming","which",0.00980392156862745
"no_synt__unique_profiles__sqrt_hamming","whichever",0.00980392156862745
"no_synt__unique_profiles__sqrt_hamming","who",0.00980392156862745
"no_synt__unique_profiles__sqrt_hamming","whoever",0.00980392156862745
"no_synt__unique_profiles__sqrt_hamming","whom",0.00980392156862745
"no_synt__unique_profiles__sqrt_hamming","whose",0.00980392156862745
"no_synt__unique_profiles__sqrt_hamming","whosoever",0.00980392156862745
"no_synt__unique_profiles__sqrt_hamming","you",0.00980392156862745
"no_synt__unique_profiles__sqrt_hamming","your",0.00980392156862745
"no_synt__unique_profiles__sqrt_hamming","yours",0.00980392156862745
"no_synt__unique_profiles__sqrt_hamming","genitive_case",0.00980392156862745
"no_synt__unique_profiles__sqrt_hamming","accusative_case",0.00980392156862745
"no_synt__unique_profiles__sqrt_hamming","nominative_case",0.00980392156862745
"no_synt__unique_profiles__sqrt_hamming","in_word_formation_e_g_a_many_sided_shape",0.00980392156862745
"no_synt__unique_profiles__sqrt_hamming","has_derivationtionally_related_words",0.00980392156862745
"no_synt__unique_profiles__sqrt_hamming","has_corresponding_word",0.00980392156862745
"no_synt__unique_profiles__sqrt_hamming","compound_word",0.00980392156862745
"no_synt__unique_profiles__sqrt_hamming","inflects_for_case",0.00980392156862745
"no_synt__unique_profiles__sqrt_hamming","paradigm_has_distinct_acc_form",0.00980392156862745
"no_synt__unique_profiles__sqrt_hamming","paradigm_has_genitive_form",0.00980392156862745
"no_synt__unique_profiles__sqrt_hamming","paradigm_has_distinct_independent_genitive_form",0.00980392156862745
"no_synt__unique_profiles__sqrt_hamming","paradigm_has_distinct_self_form",0.00980392156862745
"no_synt__unique_profiles__sqrt_hamming","paradigm_has_comparative_and_superlative_forms",0.00490196078431373
"no_synt__unique_profiles__sqrt_hamming","paradigm_has_distinct_plural_form",0.00980392156862745
"no_synt__unique_profiles__sqrt_hamming","does_not_inflect",0.00980392156862745
"no_synt__unique_profiles__sqrt_hamming","Monmorphemic",0.00980392156862745
"no_synt__unique_profiles__sqrt_hamming","Must_be_stressed_as_object_after_particle",0.00980392156862745
"no_synt__unique_profiles__sqrt_hamming","Start_with_th",0.00980392156862745
"no_synt__unique_profiles__sqrt_hamming","Start_with_hw",0.00980392156862745
"no_synt__unique_profiles__sqrt_hamming","anaphoric_marker",0.00980392156862745
"no_synt__unique_profiles__sqrt_hamming","deictic_marker",0.00980392156862745
"no_synt__unique_profiles__sqrt_hamming","person_deixis",0.00980392156862745
"no_synt__unique_profiles__sqrt_hamming","pro_form",0.00980392156862745
"no_synt__unique_profiles__sqrt_hamming","personal_gender_as_head_or_fused_head",0.00980392156862745
"no_synt__unique_profiles__sqrt_hamming","non_personal_gender",0.00980392156862745
"no_synt__unique_profiles__sqrt_hamming","epicene_personal_gender",0.00980392156862745
"no_synt__unique_profiles__sqrt_hamming","masculine_gender",0.00980392156862745
"no_synt__unique_profiles__sqrt_hamming","feminine_gender",0.00980392156862745
"no_synt__unique_profiles__sqrt_hamming","definite",0.00980392156862745
"no_synt__unique_profiles__sqrt_hamming","indefinite",0.00980392156862745
"no_synt__unique_profiles__sqrt_hamming","existential",0.00980392156862745
"no_synt__unique_profiles__sqrt_hamming","universal",0.00980392156862745
"no_synt__unique_profiles__sqrt_hamming","free_choice",0.00980392156862745
"no_synt__unique_profiles__sqrt_hamming","negative",0.00980392156862745
"no_synt__unique_profiles__sqrt_hamming","interrogative",0.00980392156862745
"no_synt__unique_profiles__sqrt_hamming","non_affirmative",0.00980392156862745
"no_synt__unique_profiles__sqrt_hamming","reflexive",0.00980392156862745
"no_synt__unique_profiles__sqrt_hamming","reciprocal",0.00980392156862745
"no_synt__unique_profiles__sqrt_hamming","dual",0.00980392156862745
"no_synt__unique_profiles__sqrt_hamming","paucal",0.00980392156862745
"no_synt__unique_profiles__sqrt_hamming","multal",0.00980392156862745
"no_synt__unique_profiles__sqrt_hamming","proportional",0.00980392156862745
"no_synt__unique_profiles__sqrt_hamming","semantically_countable",0.00980392156862745
"no_synt__unique_profiles__sqrt_hamming","semantically_uncountable",0.00980392156862745
"no_synt__unique_profiles__sqrt_hamming","semantically_singular",0.00980392156862745
"no_synt__unique_profiles__sqrt_hamming","semantically_plural",0.00980392156862745
"no_synt__unique_profiles__sqrt_hamming","distributive",0.00980392156862745
"no_synt__unique_profiles__sqrt_hamming","joint",0.00980392156862745
"no_synt__unique_profiles__sqrt_hamming","cardinal",0.00980392156862745
"no_synt__unique_profiles__sqrt_hamming","disjunctive",0.00490196078431373
"no_synt__unique_profiles__sqrt_hamming","degree",0.00490196078431373
"no_synt__unique_profiles__sqrt_hamming","sufficiency",0.00980392156862745
"no_synt__unique_profiles__sqrt_hamming","temporal",0.00980392156862745
"no_synt__unique_profiles__sqrt_hamming","locative",0.00490196078431373
"no_synt__unique_profiles__sqrt_hamming","dummy",0.00980392156862745
"no_synt__unique_profiles__hamming","a",0.00980392156862745
"no_synt__unique_profiles__hamming","another",0.00980392156862745
"no_synt__unique_profiles__hamming","any",0.00980392156862745
"no_synt__unique_profiles__hamming","body",0.00980392156862745
"no_synt__unique_profiles__hamming","certain",0.00980392156862745
"no_synt__unique_profiles__hamming","day",0.00980392156862745
"no_synt__unique_profiles__hamming","each",0.00980392156862745
"no_synt__unique_profiles__hamming","each_other",0.00980392156862745
"no_synt__unique_profiles__hamming","either",0.00490196078431373
"no_synt__unique_profiles__hamming","ever",0.00980392156862745
"no_synt__unique_profiles__hamming","every",0.00980392156862745
"no_synt__unique_profiles__hamming","few",0.00980392156862745
"no_synt__unique_profiles__hamming","her",0.00980392156862745
"no_synt__unique_profiles__hamming","him",0.00980392156862745
"no_synt__unique_profiles__hamming","it",0.00980392156862745
"no_synt__unique_profiles__hamming","its",0.00980392156862745
"no_synt__unique_profiles__hamming","little",0.00980392156862745
"no_synt__unique_profiles__hamming","many",0.00980392156862745
"no_synt__unique_profiles__hamming","many_a",0.00980392156862745
"no_synt__unique_profiles__hamming","my",0.00980392156862745
"no_synt__unique_profiles__hamming","no",0.00980392156862745
"no_synt__unique_profiles__hamming","no_one",0.00980392156862745
"no_synt__unique_profiles__hamming","one",0.00980392156862745
"no_synt__unique_profiles__hamming","one_s",0.00980392156862745
"no_synt__unique_profiles__hamming","other",0.00980392156862745
"no_synt__unique_profiles__hamming","our",0.00980392156862745
"no_synt__unique_profiles__hamming","ours",0.00980392156862745
"no_synt__unique_profiles__hamming","self",0.00980392156862745
"no_synt__unique_profiles__hamming","some",0.00980392156862745
"no_synt__unique_profiles__hamming","their",0.00980392156862745
"no_synt__unique_profiles__hamming","theirs",0.00980392156862745
"no_synt__unique_profiles__hamming","them",0.00980392156862745
"no_synt__unique_profiles__hamming","they",0.00980392156862745
"no_synt__unique_profiles__hamming","thing",0.00980392156862745
"no_synt__unique_profiles__hamming","to",0.00980392156862745
"no_synt__unique_profiles__hamming","us",0.00980392156862745
"no_synt__unique_profiles__hamming","we",0.00980392156862745
"no_synt__unique_profiles__hamming","what",0.00980392156862745
"no_synt__unique_profiles__hamming","whatever",0.00980392156862745
"no_synt__unique_profiles__hamming","where",0.00490196078431373
"no_synt__unique_profiles__hamming","which",0.00980392156862745
"no_synt__unique_profiles__hamming","whichever",0.00980392156862745
"no_synt__unique_profiles__hamming","who",0.00980392156862745
"no_synt__unique_profiles__hamming","whoever",0.00980392156862745
"no_synt__unique_profiles__hamming","whom",0.00980392156862745
"no_synt__unique_profiles__hamming","whose",0.00980392156862745
"no_synt__unique_profiles__hamming","whosoever",0.00980392156862745
"no_synt__unique_profiles__hamming","you",0.00980392156862745
"no_synt__unique_profiles__hamming","your",0.00980392156862745
"no_synt__unique_profiles__hamming","yours",0.00980392156862745
"no_synt__unique_profiles__hamming","genitive_case",0.00980392156862745
"no_synt__unique_profiles__hamming","accusative_case",0.00980392156862745
"no_synt__unique_profiles__hamming","nominative_case",0.00980392156862745
"no_synt__unique_profiles__hamming","in_word_formation_e_g_a_many_sided_shape",0.00980392156862745
"no_synt__unique_profiles__hamming","has_derivationtionally_related_words",0.00980392156862745
"no_synt__unique_profiles__hamming","has_corresponding_word",0.00980392156862745
"no_synt__unique_profiles__hamming","compound_word",0.00980392156862745
"no_synt__unique_profiles__hamming","inflects_for_case",0.00980392156862745
"no_synt__unique_profiles__hamming","paradigm_has_distinct_acc_form",0.00980392156862745
"no_synt__unique_profiles__hamming","paradigm_has_genitive_form",0.00980392156862745
"no_synt__unique_profiles__hamming","paradigm_has_distinct_independent_genitive_form",0.00980392156862745
"no_synt__unique_profiles__hamming","paradigm_has_distinct_self_form",0.00980392156862745
"no_synt__unique_profiles__hamming","paradigm_has_comparative_and_superlative_forms",0.00490196078431373
"no_synt__unique_profiles__hamming","paradigm_has_distinct_plural_form",0.00980392156862745
"no_synt__unique_profiles__hamming","does_not_inflect",0.00980392156862745
"no_synt__unique_profiles__hamming","Monmorphemic",0.00980392156862745
"no_synt__unique_profiles__hamming","Must_be_stressed_as_object_after_particle",0.00980392156862745
"no_synt__unique_profiles__hamming","Start_with_th",0.00980392156862745
"no_synt__unique_profiles__hamming","Start_with_hw",0.00980392156862745
"no_synt__unique_profiles__hamming","anaphoric_marker",0.00980392156862745
"no_synt__unique_profiles__hamming","deictic_marker",0.00980392156862745
"no_synt__unique_profiles__hamming","person_deixis",0.00980392156862745
"no_synt__unique_profiles__hamming","pro_form",0.00980392156862745
"no_synt__unique_profiles__hamming","personal_gender_as_head_or_fused_head",0.00980392156862745
"no_synt__unique_profiles__hamming","non_personal_gender",0.00980392156862745
"no_synt__unique_profiles__hamming","epicene_personal_gender",0.00980392156862745
"no_synt__unique_profiles__hamming","masculine_gender",0.00980392156862745
"no_synt__unique_profiles__hamming","feminine_gender",0.00980392156862745
"no_synt__unique_profiles__hamming","definite",0.00980392156862745
"no_synt__unique_profiles__hamming","indefinite",0.00980392156862745
"no_synt__unique_profiles__hamming","existential",0.00980392156862745
"no_synt__unique_profiles__hamming","universal",0.00980392156862745
"no_synt__unique_profiles__hamming","free_choice",0.00980392156862745
"no_synt__unique_profiles__hamming","negative",0.00980392156862745
"no_synt__unique_profiles__hamming","interrogative",0.00980392156862745
"no_synt__unique_profiles__hamming","non_affirmative",0.00980392156862745
"no_synt__unique_profiles__hamming","reflexive",0.00980392156862745
"no_synt__unique_profiles__hamming","reciprocal",0.00980392156862745
"no_synt__unique_profiles__hamming","dual",0.00980392156862745
"no_synt__unique_profiles__hamming","paucal",0.00980392156862745
"no_synt__unique_profiles__hamming","multal",0.00980392156862745
"no_synt__unique_profiles__hamming","proportional",0.00980392156862745
"no_synt__unique_profiles__hamming","semantically_countable",0.00980392156862745
"no_synt__unique_profiles__hamming","semantically_uncountable",0.00980392156862745
"no_synt__unique_profiles__hamming","semantically_singular",0.00980392156862745
"no_synt__unique_profiles__hamming","semantically_plural",0.00980392156862745
"no_synt__unique_profiles__hamming","distributive",0.00980392156862745
"no_synt__unique_profiles__hamming","joint",0.00980392156862745
"no_synt__unique_profiles__hamming","cardinal",0.00980392156862745
"no_synt__unique_profiles__hamming","disjunctive",0.00490196078431373
"no_synt__unique_profiles__hamming","degree",0.00490196078431373
"no_synt__unique_profiles__hamming","sufficiency",0.00980392156862745
"no_synt__unique_profiles__hamming","temporal",0.00980392156862745
"no_synt__unique_profiles__hamming","locative",0.00490196078431373
"no_synt__unique_profiles__hamming","dummy",0.00980392156862745
"no_synt__unique_profiles__jaccard","a",0.00980392156862745
"no_synt__unique_profiles__jaccard","another",0.00980392156862745
"no_synt__unique_profiles__jaccard","any",0.00980392156862745
"no_synt__unique_profiles__jaccard","body",0.00980392156862745
"no_synt__unique_profiles__jaccard","certain",0.00980392156862745
"no_synt__unique_profiles__jaccard","day",0.00980392156862745
"no_synt__unique_profiles__jaccard","each",0.00980392156862745
"no_synt__unique_profiles__jaccard","each_other",0.00980392156862745
"no_synt__unique_profiles__jaccard","either",0.00490196078431373
"no_synt__unique_profiles__jaccard","ever",0.00980392156862745
"no_synt__unique_profiles__jaccard","every",0.00980392156862745
"no_synt__unique_profiles__jaccard","few",0.00980392156862745
"no_synt__unique_profiles__jaccard","her",0.00980392156862745
"no_synt__unique_profiles__jaccard","him",0.00980392156862745
"no_synt__unique_profiles__jaccard","it",0.00980392156862745
"no_synt__unique_profiles__jaccard","its",0.00980392156862745
"no_synt__unique_profiles__jaccard","little",0.00980392156862745
"no_synt__unique_profiles__jaccard","many",0.00980392156862745
"no_synt__unique_profiles__jaccard","many_a",0.00980392156862745
"no_synt__unique_profiles__jaccard","my",0.00980392156862745
"no_synt__unique_profiles__jaccard","no",0.00980392156862745
"no_synt__unique_profiles__jaccard","no_one",0.00980392156862745
"no_synt__unique_profiles__jaccard","one",0.00980392156862745
"no_synt__unique_profiles__jaccard","one_s",0.00980392156862745
"no_synt__unique_profiles__jaccard","other",0.00980392156862745
"no_synt__unique_profiles__jaccard","our",0.00980392156862745
"no_synt__unique_profiles__jaccard","ours",0.00980392156862745
"no_synt__unique_profiles__jaccard","self",0.00980392156862745
"no_synt__unique_profiles__jaccard","some",0.00980392156862745
"no_synt__unique_profiles__jaccard","their",0.00980392156862745
"no_synt__unique_profiles__jaccard","theirs",0.00980392156862745
"no_synt__unique_profiles__jaccard","them",0.00980392156862745
"no_synt__unique_profiles__jaccard","they",0.00980392156862745
"no_synt__unique_profiles__jaccard","thing",0.00980392156862745
"no_synt__unique_profiles__jaccard","to",0.00980392156862745
"no_synt__unique_profiles__jaccard","us",0.00980392156862745
"no_synt__unique_profiles__jaccard","we",0.00980392156862745
"no_synt__unique_profiles__jaccard","what",0.00980392156862745
"no_synt__unique_profiles__jaccard","whatever",0.00980392156862745
"no_synt__unique_profiles__jaccard","where",0.00490196078431373
"no_synt__unique_profiles__jaccard","which",0.00980392156862745
"no_synt__unique_profiles__jaccard","whichever",0.00980392156862745
"no_synt__unique_profiles__jaccard","who",0.00980392156862745
"no_synt__unique_profiles__jaccard","whoever",0.00980392156862745
"no_synt__unique_profiles__jaccard","whom",0.00980392156862745
"no_synt__unique_profiles__jaccard","whose",0.00980392156862745
"no_synt__unique_profiles__jaccard","whosoever",0.00980392156862745
"no_synt__unique_profiles__jaccard","you",0.00980392156862745
"no_synt__unique_profiles__jaccard","your",0.00980392156862745
"no_synt__unique_profiles__jaccard","yours",0.00980392156862745
"no_synt__unique_profiles__jaccard","genitive_case",0.00980392156862745
"no_synt__unique_profiles__jaccard","accusative_case",0.00980392156862745
"no_synt__unique_profiles__jaccard","nominative_case",0.00980392156862745
"no_synt__unique_profiles__jaccard","in_word_formation_e_g_a_many_sided_shape",0.00980392156862745
"no_synt__unique_profiles__jaccard","has_derivationtionally_related_words",0.00980392156862745
"no_synt__unique_profiles__jaccard","has_corresponding_word",0.00980392156862745
"no_synt__unique_profiles__jaccard","compound_word",0.00980392156862745
"no_synt__unique_profiles__jaccard","inflects_for_case",0.00980392156862745
"no_synt__unique_profiles__jaccard","paradigm_has_distinct_acc_form",0.00980392156862745
"no_synt__unique_profiles__jaccard","paradigm_has_genitive_form",0.00980392156862745
"no_synt__unique_profiles__jaccard","paradigm_has_distinct_independent_genitive_form",0.00980392156862745
"no_synt__unique_profiles__jaccard","paradigm_has_distinct_self_form",0.00980392156862745
"no_synt__unique_profiles__jaccard","paradigm_has_comparative_and_superlative_forms",0.00490196078431373
"no_synt__unique_profiles__jaccard","paradigm_has_distinct_plural_form",0.00980392156862745
"no_synt__unique_profiles__jaccard","does_not_inflect",0.00980392156862745
"no_synt__unique_profiles__jaccard","Monmorphemic",0.00980392156862745
"no_synt__unique_profiles__jaccard","Must_be_stressed_as_object_after_particle",0.00980392156862745
"no_synt__unique_profiles__jaccard","Start_with_th",0.00980392156862745
"no_synt__unique_profiles__jaccard","Start_with_hw",0.00980392156862745
"no_synt__unique_profiles__jaccard","anaphoric_marker",0.00980392156862745
"no_synt__unique_profiles__jaccard","deictic_marker",0.00980392156862745
"no_synt__unique_profiles__jaccard","person_deixis",0.00980392156862745
"no_synt__unique_profiles__jaccard","pro_form",0.00980392156862745
"no_synt__unique_profiles__jaccard","personal_gender_as_head_or_fused_head",0.00980392156862745
"no_synt__unique_profiles__jaccard","non_personal_gender",0.00980392156862745
"no_synt__unique_profiles__jaccard","epicene_personal_gender",0.00980392156862745
"no_synt__unique_profiles__jaccard","masculine_gender",0.00980392156862745
"no_synt__unique_profiles__jaccard","feminine_gender",0.00980392156862745
"no_synt__unique_profiles__jaccard","definite",0.00980392156862745
"no_synt__unique_profiles__jaccard","indefinite",0.00980392156862745
"no_synt__unique_profiles__jaccard","existential",0.00980392156862745
"no_synt__unique_profiles__jaccard","universal",0.00980392156862745
"no_synt__unique_profiles__jaccard","free_choice",0.00980392156862745
"no_synt__unique_profiles__jaccard","negative",0.00980392156862745
"no_synt__unique_profiles__jaccard","interrogative",0.00980392156862745
"no_synt__unique_profiles__jaccard","non_affirmative",0.00980392156862745
"no_synt__unique_profiles__jaccard","reflexive",0.00980392156862745
"no_synt__unique_profiles__jaccard","reciprocal",0.00980392156862745
"no_synt__unique_profiles__jaccard","dual",0.00980392156862745
"no_synt__unique_profiles__jaccard","paucal",0.00980392156862745
"no_synt__unique_profiles__jaccard","multal",0.00980392156862745
"no_synt__unique_profiles__jaccard","proportional",0.00980392156862745
"no_synt__unique_profiles__jaccard","semantically_countable",0.00980392156862745
"no_synt__unique_profiles__jaccard","semantically_uncountable",0.00980392156862745
"no_synt__unique_profiles__jaccard","semantically_singular",0.00980392156862745
"no_synt__unique_profiles__jaccard","semantically_plural",0.00980392156862745
"no_synt__unique_profiles__jaccard","distributive",0.00980392156862745
"no_synt__unique_profiles__jaccard","joint",0.00980392156862745
"no_synt__unique_profiles__jaccard","cardinal",0.00980392156862745
"no_synt__unique_profiles__jaccard","disjunctive",0.00490196078431373
"no_synt__unique_profiles__jaccard","degree",0.00490196078431373
"no_synt__unique_profiles__jaccard","sufficiency",0.00980392156862745
"no_synt__unique_profiles__jaccard","temporal",0.00980392156862745
"no_synt__unique_profiles__jaccard","locative",0.00490196078431373
"no_synt__unique_profiles__jaccard","dummy",0.00980392156862745
"no_synt__idf_presence__jaccard","a",0.00979238101361898
"no_synt__idf_presence__jaccard","another",0.0131650240360152
"no_synt__idf_presence__jaccard","any",0.0114085180280985
"no_synt__idf_presence__jaccard","body",0.0121758111517708
"no_synt__idf_presence__jaccard","certain",0.0145592412899227
"no_synt__idf_presence__jaccard","day",0.0145592412899227
"no_synt__idf_presence__jaccard","each",0.0145592412899227
"no_synt__idf_presence__jaccard","each_other",0.0169426714280745
"no_synt__idf_presence__jaccard","either",0.0145592412899227
"no_synt__idf_presence__jaccard","ever",0.00786810696020166
"no_synt__idf_presence__jaccard","every",0.0114085180280985
"no_synt__idf_presence__jaccard","few",0.0121758111517708
"no_synt__idf_presence__jaccard","her",0.0121758111517708
"no_synt__idf_presence__jaccard","him",0.0145592412899227
"no_synt__idf_presence__jaccard","it",0.0121758111517708
"no_synt__idf_presence__jaccard","its",0.0145592412899227
"no_synt__idf_presence__jaccard","little",0.0145592412899227
"no_synt__idf_presence__jaccard","many",0.0145592412899227
"no_synt__idf_presence__jaccard","many_a",0.0145592412899227
"no_synt__idf_presence__jaccard","my",0.0145592412899227
"no_synt__idf_presence__jaccard","no",0.0107815938978634
"no_synt__idf_presence__jaccard","no_one",0.0145592412899227
"no_synt__idf_presence__jaccard","one",0.00869735784733897
"no_synt__idf_presence__jaccard","one_s",0.0145592412899227
"no_synt__idf_presence__jaccard","other",0.0131650240360152
"no_synt__idf_presence__jaccard","our",0.0131650240360152
"no_synt__idf_presence__jaccard","ours",0.0145592412899227
"no_synt__idf_presence__jaccard","self",0.00902508788994664
"no_synt__idf_presence__jaccard","some",0.0107815938978634
"no_synt__idf_presence__jaccard","their",0.0121758111517708
"no_synt__idf_presence__jaccard","theirs",0.0145592412899227
"no_synt__idf_presence__jaccard","them",0.0121758111517708
"no_synt__idf_presence__jaccard","they",0.0145592412899227
"no_synt__idf_presence__jaccard","thing",0.0121758111517708
"no_synt__idf_presence__jaccard","to",0.0131650240360152
"no_synt__idf_presence__jaccard","us",0.0145592412899227
"no_synt__idf_presence__jaccard","we",0.0145592412899227
"no_synt__idf_presence__jaccard","what",0.0114085180280985
"no_synt__idf_presence__jaccard","whatever",0.0145592412899227
"no_synt__idf_presence__jaccard","where",0.0121758111517708
"no_synt__idf_presence__jaccard","which",0.0114085180280985
"no_synt__idf_presence__jaccard","whichever",0.0145592412899227
"no_synt__idf_presence__jaccard","who",0.00869735784733897
"no_synt__idf_presence__jaccard","whoever",0.0145592412899227
"no_synt__idf_presence__jaccard","whom",0.0145592412899227
"no_synt__idf_presence__jaccard","whose",0.0145592412899227
"no_synt__idf_presence__jaccard","whosoever",0.0145592412899227
"no_synt__idf_presence__jaccard","you",0.00938737664395588
"no_synt__idf_presence__jaccard","your",0.0107815938978634
"no_synt__idf_presence__jaccard","yours",0.0145592412899227
"no_synt__idf_presence__jaccard","genitive_case",0.00631392770918713
"no_synt__idf_presence__jaccard","accusative_case",0.00869735784733897
"no_synt__idf_presence__jaccard","nominative_case",0.00869735784733897
"no_synt__idf_presence__jaccard","in_word_formation_e_g_a_many_sided_shape",0.00536401311371859
"no_synt__idf_presence__jaccard","has_derivationtionally_related_words",0.00191805040856786
"no_synt__idf_presence__jaccard","has_corresponding_word",0.00443460282969683
"no_synt__idf_presence__jaccard","compound_word",0.00363130348340785
"no_synt__idf_presence__jaccard","inflects_for_case",0.00209671723606316
"no_synt__idf_presence__jaccard","paradigm_has_distinct_acc_form",0.00417332051355197
"no_synt__idf_presence__jaccard","paradigm_has_genitive_form",0.00335607160313926
"no_synt__idf_presence__jaccard","paradigm_has_distinct_independent_genitive_form",0.00491971045527967
"no_synt__idf_presence__jaccard","paradigm_has_distinct_self_form",0.00400954847412644
"no_synt__idf_presence__jaccard","paradigm_has_comparative_and_superlative_forms",0.00902508788994664
"no_synt__idf_presence__jaccard","paradigm_has_distinct_plural_form",0.00631392770918713
"no_synt__idf_presence__jaccard","does_not_inflect",0.00275126049342595
"no_synt__idf_presence__jaccard","Monmorphemic",0.00233395356022565
"no_synt__idf_presence__jaccard","Must_be_stressed_as_object_after_particle",0.00425822761364297
"no_synt__idf_presence__jaccard","Start_with_th",0.0072004893036627
"no_synt__idf_presence__jaccard","Start_with_hw",0.00938737664395588
"no_synt__idf_presence__jaccard","anaphoric_marker",0.00150821320207179
"no_synt__idf_presence__jaccard","deictic_marker",0.00471738369837749
"no_synt__idf_presence__jaccard","person_deixis",0.00524744049788734
"no_synt__idf_presence__jaccard","pro_form",0.00264209059916348
"no_synt__idf_presence__jaccard","personal_gender_as_head_or_fused_head",0.00316320444736296
"no_synt__idf_presence__jaccard","non_personal_gender",0.00502552073731531
"no_synt__idf_presence__jaccard","epicene_personal_gender",0.00409045956814236
"no_synt__idf_presence__jaccard","masculine_gender",0.0121758111517708
"no_synt__idf_presence__jaccard","feminine_gender",0.0114085180280985
"no_synt__idf_presence__jaccard","definite",0.0022851788014346
"no_synt__idf_presence__jaccard","indefinite",0.00223708622950038
"no_synt__idf_presence__jaccard","existential",0.000597152837414921
"no_synt__idf_presence__jaccard","universal",0.00979238101361898
"no_synt__idf_presence__jaccard","free_choice",0.00616107753021114
"no_synt__idf_presence__jaccard","negative",0.00812293187944293
"no_synt__idf_presence__jaccard","interrogative",0.00740895087546715
"no_synt__idf_presence__jaccard","non_affirmative",0.00616107753021114
"no_synt__idf_presence__jaccard","reflexive",0.00938737664395588
"no_synt__idf_presence__jaccard","reciprocal",0.0145592412899227
"no_synt__idf_presence__jaccard","dual",0.0114085180280985
"no_synt__idf_presence__jaccard","paucal",0.00839816375971152
"no_synt__idf_presence__jaccard","multal",0.0121758111517708
"no_synt__idf_presence__jaccard","proportional",0.00434528448738363
"no_synt__idf_presence__jaccard","semantically_countable",0.000907143049580367
"no_synt__idf_presence__jaccard","semantically_uncountable",0.00425822761364297
"no_synt__idf_presence__jaccard","semantically_singular",0.00170702942999053
"no_synt__idf_presence__jaccard","semantically_plural",0.00233395356022565
"no_synt__idf_presence__jaccard","distributive",0.00218965702456747
"no_synt__idf_presence__jaccard","joint",0.00238343013815183
"no_synt__idf_presence__jaccard","cardinal",0.0121758111517708
"no_synt__idf_presence__jaccard","disjunctive",0.0145592412899227
"no_synt__idf_presence__jaccard","degree",0.00902508788994664
"no_synt__idf_presence__jaccard","sufficiency",0.0145592412899227
"no_synt__idf_presence__jaccard","temporal",0.00938737664395588
"no_synt__idf_presence__jaccard","locative",0.0121758111517708
"no_synt__idf_presence__jaccard","dummy",0.0145592412899227
"morph_only__equal_features__sqrt_hamming","a",0.0151515151515152
"morph_only__equal_features__sqrt_hamming","another",0.0151515151515152
"morph_only__equal_features__sqrt_hamming","any",0.0151515151515152
"morph_only__equal_features__sqrt_hamming","body",0.0151515151515152
"morph_only__equal_features__sqrt_hamming","certain",0.0151515151515152
"morph_only__equal_features__sqrt_hamming","day",0.0151515151515152
"morph_only__equal_features__sqrt_hamming","each",0.0151515151515152
"morph_only__equal_features__sqrt_hamming","each_other",0.0151515151515152
"morph_only__equal_features__sqrt_hamming","either",0.0151515151515152
"morph_only__equal_features__sqrt_hamming","ever",0.0151515151515152
"morph_only__equal_features__sqrt_hamming","every",0.0151515151515152
"morph_only__equal_features__sqrt_hamming","few",0.0151515151515152
"morph_only__equal_features__sqrt_hamming","her",0.0151515151515152
"morph_only__equal_features__sqrt_hamming","him",0.0151515151515152
"morph_only__equal_features__sqrt_hamming","it",0.0151515151515152
"morph_only__equal_features__sqrt_hamming","its",0.0151515151515152
"morph_only__equal_features__sqrt_hamming","little",0.0151515151515152
"morph_only__equal_features__sqrt_hamming","many",0.0151515151515152
"morph_only__equal_features__sqrt_hamming","many_a",0.0151515151515152
"morph_only__equal_features__sqrt_hamming","my",0.0151515151515152
"morph_only__equal_features__sqrt_hamming","no",0.0151515151515152
"morph_only__equal_features__sqrt_hamming","no_one",0.0151515151515152
"morph_only__equal_features__sqrt_hamming","one",0.0151515151515152
"morph_only__equal_features__sqrt_hamming","one_s",0.0151515151515152
"morph_only__equal_features__sqrt_hamming","other",0.0151515151515152
"morph_only__equal_features__sqrt_hamming","our",0.0151515151515152
"morph_only__equal_features__sqrt_hamming","ours",0.0151515151515152
"morph_only__equal_features__sqrt_hamming","self",0.0151515151515152
"morph_only__equal_features__sqrt_hamming","some",0.0151515151515152
"morph_only__equal_features__sqrt_hamming","their",0.0151515151515152
"morph_only__equal_features__sqrt_hamming","theirs",0.0151515151515152
"morph_only__equal_features__sqrt_hamming","them",0.0151515151515152
"morph_only__equal_features__sqrt_hamming","they",0.0151515151515152
"morph_only__equal_features__sqrt_hamming","thing",0.0151515151515152
"morph_only__equal_features__sqrt_hamming","to",0.0151515151515152
"morph_only__equal_features__sqrt_hamming","us",0.0151515151515152
"morph_only__equal_features__sqrt_hamming","we",0.0151515151515152
"morph_only__equal_features__sqrt_hamming","what",0.0151515151515152
"morph_only__equal_features__sqrt_hamming","whatever",0.0151515151515152
"morph_only__equal_features__sqrt_hamming","where",0.0151515151515152
"morph_only__equal_features__sqrt_hamming","which",0.0151515151515152
"morph_only__equal_features__sqrt_hamming","whichever",0.0151515151515152
"morph_only__equal_features__sqrt_hamming","who",0.0151515151515152
"morph_only__equal_features__sqrt_hamming","whoever",0.0151515151515152
"morph_only__equal_features__sqrt_hamming","whom",0.0151515151515152
"morph_only__equal_features__sqrt_hamming","whose",0.0151515151515152
"morph_only__equal_features__sqrt_hamming","whosoever",0.0151515151515152
"morph_only__equal_features__sqrt_hamming","you",0.0151515151515152
"morph_only__equal_features__sqrt_hamming","your",0.0151515151515152
"morph_only__equal_features__sqrt_hamming","yours",0.0151515151515152
"morph_only__equal_features__sqrt_hamming","genitive_case",0.0151515151515152
"morph_only__equal_features__sqrt_hamming","accusative_case",0.0151515151515152
"morph_only__equal_features__sqrt_hamming","nominative_case",0.0151515151515152
"morph_only__equal_features__sqrt_hamming","in_word_formation_e_g_a_many_sided_shape",0.0151515151515152
"morph_only__equal_features__sqrt_hamming","has_derivationtionally_related_words",0.0151515151515152
"morph_only__equal_features__sqrt_hamming","has_corresponding_word",0.0151515151515152
"morph_only__equal_features__sqrt_hamming","compound_word",0.0151515151515152
"morph_only__equal_features__sqrt_hamming","inflects_for_case",0.0151515151515152
"morph_only__equal_features__sqrt_hamming","paradigm_has_distinct_acc_form",0.0151515151515152
"morph_only__equal_features__sqrt_hamming","paradigm_has_genitive_form",0.0151515151515152
"morph_only__equal_features__sqrt_hamming","paradigm_has_distinct_independent_genitive_form",0.0151515151515152
"morph_only__equal_features__sqrt_hamming","paradigm_has_distinct_self_form",0.0151515151515152
"morph_only__equal_features__sqrt_hamming","paradigm_has_comparative_and_superlative_forms",0.0151515151515152
"morph_only__equal_features__sqrt_hamming","paradigm_has_distinct_plural_form",0.0151515151515152
"morph_only__equal_features__sqrt_hamming","does_not_inflect",0.0151515151515152
"morph_only__equal_features__sqrt_hamming","Monmorphemic",0.0151515151515152
"morph_only__equal_features__hamming","a",0.0151515151515152
"morph_only__equal_features__hamming","another",0.0151515151515152
"morph_only__equal_features__hamming","any",0.0151515151515152
"morph_only__equal_features__hamming","body",0.0151515151515152
"morph_only__equal_features__hamming","certain",0.0151515151515152
"morph_only__equal_features__hamming","day",0.0151515151515152
"morph_only__equal_features__hamming","each",0.0151515151515152
"morph_only__equal_features__hamming","each_other",0.0151515151515152
"morph_only__equal_features__hamming","either",0.0151515151515152
"morph_only__equal_features__hamming","ever",0.0151515151515152
"morph_only__equal_features__hamming","every",0.0151515151515152
"morph_only__equal_features__hamming","few",0.0151515151515152
"morph_only__equal_features__hamming","her",0.0151515151515152
"morph_only__equal_features__hamming","him",0.0151515151515152
"morph_only__equal_features__hamming","it",0.0151515151515152
"morph_only__equal_features__hamming","its",0.0151515151515152
"morph_only__equal_features__hamming","little",0.0151515151515152
"morph_only__equal_features__hamming","many",0.0151515151515152
"morph_only__equal_features__hamming","many_a",0.0151515151515152
"morph_only__equal_features__hamming","my",0.0151515151515152
"morph_only__equal_features__hamming","no",0.0151515151515152
"morph_only__equal_features__hamming","no_one",0.0151515151515152
"morph_only__equal_features__hamming","one",0.0151515151515152
"morph_only__equal_features__hamming","one_s",0.0151515151515152
"morph_only__equal_features__hamming","other",0.0151515151515152
"morph_only__equal_features__hamming","our",0.0151515151515152
"morph_only__equal_features__hamming","ours",0.0151515151515152
"morph_only__equal_features__hamming","self",0.0151515151515152
"morph_only__equal_features__hamming","some",0.0151515151515152
"morph_only__equal_features__hamming","their",0.0151515151515152
"morph_only__equal_features__hamming","theirs",0.0151515151515152
"morph_only__equal_features__hamming","them",0.0151515151515152
"morph_only__equal_features__hamming","they",0.0151515151515152
"morph_only__equal_features__hamming","thing",0.0151515151515152
"morph_only__equal_features__hamming","to",0.0151515151515152
"morph_only__equal_features__hamming","us",0.0151515151515152
"morph_only__equal_features__hamming","we",0.0151515151515152
"morph_only__equal_features__hamming","what",0.0151515151515152
"morph_only__equal_features__hamming","whatever",0.0151515151515152
"morph_only__equal_features__hamming","where",0.0151515151515152
"morph_only__equal_features__hamming","which",0.0151515151515152
"morph_only__equal_features__hamming","whichever",0.0151515151515152
"morph_only__equal_features__hamming","who",0.0151515151515152
"morph_only__equal_features__hamming","whoever",0.0151515151515152
"morph_only__equal_features__hamming","whom",0.0151515151515152
"morph_only__equal_features__hamming","whose",0.0151515151515152
"morph_only__equal_features__hamming","whosoever",0.0151515151515152
"morph_only__equal_features__hamming","you",0.0151515151515152
"morph_only__equal_features__hamming","your",0.0151515151515152
"morph_only__equal_features__hamming","yours",0.0151515151515152
"morph_only__equal_features__hamming","genitive_case",0.0151515151515152
"morph_only__equal_features__hamming","accusative_case",0.0151515151515152
"morph_only__equal_features__hamming","nominative_case",0.0151515151515152
"morph_only__equal_features__hamming","in_word_formation_e_g_a_many_sided_shape",0.0151515151515152
"morph_only__equal_features__hamming","has_derivationtionally_related_words",0.0151515151515152
"morph_only__equal_features__hamming","has_corresponding_word",0.0151515151515152
"morph_only__equal_features__hamming","compound_word",0.0151515151515152
"morph_only__equal_features__hamming","inflects_for_case",0.0151515151515152
"morph_only__equal_features__hamming","paradigm_has_distinct_acc_form",0.0151515151515152
"morph_only__equal_features__hamming","paradigm_has_genitive_form",0.0151515151515152
"morph_only__equal_features__hamming","paradigm_has_distinct_independent_genitive_form",0.0151515151515152
"morph_only__equal_features__hamming","paradigm_has_distinct_self_form",0.0151515151515152
"morph_only__equal_features__hamming","paradigm_has_comparative_and_superlative_forms",0.0151515151515152
"morph_only__equal_features__hamming","paradigm_has_distinct_plural_form",0.0151515151515152
"morph_only__equal_features__hamming","does_not_inflect",0.0151515151515152
"morph_only__equal_features__hamming","Monmorphemic",0.0151515151515152
"morph_only__equal_features__jaccard","a",0.0151515151515152
"morph_only__equal_features__jaccard","another",0.0151515151515152
"morph_only__equal_features__jaccard","any",0.0151515151515152
"morph_only__equal_features__jaccard","body",0.0151515151515152
"morph_only__equal_features__jaccard","certain",0.0151515151515152
"morph_only__equal_features__jaccard","day",0.0151515151515152
"morph_only__equal_features__jaccard","each",0.0151515151515152
"morph_only__equal_features__jaccard","each_other",0.0151515151515152
"morph_only__equal_features__jaccard","either",0.0151515151515152
"morph_only__equal_features__jaccard","ever",0.0151515151515152
"morph_only__equal_features__jaccard","every",0.0151515151515152
"morph_only__equal_features__jaccard","few",0.0151515151515152
"morph_only__equal_features__jaccard","her",0.0151515151515152
"morph_only__equal_features__jaccard","him",0.0151515151515152
"morph_only__equal_features__jaccard","it",0.0151515151515152
"morph_only__equal_features__jaccard","its",0.0151515151515152
"morph_only__equal_features__jaccard","little",0.0151515151515152
"morph_only__equal_features__jaccard","many",0.0151515151515152
"morph_only__equal_features__jaccard","many_a",0.0151515151515152
"morph_only__equal_features__jaccard","my",0.0151515151515152
"morph_only__equal_features__jaccard","no",0.0151515151515152
"morph_only__equal_features__jaccard","no_one",0.0151515151515152
"morph_only__equal_features__jaccard","one",0.0151515151515152
"morph_only__equal_features__jaccard","one_s",0.0151515151515152
"morph_only__equal_features__jaccard","other",0.0151515151515152
"morph_only__equal_features__jaccard","our",0.0151515151515152
"morph_only__equal_features__jaccard","ours",0.0151515151515152
"morph_only__equal_features__jaccard","self",0.0151515151515152
"morph_only__equal_features__jaccard","some",0.0151515151515152
"morph_only__equal_features__jaccard","their",0.0151515151515152
"morph_only__equal_features__jaccard","theirs",0.0151515151515152
"morph_only__equal_features__jaccard","them",0.0151515151515152
"morph_only__equal_features__jaccard","they",0.0151515151515152
"morph_only__equal_features__jaccard","thing",0.0151515151515152
"morph_only__equal_features__jaccard","to",0.0151515151515152
"morph_only__equal_features__jaccard","us",0.0151515151515152
"morph_only__equal_features__jaccard","we",0.0151515151515152
"morph_only__equal_features__jaccard","what",0.0151515151515152
"morph_only__equal_features__jaccard","whatever",0.0151515151515152
"morph_only__equal_features__jaccard","where",0.0151515151515152
"morph_only__equal_features__jaccard","which",0.0151515151515152
"morph_only__equal_features__jaccard","whichever",0.0151515151515152
"morph_only__equal_features__jaccard","who",0.0151515151515152
"morph_only__equal_features__jaccard","whoever",0.0151515151515152
"morph_only__equal_features__jaccard","whom",0.0151515151515152
"morph_only__equal_features__jaccard","whose",0.0151515151515152
"morph_only__equal_features__jaccard","whosoever",0.0151515151515152
"morph_only__equal_features__jaccard","you",0.0151515151515152
"morph_only__equal_features__jaccard","your",0.0151515151515152
"morph_only__equal_features__jaccard","yours",0.0151515151515152
"morph_only__equal_features__jaccard","genitive_case",0.0151515151515152
"morph_only__equal_features__jaccard","accusative_case",0.0151515151515152
"morph_only__equal_features__jaccard","nominative_case",0.0151515151515152
"morph_only__equal_features__jaccard","in_word_formation_e_g_a_many_sided_shape",0.0151515151515152
"morph_only__equal_features__jaccard","has_derivationtionally_related_words",0.0151515151515152
"morph_only__equal_features__jaccard","has_corresponding_word",0.0151515151515152
"morph_only__equal_features__jaccard","compound_word",0.0151515151515152
"morph_only__equal_features__jaccard","inflects_for_case",0.0151515151515152
"morph_only__equal_features__jaccard","paradigm_has_distinct_acc_form",0.0151515151515152
"morph_only__equal_features__jaccard","paradigm_has_genitive_form",0.0151515151515152
"morph_only__equal_features__jaccard","paradigm_has_distinct_independent_genitive_form",0.0151515151515152
"morph_only__equal_features__jaccard","paradigm_has_distinct_self_form",0.0151515151515152
"morph_only__equal_features__jaccard","paradigm_has_comparative_and_superlative_forms",0.0151515151515152
"morph_only__equal_features__jaccard","paradigm_has_distinct_plural_form",0.0151515151515152
"morph_only__equal_features__jaccard","does_not_inflect",0.0151515151515152
"morph_only__equal_features__jaccard","Monmorphemic",0.0151515151515152
"morph_only__idf_presence__jaccard","a",0.0134897301455189
"morph_only__idf_presence__jaccard","another",0.0181357957128224
"morph_only__idf_presence__jaccard","any",0.0157160785865357
"morph_only__idf_presence__jaccard","body",0.0167730816960406
"morph_only__idf_presence__jaccard","certain",0.0200564332465623
"morph_only__idf_presence__jaccard","day",0.0200564332465623
"morph_only__idf_presence__jaccard","each",0.0200564332465623
"morph_only__idf_presence__jaccard","each_other",0.0233397847970839
"morph_only__idf_presence__jaccard","either",0.0200564332465623
"morph_only__idf_presence__jaccard","ever",0.0108389001103597
"morph_only__idf_presence__jaccard","every",0.0157160785865357
"morph_only__idf_presence__jaccard","few",0.0167730816960406
"morph_only__idf_presence__jaccard","her",0.0167730816960406
"morph_only__idf_presence__jaccard","him",0.0200564332465623
"morph_only__idf_presence__jaccard","it",0.0167730816960406
"morph_only__idf_presence__jaccard","its",0.0200564332465623
"morph_only__idf_presence__jaccard","little",0.0200564332465623
"morph_only__idf_presence__jaccard","many",0.0200564332465623
"morph_only__idf_presence__jaccard","many_a",0.0200564332465623
"morph_only__idf_presence__jaccard","my",0.0200564332465623
"morph_only__idf_presence__jaccard","no",0.0148524441623007
"morph_only__idf_presence__jaccard","no_one",0.0200564332465623
"morph_only__idf_presence__jaccard","one",0.0119812546281074
"morph_only__idf_presence__jaccard","one_s",0.0200564332465623
"morph_only__idf_presence__jaccard","other",0.0181357957128224
"morph_only__idf_presence__jaccard","our",0.0181357957128224
"morph_only__idf_presence__jaccard","ours",0.0200564332465623
"morph_only__idf_presence__jaccard","self",0.012432727036014
"morph_only__idf_presence__jaccard","some",0.0148524441623007
"morph_only__idf_presence__jaccard","their",0.0167730816960406
"morph_only__idf_presence__jaccard","theirs",0.0200564332465623
"morph_only__idf_presence__jaccard","them",0.0167730816960406
"morph_only__idf_presence__jaccard","they",0.0200564332465623
"morph_only__idf_presence__jaccard","thing",0.0167730816960406
"morph_only__idf_presence__jaccard","to",0.0181357957128224
"morph_only__idf_presence__jaccard","us",0.0200564332465623
"morph_only__idf_presence__jaccard","we",0.0200564332465623
"morph_only__idf_presence__jaccard","what",0.0157160785865357
"morph_only__idf_presence__jaccard","whatever",0.0200564332465623
"morph_only__idf_presence__jaccard","where",0.0167730816960406
"morph_only__idf_presence__jaccard","which",0.0157160785865357
"morph_only__idf_presence__jaccard","whichever",0.0200564332465623
"morph_only__idf_presence__jaccard","who",0.0119812546281074
"morph_only__idf_presence__jaccard","whoever",0.0200564332465623
"morph_only__idf_presence__jaccard","whom",0.0200564332465623
"morph_only__idf_presence__jaccard","whose",0.0200564332465623
"morph_only__idf_presence__jaccard","whosoever",0.0200564332465623
"morph_only__idf_presence__jaccard","you",0.0129318066285609
"morph_only__idf_presence__jaccard","your",0.0148524441623007
"morph_only__idf_presence__jaccard","yours",0.0200564332465623
"morph_only__idf_presence__jaccard","genitive_case",0.00869790307758573
"morph_only__idf_presence__jaccard","accusative_case",0.0119812546281074
"morph_only__idf_presence__jaccard","nominative_case",0.0119812546281074
"morph_only__idf_presence__jaccard","in_word_formation_e_g_a_many_sided_shape",0.00738932536432693
"morph_only__idf_presence__jaccard","has_derivationtionally_related_words",0.00264225650340788
"morph_only__idf_presence__jaccard","has_corresponding_word",0.00610899385879352
"morph_only__idf_presence__jaccard","compound_word",0.00500238951073565
"morph_only__idf_presence__jaccard","inflects_for_case",0.00288838329172582
"morph_only__idf_presence__jaccard","paradigm_has_distinct_acc_form",0.00574905811572058
"morph_only__idf_presence__jaccard","paradigm_has_genitive_form",0.00462323720986997
"morph_only__idf_presence__jaccard","paradigm_has_distinct_independent_genitive_form",0.00677726554384588
"morph_only__idf_presence__jaccard","paradigm_has_distinct_self_form",0.00552345000119162
"morph_only__idf_presence__jaccard","paradigm_has_comparative_and_superlative_forms",0.012432727036014
"morph_only__idf_presence__jaccard","paradigm_has_distinct_plural_form",0.00869790307758573
"morph_only__idf_presence__jaccard","does_not_inflect",0.00379006510926468
"morph_only__idf_presence__jaccard","Monmorphemic",0.00321519389981144
"morph_without_components__equal_features__sqrt_hamming","genitive_case",0.0625
"morph_without_components__equal_features__sqrt_hamming","accusative_case",0.0625
"morph_without_components__equal_features__sqrt_hamming","nominative_case",0.0625
"morph_without_components__equal_features__sqrt_hamming","in_word_formation_e_g_a_many_sided_shape",0.0625
"morph_without_components__equal_features__sqrt_hamming","has_derivationtionally_related_words",0.0625
"morph_without_components__equal_features__sqrt_hamming","has_corresponding_word",0.0625
"morph_without_components__equal_features__sqrt_hamming","compound_word",0.0625
"morph_without_components__equal_features__sqrt_hamming","inflects_for_case",0.0625
"morph_without_components__equal_features__sqrt_hamming","paradigm_has_distinct_acc_form",0.0625
"morph_without_components__equal_features__sqrt_hamming","paradigm_has_genitive_form",0.0625
"morph_without_components__equal_features__sqrt_hamming","paradigm_has_distinct_independent_genitive_form",0.0625
"morph_without_components__equal_features__sqrt_hamming","paradigm_has_distinct_self_form",0.0625
"morph_without_components__equal_features__sqrt_hamming","paradigm_has_comparative_and_superlative_forms",0.0625
"morph_without_components__equal_features__sqrt_hamming","paradigm_has_distinct_plural_form",0.0625
"morph_without_components__equal_features__sqrt_hamming","does_not_inflect",0.0625
"morph_without_components__equal_features__sqrt_hamming","Monmorphemic",0.0625
"morph_without_components__equal_features__hamming","genitive_case",0.0625
"morph_without_components__equal_features__hamming","accusative_case",0.0625
"morph_without_components__equal_features__hamming","nominative_case",0.0625
"morph_without_components__equal_features__hamming","in_word_formation_e_g_a_many_sided_shape",0.0625
"morph_without_components__equal_features__hamming","has_derivationtionally_related_words",0.0625
"morph_without_components__equal_features__hamming","has_corresponding_word",0.0625
"morph_without_components__equal_features__hamming","compound_word",0.0625
"morph_without_components__equal_features__hamming","inflects_for_case",0.0625
"morph_without_components__equal_features__hamming","paradigm_has_distinct_acc_form",0.0625
"morph_without_components__equal_features__hamming","paradigm_has_genitive_form",0.0625
"morph_without_components__equal_features__hamming","paradigm_has_distinct_independent_genitive_form",0.0625
"morph_without_components__equal_features__hamming","paradigm_has_distinct_self_form",0.0625
"morph_without_components__equal_features__hamming","paradigm_has_comparative_and_superlative_forms",0.0625
"morph_without_components__equal_features__hamming","paradigm_has_distinct_plural_form",0.0625
"morph_without_components__equal_features__hamming","does_not_inflect",0.0625
"morph_without_components__equal_features__hamming","Monmorphemic",0.0625
"morph_without_components__equal_features__jaccard","genitive_case",0.0625
"morph_without_components__equal_features__jaccard","accusative_case",0.0625
"morph_without_components__equal_features__jaccard","nominative_case",0.0625
"morph_without_components__equal_features__jaccard","in_word_formation_e_g_a_many_sided_shape",0.0625
"morph_without_components__equal_features__jaccard","has_derivationtionally_related_words",0.0625
"morph_without_components__equal_features__jaccard","has_corresponding_word",0.0625
"morph_without_components__equal_features__jaccard","compound_word",0.0625
"morph_without_components__equal_features__jaccard","inflects_for_case",0.0625
"morph_without_components__equal_features__jaccard","paradigm_has_distinct_acc_form",0.0625
"morph_without_components__equal_features__jaccard","paradigm_has_genitive_form",0.0625
"morph_without_components__equal_features__jaccard","paradigm_has_distinct_independent_genitive_form",0.0625
"morph_without_components__equal_features__jaccard","paradigm_has_distinct_self_form",0.0625
"morph_without_components__equal_features__jaccard","paradigm_has_comparative_and_superlative_forms",0.0625
"morph_without_components__equal_features__jaccard","paradigm_has_distinct_plural_form",0.0625
"morph_without_components__equal_features__jaccard","does_not_inflect",0.0625
"morph_without_components__equal_features__jaccard","Monmorphemic",0.0625
"morph_without_components__idf_presence__jaccard","genitive_case",0.0809102289076081
"morph_without_components__idf_presence__jaccard","accusative_case",0.111452846268044
"morph_without_components__idf_presence__jaccard","nominative_case",0.111452846268044
"morph_without_components__idf_presence__jaccard","in_word_formation_e_g_a_many_sided_shape",0.0687374878022253
"morph_without_components__idf_presence__jaccard","has_derivationtionally_related_words",0.0245789791650206
"morph_without_components__idf_presence__jaccard","has_corresponding_word",0.056827500502265
"morph_without_components__idf_presence__jaccard","compound_word",0.0465335698487668
"morph_without_components__idf_presence__jaccard","inflects_for_case",0.0268685166093291
"morph_without_components__idf_presence__jaccard","paradigm_has_distinct_acc_form",0.0534792816149898
"morph_without_components__idf_presence__jaccard","paradigm_has_genitive_form",0.0430065933832618
"morph_without_components__idf_presence__jaccard","paradigm_has_distinct_independent_genitive_form",0.063043943077878
"morph_without_components__idf_presence__jaccard","paradigm_has_distinct_self_form",0.0513806143813905
"morph_without_components__idf_presence__jaccard","paradigm_has_comparative_and_superlative_forms",0.11565256377965
"morph_without_components__idf_presence__jaccard","paradigm_has_distinct_plural_form",0.0809102289076081
"morph_without_components__idf_presence__jaccard","does_not_inflect",0.0352562028836107
"morph_without_components__idf_presence__jaccard","Monmorphemic",0.0299085966003079
"phon_only__equal_features__sqrt_hamming","Must_be_stressed_as_object_after_particle",0.333333333333333
"phon_only__equal_features__sqrt_hamming","Start_with_th",0.333333333333333
"phon_only__equal_features__sqrt_hamming","Start_with_hw",0.333333333333333
"phon_only__equal_features__hamming","Must_be_stressed_as_object_after_particle",0.333333333333333
"phon_only__equal_features__hamming","Start_with_th",0.333333333333333
"phon_only__equal_features__hamming","Start_with_hw",0.333333333333333
"phon_only__equal_features__jaccard","Must_be_stressed_as_object_after_particle",0.333333333333333
"phon_only__equal_features__jaccard","Start_with_th",0.333333333333333
"phon_only__equal_features__jaccard","Start_with_hw",0.333333333333333
"phon_only__idf_presence__jaccard","Must_be_stressed_as_object_after_particle",0.204269812045556
"phon_only__idf_presence__jaccard","Start_with_th",0.345411924901048
"phon_only__idf_presence__jaccard","Start_with_hw",0.450318263053396
"sem_only__equal_features__sqrt_hamming","anaphoric_marker",0.0277777777777778
"sem_only__equal_features__sqrt_hamming","deictic_marker",0.0277777777777778
"sem_only__equal_features__sqrt_hamming","person_deixis",0.0277777777777778
"sem_only__equal_features__sqrt_hamming","pro_form",0.0277777777777778
"sem_only__equal_features__sqrt_hamming","personal_gender_as_head_or_fused_head",0.0277777777777778
"sem_only__equal_features__sqrt_hamming","non_personal_gender",0.0277777777777778
"sem_only__equal_features__sqrt_hamming","epicene_personal_gender",0.0277777777777778
"sem_only__equal_features__sqrt_hamming","masculine_gender",0.0277777777777778
"sem_only__equal_features__sqrt_hamming","feminine_gender",0.0277777777777778
"sem_only__equal_features__sqrt_hamming","definite",0.0277777777777778
"sem_only__equal_features__sqrt_hamming","indefinite",0.0277777777777778
"sem_only__equal_features__sqrt_hamming","existential",0.0277777777777778
"sem_only__equal_features__sqrt_hamming","universal",0.0277777777777778
"sem_only__equal_features__sqrt_hamming","free_choice",0.0277777777777778
"sem_only__equal_features__sqrt_hamming","negative",0.0277777777777778
"sem_only__equal_features__sqrt_hamming","interrogative",0.0277777777777778
"sem_only__equal_features__sqrt_hamming","non_affirmative",0.0277777777777778
"sem_only__equal_features__sqrt_hamming","reflexive",0.0277777777777778
"sem_only__equal_features__sqrt_hamming","reciprocal",0.0277777777777778
"sem_only__equal_features__sqrt_hamming","dual",0.0277777777777778
"sem_only__equal_features__sqrt_hamming","paucal",0.0277777777777778
"sem_only__equal_features__sqrt_hamming","multal",0.0277777777777778
"sem_only__equal_features__sqrt_hamming","proportional",0.0277777777777778
"sem_only__equal_features__sqrt_hamming","semantically_countable",0.0277777777777778
"sem_only__equal_features__sqrt_hamming","semantically_uncountable",0.0277777777777778
"sem_only__equal_features__sqrt_hamming","semantically_singular",0.0277777777777778
"sem_only__equal_features__sqrt_hamming","semantically_plural",0.0277777777777778
"sem_only__equal_features__sqrt_hamming","distributive",0.0277777777777778
"sem_only__equal_features__sqrt_hamming","joint",0.0277777777777778
"sem_only__equal_features__sqrt_hamming","cardinal",0.0277777777777778
"sem_only__equal_features__sqrt_hamming","disjunctive",0.0277777777777778
"sem_only__equal_features__sqrt_hamming","degree",0.0277777777777778
"sem_only__equal_features__sqrt_hamming","sufficiency",0.0277777777777778
"sem_only__equal_features__sqrt_hamming","temporal",0.0277777777777778
"sem_only__equal_features__sqrt_hamming","locative",0.0277777777777778
"sem_only__equal_features__sqrt_hamming","dummy",0.0277777777777778
"sem_only__equal_features__hamming","anaphoric_marker",0.0277777777777778
"sem_only__equal_features__hamming","deictic_marker",0.0277777777777778
"sem_only__equal_features__hamming","person_deixis",0.0277777777777778
"sem_only__equal_features__hamming","pro_form",0.0277777777777778
"sem_only__equal_features__hamming","personal_gender_as_head_or_fused_head",0.0277777777777778
"sem_only__equal_features__hamming","non_personal_gender",0.0277777777777778
"sem_only__equal_features__hamming","epicene_personal_gender",0.0277777777777778
"sem_only__equal_features__hamming","masculine_gender",0.0277777777777778
"sem_only__equal_features__hamming","feminine_gender",0.0277777777777778
"sem_only__equal_features__hamming","definite",0.0277777777777778
"sem_only__equal_features__hamming","indefinite",0.0277777777777778
"sem_only__equal_features__hamming","existential",0.0277777777777778
"sem_only__equal_features__hamming","universal",0.0277777777777778
"sem_only__equal_features__hamming","free_choice",0.0277777777777778
"sem_only__equal_features__hamming","negative",0.0277777777777778
"sem_only__equal_features__hamming","interrogative",0.0277777777777778
"sem_only__equal_features__hamming","non_affirmative",0.0277777777777778
"sem_only__equal_features__hamming","reflexive",0.0277777777777778
"sem_only__equal_features__hamming","reciprocal",0.0277777777777778
"sem_only__equal_features__hamming","dual",0.0277777777777778
"sem_only__equal_features__hamming","paucal",0.0277777777777778
"sem_only__equal_features__hamming","multal",0.0277777777777778
"sem_only__equal_features__hamming","proportional",0.0277777777777778
"sem_only__equal_features__hamming","semantically_countable",0.0277777777777778
"sem_only__equal_features__hamming","semantically_uncountable",0.0277777777777778
"sem_only__equal_features__hamming","semantically_singular",0.0277777777777778
"sem_only__equal_features__hamming","semantically_plural",0.0277777777777778
"sem_only__equal_features__hamming","distributive",0.0277777777777778
"sem_only__equal_features__hamming","joint",0.0277777777777778
"sem_only__equal_features__hamming","cardinal",0.0277777777777778
"sem_only__equal_features__hamming","disjunctive",0.0277777777777778
"sem_only__equal_features__hamming","degree",0.0277777777777778
"sem_only__equal_features__hamming","sufficiency",0.0277777777777778
"sem_only__equal_features__hamming","temporal",0.0277777777777778
"sem_only__equal_features__hamming","locative",0.0277777777777778
"sem_only__equal_features__hamming","dummy",0.0277777777777778
"sem_only__equal_features__jaccard","anaphoric_marker",0.0277777777777778
"sem_only__equal_features__jaccard","deictic_marker",0.0277777777777778
"sem_only__equal_features__jaccard","person_deixis",0.0277777777777778
"sem_only__equal_features__jaccard","pro_form",0.0277777777777778
"sem_only__equal_features__jaccard","personal_gender_as_head_or_fused_head",0.0277777777777778
"sem_only__equal_features__jaccard","non_personal_gender",0.0277777777777778
"sem_only__equal_features__jaccard","epicene_personal_gender",0.0277777777777778
"sem_only__equal_features__jaccard","masculine_gender",0.0277777777777778
"sem_only__equal_features__jaccard","feminine_gender",0.0277777777777778
"sem_only__equal_features__jaccard","definite",0.0277777777777778
"sem_only__equal_features__jaccard","indefinite",0.0277777777777778
"sem_only__equal_features__jaccard","existential",0.0277777777777778
"sem_only__equal_features__jaccard","universal",0.0277777777777778
"sem_only__equal_features__jaccard","free_choice",0.0277777777777778
"sem_only__equal_features__jaccard","negative",0.0277777777777778
"sem_only__equal_features__jaccard","interrogative",0.0277777777777778
"sem_only__equal_features__jaccard","non_affirmative",0.0277777777777778
"sem_only__equal_features__jaccard","reflexive",0.0277777777777778
"sem_only__equal_features__jaccard","reciprocal",0.0277777777777778
"sem_only__equal_features__jaccard","dual",0.0277777777777778
"sem_only__equal_features__jaccard","paucal",0.0277777777777778
"sem_only__equal_features__jaccard","multal",0.0277777777777778
"sem_only__equal_features__jaccard","proportional",0.0277777777777778
"sem_only__equal_features__jaccard","semantically_countable",0.0277777777777778
"sem_only__equal_features__jaccard","semantically_uncountable",0.0277777777777778
"sem_only__equal_features__jaccard","semantically_singular",0.0277777777777778
"sem_only__equal_features__jaccard","semantically_plural",0.0277777777777778
"sem_only__equal_features__jaccard","distributive",0.0277777777777778
"sem_only__equal_features__jaccard","joint",0.0277777777777778
"sem_only__equal_features__jaccard","cardinal",0.0277777777777778
"sem_only__equal_features__jaccard","disjunctive",0.0277777777777778
"sem_only__equal_features__jaccard","degree",0.0277777777777778
"sem_only__equal_features__jaccard","sufficiency",0.0277777777777778
"sem_only__equal_features__jaccard","temporal",0.0277777777777778
"sem_only__equal_features__jaccard","locative",0.0277777777777778
"sem_only__equal_features__jaccard","dummy",0.0277777777777778
"sem_only__idf_presence__jaccard","anaphoric_marker",0.00595566440754303
"sem_only__idf_presence__jaccard","deictic_marker",0.0186281051979633
"sem_only__idf_presence__jaccard","person_deixis",0.0207212047746548
"sem_only__idf_presence__jaccard","pro_form",0.0104331436174452
"sem_only__idf_presence__jaccard","personal_gender_as_head_or_fused_head",0.0124909290775752
"sem_only__idf_presence__jaccard","non_personal_gender",0.0198448832986502
"sem_only__idf_presence__jaccard","epicene_personal_gender",0.0161524938430553
"sem_only__idf_presence__jaccard","masculine_gender",0.048080102342265
"sem_only__idf_presence__jaccard","feminine_gender",0.0450501989171189
"sem_only__idf_presence__jaccard","definite",0.00902376271065689
"sem_only__idf_presence__jaccard","indefinite",0.00883385373854182
"sem_only__idf_presence__jaccard","existential",0.00235804983988337
"sem_only__idf_presence__jaccard","universal",0.0386683626610601
"sem_only__idf_presence__jaccard","free_choice",0.0243289941424641
"sem_only__idf_presence__jaccard","negative",0.0320760063715395
"sem_only__idf_presence__jaccard","interrogative",0.0292566229798551
"sem_only__idf_presence__jaccard","non_affirmative",0.0243289941424641
"sem_only__idf_presence__jaccard","reflexive",0.0370690727821566
"sem_only__idf_presence__jaccard","reciprocal",0.0574918420234699
"sem_only__idf_presence__jaccard","dual",0.0450501989171189
"sem_only__idf_presence__jaccard","paucal",0.0331628478810059
"sem_only__idf_presence__jaccard","multal",0.048080102342265
"sem_only__idf_presence__jaccard","proportional",0.0171587519102804
"sem_only__idf_presence__jaccard","semantically_countable",0.00358214579047204
"sem_only__idf_presence__jaccard","semantically_uncountable",0.0168149798735041
"sem_only__idf_presence__jaccard","semantically_singular",0.00674075416185033
"sem_only__idf_presence__jaccard","semantically_plural",0.00921636551675841
"sem_only__idf_presence__jaccard","distributive",0.00864656428416696
"sem_only__idf_presence__jaccard","joint",0.00941173968120494
"sem_only__idf_presence__jaccard","cardinal",0.048080102342265
"sem_only__idf_presence__jaccard","disjunctive",0.0574918420234699
"sem_only__idf_presence__jaccard","degree",0.035638459235914
"sem_only__idf_presence__jaccard","sufficiency",0.0574918420234699
"sem_only__idf_presence__jaccard","temporal",0.0370690727821566
"sem_only__idf_presence__jaccard","locative",0.048080102342265
"sem_only__idf_presence__jaccard","dummy",0.0574918420234699
"synt_only__equal_features__sqrt_hamming","can_be_followed_by_adjective_such",0.02
"synt_only__equal_features__sqrt_hamming","can_be_modified_by_almost",0.02
"synt_only__equal_features__sqrt_hamming","can_be_modified_by_approximately",0.02
"synt_only__equal_features__sqrt_hamming","can_be_modified_by_at_least",0.02
"synt_only__equal_features__sqrt_hamming","can_be_modified_by_hardly",0.02
"synt_only__equal_features__sqrt_hamming","can_be_modified_by_not",0.02
"synt_only__equal_features__sqrt_hamming","can_be_modified_by_adverb_very",0.02
"synt_only__equal_features__sqrt_hamming","Coordinates_with_independent_genitives",0.02
"synt_only__equal_features__sqrt_hamming","Coordinates_with_dependent_genitives",0.02
"synt_only__equal_features__sqrt_hamming","Coordinates_with_NPs",0.02
"synt_only__equal_features__sqrt_hamming","intensifying_reduplication",0.02
"synt_only__equal_features__sqrt_hamming","selects_singular_heads",0.02
"synt_only__equal_features__sqrt_hamming","selects_count_singular_heads",0.02
"synt_only__equal_features__sqrt_hamming","selects_non_count_heads",0.02
"synt_only__equal_features__sqrt_hamming","selects_plural_heads",0.02
"synt_only__equal_features__sqrt_hamming","compatible_count_sing_NP",0.02
"synt_only__equal_features__sqrt_hamming","compatible_count_plur_NP",0.02
"synt_only__equal_features__sqrt_hamming","compatible_non_count_NP",0.02
"synt_only__equal_features__sqrt_hamming","Forms_universal_pronouns_before_all",0.02
"synt_only__equal_features__sqrt_hamming","functions_as_a_predeterminer_modifier",0.02
"synt_only__equal_features__sqrt_hamming","functions_as_prehead_modifier_in_nominal",0.02
"synt_only__equal_features__sqrt_hamming","functions_as_degree_modifier_in_AdjP",0.02
"synt_only__equal_features__sqrt_hamming","functions_as_predicative_complement",0.02
"synt_only__equal_features__sqrt_hamming","functions_as_predicative_complement_to_seem",0.02
"synt_only__equal_features__sqrt_hamming","functions_as_marker_of_coordination",0.02
"synt_only__equal_features__sqrt_hamming","functions_as_fused_determiner_head",0.02
"synt_only__equal_features__sqrt_hamming","functions_as_head_of_partitive_construction",0.02
"synt_only__equal_features__sqrt_hamming","functions_as_adjunct_in_clause_structure",0.02
"synt_only__equal_features__sqrt_hamming","functions_as_attrib_modifier_in_nominal",0.02
"synt_only__equal_features__sqrt_hamming","appears_in_subject",0.02
"synt_only__equal_features__sqrt_hamming","appears_in_object",0.02
"synt_only__equal_features__sqrt_hamming","functions_as_post_head_modifier_of_it_or_them",0.02
"synt_only__equal_features__sqrt_hamming","functions_as_post_head_modifier_of_N",0.02
"synt_only__equal_features__sqrt_hamming","appears_in_existentials_there_s_on_the_table",0.02
"synt_only__equal_features__sqrt_hamming","functions_as_determiner_in_day_s_time_ago",0.02
"synt_only__equal_features__sqrt_hamming","functions_as_subject_of_present_participal_of_joining_you",0.02
"synt_only__equal_features__sqrt_hamming","Functions_as_subject_of_interrogative_tag",0.02
"synt_only__equal_features__sqrt_hamming","functions_as_subject_determiner",0.02
"synt_only__equal_features__sqrt_hamming","functions_in_vocative",0.02
"synt_only__equal_features__sqrt_hamming","May_coordinate_with_non_fused_determiners",0.02
"synt_only__equal_features__sqrt_hamming","must_be_outranked_by_a_coindexed_element",0.02
"synt_only__equal_features__sqrt_hamming","takes_predeterminer_modifiers_all_or_both",0.02
"synt_only__equal_features__sqrt_hamming","occurs_after_predeterminer_modifiers_fractions",0.02
"synt_only__equal_features__sqrt_hamming","occurs_after_predeterminer_modifiers_multipliers",0.02
"synt_only__equal_features__sqrt_hamming","ironic_use_of_repetition",0.02
"synt_only__equal_features__sqrt_hamming","take_poor_lucky_silly_as_attrib_modifiers",0.02
"synt_only__equal_features__sqrt_hamming","takes_adverb_quite_as_a_modifier",0.02
"synt_only__equal_features__sqrt_hamming","takes_else_or_more_as_a_post_head_dependent",0.02
"synt_only__equal_features__sqrt_hamming","accepts_genitive_apstrophe_s",0.02
"synt_only__equal_features__sqrt_hamming","takes_post_head_modifier_the_hell",0.02
"synt_only__equal_features__hamming","can_be_followed_by_adjective_such",0.02
"synt_only__equal_features__hamming","can_be_modified_by_almost",0.02
"synt_only__equal_features__hamming","can_be_modified_by_approximately",0.02
"synt_only__equal_features__hamming","can_be_modified_by_at_least",0.02
"synt_only__equal_features__hamming","can_be_modified_by_hardly",0.02
"synt_only__equal_features__hamming","can_be_modified_by_not",0.02
"synt_only__equal_features__hamming","can_be_modified_by_adverb_very",0.02
"synt_only__equal_features__hamming","Coordinates_with_independent_genitives",0.02
"synt_only__equal_features__hamming","Coordinates_with_dependent_genitives",0.02
"synt_only__equal_features__hamming","Coordinates_with_NPs",0.02
"synt_only__equal_features__hamming","intensifying_reduplication",0.02
"synt_only__equal_features__hamming","selects_singular_heads",0.02
"synt_only__equal_features__hamming","selects_count_singular_heads",0.02
"synt_only__equal_features__hamming","selects_non_count_heads",0.02
"synt_only__equal_features__hamming","selects_plural_heads",0.02
"synt_only__equal_features__hamming","compatible_count_sing_NP",0.02
"synt_only__equal_features__hamming","compatible_count_plur_NP",0.02
"synt_only__equal_features__hamming","compatible_non_count_NP",0.02
"synt_only__equal_features__hamming","Forms_universal_pronouns_before_all",0.02
"synt_only__equal_features__hamming","functions_as_a_predeterminer_modifier",0.02
"synt_only__equal_features__hamming","functions_as_prehead_modifier_in_nominal",0.02
"synt_only__equal_features__hamming","functions_as_degree_modifier_in_AdjP",0.02
"synt_only__equal_features__hamming","functions_as_predicative_complement",0.02
"synt_only__equal_features__hamming","functions_as_predicative_complement_to_seem",0.02
"synt_only__equal_features__hamming","functions_as_marker_of_coordination",0.02
"synt_only__equal_features__hamming","functions_as_fused_determiner_head",0.02
"synt_only__equal_features__hamming","functions_as_head_of_partitive_construction",0.02
"synt_only__equal_features__hamming","functions_as_adjunct_in_clause_structure",0.02
"synt_only__equal_features__hamming","functions_as_attrib_modifier_in_nominal",0.02
"synt_only__equal_features__hamming","appears_in_subject",0.02
"synt_only__equal_features__hamming","appears_in_object",0.02
"synt_only__equal_features__hamming","functions_as_post_head_modifier_of_it_or_them",0.02
"synt_only__equal_features__hamming","functions_as_post_head_modifier_of_N",0.02
"synt_only__equal_features__hamming","appears_in_existentials_there_s_on_the_table",0.02
"synt_only__equal_features__hamming","functions_as_determiner_in_day_s_time_ago",0.02
"synt_only__equal_features__hamming","functions_as_subject_of_present_participal_of_joining_you",0.02
"synt_only__equal_features__hamming","Functions_as_subject_of_interrogative_tag",0.02
"synt_only__equal_features__hamming","functions_as_subject_determiner",0.02
"synt_only__equal_features__hamming","functions_in_vocative",0.02
"synt_only__equal_features__hamming","May_coordinate_with_non_fused_determiners",0.02
"synt_only__equal_features__hamming","must_be_outranked_by_a_coindexed_element",0.02
"synt_only__equal_features__hamming","takes_predeterminer_modifiers_all_or_both",0.02
"synt_only__equal_features__hamming","occurs_after_predeterminer_modifiers_fractions",0.02
"synt_only__equal_features__hamming","occurs_after_predeterminer_modifiers_multipliers",0.02
"synt_only__equal_features__hamming","ironic_use_of_repetition",0.02
"synt_only__equal_features__hamming","take_poor_lucky_silly_as_attrib_modifiers",0.02
"synt_only__equal_features__hamming","takes_adverb_quite_as_a_modifier",0.02
"synt_only__equal_features__hamming","takes_else_or_more_as_a_post_head_dependent",0.02
"synt_only__equal_features__hamming","accepts_genitive_apstrophe_s",0.02
"synt_only__equal_features__hamming","takes_post_head_modifier_the_hell",0.02
"synt_only__equal_features__jaccard","can_be_followed_by_adjective_such",0.02
"synt_only__equal_features__jaccard","can_be_modified_by_almost",0.02
"synt_only__equal_features__jaccard","can_be_modified_by_approximately",0.02
"synt_only__equal_features__jaccard","can_be_modified_by_at_least",0.02
"synt_only__equal_features__jaccard","can_be_modified_by_hardly",0.02
"synt_only__equal_features__jaccard","can_be_modified_by_not",0.02
"synt_only__equal_features__jaccard","can_be_modified_by_adverb_very",0.02
"synt_only__equal_features__jaccard","Coordinates_with_independent_genitives",0.02
"synt_only__equal_features__jaccard","Coordinates_with_dependent_genitives",0.02
"synt_only__equal_features__jaccard","Coordinates_with_NPs",0.02
"synt_only__equal_features__jaccard","intensifying_reduplication",0.02
"synt_only__equal_features__jaccard","selects_singular_heads",0.02
"synt_only__equal_features__jaccard","selects_count_singular_heads",0.02
"synt_only__equal_features__jaccard","selects_non_count_heads",0.02
"synt_only__equal_features__jaccard","selects_plural_heads",0.02
"synt_only__equal_features__jaccard","compatible_count_sing_NP",0.02
"synt_only__equal_features__jaccard","compatible_count_plur_NP",0.02
"synt_only__equal_features__jaccard","compatible_non_count_NP",0.02
"synt_only__equal_features__jaccard","Forms_universal_pronouns_before_all",0.02
"synt_only__equal_features__jaccard","functions_as_a_predeterminer_modifier",0.02
"synt_only__equal_features__jaccard","functions_as_prehead_modifier_in_nominal",0.02
"synt_only__equal_features__jaccard","functions_as_degree_modifier_in_AdjP",0.02
"synt_only__equal_features__jaccard","functions_as_predicative_complement",0.02
"synt_only__equal_features__jaccard","functions_as_predicative_complement_to_seem",0.02
"synt_only__equal_features__jaccard","functions_as_marker_of_coordination",0.02
"synt_only__equal_features__jaccard","functions_as_fused_determiner_head",0.02
"synt_only__equal_features__jaccard","functions_as_head_of_partitive_construction",0.02
"synt_only__equal_features__jaccard","functions_as_adjunct_in_clause_structure",0.02
"synt_only__equal_features__jaccard","functions_as_attrib_modifier_in_nominal",0.02
"synt_only__equal_features__jaccard","appears_in_subject",0.02
"synt_only__equal_features__jaccard","appears_in_object",0.02
"synt_only__equal_features__jaccard","functions_as_post_head_modifier_of_it_or_them",0.02
"synt_only__equal_features__jaccard","functions_as_post_head_modifier_of_N",0.02
"synt_only__equal_features__jaccard","appears_in_existentials_there_s_on_the_table",0.02
"synt_only__equal_features__jaccard","functions_as_determiner_in_day_s_time_ago",0.02
"synt_only__equal_features__jaccard","functions_as_subject_of_present_participal_of_joining_you",0.02
"synt_only__equal_features__jaccard","Functions_as_subject_of_interrogative_tag",0.02
"synt_only__equal_features__jaccard","functions_as_subject_determiner",0.02
"synt_only__equal_features__jaccard","functions_in_vocative",0.02
"synt_only__equal_features__jaccard","May_coordinate_with_non_fused_determiners",0.02
"synt_only__equal_features__jaccard","must_be_outranked_by_a_coindexed_element",0.02
"synt_only__equal_features__jaccard","takes_predeterminer_modifiers_all_or_both",0.02
"synt_only__equal_features__jaccard","occurs_after_predeterminer_modifiers_fractions",0.02
"synt_only__equal_features__jaccard","occurs_after_predeterminer_modifiers_multipliers",0.02
"synt_only__equal_features__jaccard","ironic_use_of_repetition",0.02
"synt_only__equal_features__jaccard","take_poor_lucky_silly_as_attrib_modifiers",0.02
"synt_only__equal_features__jaccard","takes_adverb_quite_as_a_modifier",0.02
"synt_only__equal_features__jaccard","takes_else_or_more_as_a_post_head_dependent",0.02
"synt_only__equal_features__jaccard","accepts_genitive_apstrophe_s",0.02
"synt_only__equal_features__jaccard","takes_post_head_modifier_the_hell",0.02
"synt_only__idf_presence__jaccard","can_be_followed_by_adjective_such",0.0156478482411748
"synt_only__idf_presence__jaccard","can_be_modified_by_almost",0.0117623737298898
"synt_only__idf_presence__jaccard","can_be_modified_by_approximately",0.0230690797999896
"synt_only__idf_presence__jaccard","can_be_modified_by_at_least",0.00839522763110121
"synt_only__idf_presence__jaccard","can_be_modified_by_hardly",0.0163388346914673
"synt_only__idf_presence__jaccard","can_be_modified_by_not",0.0146884090358041
"synt_only__idf_presence__jaccard","can_be_modified_by_adverb_very",0.037911542917619
"synt_only__idf_presence__jaccard","Coordinates_with_independent_genitives",0.0106576240723892
"synt_only__idf_presence__jaccard","Coordinates_with_dependent_genitives",0.0261491691877293
"synt_only__idf_presence__jaccard","Coordinates_with_NPs",0.00282455043264893
"synt_only__idf_presence__jaccard","intensifying_reduplication",0.0409916323053587
"synt_only__idf_presence__jaccard","selects_singular_heads",0.0206799768625424
"synt_only__idf_presence__jaccard","selects_count_singular_heads",0.0206799768625424
"synt_only__idf_presence__jaccard","selects_non_count_heads",0.0252921860174883
"synt_only__idf_presence__jaccard","selects_plural_heads",0.0178709544586736
"synt_only__idf_presence__jaccard","compatible_count_sing_NP",0.00984919687637919
"synt_only__idf_presence__jaccard","compatible_count_plur_NP",0.0104497228998589
"synt_only__idf_presence__jaccard","compatible_non_count_NP",0.0132587453037276
"synt_only__idf_presence__jaccard","Forms_universal_pronouns_before_all",0.0355224399801718
"synt_only__idf_presence__jaccard","functions_as_a_predeterminer_modifier",0.033570400746544
"synt_only__idf_presence__jaccard","functions_as_prehead_modifier_in_nominal",0.0252921860174883
"synt_only__idf_presence__jaccard","functions_as_degree_modifier_in_AdjP",0.024498743532066
"synt_only__idf_presence__jaccard","functions_as_predicative_complement",0.00506320723235448
"synt_only__idf_presence__jaccard","functions_as_predicative_complement_to_seem",0.0224199978022789
"synt_only__idf_presence__jaccard","functions_as_marker_of_coordination",0.0453327744764338
"synt_only__idf_presence__jaccard","functions_as_fused_determiner_head",0.00984919687637919
"synt_only__idf_presence__jaccard","functions_as_head_of_partitive_construction",0.0140934463140693
"synt_only__idf_presence__jaccard","functions_as_adjunct_in_clause_structure",0.0138079207541088
"synt_only__idf_presence__jaccard","functions_as_attrib_modifier_in_nominal",0.0206799768625424
"synt_only__idf_presence__jaccard","appears_in_subject",0.00195203923362783
"synt_only__idf_presence__jaccard","appears_in_object",0.00158596685791118
"synt_only__idf_presence__jaccard","functions_as_post_head_modifier_of_it_or_them",0.0409916323053587
"synt_only__idf_presence__jaccard","functions_as_post_head_modifier_of_N",0.037911542917619
"synt_only__idf_presence__jaccard","appears_in_existentials_there_s_on_the_table",0.0135298122875986
"synt_only__idf_presence__jaccard","functions_as_determiner_in_day_s_time_ago",0.0237600662502821
"synt_only__idf_presence__jaccard","functions_as_subject_of_present_participal_of_joining_you",0.00457646096157758
"synt_only__idf_presence__jaccard","Functions_as_subject_of_interrogative_tag",0.0270807629314558
"synt_only__idf_presence__jaccard","functions_as_subject_determiner",0.0261491691877293
"synt_only__idf_presence__jaccard","functions_in_vocative",0.0270807629314558
"synt_only__idf_presence__jaccard","May_coordinate_with_non_fused_determiners",0.0153183892015661
"synt_only__idf_presence__jaccard","must_be_outranked_by_a_coindexed_element",0.0261491691877293
"synt_only__idf_presence__jaccard","takes_predeterminer_modifiers_all_or_both",0.0170775119732513
"synt_only__idf_presence__jaccard","occurs_after_predeterminer_modifiers_fractions",0.0113067060700998
"synt_only__idf_presence__jaccard","occurs_after_predeterminer_modifiers_multipliers",0.0113067060700998
"synt_only__idf_presence__jaccard","ironic_use_of_repetition",0.0237600662502821
"synt_only__idf_presence__jaccard","take_poor_lucky_silly_as_attrib_modifiers",0.0319199750908807
"synt_only__idf_presence__jaccard","takes_adverb_quite_as_a_modifier",0.0113067060700998
"synt_only__idf_presence__jaccard","takes_else_or_more_as_a_post_head_dependent",0.0163388346914673
"synt_only__idf_presence__jaccard","accepts_genitive_apstrophe_s",0.0187279376289145
"synt_only__idf_presence__jaccard","takes_post_head_modifier_the_hell",0.0355224399801718
"synt_without_four_labels__equal_features__sqrt_hamming","can_be_followed_by_adjective_such",0.0217391304347826
"synt_without_four_labels__equal_features__sqrt_hamming","can_be_modified_by_almost",0.0217391304347826
"synt_without_four_labels__equal_features__sqrt_hamming","can_be_modified_by_approximately",0.0217391304347826
"synt_without_four_labels__equal_features__sqrt_hamming","can_be_modified_by_at_least",0.0217391304347826
"synt_without_four_labels__equal_features__sqrt_hamming","can_be_modified_by_hardly",0.0217391304347826
"synt_without_four_labels__equal_features__sqrt_hamming","can_be_modified_by_not",0.0217391304347826
"synt_without_four_labels__equal_features__sqrt_hamming","can_be_modified_by_adverb_very",0.0217391304347826
"synt_without_four_labels__equal_features__sqrt_hamming","Coordinates_with_independent_genitives",0.0217391304347826
"synt_without_four_labels__equal_features__sqrt_hamming","Coordinates_with_dependent_genitives",0.0217391304347826
"synt_without_four_labels__equal_features__sqrt_hamming","Coordinates_with_NPs",0.0217391304347826
"synt_without_four_labels__equal_features__sqrt_hamming","intensifying_reduplication",0.0217391304347826
"synt_without_four_labels__equal_features__sqrt_hamming","selects_singular_heads",0.0217391304347826
"synt_without_four_labels__equal_features__sqrt_hamming","selects_count_singular_heads",0.0217391304347826
"synt_without_four_labels__equal_features__sqrt_hamming","selects_non_count_heads",0.0217391304347826
"synt_without_four_labels__equal_features__sqrt_hamming","selects_plural_heads",0.0217391304347826
"synt_without_four_labels__equal_features__sqrt_hamming","compatible_count_sing_NP",0.0217391304347826
"synt_without_four_labels__equal_features__sqrt_hamming","compatible_count_plur_NP",0.0217391304347826
"synt_without_four_labels__equal_features__sqrt_hamming","compatible_non_count_NP",0.0217391304347826
"synt_without_four_labels__equal_features__sqrt_hamming","Forms_universal_pronouns_before_all",0.0217391304347826
"synt_without_four_labels__equal_features__sqrt_hamming","functions_as_a_predeterminer_modifier",0.0217391304347826
"synt_without_four_labels__equal_features__sqrt_hamming","functions_as_prehead_modifier_in_nominal",0.0217391304347826
"synt_without_four_labels__equal_features__sqrt_hamming","functions_as_degree_modifier_in_AdjP",0.0217391304347826
"synt_without_four_labels__equal_features__sqrt_hamming","functions_as_predicative_complement",0.0217391304347826
"synt_without_four_labels__equal_features__sqrt_hamming","functions_as_predicative_complement_to_seem",0.0217391304347826
"synt_without_four_labels__equal_features__sqrt_hamming","functions_as_marker_of_coordination",0.0217391304347826
"synt_without_four_labels__equal_features__sqrt_hamming","functions_as_adjunct_in_clause_structure",0.0217391304347826
"synt_without_four_labels__equal_features__sqrt_hamming","functions_as_attrib_modifier_in_nominal",0.0217391304347826
"synt_without_four_labels__equal_features__sqrt_hamming","appears_in_subject",0.0217391304347826
"synt_without_four_labels__equal_features__sqrt_hamming","appears_in_object",0.0217391304347826
"synt_without_four_labels__equal_features__sqrt_hamming","functions_as_post_head_modifier_of_it_or_them",0.0217391304347826
"synt_without_four_labels__equal_features__sqrt_hamming","functions_as_post_head_modifier_of_N",0.0217391304347826
"synt_without_four_labels__equal_features__sqrt_hamming","appears_in_existentials_there_s_on_the_table",0.0217391304347826
"synt_without_four_labels__equal_features__sqrt_hamming","functions_as_determiner_in_day_s_time_ago",0.0217391304347826
"synt_without_four_labels__equal_features__sqrt_hamming","functions_as_subject_of_present_participal_of_joining_you",0.0217391304347826
"synt_without_four_labels__equal_features__sqrt_hamming","Functions_as_subject_of_interrogative_tag",0.0217391304347826
"synt_without_four_labels__equal_features__sqrt_hamming","functions_in_vocative",0.0217391304347826
"synt_without_four_labels__equal_features__sqrt_hamming","must_be_outranked_by_a_coindexed_element",0.0217391304347826
"synt_without_four_labels__equal_features__sqrt_hamming","takes_predeterminer_modifiers_all_or_both",0.0217391304347826
"synt_without_four_labels__equal_features__sqrt_hamming","occurs_after_predeterminer_modifiers_fractions",0.0217391304347826
"synt_without_four_labels__equal_features__sqrt_hamming","occurs_after_predeterminer_modifiers_multipliers",0.0217391304347826
"synt_without_four_labels__equal_features__sqrt_hamming","ironic_use_of_repetition",0.0217391304347826
"synt_without_four_labels__equal_features__sqrt_hamming","take_poor_lucky_silly_as_attrib_modifiers",0.0217391304347826
"synt_without_four_labels__equal_features__sqrt_hamming","takes_adverb_quite_as_a_modifier",0.0217391304347826
"synt_without_four_labels__equal_features__sqrt_hamming","takes_else_or_more_as_a_post_head_dependent",0.0217391304347826
"synt_without_four_labels__equal_features__sqrt_hamming","accepts_genitive_apstrophe_s",0.0217391304347826
"synt_without_four_labels__equal_features__sqrt_hamming","takes_post_head_modifier_the_hell",0.0217391304347826
"synt_without_four_labels__equal_features__hamming","can_be_followed_by_adjective_such",0.0217391304347826
"synt_without_four_labels__equal_features__hamming","can_be_modified_by_almost",0.0217391304347826
"synt_without_four_labels__equal_features__hamming","can_be_modified_by_approximately",0.0217391304347826
"synt_without_four_labels__equal_features__hamming","can_be_modified_by_at_least",0.0217391304347826
"synt_without_four_labels__equal_features__hamming","can_be_modified_by_hardly",0.0217391304347826
"synt_without_four_labels__equal_features__hamming","can_be_modified_by_not",0.0217391304347826
"synt_without_four_labels__equal_features__hamming","can_be_modified_by_adverb_very",0.0217391304347826
"synt_without_four_labels__equal_features__hamming","Coordinates_with_independent_genitives",0.0217391304347826
"synt_without_four_labels__equal_features__hamming","Coordinates_with_dependent_genitives",0.0217391304347826
"synt_without_four_labels__equal_features__hamming","Coordinates_with_NPs",0.0217391304347826
"synt_without_four_labels__equal_features__hamming","intensifying_reduplication",0.0217391304347826
"synt_without_four_labels__equal_features__hamming","selects_singular_heads",0.0217391304347826
"synt_without_four_labels__equal_features__hamming","selects_count_singular_heads",0.0217391304347826
"synt_without_four_labels__equal_features__hamming","selects_non_count_heads",0.0217391304347826
"synt_without_four_labels__equal_features__hamming","selects_plural_heads",0.0217391304347826
"synt_without_four_labels__equal_features__hamming","compatible_count_sing_NP",0.0217391304347826
"synt_without_four_labels__equal_features__hamming","compatible_count_plur_NP",0.0217391304347826
"synt_without_four_labels__equal_features__hamming","compatible_non_count_NP",0.0217391304347826
"synt_without_four_labels__equal_features__hamming","Forms_universal_pronouns_before_all",0.0217391304347826
"synt_without_four_labels__equal_features__hamming","functions_as_a_predeterminer_modifier",0.0217391304347826
"synt_without_four_labels__equal_features__hamming","functions_as_prehead_modifier_in_nominal",0.0217391304347826
"synt_without_four_labels__equal_features__hamming","functions_as_degree_modifier_in_AdjP",0.0217391304347826
"synt_without_four_labels__equal_features__hamming","functions_as_predicative_complement",0.0217391304347826
"synt_without_four_labels__equal_features__hamming","functions_as_predicative_complement_to_seem",0.0217391304347826
"synt_without_four_labels__equal_features__hamming","functions_as_marker_of_coordination",0.0217391304347826
"synt_without_four_labels__equal_features__hamming","functions_as_adjunct_in_clause_structure",0.0217391304347826
"synt_without_four_labels__equal_features__hamming","functions_as_attrib_modifier_in_nominal",0.0217391304347826
"synt_without_four_labels__equal_features__hamming","appears_in_subject",0.0217391304347826
"synt_without_four_labels__equal_features__hamming","appears_in_object",0.0217391304347826
"synt_without_four_labels__equal_features__hamming","functions_as_post_head_modifier_of_it_or_them",0.0217391304347826
"synt_without_four_labels__equal_features__hamming","functions_as_post_head_modifier_of_N",0.0217391304347826
"synt_without_four_labels__equal_features__hamming","appears_in_existentials_there_s_on_the_table",0.0217391304347826
"synt_without_four_labels__equal_features__hamming","functions_as_determiner_in_day_s_time_ago",0.0217391304347826
"synt_without_four_labels__equal_features__hamming","functions_as_subject_of_present_participal_of_joining_you",0.0217391304347826
"synt_without_four_labels__equal_features__hamming","Functions_as_subject_of_interrogative_tag",0.0217391304347826
"synt_without_four_labels__equal_features__hamming","functions_in_vocative",0.0217391304347826
"synt_without_four_labels__equal_features__hamming","must_be_outranked_by_a_coindexed_element",0.0217391304347826
"synt_without_four_labels__equal_features__hamming","takes_predeterminer_modifiers_all_or_both",0.0217391304347826
"synt_without_four_labels__equal_features__hamming","occurs_after_predeterminer_modifiers_fractions",0.0217391304347826
"synt_without_four_labels__equal_features__hamming","occurs_after_predeterminer_modifiers_multipliers",0.0217391304347826
"synt_without_four_labels__equal_features__hamming","ironic_use_of_repetition",0.0217391304347826
"synt_without_four_labels__equal_features__hamming","take_poor_lucky_silly_as_attrib_modifiers",0.0217391304347826
"synt_without_four_labels__equal_features__hamming","takes_adverb_quite_as_a_modifier",0.0217391304347826
"synt_without_four_labels__equal_features__hamming","takes_else_or_more_as_a_post_head_dependent",0.0217391304347826
"synt_without_four_labels__equal_features__hamming","accepts_genitive_apstrophe_s",0.0217391304347826
"synt_without_four_labels__equal_features__hamming","takes_post_head_modifier_the_hell",0.0217391304347826
"synt_without_four_labels__equal_features__jaccard","can_be_followed_by_adjective_such",0.0217391304347826
"synt_without_four_labels__equal_features__jaccard","can_be_modified_by_almost",0.0217391304347826
"synt_without_four_labels__equal_features__jaccard","can_be_modified_by_approximately",0.0217391304347826
"synt_without_four_labels__equal_features__jaccard","can_be_modified_by_at_least",0.0217391304347826
"synt_without_four_labels__equal_features__jaccard","can_be_modified_by_hardly",0.0217391304347826
"synt_without_four_labels__equal_features__jaccard","can_be_modified_by_not",0.0217391304347826
"synt_without_four_labels__equal_features__jaccard","can_be_modified_by_adverb_very",0.0217391304347826
"synt_without_four_labels__equal_features__jaccard","Coordinates_with_independent_genitives",0.0217391304347826
"synt_without_four_labels__equal_features__jaccard","Coordinates_with_dependent_genitives",0.0217391304347826
"synt_without_four_labels__equal_features__jaccard","Coordinates_with_NPs",0.0217391304347826
"synt_without_four_labels__equal_features__jaccard","intensifying_reduplication",0.0217391304347826
"synt_without_four_labels__equal_features__jaccard","selects_singular_heads",0.0217391304347826
"synt_without_four_labels__equal_features__jaccard","selects_count_singular_heads",0.0217391304347826
"synt_without_four_labels__equal_features__jaccard","selects_non_count_heads",0.0217391304347826
"synt_without_four_labels__equal_features__jaccard","selects_plural_heads",0.0217391304347826
"synt_without_four_labels__equal_features__jaccard","compatible_count_sing_NP",0.0217391304347826
"synt_without_four_labels__equal_features__jaccard","compatible_count_plur_NP",0.0217391304347826
"synt_without_four_labels__equal_features__jaccard","compatible_non_count_NP",0.0217391304347826
"synt_without_four_labels__equal_features__jaccard","Forms_universal_pronouns_before_all",0.0217391304347826
"synt_without_four_labels__equal_features__jaccard","functions_as_a_predeterminer_modifier",0.0217391304347826
"synt_without_four_labels__equal_features__jaccard","functions_as_prehead_modifier_in_nominal",0.0217391304347826
"synt_without_four_labels__equal_features__jaccard","functions_as_degree_modifier_in_AdjP",0.0217391304347826
"synt_without_four_labels__equal_features__jaccard","functions_as_predicative_complement",0.0217391304347826
"synt_without_four_labels__equal_features__jaccard","functions_as_predicative_complement_to_seem",0.0217391304347826
"synt_without_four_labels__equal_features__jaccard","functions_as_marker_of_coordination",0.0217391304347826
"synt_without_four_labels__equal_features__jaccard","functions_as_adjunct_in_clause_structure",0.0217391304347826
"synt_without_four_labels__equal_features__jaccard","functions_as_attrib_modifier_in_nominal",0.0217391304347826
"synt_without_four_labels__equal_features__jaccard","appears_in_subject",0.0217391304347826
"synt_without_four_labels__equal_features__jaccard","appears_in_object",0.0217391304347826
"synt_without_four_labels__equal_features__jaccard","functions_as_post_head_modifier_of_it_or_them",0.0217391304347826
"synt_without_four_labels__equal_features__jaccard","functions_as_post_head_modifier_of_N",0.0217391304347826
"synt_without_four_labels__equal_features__jaccard","appears_in_existentials_there_s_on_the_table",0.0217391304347826
"synt_without_four_labels__equal_features__jaccard","functions_as_determiner_in_day_s_time_ago",0.0217391304347826
"synt_without_four_labels__equal_features__jaccard","functions_as_subject_of_present_participal_of_joining_you",0.0217391304347826
"synt_without_four_labels__equal_features__jaccard","Functions_as_subject_of_interrogative_tag",0.0217391304347826
"synt_without_four_labels__equal_features__jaccard","functions_in_vocative",0.0217391304347826
"synt_without_four_labels__equal_features__jaccard","must_be_outranked_by_a_coindexed_element",0.0217391304347826
"synt_without_four_labels__equal_features__jaccard","takes_predeterminer_modifiers_all_or_both",0.0217391304347826
"synt_without_four_labels__equal_features__jaccard","occurs_after_predeterminer_modifiers_fractions",0.0217391304347826
"synt_without_four_labels__equal_features__jaccard","occurs_after_predeterminer_modifiers_multipliers",0.0217391304347826
"synt_without_four_labels__equal_features__jaccard","ironic_use_of_repetition",0.0217391304347826
"synt_without_four_labels__equal_features__jaccard","take_poor_lucky_silly_as_attrib_modifiers",0.0217391304347826
"synt_without_four_labels__equal_features__jaccard","takes_adverb_quite_as_a_modifier",0.0217391304347826
"synt_without_four_labels__equal_features__jaccard","takes_else_or_more_as_a_post_head_dependent",0.0217391304347826
"synt_without_four_labels__equal_features__jaccard","accepts_genitive_apstrophe_s",0.0217391304347826
"synt_without_four_labels__equal_features__jaccard","takes_post_head_modifier_the_hell",0.0217391304347826
"synt_without_four_labels__idf_presence__jaccard","can_be_followed_by_adjective_such",0.0167430120333268
"synt_without_four_labels__idf_presence__jaccard","can_be_modified_by_almost",0.0125856003882899
"synt_without_four_labels__idf_presence__jaccard","can_be_modified_by_approximately",0.0246836417848594
"synt_without_four_labels__idf_presence__jaccard","can_be_modified_by_at_least",0.00898279399720789
"synt_without_four_labels__idf_presence__jaccard","can_be_modified_by_hardly",0.0174823593399853
"synt_without_four_labels__idf_presence__jaccard","can_be_modified_by_not",0.0157164234626057
"synt_without_four_labels__idf_presence__jaccard","can_be_modified_by_adverb_very",0.0405649012879246
"synt_without_four_labels__idf_presence__jaccard","Coordinates_with_independent_genitives",0.0114035313571835
"synt_without_four_labels__idf_presence__jaccard","Coordinates_with_dependent_genitives",0.0279793008996347
"synt_without_four_labels__idf_presence__jaccard","Coordinates_with_NPs",0.00302223546354056
"synt_without_four_labels__idf_presence__jaccard","intensifying_reduplication",0.0438605604026999
"synt_without_four_labels__idf_presence__jaccard","selects_singular_heads",0.0221273299767426
"synt_without_four_labels__idf_presence__jaccard","selects_count_singular_heads",0.0221273299767426
"synt_without_four_labels__idf_presence__jaccard","selects_non_count_heads",0.0270623390713657
"synt_without_four_labels__idf_presence__jaccard","selects_plural_heads",0.0191217093198332
"synt_without_four_labels__idf_presence__jaccard","compatible_count_sing_NP",0.0105385238454639
"synt_without_four_labels__idf_presence__jaccard","compatible_count_plur_NP",0.0111810795683006
"synt_without_four_labels__idf_presence__jaccard","compatible_non_count_NP",0.01418670022521
"synt_without_four_labels__idf_presence__jaccard","Forms_universal_pronouns_before_all",0.0380085894798078
"synt_without_four_labels__idf_presence__jaccard","functions_as_a_predeterminer_modifier",0.0359199306511673
"synt_without_four_labels__idf_presence__jaccard","functions_as_prehead_modifier_in_nominal",0.0270623390713657
"synt_without_four_labels__idf_presence__jaccard","functions_as_degree_modifier_in_AdjP",0.0262133650222551
"synt_without_four_labels__idf_presence__jaccard","functions_as_predicative_complement",0.00541757168857701
"synt_without_four_labels__idf_presence__jaccard","functions_as_predicative_complement_to_seem",0.0239891317454734
"synt_without_four_labels__idf_presence__jaccard","functions_as_marker_of_coordination",0.0485055310394572
"synt_without_four_labels__idf_presence__jaccard","functions_as_adjunct_in_clause_structure",0.0147743114438532
"synt_without_four_labels__idf_presence__jaccard","functions_as_attrib_modifier_in_nominal",0.0221273299767426
"synt_without_four_labels__idf_presence__jaccard","appears_in_subject",0.00208865882864052
"synt_without_four_labels__idf_presence__jaccard","appears_in_object",0.00169696572827133
"synt_without_four_labels__idf_presence__jaccard","functions_as_post_head_modifier_of_it_or_them",0.0438605604026999
"synt_without_four_labels__idf_presence__jaccard","functions_as_post_head_modifier_of_N",0.0405649012879246
"synt_without_four_labels__idf_presence__jaccard","appears_in_existentials_there_s_on_the_table",0.0144767386830758
"synt_without_four_labels__idf_presence__jaccard","functions_as_determiner_in_day_s_time_ago",0.0254229890915179
"synt_without_four_labels__idf_presence__jaccard","functions_as_subject_of_present_participal_of_joining_you",0.00489675895169539
"synt_without_four_labels__idf_presence__jaccard","Functions_as_subject_of_interrogative_tag",0.0289760951566459
"synt_without_four_labels__idf_presence__jaccard","functions_in_vocative",0.0289760951566459
"synt_without_four_labels__idf_presence__jaccard","must_be_outranked_by_a_coindexed_element",0.0279793008996347
"synt_without_four_labels__idf_presence__jaccard","takes_predeterminer_modifiers_all_or_both",0.0182727352707225
"synt_without_four_labels__idf_presence__jaccard","occurs_after_predeterminer_modifiers_fractions",0.0120980413965695
"synt_without_four_labels__idf_presence__jaccard","occurs_after_predeterminer_modifiers_multipliers",0.0120980413965695
"synt_without_four_labels__idf_presence__jaccard","ironic_use_of_repetition",0.0254229890915179
"synt_without_four_labels__idf_presence__jaccard","take_poor_lucky_silly_as_attrib_modifiers",0.0341539947737877
"synt_without_four_labels__idf_presence__jaccard","takes_adverb_quite_as_a_modifier",0.0120980413965695
"synt_without_four_labels__idf_presence__jaccard","takes_else_or_more_as_a_post_head_dependent",0.0174823593399853
"synt_without_four_labels__idf_presence__jaccard","accepts_genitive_apstrophe_s",0.0200386711481021
"synt_without_four_labels__idf_presence__jaccard","takes_post_head_modifier_the_hell",0.0380085894798078
