"spec_id","scope","feature_set","weighting","distance","method","k","max_k_examined","silhouette","ari"
"full__equal_features__sqrt_hamming__pam","core","full","equal_features","sqrt_hamming","pam",2,8,0.135999584106831,0.754373152541918
"full__equal_features__sqrt_hamming__pam","core","full","equal_features","sqrt_hamming","pam",3,8,0.102175279583332,0.365702247259001
"full__equal_features__sqrt_hamming__pam","core","full","equal_features","sqrt_hamming","pam",4,8,0.0929254021739053,0.315784047364506
"full__equal_features__sqrt_hamming__pam","core","full","equal_features","sqrt_hamming","pam",5,8,0.114538364792418,0.358413169514679
"full__equal_features__sqrt_hamming__pam","core","full","equal_features","sqrt_hamming","pam",6,8,0.128877064106337,0.254593735496789
"full__equal_features__sqrt_hamming__pam","core","full","equal_features","sqrt_hamming","pam",7,8,0.13506161297945,0.219065812971695
"full__equal_features__sqrt_hamming__pam","core","full","equal_features","sqrt_hamming","pam",8,8,0.151258624717215,0.204159610220446
"full__equal_features__sqrt_hamming__average","core","full","equal_features","sqrt_hamming","average",2,8,0.134740302534028,0.942452203083014
"full__equal_features__sqrt_hamming__average","core","full","equal_features","sqrt_hamming","average",3,8,0.128598759382518,0.797198064651275
"full__equal_features__sqrt_hamming__average","core","full","equal_features","sqrt_hamming","average",4,8,0.146137583961027,0.681893662139864
"full__equal_features__sqrt_hamming__average","core","full","equal_features","sqrt_hamming","average",5,8,0.142881090442276,0.458955097683452
"full__equal_features__sqrt_hamming__average","core","full","equal_features","sqrt_hamming","average",6,8,0.15799989910856,0.326313145896363
"full__equal_features__sqrt_hamming__average","core","full","equal_features","sqrt_hamming","average",7,8,0.163721331334404,0.305452921500489
"full__equal_features__sqrt_hamming__average","core","full","equal_features","sqrt_hamming","average",8,8,0.163268348713757,0.300347613477081
"full__equal_features__hamming__pam","core","full","equal_features","hamming","pam",2,8,0.237965674475469,0.754373152541918
"full__equal_features__hamming__pam","core","full","equal_features","hamming","pam",3,8,0.174626180952607,0.365702247259001
"full__equal_features__hamming__pam","core","full","equal_features","hamming","pam",4,8,0.15557170177611,0.315784047364506
"full__equal_features__hamming__pam","core","full","equal_features","hamming","pam",5,8,0.19033451547547,0.358413169514679
"full__equal_features__hamming__pam","core","full","equal_features","hamming","pam",6,8,0.229709317089853,0.280034355329741
"full__equal_features__hamming__pam","core","full","equal_features","hamming","pam",7,8,0.241877335426549,0.243208490574359
"full__equal_features__hamming__pam","core","full","equal_features","hamming","pam",8,8,0.262677888162143,0.228303130243674
"full__equal_features__hamming__average","core","full","equal_features","hamming","average",2,8,0.234885946656723,0.942452203083014
"full__equal_features__hamming__average","core","full","equal_features","hamming","average",3,8,0.218606585614941,0.797198064651275
"full__equal_features__hamming__average","core","full","equal_features","hamming","average",4,8,0.246409963003821,0.681893662139864
"full__equal_features__hamming__average","core","full","equal_features","hamming","average",5,8,0.239186807478027,0.458955097683452
"full__equal_features__hamming__average","core","full","equal_features","hamming","average",6,8,0.26361740448211,0.326313145896363
"full__equal_features__hamming__average","core","full","equal_features","hamming","average",7,8,0.271947082959326,0.305452921500489
"full__equal_features__hamming__average","core","full","equal_features","hamming","average",8,8,0.270535958227385,0.300347613477081
"full__equal_features__jaccard__pam","core","full","equal_features","jaccard","pam",2,8,0.165988573457053,0.656184262785802
"full__equal_features__jaccard__pam","core","full","equal_features","jaccard","pam",3,8,0.152469079304034,0.496626705188055
"full__equal_features__jaccard__pam","core","full","equal_features","jaccard","pam",4,8,0.140933137588966,0.41175228968365
"full__equal_features__jaccard__pam","core","full","equal_features","jaccard","pam",5,8,0.146714047314202,0.316027522738242
"full__equal_features__jaccard__pam","core","full","equal_features","jaccard","pam",6,8,0.169137214696033,0.265927158789739
"full__equal_features__jaccard__pam","core","full","equal_features","jaccard","pam",7,8,0.133584580567744,0.19014579287618
"full__equal_features__jaccard__pam","core","full","equal_features","jaccard","pam",8,8,0.149811465620178,0.172857646002733
"full__equal_features__jaccard__average","core","full","equal_features","jaccard","average",2,8,0.159409159840111,0.00399148870714579
"full__equal_features__jaccard__average","core","full","equal_features","jaccard","average",3,8,0.120438165027182,0.0183310879230546
"full__equal_features__jaccard__average","core","full","equal_features","jaccard","average",4,8,0.160839048414177,0.471893147960798
"full__equal_features__jaccard__average","core","full","equal_features","jaccard","average",5,8,0.147291734442029,0.471680959139157
"full__equal_features__jaccard__average","core","full","equal_features","jaccard","average",6,8,0.146313473185494,0.460222240427107
"full__equal_features__jaccard__average","core","full","equal_features","jaccard","average",7,8,0.161585175959473,0.356093427694862
"full__equal_features__jaccard__average","core","full","equal_features","jaccard","average",8,8,0.184773274838069,0.274230317437471
"full__equal_domains__sqrt_hamming__pam","core","full","equal_domains","sqrt_hamming","pam",2,8,0.205585727398732,0.2985552169859
"full__equal_domains__sqrt_hamming__pam","core","full","equal_domains","sqrt_hamming","pam",3,8,0.102054934165764,0.255018160475145
"full__equal_domains__sqrt_hamming__pam","core","full","equal_domains","sqrt_hamming","pam",4,8,0.131985918254308,0.332486466914366
"full__equal_domains__sqrt_hamming__pam","core","full","equal_domains","sqrt_hamming","pam",5,8,0.106014864240657,0.287947685045216
"full__equal_domains__sqrt_hamming__pam","core","full","equal_domains","sqrt_hamming","pam",6,8,0.120731058922227,0.267493942757641
"full__equal_domains__sqrt_hamming__pam","core","full","equal_domains","sqrt_hamming","pam",7,8,0.140196329790165,0.218493601135302
"full__equal_domains__sqrt_hamming__pam","core","full","equal_domains","sqrt_hamming","pam",8,8,0.149705850408555,0.221392380961102
"full__equal_domains__sqrt_hamming__average","core","full","equal_domains","sqrt_hamming","average",2,8,0.218201033740646,0.252413533231221
"full__equal_domains__sqrt_hamming__average","core","full","equal_domains","sqrt_hamming","average",3,8,0.213016943162009,0.229063254546194
"full__equal_domains__sqrt_hamming__average","core","full","equal_domains","sqrt_hamming","average",4,8,0.214814227728576,0.314252935166918
"full__equal_domains__sqrt_hamming__average","core","full","equal_domains","sqrt_hamming","average",5,8,0.207675154865593,0.311272935248911
"full__equal_domains__sqrt_hamming__average","core","full","equal_domains","sqrt_hamming","average",6,8,0.221800562009156,0.29882463356847
"full__equal_domains__sqrt_hamming__average","core","full","equal_domains","sqrt_hamming","average",7,8,0.201246256688054,0.414810005362503
"full__equal_domains__sqrt_hamming__average","core","full","equal_domains","sqrt_hamming","average",8,8,0.195284523691692,0.414382221655009
"full__equal_domains__hamming__pam","core","full","equal_domains","hamming","pam",2,8,0.350308386520323,0.2985552169859
"full__equal_domains__hamming__pam","core","full","equal_domains","hamming","pam",3,8,0.271247919709356,0.516006690099447
"full__equal_domains__hamming__pam","core","full","equal_domains","hamming","pam",4,8,0.218030899587698,0.332486466914366
"full__equal_domains__hamming__pam","core","full","equal_domains","hamming","pam",5,8,0.229895197108831,0.309607375488742
"full__equal_domains__hamming__pam","core","full","equal_domains","hamming","pam",6,8,0.269270700578582,0.288871577794018
"full__equal_domains__hamming__pam","core","full","equal_domains","hamming","pam",7,8,0.293141257638588,0.275869937726579
"full__equal_domains__hamming__pam","core","full","equal_domains","hamming","pam",8,8,0.312917378880072,0.223887967539782
"full__equal_domains__hamming__average","core","full","equal_domains","hamming","average",2,8,0.369989056137851,0.252413533231221
"full__equal_domains__hamming__average","core","full","equal_domains","hamming","average",3,8,0.361592941212751,0.229063254546194
"full__equal_domains__hamming__average","core","full","equal_domains","hamming","average",4,8,0.360992386211577,0.314252935166918
"full__equal_domains__hamming__average","core","full","equal_domains","hamming","average",5,8,0.345461792333406,0.311272935248911
"full__equal_domains__hamming__average","core","full","equal_domains","hamming","average",6,8,0.369612622108965,0.29882463356847
"full__equal_domains__hamming__average","core","full","equal_domains","hamming","average",7,8,0.33361831332122,0.414810005362503
"full__equal_domains__hamming__average","core","full","equal_domains","hamming","average",8,8,0.323685563802938,0.414382221655009
"full__equal_domains__jaccard__pam","core","full","equal_domains","jaccard","pam",2,8,0.185342152617763,0.480202261250161
"full__equal_domains__jaccard__pam","core","full","equal_domains","jaccard","pam",3,8,0.191310296148678,0.511065856723082
"full__equal_domains__jaccard__pam","core","full","equal_domains","jaccard","pam",4,8,0.187669259845937,0.452079642122028
"full__equal_domains__jaccard__pam","core","full","equal_domains","jaccard","pam",5,8,0.179515555853132,0.323876144001363
"full__equal_domains__jaccard__pam","core","full","equal_domains","jaccard","pam",6,8,0.203512991372096,0.331834111634595
"full__equal_domains__jaccard__pam","core","full","equal_domains","jaccard","pam",7,8,0.197585269307528,0.260777881622741
"full__equal_domains__jaccard__pam","core","full","equal_domains","jaccard","pam",8,8,0.197934308365964,0.248372848055801
"full__equal_domains__jaccard__average","core","full","equal_domains","jaccard","average",2,8,0.158964998411967,-0.000224420335363643
"full__equal_domains__jaccard__average","core","full","equal_domains","jaccard","average",3,8,0.12322833409706,-0.00433349932246517
"full__equal_domains__jaccard__average","core","full","equal_domains","jaccard","average",4,8,0.0978877238348671,-0.00317192034156925
"full__equal_domains__jaccard__average","core","full","equal_domains","jaccard","average",5,8,0.192195809243537,0.655551730102167
"full__equal_domains__jaccard__average","core","full","equal_domains","jaccard","average",6,8,0.189872836676981,0.569029322469424
"full__equal_domains__jaccard__average","core","full","equal_domains","jaccard","average",7,8,0.232410700334299,0.428750272806249
"full__equal_domains__jaccard__average","core","full","equal_domains","jaccard","average",8,8,0.249496155353794,0.415106774725852
"full__unique_profiles__sqrt_hamming__pam","core","full","unique_profiles","sqrt_hamming","pam",2,8,0.137012087216416,0.754373152541918
"full__unique_profiles__sqrt_hamming__pam","core","full","unique_profiles","sqrt_hamming","pam",3,8,0.102154706152383,0.365702247259001
"full__unique_profiles__sqrt_hamming__pam","core","full","unique_profiles","sqrt_hamming","pam",4,8,0.0932851763001366,0.315784047364506
"full__unique_profiles__sqrt_hamming__pam","core","full","unique_profiles","sqrt_hamming","pam",5,8,0.114767567160006,0.358413169514679
"full__unique_profiles__sqrt_hamming__pam","core","full","unique_profiles","sqrt_hamming","pam",6,8,0.129740530593302,0.265841831629074
"full__unique_profiles__sqrt_hamming__pam","core","full","unique_profiles","sqrt_hamming","pam",7,8,0.137509170548077,0.224160055403255
"full__unique_profiles__sqrt_hamming__pam","core","full","unique_profiles","sqrt_hamming","pam",8,8,0.153353653236977,0.207773695067169
"full__unique_profiles__sqrt_hamming__average","core","full","unique_profiles","sqrt_hamming","average",2,8,0.135640898330398,0.942452203083014
"full__unique_profiles__sqrt_hamming__average","core","full","unique_profiles","sqrt_hamming","average",3,8,0.13043843307871,0.797198064651275
"full__unique_profiles__sqrt_hamming__average","core","full","unique_profiles","sqrt_hamming","average",4,8,0.14799097737556,0.681893662139864
"full__unique_profiles__sqrt_hamming__average","core","full","unique_profiles","sqrt_hamming","average",5,8,0.144355472715944,0.458955097683452
"full__unique_profiles__sqrt_hamming__average","core","full","unique_profiles","sqrt_hamming","average",6,8,0.145159264295327,0.4381195461846
"full__unique_profiles__sqrt_hamming__average","core","full","unique_profiles","sqrt_hamming","average",7,8,0.165481937950356,0.312897797636499
"full__unique_profiles__sqrt_hamming__average","core","full","unique_profiles","sqrt_hamming","average",8,8,0.165574251900845,0.307792786342415
"full__unique_profiles__hamming__pam","core","full","unique_profiles","hamming","pam",2,8,0.239645712888799,0.754373152541918
"full__unique_profiles__hamming__pam","core","full","unique_profiles","hamming","pam",3,8,0.174658323752549,0.365702247259001
"full__unique_profiles__hamming__pam","core","full","unique_profiles","hamming","pam",4,8,0.156326104084992,0.315784047364506
"full__unique_profiles__hamming__pam","core","full","unique_profiles","hamming","pam",5,8,0.190823759918379,0.358413169514679
"full__unique_profiles__hamming__pam","core","full","unique_profiles","hamming","pam",6,8,0.21741963296192,0.265841831629074
"full__unique_profiles__hamming__pam","core","full","unique_profiles","hamming","pam",7,8,0.227534817211613,0.224160055403255
"full__unique_profiles__hamming__pam","core","full","unique_profiles","hamming","pam",8,8,0.250360613611501,0.207773695067169
"full__unique_profiles__hamming__average","core","full","unique_profiles","hamming","average",2,8,0.236353473849717,0.942452203083014
"full__unique_profiles__hamming__average","core","full","unique_profiles","hamming","average",3,8,0.221880571708729,0.797198064651275
"full__unique_profiles__hamming__average","core","full","unique_profiles","hamming","average",4,8,0.249759027536749,0.681893662139864
"full__unique_profiles__hamming__average","core","full","unique_profiles","hamming","average",5,8,0.241944452977132,0.458955097683452
"full__unique_profiles__hamming__average","core","full","unique_profiles","hamming","average",6,8,0.240313334402091,0.4381195461846
"full__unique_profiles__hamming__average","core","full","unique_profiles","hamming","average",7,8,0.274832070265212,0.312897797636499
"full__unique_profiles__hamming__average","core","full","unique_profiles","hamming","average",8,8,0.274474737184503,0.307792786342415
"full__unique_profiles__jaccard__pam","core","full","unique_profiles","jaccard","pam",2,8,0.166783399981466,0.656184262785802
"full__unique_profiles__jaccard__pam","core","full","unique_profiles","jaccard","pam",3,8,0.153535171105621,0.496626705188055
"full__unique_profiles__jaccard__pam","core","full","unique_profiles","jaccard","pam",4,8,0.142011006237454,0.41175228968365
"full__unique_profiles__jaccard__pam","core","full","unique_profiles","jaccard","pam",5,8,0.147073233003675,0.316027522738242
"full__unique_profiles__jaccard__pam","core","full","unique_profiles","jaccard","pam",6,8,0.169234018581905,0.265927158789739
"full__unique_profiles__jaccard__pam","core","full","unique_profiles","jaccard","pam",7,8,0.133547986665816,0.190358635592965
"full__unique_profiles__jaccard__pam","core","full","unique_profiles","jaccard","pam",8,8,0.149802215291085,0.173070529418297
"full__unique_profiles__jaccard__average","core","full","unique_profiles","jaccard","average",2,8,0.160412601486208,0.00399148870714579
"full__unique_profiles__jaccard__average","core","full","unique_profiles","jaccard","average",3,8,0.121120101022873,0.0183310879230546
"full__unique_profiles__jaccard__average","core","full","unique_profiles","jaccard","average",4,8,0.161497764937243,0.471893147960798
"full__unique_profiles__jaccard__average","core","full","unique_profiles","jaccard","average",5,8,0.148111649137498,0.471680959139157
"full__unique_profiles__jaccard__average","core","full","unique_profiles","jaccard","average",6,8,0.147201273763727,0.460222240427107
"full__unique_profiles__jaccard__average","core","full","unique_profiles","jaccard","average",7,8,0.162671137135873,0.356093427694862
"full__unique_profiles__jaccard__average","core","full","unique_profiles","jaccard","average",8,8,0.185295733168988,0.274230317437471
"full__idf_presence__jaccard__pam","core","full","idf_presence","jaccard","pam",2,8,0.112688081499993,0.543002789188638
"full__idf_presence__jaccard__pam","core","full","idf_presence","jaccard","pam",3,8,0.112776272712586,0.419318273109329
"full__idf_presence__jaccard__pam","core","full","idf_presence","jaccard","pam",4,8,0.109920203496369,0.357862429444116
"full__idf_presence__jaccard__pam","core","full","idf_presence","jaccard","pam",5,8,0.119922159221802,0.234329775667628
"full__idf_presence__jaccard__pam","core","full","idf_presence","jaccard","pam",6,8,0.123433022850576,0.235733037516269
"full__idf_presence__jaccard__pam","core","full","idf_presence","jaccard","pam",7,8,0.117612664791474,0.164860125340789
"full__idf_presence__jaccard__pam","core","full","idf_presence","jaccard","pam",8,8,0.142158316315657,0.162548347744593
"full__idf_presence__jaccard__average","core","full","idf_presence","jaccard","average",2,8,0.0884994102456087,0.00399148870714579
"full__idf_presence__jaccard__average","core","full","idf_presence","jaccard","average",3,8,0.107958574217943,0.502959966235897
"full__idf_presence__jaccard__average","core","full","idf_presence","jaccard","average",4,8,0.09867664106885,0.485124460208577
"full__idf_presence__jaccard__average","core","full","idf_presence","jaccard","average",5,8,0.108785885672588,0.47370056872206
"full__idf_presence__jaccard__average","core","full","idf_presence","jaccard","average",6,8,0.134864667239464,0.41561310722152
"full__idf_presence__jaccard__average","core","full","idf_presence","jaccard","average",7,8,0.156217426056063,0.278346875369623
"full__idf_presence__jaccard__average","core","full","idf_presence","jaccard","average",8,8,0.159651166156495,0.252832295155939
"no_components__equal_features__sqrt_hamming__pam","core","no_components","equal_features","sqrt_hamming","pam",2,8,0.141245159266692,0.366128962429392
"no_components__equal_features__sqrt_hamming__pam","core","no_components","equal_features","sqrt_hamming","pam",3,8,0.103635437458553,0.330965581516933
"no_components__equal_features__sqrt_hamming__pam","core","no_components","equal_features","sqrt_hamming","pam",4,8,0.106885912103959,0.303944158852468
"no_components__equal_features__sqrt_hamming__pam","core","no_components","equal_features","sqrt_hamming","pam",5,8,0.12754834154657,0.369857275422162
"no_components__equal_features__sqrt_hamming__pam","core","no_components","equal_features","sqrt_hamming","pam",6,8,0.147031502905903,0.263291460671026
"no_components__equal_features__sqrt_hamming__pam","core","no_components","equal_features","sqrt_hamming","pam",7,8,0.155473048829121,0.243931002272079
"no_components__equal_features__sqrt_hamming__pam","core","no_components","equal_features","sqrt_hamming","pam",8,8,0.168458943676306,0.223685469473144
"no_components__equal_features__sqrt_hamming__average","core","no_components","equal_features","sqrt_hamming","average",2,8,0.146097898595837,0.754356879442656
"no_components__equal_features__sqrt_hamming__average","core","no_components","equal_features","sqrt_hamming","average",3,8,0.138200870793337,0.656716725529334
"no_components__equal_features__sqrt_hamming__average","core","no_components","equal_features","sqrt_hamming","average",4,8,0.131998165297588,0.681886278425476
"no_components__equal_features__sqrt_hamming__average","core","no_components","equal_features","sqrt_hamming","average",5,8,0.15172382408855,0.586849387552212
"no_components__equal_features__sqrt_hamming__average","core","no_components","equal_features","sqrt_hamming","average",6,8,0.16208094327745,0.376955525124723
"no_components__equal_features__sqrt_hamming__average","core","no_components","equal_features","sqrt_hamming","average",7,8,0.17900821235649,0.305452921500489
"no_components__equal_features__sqrt_hamming__average","core","no_components","equal_features","sqrt_hamming","average",8,8,0.181989985781143,0.277158445308406
"no_components__equal_features__hamming__pam","core","no_components","equal_features","hamming","pam",2,8,0.242678056969098,0.440477562729972
"no_components__equal_features__hamming__pam","core","no_components","equal_features","hamming","pam",3,8,0.180571775052379,0.35807329136086
"no_components__equal_features__hamming__pam","core","no_components","equal_features","hamming","pam",4,8,0.174836740625879,0.377413056177947
"no_components__equal_features__hamming__pam","core","no_components","equal_features","hamming","pam",5,8,0.201205642027115,0.323354404527767
"no_components__equal_features__hamming__pam","core","no_components","equal_features","hamming","pam",6,8,0.242175423955304,0.260518492244985
"no_components__equal_features__hamming__pam","core","no_components","equal_features","hamming","pam",7,8,0.251567959381784,0.241148600766096
"no_components__equal_features__hamming__pam","core","no_components","equal_features","hamming","pam",8,8,0.27014841089253,0.220046914042008
"no_components__equal_features__hamming__average","core","no_components","equal_features","hamming","average",2,8,0.252284314368307,0.754356879442656
"no_components__equal_features__hamming__average","core","no_components","equal_features","hamming","average",3,8,0.233129807356587,0.656716725529334
"no_components__equal_features__hamming__average","core","no_components","equal_features","hamming","average",4,8,0.215504427346455,0.681886278425476
"no_components__equal_features__hamming__average","core","no_components","equal_features","hamming","average",5,8,0.245725356055192,0.586849387552212
"no_components__equal_features__hamming__average","core","no_components","equal_features","hamming","average",6,8,0.262619679042656,0.376955525124723
"no_components__equal_features__hamming__average","core","no_components","equal_features","hamming","average",7,8,0.290943968853537,0.305452921500489
"no_components__equal_features__hamming__average","core","no_components","equal_features","hamming","average",8,8,0.295561509126159,0.277158445308406
"no_components__equal_features__jaccard__pam","core","no_components","equal_features","jaccard","pam",2,8,0.171635550400608,0.656186540594849
"no_components__equal_features__jaccard__pam","core","no_components","equal_features","jaccard","pam",3,8,0.144331357240685,0.549977400997044
"no_components__equal_features__jaccard__pam","core","no_components","equal_features","jaccard","pam",4,8,0.140863613175583,0.412488806360005
"no_components__equal_features__jaccard__pam","core","no_components","equal_features","jaccard","pam",5,8,0.158592636017297,0.32743076756817
"no_components__equal_features__jaccard__pam","core","no_components","equal_features","jaccard","pam",6,8,0.15451000396433,0.295473769270231
"no_components__equal_features__jaccard__pam","core","no_components","equal_features","jaccard","pam",7,8,0.179737274361687,0.292138047691491
"no_components__equal_features__jaccard__pam","core","no_components","equal_features","jaccard","pam",8,8,0.195927344669434,0.292948977475267
"no_components__equal_features__jaccard__average","core","no_components","equal_features","jaccard","average",2,8,0.17182237539191,0.00399148870714579
"no_components__equal_features__jaccard__average","core","no_components","equal_features","jaccard","average",3,8,0.170889772864213,0.611928596553299
"no_components__equal_features__jaccard__average","core","no_components","equal_features","jaccard","average",4,8,0.171601286682136,0.465945531003518
"no_components__equal_features__jaccard__average","core","no_components","equal_features","jaccard","average",5,8,0.158236118112782,0.465733329865628
"no_components__equal_features__jaccard__average","core","no_components","equal_features","jaccard","average",6,8,0.157016244581658,0.452363948986591
"no_components__equal_features__jaccard__average","core","no_components","equal_features","jaccard","average",7,8,0.169846818171628,0.348226260986654
"no_components__equal_features__jaccard__average","core","no_components","equal_features","jaccard","average",8,8,0.195761373155135,0.268914465088464
"no_components__equal_domains__sqrt_hamming__pam","core","no_components","equal_domains","sqrt_hamming","pam",2,8,0.21041350437573,0.402507280234578
"no_components__equal_domains__sqrt_hamming__pam","core","no_components","equal_domains","sqrt_hamming","pam",3,8,0.122597343782451,0.333714708944877
"no_components__equal_domains__sqrt_hamming__pam","core","no_components","equal_domains","sqrt_hamming","pam",4,8,0.10235276045398,0.276797290230617
"no_components__equal_domains__sqrt_hamming__pam","core","no_components","equal_domains","sqrt_hamming","pam",5,8,0.115287660182864,0.286727501391222
"no_components__equal_domains__sqrt_hamming__pam","core","no_components","equal_domains","sqrt_hamming","pam",6,8,0.140321269347242,0.269658339408646
"no_components__equal_domains__sqrt_hamming__pam","core","no_components","equal_domains","sqrt_hamming","pam",7,8,0.166045517203573,0.243375625484561
"no_components__equal_domains__sqrt_hamming__pam","core","no_components","equal_domains","sqrt_hamming","pam",8,8,0.167168548439817,0.255418742426282
"no_components__equal_domains__sqrt_hamming__average","core","no_components","equal_domains","sqrt_hamming","average",2,8,0.203975477280516,0.331544480220811
"no_components__equal_domains__sqrt_hamming__average","core","no_components","equal_domains","sqrt_hamming","average",3,8,0.20460841340538,0.288463606468022
"no_components__equal_domains__sqrt_hamming__average","core","no_components","equal_domains","sqrt_hamming","average",4,8,0.183777716512822,0.261979848675313
"no_components__equal_domains__sqrt_hamming__average","core","no_components","equal_domains","sqrt_hamming","average",5,8,0.203425822436018,0.47015838557598
"no_components__equal_domains__sqrt_hamming__average","core","no_components","equal_domains","sqrt_hamming","average",6,8,0.216739028070339,0.458597169837987
"no_components__equal_domains__sqrt_hamming__average","core","no_components","equal_domains","sqrt_hamming","average",7,8,0.221190494122772,0.444581409301274
"no_components__equal_domains__sqrt_hamming__average","core","no_components","equal_domains","sqrt_hamming","average",8,8,0.224209982280293,0.449656316554852
"no_components__equal_domains__hamming__pam","core","no_components","equal_domains","hamming","pam",2,8,0.359949970229896,0.480274562291262
"no_components__equal_domains__hamming__pam","core","no_components","equal_domains","hamming","pam",3,8,0.204266577604592,0.333714708944877
"no_components__equal_domains__hamming__pam","core","no_components","equal_domains","hamming","pam",4,8,0.162984535023139,0.276797290230617
"no_components__equal_domains__hamming__pam","core","no_components","equal_domains","hamming","pam",5,8,0.177293662668865,0.286727501391222
"no_components__equal_domains__hamming__pam","core","no_components","equal_domains","hamming","pam",6,8,0.223674297160826,0.260453119212581
"no_components__equal_domains__hamming__pam","core","no_components","equal_domains","hamming","pam",7,8,0.264962164669963,0.243375625484561
"no_components__equal_domains__hamming__pam","core","no_components","equal_domains","hamming","pam",8,8,0.284981476743814,0.240125091066555
"no_components__equal_domains__hamming__average","core","no_components","equal_domains","hamming","average",2,8,0.351214456115539,0.440540561404208
"no_components__equal_domains__hamming__average","core","no_components","equal_domains","hamming","average",3,8,0.329750375938388,0.360544441531483
"no_components__equal_domains__hamming__average","core","no_components","equal_domains","hamming","average",4,8,0.307278192653544,0.330314468772675
"no_components__equal_domains__hamming__average","core","no_components","equal_domains","hamming","average",5,8,0.32769248538574,0.465063294061249
"no_components__equal_domains__hamming__average","core","no_components","equal_domains","hamming","average",6,8,0.346150252894808,0.453500707185835
"no_components__equal_domains__hamming__average","core","no_components","equal_domains","hamming","average",7,8,0.361990409321254,0.444581409301274
"no_components__equal_domains__hamming__average","core","no_components","equal_domains","hamming","average",8,8,0.363633088053286,0.449656316554852
"no_components__equal_domains__jaccard__pam","core","no_components","equal_domains","jaccard","pam",2,8,0.220020667988305,0.609652418061975
"no_components__equal_domains__jaccard__pam","core","no_components","equal_domains","jaccard","pam",3,8,0.189945361259044,0.370436172976217
"no_components__equal_domains__jaccard__pam","core","no_components","equal_domains","jaccard","pam",4,8,0.181646511469244,0.359607775604253
"no_components__equal_domains__jaccard__pam","core","no_components","equal_domains","jaccard","pam",5,8,0.20802698154528,0.346910612456753
"no_components__equal_domains__jaccard__pam","core","no_components","equal_domains","jaccard","pam",6,8,0.185712631456436,0.266452445236138
"no_components__equal_domains__jaccard__pam","core","no_components","equal_domains","jaccard","pam",7,8,0.213086916993644,0.243344214782313
"no_components__equal_domains__jaccard__pam","core","no_components","equal_domains","jaccard","pam",8,8,0.225255520488498,0.242840750542373
"no_components__equal_domains__jaccard__average","core","no_components","equal_domains","jaccard","average",2,8,0.220254073723858,0.609644659905124
"no_components__equal_domains__jaccard__average","core","no_components","equal_domains","jaccard","average",3,8,0.205213156227433,0.574569599591598
"no_components__equal_domains__jaccard__average","core","no_components","equal_domains","jaccard","average",4,8,0.22990767341039,0.54135277916024
"no_components__equal_domains__jaccard__average","core","no_components","equal_domains","jaccard","average",5,8,0.213934231440567,0.542197496530426
"no_components__equal_domains__jaccard__average","core","no_components","equal_domains","jaccard","average",6,8,0.197916049930532,0.542194461063049
"no_components__equal_domains__jaccard__average","core","no_components","equal_domains","jaccard","average",7,8,0.221125149270221,0.417002038268714
"no_components__equal_domains__jaccard__average","core","no_components","equal_domains","jaccard","average",8,8,0.236491084999184,0.274084528218821
"no_components__unique_profiles__sqrt_hamming__pam","core","no_components","unique_profiles","sqrt_hamming","pam",2,8,0.142051495916459,0.366128962429392
"no_components__unique_profiles__sqrt_hamming__pam","core","no_components","unique_profiles","sqrt_hamming","pam",3,8,0.103924099539799,0.330965581516933
"no_components__unique_profiles__sqrt_hamming__pam","core","no_components","unique_profiles","sqrt_hamming","pam",4,8,0.107418508706303,0.303944158852468
"no_components__unique_profiles__sqrt_hamming__pam","core","no_components","unique_profiles","sqrt_hamming","pam",5,8,0.130382508653806,0.307434124864161
"no_components__unique_profiles__sqrt_hamming__pam","core","no_components","unique_profiles","sqrt_hamming","pam",6,8,0.147339308657588,0.263291460671026
"no_components__unique_profiles__sqrt_hamming__pam","core","no_components","unique_profiles","sqrt_hamming","pam",7,8,0.15581872668448,0.243931002272079
"no_components__unique_profiles__sqrt_hamming__pam","core","no_components","unique_profiles","sqrt_hamming","pam",8,8,0.16885388096902,0.223685469473144
"no_components__unique_profiles__sqrt_hamming__average","core","no_components","unique_profiles","sqrt_hamming","average",2,8,0.146435885171138,0.754356879442656
"no_components__unique_profiles__sqrt_hamming__average","core","no_components","unique_profiles","sqrt_hamming","average",3,8,0.139159985545491,0.656716725529334
"no_components__unique_profiles__sqrt_hamming__average","core","no_components","unique_profiles","sqrt_hamming","average",4,8,0.132904575761742,0.681886278425476
"no_components__unique_profiles__sqrt_hamming__average","core","no_components","unique_profiles","sqrt_hamming","average",5,8,0.152789609648271,0.586849387552212
"no_components__unique_profiles__sqrt_hamming__average","core","no_components","unique_profiles","sqrt_hamming","average",6,8,0.161961926212651,0.376955525124723
"no_components__unique_profiles__sqrt_hamming__average","core","no_components","unique_profiles","sqrt_hamming","average",7,8,0.179280261477757,0.305452921500489
"no_components__unique_profiles__sqrt_hamming__average","core","no_components","unique_profiles","sqrt_hamming","average",8,8,0.181060162522399,0.302900292923836
"no_components__unique_profiles__hamming__pam","core","no_components","unique_profiles","hamming","pam",2,8,0.243917725980455,0.440477562729972
"no_components__unique_profiles__hamming__pam","core","no_components","unique_profiles","hamming","pam",3,8,0.179717268515508,0.350869076818763
"no_components__unique_profiles__hamming__pam","core","no_components","unique_profiles","hamming","pam",4,8,0.172790064313422,0.379314186450014
"no_components__unique_profiles__hamming__pam","core","no_components","unique_profiles","hamming","pam",5,8,0.20197264885336,0.335013188425232
"no_components__unique_profiles__hamming__pam","core","no_components","unique_profiles","hamming","pam",6,8,0.242603048447007,0.272402546212634
"no_components__unique_profiles__hamming__pam","core","no_components","unique_profiles","hamming","pam",7,8,0.251646500290329,0.253893555361084
"no_components__unique_profiles__hamming__pam","core","no_components","unique_profiles","hamming","pam",8,8,0.264561540011852,0.214958640226782
"no_components__unique_profiles__hamming__average","core","no_components","unique_profiles","hamming","average",2,8,0.252803481710654,0.754356879442656
"no_components__unique_profiles__hamming__average","core","no_components","unique_profiles","hamming","average",3,8,0.234822842483218,0.656716725529334
"no_components__unique_profiles__hamming__average","core","no_components","unique_profiles","hamming","average",4,8,0.21723749573337,0.681886278425476
"no_components__unique_profiles__hamming__average","core","no_components","unique_profiles","hamming","average",5,8,0.247787169327917,0.586849387552212
"no_components__unique_profiles__hamming__average","core","no_components","unique_profiles","hamming","average",6,8,0.262384973818138,0.376955525124723
"no_components__unique_profiles__hamming__average","core","no_components","unique_profiles","hamming","average",7,8,0.291508319563666,0.305452921500489
"no_components__unique_profiles__hamming__average","core","no_components","unique_profiles","hamming","average",8,8,0.2893735811752,0.302900292923836
"no_components__unique_profiles__jaccard__pam","core","no_components","unique_profiles","jaccard","pam",2,8,0.172198785181198,0.656186540594849
"no_components__unique_profiles__jaccard__pam","core","no_components","unique_profiles","jaccard","pam",3,8,0.145119057800591,0.549977400997044
"no_components__unique_profiles__jaccard__pam","core","no_components","unique_profiles","jaccard","pam",4,8,0.141364234882964,0.412488806360005
"no_components__unique_profiles__jaccard__pam","core","no_components","unique_profiles","jaccard","pam",5,8,0.159032913819231,0.32743076756817
"no_components__unique_profiles__jaccard__pam","core","no_components","unique_profiles","jaccard","pam",6,8,0.155011340677488,0.295473769270231
"no_components__unique_profiles__jaccard__pam","core","no_components","unique_profiles","jaccard","pam",7,8,0.180233433244375,0.292138047691491
"no_components__unique_profiles__jaccard__pam","core","no_components","unique_profiles","jaccard","pam",8,8,0.196480147732215,0.292948977475267
"no_components__unique_profiles__jaccard__average","core","no_components","unique_profiles","jaccard","average",2,8,0.172480221658746,0.00399148870714579
"no_components__unique_profiles__jaccard__average","core","no_components","unique_profiles","jaccard","average",3,8,0.171412902727793,0.611928596553299
"no_components__unique_profiles__jaccard__average","core","no_components","unique_profiles","jaccard","average",4,8,0.171934993860071,0.465945531003518
"no_components__unique_profiles__jaccard__average","core","no_components","unique_profiles","jaccard","average",5,8,0.15867266260927,0.465733329865628
"no_components__unique_profiles__jaccard__average","core","no_components","unique_profiles","jaccard","average",6,8,0.157520294631404,0.452363948986591
"no_components__unique_profiles__jaccard__average","core","no_components","unique_profiles","jaccard","average",7,8,0.170486729614801,0.348226260986654
"no_components__unique_profiles__jaccard__average","core","no_components","unique_profiles","jaccard","average",8,8,0.196077963317224,0.268914465088464
"no_components__idf_presence__jaccard__pam","core","no_components","idf_presence","jaccard","pam",2,8,0.136760093202817,0.60963690143988
"no_components__idf_presence__jaccard__pam","core","no_components","idf_presence","jaccard","pam",3,8,0.131906314310988,0.424647915919866
"no_components__idf_presence__jaccard__pam","core","no_components","idf_presence","jaccard","pam",4,8,0.128720777953553,0.368862718043196
"no_components__idf_presence__jaccard__pam","core","no_components","idf_presence","jaccard","pam",5,8,0.144480620650036,0.32618764743049
"no_components__idf_presence__jaccard__pam","core","no_components","idf_presence","jaccard","pam",6,8,0.165215033401484,0.296735734881438
"no_components__idf_presence__jaccard__pam","core","no_components","idf_presence","jaccard","pam",7,8,0.160421178574985,0.191033439313148
"no_components__idf_presence__jaccard__pam","core","no_components","idf_presence","jaccard","pam",8,8,0.174687991747257,0.167191282159816
"no_components__idf_presence__jaccard__average","core","no_components","idf_presence","jaccard","average",2,8,0.108313053021759,0.00399148870714579
"no_components__idf_presence__jaccard__average","core","no_components","idf_presence","jaccard","average",3,8,0.114888314807933,0.212195203235866
"no_components__idf_presence__jaccard__average","core","no_components","idf_presence","jaccard","average",4,8,0.120891254850392,0.217590890737735
"no_components__idf_presence__jaccard__average","core","no_components","idf_presence","jaccard","average",5,8,0.161340339420779,0.259540775497218
"no_components__idf_presence__jaccard__average","core","no_components","idf_presence","jaccard","average",6,8,0.18007902042896,0.283062070903063
"no_components__idf_presence__jaccard__average","core","no_components","idf_presence","jaccard","average",7,8,0.186189208303416,0.364896862408144
"no_components__idf_presence__jaccard__average","core","no_components","idf_presence","jaccard","average",8,8,0.186837916906456,0.330879287693111
"no_four_labels__equal_features__sqrt_hamming__pam","core","no_four_labels","equal_features","sqrt_hamming","pam",2,8,0.122132777717519,0.543086032429433
"no_four_labels__equal_features__sqrt_hamming__pam","core","no_four_labels","equal_features","sqrt_hamming","pam",3,8,0.0999554763716372,0.321653012625586
"no_four_labels__equal_features__sqrt_hamming__pam","core","no_four_labels","equal_features","sqrt_hamming","pam",4,8,0.0973553767110228,0.288276120177023
"no_four_labels__equal_features__sqrt_hamming__pam","core","no_four_labels","equal_features","sqrt_hamming","pam",5,8,0.114973125631959,0.351196790662388
"no_four_labels__equal_features__sqrt_hamming__pam","core","no_four_labels","equal_features","sqrt_hamming","pam",6,8,0.125175413107431,0.244413003652318
"no_four_labels__equal_features__sqrt_hamming__pam","core","no_four_labels","equal_features","sqrt_hamming","pam",7,8,0.133215804997312,0.207399387498896
"no_four_labels__equal_features__sqrt_hamming__pam","core","no_four_labels","equal_features","sqrt_hamming","pam",8,8,0.146829246344344,0.191011941815004
"no_four_labels__equal_features__sqrt_hamming__average","core","no_four_labels","equal_features","sqrt_hamming","average",2,8,0.13361165997318,0.314710753742723
"no_four_labels__equal_features__sqrt_hamming__average","core","no_four_labels","equal_features","sqrt_hamming","average",3,8,0.130050859163936,0.483045588599596
"no_four_labels__equal_features__sqrt_hamming__average","core","no_four_labels","equal_features","sqrt_hamming","average",4,8,0.138695907059457,0.418005182130723
"no_four_labels__equal_features__sqrt_hamming__average","core","no_four_labels","equal_features","sqrt_hamming","average",5,8,0.129753689600738,0.454989107095541
"no_four_labels__equal_features__sqrt_hamming__average","core","no_four_labels","equal_features","sqrt_hamming","average",6,8,0.137743749555982,0.333111939704067
"no_four_labels__equal_features__sqrt_hamming__average","core","no_four_labels","equal_features","sqrt_hamming","average",7,8,0.150441231579806,0.232023072257813
"no_four_labels__equal_features__sqrt_hamming__average","core","no_four_labels","equal_features","sqrt_hamming","average",8,8,0.151127127696126,0.22691610581908
"no_four_labels__equal_features__hamming__pam","core","no_four_labels","equal_features","hamming","pam",2,8,0.217249056859308,0.60970930179085
"no_four_labels__equal_features__hamming__pam","core","no_four_labels","equal_features","hamming","pam",3,8,0.172296641008177,0.321653012625586
"no_four_labels__equal_features__hamming__pam","core","no_four_labels","equal_features","hamming","pam",4,8,0.163657159488144,0.288276120177023
"no_four_labels__equal_features__hamming__pam","core","no_four_labels","equal_features","hamming","pam",5,8,0.192363679236789,0.351196790662388
"no_four_labels__equal_features__hamming__pam","core","no_four_labels","equal_features","hamming","pam",6,8,0.217600727161396,0.26052708796591
"no_four_labels__equal_features__hamming__pam","core","no_four_labels","equal_features","hamming","pam",7,8,0.229611901445725,0.226058498227957
"no_four_labels__equal_features__hamming__pam","core","no_four_labels","equal_features","hamming","pam",8,8,0.247908295359575,0.209672027950321
"no_four_labels__equal_features__hamming__average","core","no_four_labels","equal_features","hamming","average",2,8,0.223848371246893,0.754356879442656
"no_four_labels__equal_features__hamming__average","core","no_four_labels","equal_features","hamming","average",3,8,0.218837461308868,0.629708060521454
"no_four_labels__equal_features__hamming__average","core","no_four_labels","equal_features","hamming","average",4,8,0.239024457810782,0.539475582493028
"no_four_labels__equal_features__hamming__average","core","no_four_labels","equal_features","hamming","average",5,8,0.220311852239972,0.586849387552212
"no_four_labels__equal_features__hamming__average","core","no_four_labels","equal_features","hamming","average",6,8,0.231555840289065,0.374615033043093
"no_four_labels__equal_features__hamming__average","core","no_four_labels","equal_features","hamming","average",7,8,0.25110609011741,0.301845958065681
"no_four_labels__equal_features__hamming__average","core","no_four_labels","equal_features","hamming","average",8,8,0.25229553268044,0.296740573921562
"no_four_labels__equal_features__jaccard__pam","core","no_four_labels","equal_features","jaccard","pam",2,8,0.155579145060568,0.60963690143988
"no_four_labels__equal_features__jaccard__pam","core","no_four_labels","equal_features","jaccard","pam",3,8,0.142027666194326,0.470178062455326
"no_four_labels__equal_features__jaccard__pam","core","no_four_labels","equal_features","jaccard","pam",4,8,0.132524806914309,0.425545636291608
"no_four_labels__equal_features__jaccard__pam","core","no_four_labels","equal_features","jaccard","pam",5,8,0.150461229288712,0.271374188771522
"no_four_labels__equal_features__jaccard__pam","core","no_four_labels","equal_features","jaccard","pam",6,8,0.134070654087593,0.211757631347855
"no_four_labels__equal_features__jaccard__pam","core","no_four_labels","equal_features","jaccard","pam",7,8,0.159953340366883,0.225064004048576
"no_four_labels__equal_features__jaccard__pam","core","no_four_labels","equal_features","jaccard","pam",8,8,0.173433190491649,0.205207907255853
"no_four_labels__equal_features__jaccard__average","core","no_four_labels","equal_features","jaccard","average",2,8,0.159196883527444,0.00399148870714579
"no_four_labels__equal_features__jaccard__average","core","no_four_labels","equal_features","jaccard","average",3,8,0.150627371161432,0.611928596553299
"no_four_labels__equal_features__jaccard__average","core","no_four_labels","equal_features","jaccard","average",4,8,0.13208851956364,0.611716676604165
"no_four_labels__equal_features__jaccard__average","core","no_four_labels","equal_features","jaccard","average",5,8,0.135760611191326,0.465733329865628
"no_four_labels__equal_features__jaccard__average","core","no_four_labels","equal_features","jaccard","average",6,8,0.134247812029016,0.452363948986591
"no_four_labels__equal_features__jaccard__average","core","no_four_labels","equal_features","jaccard","average",7,8,0.151333876485308,0.348226260986654
"no_four_labels__equal_features__jaccard__average","core","no_four_labels","equal_features","jaccard","average",8,8,0.177855039015119,0.265095453640703
"no_four_labels__equal_domains__sqrt_hamming__pam","core","no_four_labels","equal_domains","sqrt_hamming","pam",2,8,0.206211872094898,0.2985552169859
"no_four_labels__equal_domains__sqrt_hamming__pam","core","no_four_labels","equal_domains","sqrt_hamming","pam",3,8,0.10939110821815,0.188848650771324
"no_four_labels__equal_domains__sqrt_hamming__pam","core","no_four_labels","equal_domains","sqrt_hamming","pam",4,8,0.0827386089626548,0.18018906218134
"no_four_labels__equal_domains__sqrt_hamming__pam","core","no_four_labels","equal_domains","sqrt_hamming","pam",5,8,0.105498990970384,0.174358958489643
"no_four_labels__equal_domains__sqrt_hamming__pam","core","no_four_labels","equal_domains","sqrt_hamming","pam",6,8,0.116885060691813,0.229621456550775
"no_four_labels__equal_domains__sqrt_hamming__pam","core","no_four_labels","equal_domains","sqrt_hamming","pam",7,8,0.140123844076028,0.210605498818805
"no_four_labels__equal_domains__sqrt_hamming__pam","core","no_four_labels","equal_domains","sqrt_hamming","pam",8,8,0.150037752637577,0.207530998405611
"no_four_labels__equal_domains__sqrt_hamming__average","core","no_four_labels","equal_domains","sqrt_hamming","average",2,8,0.219179260079506,0.252413533231221
"no_four_labels__equal_domains__sqrt_hamming__average","core","no_four_labels","equal_domains","sqrt_hamming","average",3,8,0.213245821536121,0.229063254546194
"no_four_labels__equal_domains__sqrt_hamming__average","core","no_four_labels","equal_domains","sqrt_hamming","average",4,8,0.215415323664048,0.292403379378771
"no_four_labels__equal_domains__sqrt_hamming__average","core","no_four_labels","equal_domains","sqrt_hamming","average",5,8,0.192448173320216,0.292308397556716
"no_four_labels__equal_domains__sqrt_hamming__average","core","no_four_labels","equal_domains","sqrt_hamming","average",6,8,0.203119602674117,0.279857126591754
"no_four_labels__equal_domains__sqrt_hamming__average","core","no_four_labels","equal_domains","sqrt_hamming","average",7,8,0.195620816321873,0.419062471000121
"no_four_labels__equal_domains__sqrt_hamming__average","core","no_four_labels","equal_domains","sqrt_hamming","average",8,8,0.188304327758584,0.418634725451116
"no_four_labels__equal_domains__hamming__pam","core","no_four_labels","equal_domains","hamming","pam",2,8,0.352108499495137,0.2985552169859
"no_four_labels__equal_domains__hamming__pam","core","no_four_labels","equal_domains","hamming","pam",3,8,0.258494262671419,0.498922514609926
"no_four_labels__equal_domains__hamming__pam","core","no_four_labels","equal_domains","hamming","pam",4,8,0.206365346568413,0.332486466914366
"no_four_labels__equal_domains__hamming__pam","core","no_four_labels","equal_domains","hamming","pam",5,8,0.218080446410762,0.309607375488742
"no_four_labels__equal_domains__hamming__pam","core","no_four_labels","equal_domains","hamming","pam",6,8,0.230969115124053,0.264966130079787
"no_four_labels__equal_domains__hamming__pam","core","no_four_labels","equal_domains","hamming","pam",7,8,0.272628826630274,0.242617703761867
"no_four_labels__equal_domains__hamming__pam","core","no_four_labels","equal_domains","hamming","pam",8,8,0.283220465240041,0.196943246760181
"no_four_labels__equal_domains__hamming__average","core","no_four_labels","equal_domains","hamming","average",2,8,0.361838023751998,0.223739862067041
"no_four_labels__equal_domains__hamming__average","core","no_four_labels","equal_domains","hamming","average",3,8,0.350129765764193,0.201630100806569
"no_four_labels__equal_domains__hamming__average","core","no_four_labels","equal_domains","hamming","average",4,8,0.347920157150168,0.261979848675313
"no_four_labels__equal_domains__hamming__average","core","no_four_labels","equal_domains","hamming","average",5,8,0.307462806598001,0.261878344390808
"no_four_labels__equal_domains__hamming__average","core","no_four_labels","equal_domains","hamming","average",6,8,0.324109556805332,0.250280010499148
"no_four_labels__equal_domains__hamming__average","core","no_four_labels","equal_domains","hamming","average",7,8,0.325965055554615,0.412695391897901
"no_four_labels__equal_domains__hamming__average","core","no_four_labels","equal_domains","hamming","average",8,8,0.334537568266859,0.405652334285935
"no_four_labels__equal_domains__jaccard__pam","core","no_four_labels","equal_domains","jaccard","pam",2,8,0.17997380831235,0.480202261250161
"no_four_labels__equal_domains__jaccard__pam","core","no_four_labels","equal_domains","jaccard","pam",3,8,0.185549555541218,0.511065856723082
"no_four_labels__equal_domains__jaccard__pam","core","no_four_labels","equal_domains","jaccard","pam",4,8,0.180497998661364,0.452079642122028
"no_four_labels__equal_domains__jaccard__pam","core","no_four_labels","equal_domains","jaccard","pam",5,8,0.181663089058963,0.325281317785746
"no_four_labels__equal_domains__jaccard__pam","core","no_four_labels","equal_domains","jaccard","pam",6,8,0.200796659592306,0.320737664012362
"no_four_labels__equal_domains__jaccard__pam","core","no_four_labels","equal_domains","jaccard","pam",7,8,0.193103108831289,0.224647455840435
"no_four_labels__equal_domains__jaccard__pam","core","no_four_labels","equal_domains","jaccard","pam",8,8,0.187232130215833,0.218817982646717
"no_four_labels__equal_domains__jaccard__average","core","no_four_labels","equal_domains","jaccard","average",2,8,0.160230593980253,-0.000224420335363643
"no_four_labels__equal_domains__jaccard__average","core","no_four_labels","equal_domains","jaccard","average",3,8,0.122985546768621,-0.00433349932246517
"no_four_labels__equal_domains__jaccard__average","core","no_four_labels","equal_domains","jaccard","average",4,8,0.195415091475483,0.574484290465404
"no_four_labels__equal_domains__jaccard__average","core","no_four_labels","equal_domains","jaccard","average",5,8,0.184446662305205,0.586318202027599
"no_four_labels__equal_domains__jaccard__average","core","no_four_labels","equal_domains","jaccard","average",6,8,0.221684995403365,0.467132366071264
"no_four_labels__equal_domains__jaccard__average","core","no_four_labels","equal_domains","jaccard","average",7,8,0.216603573077738,0.377262562146129
"no_four_labels__equal_domains__jaccard__average","core","no_four_labels","equal_domains","jaccard","average",8,8,0.233794273290069,0.366172300943312
"no_four_labels__unique_profiles__sqrt_hamming__pam","core","no_four_labels","unique_profiles","sqrt_hamming","pam",2,8,0.123346104895566,0.543086032429433
"no_four_labels__unique_profiles__sqrt_hamming__pam","core","no_four_labels","unique_profiles","sqrt_hamming","pam",3,8,0.101365863834879,0.350891683773632
"no_four_labels__unique_profiles__sqrt_hamming__pam","core","no_four_labels","unique_profiles","sqrt_hamming","pam",4,8,0.0956405325660902,0.295689067594127
"no_four_labels__unique_profiles__sqrt_hamming__pam","core","no_four_labels","unique_profiles","sqrt_hamming","pam",5,8,0.115113858305769,0.351196790662388
"no_four_labels__unique_profiles__sqrt_hamming__pam","core","no_four_labels","unique_profiles","sqrt_hamming","pam",6,8,0.125360935565266,0.242493192367786
"no_four_labels__unique_profiles__sqrt_hamming__pam","core","no_four_labels","unique_profiles","sqrt_hamming","pam",7,8,0.132994052315365,0.206324786328623
"no_four_labels__unique_profiles__sqrt_hamming__pam","core","no_four_labels","unique_profiles","sqrt_hamming","pam",8,8,0.147057919382179,0.191417471961787
"no_four_labels__unique_profiles__sqrt_hamming__average","core","no_four_labels","unique_profiles","sqrt_hamming","average",2,8,0.13494919491988,0.314710753742723
"no_four_labels__unique_profiles__sqrt_hamming__average","core","no_four_labels","unique_profiles","sqrt_hamming","average",3,8,0.131866499786746,0.483045588599596
"no_four_labels__unique_profiles__sqrt_hamming__average","core","no_four_labels","unique_profiles","sqrt_hamming","average",4,8,0.140639532398978,0.418005182130723
"no_four_labels__unique_profiles__sqrt_hamming__average","core","no_four_labels","unique_profiles","sqrt_hamming","average",5,8,0.131615088624733,0.454989107095541
"no_four_labels__unique_profiles__sqrt_hamming__average","core","no_four_labels","unique_profiles","sqrt_hamming","average",6,8,0.138694841235971,0.362851412283889
"no_four_labels__unique_profiles__sqrt_hamming__average","core","no_four_labels","unique_profiles","sqrt_hamming","average",7,8,0.150982344223317,0.2479435637283
"no_four_labels__unique_profiles__sqrt_hamming__average","core","no_four_labels","unique_profiles","sqrt_hamming","average",8,8,0.152704801611144,0.242836978180069
"no_four_labels__unique_profiles__hamming__pam","core","no_four_labels","unique_profiles","hamming","pam",2,8,0.219250208490583,0.60970930179085
"no_four_labels__unique_profiles__hamming__pam","core","no_four_labels","unique_profiles","hamming","pam",3,8,0.17398722722729,0.350891683773632
"no_four_labels__unique_profiles__hamming__pam","core","no_four_labels","unique_profiles","hamming","pam",4,8,0.160895274137319,0.295689067594127
"no_four_labels__unique_profiles__hamming__pam","core","no_four_labels","unique_profiles","hamming","pam",5,8,0.19276579348371,0.351196790662388
"no_four_labels__unique_profiles__hamming__pam","core","no_four_labels","unique_profiles","hamming","pam",6,8,0.219749786795418,0.271977082199165
"no_four_labels__unique_profiles__hamming__pam","core","no_four_labels","unique_profiles","hamming","pam",7,8,0.212838959752,0.195753055144707
"no_four_labels__unique_profiles__hamming__pam","core","no_four_labels","unique_profiles","hamming","pam",8,8,0.227836309710751,0.176167179757314
"no_four_labels__unique_profiles__hamming__average","core","no_four_labels","unique_profiles","hamming","average",2,8,0.235283009618978,0.314710753742723
"no_four_labels__unique_profiles__hamming__average","core","no_four_labels","unique_profiles","hamming","average",3,8,0.225802781432987,0.483045588599596
"no_four_labels__unique_profiles__hamming__average","core","no_four_labels","unique_profiles","hamming","average",4,8,0.236635611524575,0.418005182130723
"no_four_labels__unique_profiles__hamming__average","core","no_four_labels","unique_profiles","hamming","average",5,8,0.215255192358365,0.454989107095541
"no_four_labels__unique_profiles__hamming__average","core","no_four_labels","unique_profiles","hamming","average",6,8,0.229481053742573,0.33990949907131
"no_four_labels__unique_profiles__hamming__average","core","no_four_labels","unique_profiles","hamming","average",7,8,0.253125199671875,0.234780365035908
"no_four_labels__unique_profiles__hamming__average","core","no_four_labels","unique_profiles","hamming","average",8,8,0.254265143327904,0.229673449307315
"no_four_labels__unique_profiles__jaccard__pam","core","no_four_labels","unique_profiles","jaccard","pam",2,8,0.156348245995611,0.60963690143988
"no_four_labels__unique_profiles__jaccard__pam","core","no_four_labels","unique_profiles","jaccard","pam",3,8,0.143052197785348,0.470178062455326
"no_four_labels__unique_profiles__jaccard__pam","core","no_four_labels","unique_profiles","jaccard","pam",4,8,0.133616828247749,0.425545636291608
"no_four_labels__unique_profiles__jaccard__pam","core","no_four_labels","unique_profiles","jaccard","pam",5,8,0.150513095725447,0.271374188771522
"no_four_labels__unique_profiles__jaccard__pam","core","no_four_labels","unique_profiles","jaccard","pam",6,8,0.139486831917649,0.246812033872768
"no_four_labels__unique_profiles__jaccard__pam","core","no_four_labels","unique_profiles","jaccard","pam",7,8,0.135606452317307,0.184211797978251
"no_four_labels__unique_profiles__jaccard__pam","core","no_four_labels","unique_profiles","jaccard","pam",8,8,0.15204836287061,0.167769074859751
"no_four_labels__unique_profiles__jaccard__average","core","no_four_labels","unique_profiles","jaccard","average",2,8,0.160226215045308,0.00399148870714579
"no_four_labels__unique_profiles__jaccard__average","core","no_four_labels","unique_profiles","jaccard","average",3,8,0.151511826140396,0.611928596553299
"no_four_labels__unique_profiles__jaccard__average","core","no_four_labels","unique_profiles","jaccard","average",4,8,0.133091331290682,0.611716676604165
"no_four_labels__unique_profiles__jaccard__average","core","no_four_labels","unique_profiles","jaccard","average",5,8,0.136457734295137,0.465733329865628
"no_four_labels__unique_profiles__jaccard__average","core","no_four_labels","unique_profiles","jaccard","average",6,8,0.135050842997373,0.452363948986591
"no_four_labels__unique_profiles__jaccard__average","core","no_four_labels","unique_profiles","jaccard","average",7,8,0.152362019907379,0.348226260986654
"no_four_labels__unique_profiles__jaccard__average","core","no_four_labels","unique_profiles","jaccard","average",8,8,0.178150382973823,0.265095453640703
"no_four_labels__idf_presence__jaccard__pam","core","no_four_labels","idf_presence","jaccard","pam",2,8,0.108362316216241,0.587003087809643
"no_four_labels__idf_presence__jaccard__pam","core","no_four_labels","idf_presence","jaccard","pam",3,8,0.10666240300563,0.365216696515894
"no_four_labels__idf_presence__jaccard__pam","core","no_four_labels","idf_presence","jaccard","pam",4,8,0.101168771386561,0.288470950899647
"no_four_labels__idf_presence__jaccard__pam","core","no_four_labels","idf_presence","jaccard","pam",5,8,0.116540466633718,0.240870830718727
"no_four_labels__idf_presence__jaccard__pam","core","no_four_labels","idf_presence","jaccard","pam",6,8,0.114459150634318,0.181471192201155
"no_four_labels__idf_presence__jaccard__pam","core","no_four_labels","idf_presence","jaccard","pam",7,8,0.121689582505435,0.149564461511716
"no_four_labels__idf_presence__jaccard__pam","core","no_four_labels","idf_presence","jaccard","pam",8,8,0.14784381699656,0.15170280541844
"no_four_labels__idf_presence__jaccard__average","core","no_four_labels","idf_presence","jaccard","average",2,8,0.085941700864319,0.00399148870714579
"no_four_labels__idf_presence__jaccard__average","core","no_four_labels","idf_presence","jaccard","average",3,8,0.101689559831818,0.462324543903407
"no_four_labels__idf_presence__jaccard__average","core","no_four_labels","idf_presence","jaccard","average",4,8,0.105550982334811,0.440840373118408
"no_four_labels__idf_presence__jaccard__average","core","no_four_labels","idf_presence","jaccard","average",5,8,0.101517574635985,0.44252306704459
"no_four_labels__idf_presence__jaccard__average","core","no_four_labels","idf_presence","jaccard","average",6,8,0.128316184058364,0.384402785315864
"no_four_labels__idf_presence__jaccard__average","core","no_four_labels","idf_presence","jaccard","average",7,8,0.149892031825125,0.259226170290873
"no_four_labels__idf_presence__jaccard__average","core","no_four_labels","idf_presence","jaccard","average",8,8,0.158163359312533,0.261748272959937
"no_components_or_four_labels__equal_features__sqrt_hamming__pam","core","no_components_or_four_labels","equal_features","sqrt_hamming","pam",2,8,0.139105416212266,0.331491360187137
"no_components_or_four_labels__equal_features__sqrt_hamming__pam","core","no_components_or_four_labels","equal_features","sqrt_hamming","pam",3,8,0.100931747352696,0.31275868869506
"no_components_or_four_labels__equal_features__sqrt_hamming__pam","core","no_components_or_four_labels","equal_features","sqrt_hamming","pam",4,8,0.109087944042305,0.303944158852468
"no_components_or_four_labels__equal_features__sqrt_hamming__pam","core","no_components_or_four_labels","equal_features","sqrt_hamming","pam",5,8,0.123312068393431,0.347781622099329
"no_components_or_four_labels__equal_features__sqrt_hamming__pam","core","no_components_or_four_labels","equal_features","sqrt_hamming","pam",6,8,0.132664443353221,0.338834467059753
"no_components_or_four_labels__equal_features__sqrt_hamming__pam","core","no_components_or_four_labels","equal_features","sqrt_hamming","pam",7,8,0.143547202550888,0.226081633948312
"no_components_or_four_labels__equal_features__sqrt_hamming__pam","core","no_components_or_four_labels","equal_features","sqrt_hamming","pam",8,8,0.15546531339759,0.198415776569524
"no_components_or_four_labels__equal_features__sqrt_hamming__average","core","no_components_or_four_labels","equal_features","sqrt_hamming","average",2,8,0.13826667413283,0.754356879442656
"no_components_or_four_labels__equal_features__sqrt_hamming__average","core","no_components_or_four_labels","equal_features","sqrt_hamming","average",3,8,0.129988315181203,0.629708060521454
"no_components_or_four_labels__equal_features__sqrt_hamming__average","core","no_components_or_four_labels","equal_features","sqrt_hamming","average",4,8,0.150161352043777,0.539475582493028
"no_components_or_four_labels__equal_features__sqrt_hamming__average","core","no_components_or_four_labels","equal_features","sqrt_hamming","average",5,8,0.150108326968817,0.586849387552212
"no_components_or_four_labels__equal_features__sqrt_hamming__average","core","no_components_or_four_labels","equal_features","sqrt_hamming","average",6,8,0.157213516543768,0.376955525124723
"no_components_or_four_labels__equal_features__sqrt_hamming__average","core","no_components_or_four_labels","equal_features","sqrt_hamming","average",7,8,0.168117542040945,0.300146510438238
"no_components_or_four_labels__equal_features__sqrt_hamming__average","core","no_components_or_four_labels","equal_features","sqrt_hamming","average",8,8,0.174170425870021,0.271851330682111
"no_components_or_four_labels__equal_features__hamming__pam","core","no_components_or_four_labels","equal_features","hamming","pam",2,8,0.240850805704564,0.331491360187137
"no_components_or_four_labels__equal_features__hamming__pam","core","no_components_or_four_labels","equal_features","hamming","pam",3,8,0.181017520158841,0.350869076818763
"no_components_or_four_labels__equal_features__hamming__pam","core","no_components_or_four_labels","equal_features","hamming","pam",4,8,0.172332135465228,0.295877068306875
"no_components_or_four_labels__equal_features__hamming__pam","core","no_components_or_four_labels","equal_features","hamming","pam",5,8,0.207086729793395,0.342084535393081
"no_components_or_four_labels__equal_features__hamming__pam","core","no_components_or_four_labels","equal_features","hamming","pam",6,8,0.23186279100106,0.261368234594612
"no_components_or_four_labels__equal_features__hamming__pam","core","no_components_or_four_labels","equal_features","hamming","pam",7,8,0.238855146503387,0.242858354402787
"no_components_or_four_labels__equal_features__hamming__pam","core","no_components_or_four_labels","equal_features","hamming","pam",8,8,0.249499334886425,0.197761273677509
"no_components_or_four_labels__equal_features__hamming__average","core","no_components_or_four_labels","equal_features","hamming","average",2,8,0.238987731359069,0.754356879442656
"no_components_or_four_labels__equal_features__hamming__average","core","no_components_or_four_labels","equal_features","hamming","average",3,8,0.217987695316995,0.629708060521454
"no_components_or_four_labels__equal_features__hamming__average","core","no_components_or_four_labels","equal_features","hamming","average",4,8,0.247849334258073,0.539475582493028
"no_components_or_four_labels__equal_features__hamming__average","core","no_components_or_four_labels","equal_features","hamming","average",5,8,0.24319662884943,0.586849387552212
"no_components_or_four_labels__equal_features__hamming__average","core","no_components_or_four_labels","equal_features","hamming","average",6,8,0.254092013971513,0.376955525124723
"no_components_or_four_labels__equal_features__hamming__average","core","no_components_or_four_labels","equal_features","hamming","average",7,8,0.270594330852875,0.300146510438238
"no_components_or_four_labels__equal_features__hamming__average","core","no_components_or_four_labels","equal_features","hamming","average",8,8,0.280583906922186,0.271851330682111
"no_components_or_four_labels__equal_features__jaccard__pam","core","no_components_or_four_labels","equal_features","jaccard","pam",2,8,0.162794931788236,0.586997615488207
"no_components_or_four_labels__equal_features__jaccard__pam","core","no_components_or_four_labels","equal_features","jaccard","pam",3,8,0.134686032076055,0.495940845717186
"no_components_or_four_labels__equal_features__jaccard__pam","core","no_components_or_four_labels","equal_features","jaccard","pam",4,8,0.145585094553962,0.461997376154287
"no_components_or_four_labels__equal_features__jaccard__pam","core","no_components_or_four_labels","equal_features","jaccard","pam",5,8,0.153744288337827,0.308119096650089
"no_components_or_four_labels__equal_features__jaccard__pam","core","no_components_or_four_labels","equal_features","jaccard","pam",6,8,0.158224378853521,0.246142545908481
"no_components_or_four_labels__equal_features__jaccard__pam","core","no_components_or_four_labels","equal_features","jaccard","pam",7,8,0.145160018149393,0.184638843608976
"no_components_or_four_labels__equal_features__jaccard__pam","core","no_components_or_four_labels","equal_features","jaccard","pam",8,8,0.171993523184313,0.211331389554334
"no_components_or_four_labels__equal_features__jaccard__average","core","no_components_or_four_labels","equal_features","jaccard","average",2,8,0.17229864609638,0.00399148870714579
"no_components_or_four_labels__equal_features__jaccard__average","core","no_components_or_four_labels","equal_features","jaccard","average",3,8,0.150521582971304,0.423537205875728
"no_components_or_four_labels__equal_features__jaccard__average","core","no_components_or_four_labels","equal_features","jaccard","average",4,8,0.125035964371593,0.423325182402332
"no_components_or_four_labels__equal_features__jaccard__average","core","no_components_or_four_labels","equal_features","jaccard","average",5,8,0.129641293302329,0.307932339920631
"no_components_or_four_labels__equal_features__jaccard__average","core","no_components_or_four_labels","equal_features","jaccard","average",6,8,0.165188162511802,0.269798416187246
"no_components_or_four_labels__equal_features__jaccard__average","core","no_components_or_four_labels","equal_features","jaccard","average",7,8,0.170815044874661,0.256406082158871
"no_components_or_four_labels__equal_features__jaccard__average","core","no_components_or_four_labels","equal_features","jaccard","average",8,8,0.188113236343001,0.282922844448312
"no_components_or_four_labels__equal_domains__sqrt_hamming__pam","core","no_components_or_four_labels","equal_domains","sqrt_hamming","pam",2,8,0.213291334620797,0.480274562291262
"no_components_or_four_labels__equal_domains__sqrt_hamming__pam","core","no_components_or_four_labels","equal_domains","sqrt_hamming","pam",3,8,0.117762058392987,0.314219461123466
"no_components_or_four_labels__equal_domains__sqrt_hamming__pam","core","no_components_or_four_labels","equal_domains","sqrt_hamming","pam",4,8,0.106049052175801,0.275710457209259
"no_components_or_four_labels__equal_domains__sqrt_hamming__pam","core","no_components_or_four_labels","equal_domains","sqrt_hamming","pam",5,8,0.11427336368683,0.314960038644215
"no_components_or_four_labels__equal_domains__sqrt_hamming__pam","core","no_components_or_four_labels","equal_domains","sqrt_hamming","pam",6,8,0.13335633451535,0.293227144541653
"no_components_or_four_labels__equal_domains__sqrt_hamming__pam","core","no_components_or_four_labels","equal_domains","sqrt_hamming","pam",7,8,0.159602113363181,0.265245115215712
"no_components_or_four_labels__equal_domains__sqrt_hamming__pam","core","no_components_or_four_labels","equal_domains","sqrt_hamming","pam",8,8,0.166348273808803,0.255418742426282
"no_components_or_four_labels__equal_domains__sqrt_hamming__average","core","no_components_or_four_labels","equal_domains","sqrt_hamming","average",2,8,0.204277439079404,0.331544480220811
"no_components_or_four_labels__equal_domains__sqrt_hamming__average","core","no_components_or_four_labels","equal_domains","sqrt_hamming","average",3,8,0.204745794989977,0.288463606468022
"no_components_or_four_labels__equal_domains__sqrt_hamming__average","core","no_components_or_four_labels","equal_domains","sqrt_hamming","average",4,8,0.184382507718929,0.261979848675313
"no_components_or_four_labels__equal_domains__sqrt_hamming__average","core","no_components_or_four_labels","equal_domains","sqrt_hamming","average",5,8,0.202031386409112,0.47015838557598
"no_components_or_four_labels__equal_domains__sqrt_hamming__average","core","no_components_or_four_labels","equal_domains","sqrt_hamming","average",6,8,0.207697887819916,0.470056436792897
"no_components_or_four_labels__equal_domains__sqrt_hamming__average","core","no_components_or_four_labels","equal_domains","sqrt_hamming","average",7,8,0.194620803687107,0.469998413937621
"no_components_or_four_labels__equal_domains__sqrt_hamming__average","core","no_components_or_four_labels","equal_domains","sqrt_hamming","average",8,8,0.201617819803006,0.455982184730761
"no_components_or_four_labels__equal_domains__hamming__pam","core","no_components_or_four_labels","equal_domains","hamming","pam",2,8,0.358924691014689,0.480274562291262
"no_components_or_four_labels__equal_domains__hamming__pam","core","no_components_or_four_labels","equal_domains","hamming","pam",3,8,0.19688156861017,0.314219461123466
"no_components_or_four_labels__equal_domains__hamming__pam","core","no_components_or_four_labels","equal_domains","hamming","pam",4,8,0.171778292001453,0.275710457209259
"no_components_or_four_labels__equal_domains__hamming__pam","core","no_components_or_four_labels","equal_domains","hamming","pam",5,8,0.180365388523539,0.28415698883989
"no_components_or_four_labels__equal_domains__hamming__pam","core","no_components_or_four_labels","equal_domains","hamming","pam",6,8,0.218137293966045,0.269658339408646
"no_components_or_four_labels__equal_domains__hamming__pam","core","no_components_or_four_labels","equal_domains","hamming","pam",7,8,0.263053964654195,0.243375625484561
"no_components_or_four_labels__equal_domains__hamming__pam","core","no_components_or_four_labels","equal_domains","hamming","pam",8,8,0.281694425193555,0.240125091066555
"no_components_or_four_labels__equal_domains__hamming__average","core","no_components_or_four_labels","equal_domains","hamming","average",2,8,0.342038744183264,0.331544480220811
"no_components_or_four_labels__equal_domains__hamming__average","core","no_components_or_four_labels","equal_domains","hamming","average",3,8,0.335581032669412,0.288463606468022
"no_components_or_four_labels__equal_domains__hamming__average","core","no_components_or_four_labels","equal_domains","hamming","average",4,8,0.301021230800534,0.261979848675313
"no_components_or_four_labels__equal_domains__hamming__average","core","no_components_or_four_labels","equal_domains","hamming","average",5,8,0.333103785092897,0.47015838557598
"no_components_or_four_labels__equal_domains__hamming__average","core","no_components_or_four_labels","equal_domains","hamming","average",6,8,0.339764845966087,0.470056436792897
"no_components_or_four_labels__equal_domains__hamming__average","core","no_components_or_four_labels","equal_domains","hamming","average",7,8,0.315196030030009,0.469998413937621
"no_components_or_four_labels__equal_domains__hamming__average","core","no_components_or_four_labels","equal_domains","hamming","average",8,8,0.325762656340342,0.455982184730761
"no_components_or_four_labels__equal_domains__jaccard__pam","core","no_components_or_four_labels","equal_domains","jaccard","pam",2,8,0.213584469304243,0.587009928007509
"no_components_or_four_labels__equal_domains__jaccard__pam","core","no_components_or_four_labels","equal_domains","jaccard","pam",3,8,0.188507723571472,0.366619001042292
"no_components_or_four_labels__equal_domains__jaccard__pam","core","no_components_or_four_labels","equal_domains","jaccard","pam",4,8,0.189648935238703,0.343690023967378
"no_components_or_four_labels__equal_domains__jaccard__pam","core","no_components_or_four_labels","equal_domains","jaccard","pam",5,8,0.164370606806391,0.284768767659987
"no_components_or_four_labels__equal_domains__jaccard__pam","core","no_components_or_four_labels","equal_domains","jaccard","pam",6,8,0.183947493167742,0.257342714007587
"no_components_or_four_labels__equal_domains__jaccard__pam","core","no_components_or_four_labels","equal_domains","jaccard","pam",7,8,0.210624507176164,0.242704690956006
"no_components_or_four_labels__equal_domains__jaccard__pam","core","no_components_or_four_labels","equal_domains","jaccard","pam",8,8,0.205973565167264,0.187157857269817
"no_components_or_four_labels__equal_domains__jaccard__average","core","no_components_or_four_labels","equal_domains","jaccard","average",2,8,0.21441036341866,0.609644659905124
"no_components_or_four_labels__equal_domains__jaccard__average","core","no_components_or_four_labels","equal_domains","jaccard","average",3,8,0.197662280438999,0.574569599591598
"no_components_or_four_labels__equal_domains__jaccard__average","core","no_components_or_four_labels","equal_domains","jaccard","average",4,8,0.22242556800704,0.54135277916024
"no_components_or_four_labels__equal_domains__jaccard__average","core","no_components_or_four_labels","equal_domains","jaccard","average",5,8,0.206594180499798,0.542197496530426
"no_components_or_four_labels__equal_domains__jaccard__average","core","no_components_or_four_labels","equal_domains","jaccard","average",6,8,0.189460575586527,0.542194461063049
"no_components_or_four_labels__equal_domains__jaccard__average","core","no_components_or_four_labels","equal_domains","jaccard","average",7,8,0.188766547096257,0.463838395663404
"no_components_or_four_labels__equal_domains__jaccard__average","core","no_components_or_four_labels","equal_domains","jaccard","average",8,8,0.210515595070048,0.321010449407238
"no_components_or_four_labels__unique_profiles__sqrt_hamming__pam","core","no_components_or_four_labels","unique_profiles","sqrt_hamming","pam",2,8,0.13995969327744,0.331491360187137
"no_components_or_four_labels__unique_profiles__sqrt_hamming__pam","core","no_components_or_four_labels","unique_profiles","sqrt_hamming","pam",3,8,0.101173452503458,0.31275868869506
"no_components_or_four_labels__unique_profiles__sqrt_hamming__pam","core","no_components_or_four_labels","unique_profiles","sqrt_hamming","pam",4,8,0.1096545321399,0.303944158852468
"no_components_or_four_labels__unique_profiles__sqrt_hamming__pam","core","no_components_or_four_labels","unique_profiles","sqrt_hamming","pam",5,8,0.123973640405682,0.347781622099329
"no_components_or_four_labels__unique_profiles__sqrt_hamming__pam","core","no_components_or_four_labels","unique_profiles","sqrt_hamming","pam",6,8,0.133323733822948,0.338834467059753
"no_components_or_four_labels__unique_profiles__sqrt_hamming__pam","core","no_components_or_four_labels","unique_profiles","sqrt_hamming","pam",7,8,0.144246925288848,0.226081633948312
"no_components_or_four_labels__unique_profiles__sqrt_hamming__pam","core","no_components_or_four_labels","unique_profiles","sqrt_hamming","pam",8,8,0.156178242388722,0.198415776569524
"no_components_or_four_labels__unique_profiles__sqrt_hamming__average","core","no_components_or_four_labels","unique_profiles","sqrt_hamming","average",2,8,0.138567301867068,0.754356879442656
"no_components_or_four_labels__unique_profiles__sqrt_hamming__average","core","no_components_or_four_labels","unique_profiles","sqrt_hamming","average",3,8,0.13106308049716,0.629708060521454
"no_components_or_four_labels__unique_profiles__sqrt_hamming__average","core","no_components_or_four_labels","unique_profiles","sqrt_hamming","average",4,8,0.151284831015775,0.539475582493028
"no_components_or_four_labels__unique_profiles__sqrt_hamming__average","core","no_components_or_four_labels","unique_profiles","sqrt_hamming","average",5,8,0.15119984098207,0.586849387552212
"no_components_or_four_labels__unique_profiles__sqrt_hamming__average","core","no_components_or_four_labels","unique_profiles","sqrt_hamming","average",6,8,0.156972257840532,0.376955525124723
"no_components_or_four_labels__unique_profiles__sqrt_hamming__average","core","no_components_or_four_labels","unique_profiles","sqrt_hamming","average",7,8,0.168647193526988,0.300146510438238
"no_components_or_four_labels__unique_profiles__sqrt_hamming__average","core","no_components_or_four_labels","unique_profiles","sqrt_hamming","average",8,8,0.168378781437251,0.295041075469315
"no_components_or_four_labels__unique_profiles__hamming__pam","core","no_components_or_four_labels","unique_profiles","hamming","pam",2,8,0.242410247920485,0.331491360187137
"no_components_or_four_labels__unique_profiles__hamming__pam","core","no_components_or_four_labels","unique_profiles","hamming","pam",3,8,0.181542577994771,0.350869076818763
"no_components_or_four_labels__unique_profiles__hamming__pam","core","no_components_or_four_labels","unique_profiles","hamming","pam",4,8,0.173434023300612,0.295877068306875
"no_components_or_four_labels__unique_profiles__hamming__pam","core","no_components_or_four_labels","unique_profiles","hamming","pam",5,8,0.208533860675739,0.342084535393081
"no_components_or_four_labels__unique_profiles__hamming__pam","core","no_components_or_four_labels","unique_profiles","hamming","pam",6,8,0.214017652125445,0.238469727684632
"no_components_or_four_labels__unique_profiles__hamming__pam","core","no_components_or_four_labels","unique_profiles","hamming","pam",7,8,0.21371099019563,0.2245946616007
"no_components_or_four_labels__unique_profiles__hamming__pam","core","no_components_or_four_labels","unique_profiles","hamming","pam",8,8,0.250613218528634,0.197761273677509
"no_components_or_four_labels__unique_profiles__hamming__average","core","no_components_or_four_labels","unique_profiles","hamming","average",2,8,0.239430595893941,0.754356879442656
"no_components_or_four_labels__unique_profiles__hamming__average","core","no_components_or_four_labels","unique_profiles","hamming","average",3,8,0.219972359511617,0.629708060521454
"no_components_or_four_labels__unique_profiles__hamming__average","core","no_components_or_four_labels","unique_profiles","hamming","average",4,8,0.249972828188224,0.539475582493028
"no_components_or_four_labels__unique_profiles__hamming__average","core","no_components_or_four_labels","unique_profiles","hamming","average",5,8,0.245334705665394,0.586849387552212
"no_components_or_four_labels__unique_profiles__hamming__average","core","no_components_or_four_labels","unique_profiles","hamming","average",6,8,0.253631552660931,0.376955525124723
"no_components_or_four_labels__unique_profiles__hamming__average","core","no_components_or_four_labels","unique_profiles","hamming","average",7,8,0.271634019902951,0.300146510438238
"no_components_or_four_labels__unique_profiles__hamming__average","core","no_components_or_four_labels","unique_profiles","hamming","average",8,8,0.279813395947836,0.271851330682111
"no_components_or_four_labels__unique_profiles__jaccard__pam","core","no_components_or_four_labels","unique_profiles","jaccard","pam",2,8,0.163224698212299,0.586997615488207
"no_components_or_four_labels__unique_profiles__jaccard__pam","core","no_components_or_four_labels","unique_profiles","jaccard","pam",3,8,0.135406800179045,0.495940845717186
"no_components_or_four_labels__unique_profiles__jaccard__pam","core","no_components_or_four_labels","unique_profiles","jaccard","pam",4,8,0.146280464491085,0.461997376154287
"no_components_or_four_labels__unique_profiles__jaccard__pam","core","no_components_or_four_labels","unique_profiles","jaccard","pam",5,8,0.154110410053211,0.308119096650089
"no_components_or_four_labels__unique_profiles__jaccard__pam","core","no_components_or_four_labels","unique_profiles","jaccard","pam",6,8,0.158636758363206,0.246142545908481
"no_components_or_four_labels__unique_profiles__jaccard__pam","core","no_components_or_four_labels","unique_profiles","jaccard","pam",7,8,0.145693775896108,0.184638843608976
"no_components_or_four_labels__unique_profiles__jaccard__pam","core","no_components_or_four_labels","unique_profiles","jaccard","pam",8,8,0.16832020563651,0.204942255135524
"no_components_or_four_labels__unique_profiles__jaccard__average","core","no_components_or_four_labels","unique_profiles","jaccard","average",2,8,0.17297789561686,0.00399148870714579
"no_components_or_four_labels__unique_profiles__jaccard__average","core","no_components_or_four_labels","unique_profiles","jaccard","average",3,8,0.150574746314755,0.423537205875728
"no_components_or_four_labels__unique_profiles__jaccard__average","core","no_components_or_four_labels","unique_profiles","jaccard","average",4,8,0.1253096758735,0.423325182402332
"no_components_or_four_labels__unique_profiles__jaccard__average","core","no_components_or_four_labels","unique_profiles","jaccard","average",5,8,0.129392936478256,0.307932339920631
"no_components_or_four_labels__unique_profiles__jaccard__average","core","no_components_or_four_labels","unique_profiles","jaccard","average",6,8,0.165280791947158,0.269798416187246
"no_components_or_four_labels__unique_profiles__jaccard__average","core","no_components_or_four_labels","unique_profiles","jaccard","average",7,8,0.171072999192286,0.256406082158871
"no_components_or_four_labels__unique_profiles__jaccard__average","core","no_components_or_four_labels","unique_profiles","jaccard","average",8,8,0.188564576169004,0.282922844448312
"no_components_or_four_labels__idf_presence__jaccard__pam","core","no_components_or_four_labels","idf_presence","jaccard","pam",2,8,0.12854519517768,0.542990678554031
"no_components_or_four_labels__idf_presence__jaccard__pam","core","no_components_or_four_labels","idf_presence","jaccard","pam",3,8,0.128889761881889,0.375908610475085
"no_components_or_four_labels__idf_presence__jaccard__pam","core","no_components_or_four_labels","idf_presence","jaccard","pam",4,8,0.126955025598838,0.327075579955067
"no_components_or_four_labels__idf_presence__jaccard__pam","core","no_components_or_four_labels","idf_presence","jaccard","pam",5,8,0.13926974013036,0.252693376328708
"no_components_or_four_labels__idf_presence__jaccard__pam","core","no_components_or_four_labels","idf_presence","jaccard","pam",6,8,0.142180009670677,0.193109724089088
"no_components_or_four_labels__idf_presence__jaccard__pam","core","no_components_or_four_labels","idf_presence","jaccard","pam",7,8,0.154632387042878,0.163113088338832
"no_components_or_four_labels__idf_presence__jaccard__pam","core","no_components_or_four_labels","idf_presence","jaccard","pam",8,8,0.176207237078933,0.15741838047177
"no_components_or_four_labels__idf_presence__jaccard__average","core","no_components_or_four_labels","idf_presence","jaccard","average",2,8,0.106483205557692,0.00399148870714579
"no_components_or_four_labels__idf_presence__jaccard__average","core","no_components_or_four_labels","idf_presence","jaccard","average",3,8,0.109439836492335,0.240029079879072
"no_components_or_four_labels__idf_presence__jaccard__average","core","no_components_or_four_labels","idf_presence","jaccard","average",4,8,0.114010716272877,0.245878413021862
"no_components_or_four_labels__idf_presence__jaccard__average","core","no_components_or_four_labels","idf_presence","jaccard","average",5,8,0.156875733985567,0.290466242165706
"no_components_or_four_labels__idf_presence__jaccard__average","core","no_components_or_four_labels","idf_presence","jaccard","average",6,8,0.143553649961025,0.274739077354819
"no_components_or_four_labels__idf_presence__jaccard__average","core","no_components_or_four_labels","idf_presence","jaccard","average",7,8,0.148405265350751,0.230097417299927
"no_components_or_four_labels__idf_presence__jaccard__average","core","no_components_or_four_labels","idf_presence","jaccard","average",8,8,0.173752002494175,0.253615967226231
"no_morph__equal_features__sqrt_hamming__pam","core","no_morph","equal_features","sqrt_hamming","pam",2,8,0.0945459799359722,0.147466626058864
"no_morph__equal_features__sqrt_hamming__pam","core","no_morph","equal_features","sqrt_hamming","pam",3,8,0.105724721389185,0.334398466638036
"no_morph__equal_features__sqrt_hamming__pam","core","no_morph","equal_features","sqrt_hamming","pam",4,8,0.107147216881453,0.223336044213873
"no_morph__equal_features__sqrt_hamming__pam","core","no_morph","equal_features","sqrt_hamming","pam",5,8,0.139644296286201,0.287505851446084
"no_morph__equal_features__sqrt_hamming__pam","core","no_morph","equal_features","sqrt_hamming","pam",6,8,0.149311772953477,0.282321300674734
"no_morph__equal_features__sqrt_hamming__pam","core","no_morph","equal_features","sqrt_hamming","pam",7,8,0.164537677252543,0.234763843863683
"no_morph__equal_features__sqrt_hamming__pam","core","no_morph","equal_features","sqrt_hamming","pam",8,8,0.161177886081184,0.199628985113748
"no_morph__equal_features__sqrt_hamming__average","core","no_morph","equal_features","sqrt_hamming","average",2,8,0.129413663612816,0.754356879442656
"no_morph__equal_features__sqrt_hamming__average","core","no_morph","equal_features","sqrt_hamming","average",3,8,0.136596043859393,0.710204470088285
"no_morph__equal_features__sqrt_hamming__average","core","no_morph","equal_features","sqrt_hamming","average",4,8,0.134796706946854,0.503370129228295
"no_morph__equal_features__sqrt_hamming__average","core","no_morph","equal_features","sqrt_hamming","average",5,8,0.147385353859834,0.429001559201915
"no_morph__equal_features__sqrt_hamming__average","core","no_morph","equal_features","sqrt_hamming","average",6,8,0.16577658112833,0.306512235961966
"no_morph__equal_features__sqrt_hamming__average","core","no_morph","equal_features","sqrt_hamming","average",7,8,0.159869385430855,0.296729896959952
"no_morph__equal_features__sqrt_hamming__average","core","no_morph","equal_features","sqrt_hamming","average",8,8,0.168834284349226,0.330574403352147
"no_morph__equal_features__hamming__pam","core","no_morph","equal_features","hamming","pam",2,8,0.175218707643617,0.36596099998646
"no_morph__equal_features__hamming__pam","core","no_morph","equal_features","hamming","pam",3,8,0.157100234553549,0.26669943777047
"no_morph__equal_features__hamming__pam","core","no_morph","equal_features","hamming","pam",4,8,0.191763573672826,0.215878117820522
"no_morph__equal_features__hamming__pam","core","no_morph","equal_features","hamming","pam",5,8,0.239736422014798,0.343848262428983
"no_morph__equal_features__hamming__pam","core","no_morph","equal_features","hamming","pam",6,8,0.246688562719318,0.283365638883146
"no_morph__equal_features__hamming__pam","core","no_morph","equal_features","hamming","pam",7,8,0.256630260619865,0.221606474747632
"no_morph__equal_features__hamming__pam","core","no_morph","equal_features","hamming","pam",8,8,0.266854318306903,0.195602100295501
"no_morph__equal_features__hamming__average","core","no_morph","equal_features","hamming","average",2,8,0.218507615925476,0.729178764254562
"no_morph__equal_features__hamming__average","core","no_morph","equal_features","hamming","average",3,8,0.219319853370548,0.685863141350672
"no_morph__equal_features__hamming__average","core","no_morph","equal_features","hamming","average",4,8,0.214375656009608,0.48174448973949
"no_morph__equal_features__hamming__average","core","no_morph","equal_features","hamming","average",5,8,0.233418058975374,0.413300569288435
"no_morph__equal_features__hamming__average","core","no_morph","equal_features","hamming","average",6,8,0.277878422832678,0.29420129564459
"no_morph__equal_features__hamming__average","core","no_morph","equal_features","hamming","average",7,8,0.265954513764365,0.283992977535968
"no_morph__equal_features__hamming__average","core","no_morph","equal_features","hamming","average",8,8,0.277953066432514,0.316990159961933
"no_morph__equal_features__jaccard__pam","core","no_morph","equal_features","jaccard","pam",2,8,0.153964380966916,0.564790821368477
"no_morph__equal_features__jaccard__pam","core","no_morph","equal_features","jaccard","pam",3,8,0.138361609103697,0.443161393106535
"no_morph__equal_features__jaccard__pam","core","no_morph","equal_features","jaccard","pam",4,8,0.168398543041336,0.364784873782606
"no_morph__equal_features__jaccard__pam","core","no_morph","equal_features","jaccard","pam",5,8,0.171404553481811,0.284740272755483
"no_morph__equal_features__jaccard__pam","core","no_morph","equal_features","jaccard","pam",6,8,0.163782305799371,0.278865764771335
"no_morph__equal_features__jaccard__pam","core","no_morph","equal_features","jaccard","pam",7,8,0.180470302956328,0.262248601555551
"no_morph__equal_features__jaccard__pam","core","no_morph","equal_features","jaccard","pam",8,8,0.172518728139791,0.176493031050379
"no_morph__equal_features__jaccard__average","core","no_morph","equal_features","jaccard","average",2,8,0.271110015708618,0.00178392512401945
"no_morph__equal_features__jaccard__average","core","no_morph","equal_features","jaccard","average",3,8,0.15189024920613,0.019272780719877
"no_morph__equal_features__jaccard__average","core","no_morph","equal_features","jaccard","average",4,8,0.101411272336402,0.0181191649889724
"no_morph__equal_features__jaccard__average","core","no_morph","equal_features","jaccard","average",5,8,0.094756815279623,0.00667480643483439
"no_morph__equal_features__jaccard__average","core","no_morph","equal_features","jaccard","average",6,8,0.163106544682853,0.608481916628581
"no_morph__equal_features__jaccard__average","core","no_morph","equal_features","jaccard","average",7,8,0.184572393662324,0.483639836730661
"no_morph__equal_features__jaccard__average","core","no_morph","equal_features","jaccard","average",8,8,0.209537855831431,0.451224185744938
"no_morph__equal_domains__sqrt_hamming__pam","core","no_morph","equal_domains","sqrt_hamming","pam",2,8,0.24024110969945,0.237788234678377
"no_morph__equal_domains__sqrt_hamming__pam","core","no_morph","equal_domains","sqrt_hamming","pam",3,8,0.128475434858193,0.160255088249498
"no_morph__equal_domains__sqrt_hamming__pam","core","no_morph","equal_domains","sqrt_hamming","pam",4,8,0.0877243369979061,0.114217805191218
"no_morph__equal_domains__sqrt_hamming__pam","core","no_morph","equal_domains","sqrt_hamming","pam",5,8,0.11144771296071,0.134139820587327
"no_morph__equal_domains__sqrt_hamming__pam","core","no_morph","equal_domains","sqrt_hamming","pam",6,8,0.131343251062319,0.201451250278427
"no_morph__equal_domains__sqrt_hamming__pam","core","no_morph","equal_domains","sqrt_hamming","pam",7,8,0.152942949936106,0.208530602816774
"no_morph__equal_domains__sqrt_hamming__pam","core","no_morph","equal_domains","sqrt_hamming","pam",8,8,0.172285069326815,0.184000241799706
"no_morph__equal_domains__sqrt_hamming__average","core","no_morph","equal_domains","sqrt_hamming","average",2,8,0.237901181723079,0.252413533231221
"no_morph__equal_domains__sqrt_hamming__average","core","no_morph","equal_domains","sqrt_hamming","average",3,8,0.241167058745228,0.229063254546194
"no_morph__equal_domains__sqrt_hamming__average","core","no_morph","equal_domains","sqrt_hamming","average",4,8,0.219264450328187,0.236622438850656
"no_morph__equal_domains__sqrt_hamming__average","core","no_morph","equal_domains","sqrt_hamming","average",5,8,0.214781891112467,0.270878050748616
"no_morph__equal_domains__sqrt_hamming__average","core","no_morph","equal_domains","sqrt_hamming","average",6,8,0.23215846119812,0.258417167567237
"no_morph__equal_domains__sqrt_hamming__average","core","no_morph","equal_domains","sqrt_hamming","average",7,8,0.226364267323478,0.257988605458331
"no_morph__equal_domains__sqrt_hamming__average","core","no_morph","equal_domains","sqrt_hamming","average",8,8,0.203532487942353,0.466408593276509
"no_morph__equal_domains__hamming__pam","core","no_morph","equal_domains","hamming","pam",2,8,0.402402126747916,0.237788234678377
"no_morph__equal_domains__hamming__pam","core","no_morph","equal_domains","hamming","pam",3,8,0.20499534149411,0.160255088249498
"no_morph__equal_domains__hamming__pam","core","no_morph","equal_domains","hamming","pam",4,8,0.23210489820076,0.297523774175337
"no_morph__equal_domains__hamming__pam","core","no_morph","equal_domains","hamming","pam",5,8,0.240110977183937,0.279094383094577
"no_morph__equal_domains__hamming__pam","core","no_morph","equal_domains","hamming","pam",6,8,0.287539777951009,0.174377074936543
"no_morph__equal_domains__hamming__pam","core","no_morph","equal_domains","hamming","pam",7,8,0.304974593918439,0.219744100935773
"no_morph__equal_domains__hamming__pam","core","no_morph","equal_domains","hamming","pam",8,8,0.269844345698386,0.208967874280729
"no_morph__equal_domains__hamming__average","core","no_morph","equal_domains","hamming","average",2,8,0.39737451254992,0.252413533231221
"no_morph__equal_domains__hamming__average","core","no_morph","equal_domains","hamming","average",3,8,0.402928780538126,0.229063254546194
"no_morph__equal_domains__hamming__average","core","no_morph","equal_domains","hamming","average",4,8,0.365815415214408,0.236622438850656
"no_morph__equal_domains__hamming__average","core","no_morph","equal_domains","hamming","average",5,8,0.354832787665574,0.270878050748616
"no_morph__equal_domains__hamming__average","core","no_morph","equal_domains","hamming","average",6,8,0.383057540889072,0.258417167567237
"no_morph__equal_domains__hamming__average","core","no_morph","equal_domains","hamming","average",7,8,0.373409487258068,0.257988605458331
"no_morph__equal_domains__hamming__average","core","no_morph","equal_domains","hamming","average",8,8,0.330799943560341,0.45074010541164
"no_morph__equal_domains__jaccard__pam","core","no_morph","equal_domains","jaccard","pam",2,8,0.188338349579454,0.460094873043811
"no_morph__equal_domains__jaccard__pam","core","no_morph","equal_domains","jaccard","pam",3,8,0.214339665622941,0.453587463165658
"no_morph__equal_domains__jaccard__pam","core","no_morph","equal_domains","jaccard","pam",4,8,0.180769944117513,0.33831798054459
"no_morph__equal_domains__jaccard__pam","core","no_morph","equal_domains","jaccard","pam",5,8,0.192837735669686,0.346013885516019
"no_morph__equal_domains__jaccard__pam","core","no_morph","equal_domains","jaccard","pam",6,8,0.173740770815781,0.233490727010707
"no_morph__equal_domains__jaccard__pam","core","no_morph","equal_domains","jaccard","pam",7,8,0.200451195664673,0.241705124822391
"no_morph__equal_domains__jaccard__pam","core","no_morph","equal_domains","jaccard","pam",8,8,0.210839180318294,0.226963607828655
"no_morph__equal_domains__jaccard__average","core","no_morph","equal_domains","jaccard","average",2,8,0.162089369466647,-0.00412286766922999
"no_morph__equal_domains__jaccard__average","core","no_morph","equal_domains","jaccard","average",3,8,0.129123528457001,-0.00296316683417094
"no_morph__equal_domains__jaccard__average","core","no_morph","equal_domains","jaccard","average",4,8,0.211886104091956,0.632096391097821
"no_morph__equal_domains__jaccard__average","core","no_morph","equal_domains","jaccard","average",5,8,0.212833940237385,0.600833261369139
"no_morph__equal_domains__jaccard__average","core","no_morph","equal_domains","jaccard","average",6,8,0.215867795662537,0.515968968831802
"no_morph__equal_domains__jaccard__average","core","no_morph","equal_domains","jaccard","average",7,8,0.275497407112962,0.397300224757009
"no_morph__equal_domains__jaccard__average","core","no_morph","equal_domains","jaccard","average",8,8,0.288163108433067,0.390451667131049
"no_morph__idf_presence__jaccard__pam","core","no_morph","idf_presence","jaccard","pam",2,8,0.117738754675239,0.500699810047722
"no_morph__idf_presence__jaccard__pam","core","no_morph","idf_presence","jaccard","pam",3,8,0.108908623653688,0.394277839634471
"no_morph__idf_presence__jaccard__pam","core","no_morph","idf_presence","jaccard","pam",4,8,0.14158684500399,0.339997088839889
"no_morph__idf_presence__jaccard__pam","core","no_morph","idf_presence","jaccard","pam",5,8,0.154649392539926,0.307181379704717
"no_morph__idf_presence__jaccard__pam","core","no_morph","idf_presence","jaccard","pam",6,8,0.166062185760335,0.250294109933275
"no_morph__idf_presence__jaccard__pam","core","no_morph","idf_presence","jaccard","pam",7,8,0.1701764115677,0.222585494290649
"no_morph__idf_presence__jaccard__pam","core","no_morph","idf_presence","jaccard","pam",8,8,0.198749231249317,0.216773107021401
"no_morph__idf_presence__jaccard__average","core","no_morph","idf_presence","jaccard","average",2,8,0.120450404032325,0.00399148870714579
"no_morph__idf_presence__jaccard__average","core","no_morph","idf_presence","jaccard","average",3,8,0.122903064755761,0.523903676251321
"no_morph__idf_presence__jaccard__average","core","no_morph","idf_presence","jaccard","average",4,8,0.128650281955568,0.512281050932236
"no_morph__idf_presence__jaccard__average","core","no_morph","idf_presence","jaccard","average",5,8,0.116872368681224,0.490222032271123
"no_morph__idf_presence__jaccard__average","core","no_morph","idf_presence","jaccard","average",6,8,0.144643500255698,0.415583056648425
"no_morph__idf_presence__jaccard__average","core","no_morph","idf_presence","jaccard","average",7,8,0.147191318318382,0.401549092157317
"no_morph__idf_presence__jaccard__average","core","no_morph","idf_presence","jaccard","average",8,8,0.174261606662901,0.275101287369038
"no_phon__equal_features__sqrt_hamming__pam","core","no_phon","equal_features","sqrt_hamming","pam",2,8,0.134199731381801,0.754373152541918
"no_phon__equal_features__sqrt_hamming__pam","core","no_phon","equal_features","sqrt_hamming","pam",3,8,0.091849338124181,0.319141287214909
"no_phon__equal_features__sqrt_hamming__pam","core","no_phon","equal_features","sqrt_hamming","pam",4,8,0.111891707428931,0.314228305673867
"no_phon__equal_features__sqrt_hamming__pam","core","no_phon","equal_features","sqrt_hamming","pam",5,8,0.116781394961798,0.34058120255949
"no_phon__equal_features__sqrt_hamming__pam","core","no_phon","equal_features","sqrt_hamming","pam",6,8,0.130169793247909,0.24546798725862
"no_phon__equal_features__sqrt_hamming__pam","core","no_phon","equal_features","sqrt_hamming","pam",7,8,0.136406475891316,0.217364691815602
"no_phon__equal_features__sqrt_hamming__pam","core","no_phon","equal_features","sqrt_hamming","pam",8,8,0.150707673969057,0.202458296124901
"no_phon__equal_features__sqrt_hamming__average","core","no_phon","equal_features","sqrt_hamming","average",2,8,0.134088403155497,0.942452203083014
"no_phon__equal_features__sqrt_hamming__average","core","no_phon","equal_features","sqrt_hamming","average",3,8,0.128282710340136,0.797198064651275
"no_phon__equal_features__sqrt_hamming__average","core","no_phon","equal_features","sqrt_hamming","average",4,8,0.1463645767431,0.681893662139864
"no_phon__equal_features__sqrt_hamming__average","core","no_phon","equal_features","sqrt_hamming","average",5,8,0.142659612459652,0.458955097683452
"no_phon__equal_features__sqrt_hamming__average","core","no_phon","equal_features","sqrt_hamming","average",6,8,0.160067531874317,0.326313145896363
"no_phon__equal_features__sqrt_hamming__average","core","no_phon","equal_features","sqrt_hamming","average",7,8,0.163673330549933,0.305452921500489
"no_phon__equal_features__sqrt_hamming__average","core","no_phon","equal_features","sqrt_hamming","average",8,8,0.152285110962854,0.302685255525974
"no_phon__equal_features__hamming__pam","core","no_phon","equal_features","hamming","pam",2,8,0.23477469453878,0.754373152541918
"no_phon__equal_features__hamming__pam","core","no_phon","equal_features","hamming","pam",3,8,0.156933476080926,0.319141287214909
"no_phon__equal_features__hamming__pam","core","no_phon","equal_features","hamming","pam",4,8,0.187913652552215,0.314228305673867
"no_phon__equal_features__hamming__pam","core","no_phon","equal_features","hamming","pam",5,8,0.195254160977045,0.34058120255949
"no_phon__equal_features__hamming__pam","core","no_phon","equal_features","hamming","pam",6,8,0.233745562113447,0.289156490241639
"no_phon__equal_features__hamming__pam","core","no_phon","equal_features","hamming","pam",7,8,0.2483683513241,0.258492970288197
"no_phon__equal_features__hamming__pam","core","no_phon","equal_features","hamming","pam",8,8,0.2665146457401,0.242108016138021
"no_phon__equal_features__hamming__average","core","no_phon","equal_features","hamming","average",2,8,0.233736879421032,0.942452203083014
"no_phon__equal_features__hamming__average","core","no_phon","equal_features","hamming","average",3,8,0.223780089013846,0.776857782782748
"no_phon__equal_features__hamming__average","core","no_phon","equal_features","hamming","average",4,8,0.246320970641335,0.681893662139864
"no_phon__equal_features__hamming__average","core","no_phon","equal_features","hamming","average",5,8,0.238146155030542,0.458955097683452
"no_phon__equal_features__hamming__average","core","no_phon","equal_features","hamming","average",6,8,0.266938512102561,0.326313145896363
"no_phon__equal_features__hamming__average","core","no_phon","equal_features","hamming","average",7,8,0.271630325596496,0.305452921500489
"no_phon__equal_features__hamming__average","core","no_phon","equal_features","hamming","average",8,8,0.249960560052446,0.302685255525974
"no_phon__equal_features__jaccard__pam","core","no_phon","equal_features","jaccard","pam",2,8,0.16555024130725,0.704424255453394
"no_phon__equal_features__jaccard__pam","core","no_phon","equal_features","jaccard","pam",3,8,0.126556325169752,0.557438328155157
"no_phon__equal_features__jaccard__pam","core","no_phon","equal_features","jaccard","pam",4,8,0.141839148532337,0.444408668920525
"no_phon__equal_features__jaccard__pam","core","no_phon","equal_features","jaccard","pam",5,8,0.147694040513022,0.344031416966217
"no_phon__equal_features__jaccard__pam","core","no_phon","equal_features","jaccard","pam",6,8,0.164764876361451,0.331172985014387
"no_phon__equal_features__jaccard__pam","core","no_phon","equal_features","jaccard","pam",7,8,0.179592073076515,0.296736902454104
"no_phon__equal_features__jaccard__pam","core","no_phon","equal_features","jaccard","pam",8,8,0.163680177238976,0.172499232467545
"no_phon__equal_features__jaccard__average","core","no_phon","equal_features","jaccard","average",2,8,0.161640215060574,0.00399148870714579
"no_phon__equal_features__jaccard__average","core","no_phon","equal_features","jaccard","average",3,8,0.120937382322819,0.0183310879230546
"no_phon__equal_features__jaccard__average","core","no_phon","equal_features","jaccard","average",4,8,0.160602975309599,0.471893147960798
"no_phon__equal_features__jaccard__average","core","no_phon","equal_features","jaccard","average",5,8,0.145479695179042,0.471680959139157
"no_phon__equal_features__jaccard__average","core","no_phon","equal_features","jaccard","average",6,8,0.143713693238787,0.460222240427107
"no_phon__equal_features__jaccard__average","core","no_phon","equal_features","jaccard","average",7,8,0.159370136525211,0.356093427694862
"no_phon__equal_features__jaccard__average","core","no_phon","equal_features","jaccard","average",8,8,0.182999175475904,0.274230317437471
"no_phon__equal_domains__sqrt_hamming__pam","core","no_phon","equal_domains","sqrt_hamming","pam",2,8,0.121799260712098,0.421167544141014
"no_phon__equal_domains__sqrt_hamming__pam","core","no_phon","equal_domains","sqrt_hamming","pam",3,8,0.100552017924668,0.351371319533371
"no_phon__equal_domains__sqrt_hamming__pam","core","no_phon","equal_domains","sqrt_hamming","pam",4,8,0.0978505046489075,0.350906328964045
"no_phon__equal_domains__sqrt_hamming__pam","core","no_phon","equal_domains","sqrt_hamming","pam",5,8,0.127511020629744,0.338427942014936
"no_phon__equal_domains__sqrt_hamming__pam","core","no_phon","equal_domains","sqrt_hamming","pam",6,8,0.127489064875561,0.3243568860067
"no_phon__equal_domains__sqrt_hamming__pam","core","no_phon","equal_domains","sqrt_hamming","pam",7,8,0.143434612817888,0.227154570549116
"no_phon__equal_domains__sqrt_hamming__pam","core","no_phon","equal_domains","sqrt_hamming","pam",8,8,0.148535733690086,0.21261230937682
"no_phon__equal_domains__sqrt_hamming__average","core","no_phon","equal_domains","sqrt_hamming","average",2,8,0.135522330184426,0.754356879442656
"no_phon__equal_domains__sqrt_hamming__average","core","no_phon","equal_domains","sqrt_hamming","average",3,8,0.132036034907846,0.629708060521454
"no_phon__equal_domains__sqrt_hamming__average","core","no_phon","equal_domains","sqrt_hamming","average",4,8,0.123505827599824,0.422770381484408
"no_phon__equal_domains__sqrt_hamming__average","core","no_phon","equal_domains","sqrt_hamming","average",5,8,0.139445625872039,0.332343547167861
"no_phon__equal_domains__sqrt_hamming__average","core","no_phon","equal_domains","sqrt_hamming","average",6,8,0.155472152306416,0.257858791029995
"no_phon__equal_domains__sqrt_hamming__average","core","no_phon","equal_domains","sqrt_hamming","average",7,8,0.168345569124349,0.305240204395352
"no_phon__equal_domains__sqrt_hamming__average","core","no_phon","equal_domains","sqrt_hamming","average",8,8,0.155879092145182,0.302472533119998
"no_phon__equal_domains__hamming__pam","core","no_phon","equal_domains","hamming","pam",2,8,0.212921313824858,0.421167544141014
"no_phon__equal_domains__hamming__pam","core","no_phon","equal_domains","hamming","pam",3,8,0.173332223564615,0.351371319533371
"no_phon__equal_domains__hamming__pam","core","no_phon","equal_domains","hamming","pam",4,8,0.174029527780086,0.359414373039105
"no_phon__equal_domains__hamming__pam","core","no_phon","equal_domains","hamming","pam",5,8,0.213340085219031,0.338427942014936
"no_phon__equal_domains__hamming__pam","core","no_phon","equal_domains","hamming","pam",6,8,0.238499111203969,0.288733413820805
"no_phon__equal_domains__hamming__pam","core","no_phon","equal_domains","hamming","pam",7,8,0.241130401538353,0.267885257666111
"no_phon__equal_domains__hamming__pam","core","no_phon","equal_domains","hamming","pam",8,8,0.240483174867528,0.226591563370454
"no_phon__equal_domains__hamming__average","core","no_phon","equal_domains","hamming","average",2,8,0.236406807225707,0.754356879442656
"no_phon__equal_domains__hamming__average","core","no_phon","equal_domains","hamming","average",3,8,0.224845320589762,0.629708060521454
"no_phon__equal_domains__hamming__average","core","no_phon","equal_domains","hamming","average",4,8,0.207990500921875,0.420007436623765
"no_phon__equal_domains__hamming__average","core","no_phon","equal_domains","hamming","average",5,8,0.232057198265652,0.3295778063468
"no_phon__equal_domains__hamming__average","core","no_phon","equal_domains","hamming","average",6,8,0.259853245500717,0.258071507913291
"no_phon__equal_domains__hamming__average","core","no_phon","equal_domains","hamming","average",7,8,0.279808874471968,0.305452921500489
"no_phon__equal_domains__hamming__average","core","no_phon","equal_domains","hamming","average",8,8,0.255301759132191,0.302685255525974
"no_phon__equal_domains__jaccard__pam","core","no_phon","equal_domains","jaccard","pam",2,8,0.16355233600796,0.680093474987822
"no_phon__equal_domains__jaccard__pam","core","no_phon","equal_domains","jaccard","pam",3,8,0.157727529105976,0.496626705188055
"no_phon__equal_domains__jaccard__pam","core","no_phon","equal_domains","jaccard","pam",4,8,0.148289445854396,0.416814786983824
"no_phon__equal_domains__jaccard__pam","core","no_phon","equal_domains","jaccard","pam",5,8,0.146866813454943,0.318554782517808
"no_phon__equal_domains__jaccard__pam","core","no_phon","equal_domains","jaccard","pam",6,8,0.159651723786554,0.307832953464582
"no_phon__equal_domains__jaccard__pam","core","no_phon","equal_domains","jaccard","pam",7,8,0.155896535195576,0.285008899227537
"no_phon__equal_domains__jaccard__pam","core","no_phon","equal_domains","jaccard","pam",8,8,0.172877401926262,0.264362466697388
"no_phon__equal_domains__jaccard__average","core","no_phon","equal_domains","jaccard","average",2,8,0.17894766694114,0.00399148870714579
"no_phon__equal_domains__jaccard__average","core","no_phon","equal_domains","jaccard","average",3,8,0.136057083102496,0.0183310879230546
"no_phon__equal_domains__jaccard__average","core","no_phon","equal_domains","jaccard","average",4,8,0.175919949211409,0.620145253767171
"no_phon__equal_domains__jaccard__average","core","no_phon","equal_domains","jaccard","average",5,8,0.176211318097866,0.608693986794578
"no_phon__equal_domains__jaccard__average","core","no_phon","equal_domains","jaccard","average",6,8,0.159949757146259,0.608481916628581
"no_phon__equal_domains__jaccard__average","core","no_phon","equal_domains","jaccard","average",7,8,0.17102322713456,0.483639836730661
"no_phon__equal_domains__jaccard__average","core","no_phon","equal_domains","jaccard","average",8,8,0.169028699280864,0.481941331340768
"no_phon__unique_profiles__sqrt_hamming__pam","core","no_phon","unique_profiles","sqrt_hamming","pam",2,8,0.135208625657164,0.754373152541918
"no_phon__unique_profiles__sqrt_hamming__pam","core","no_phon","unique_profiles","sqrt_hamming","pam",3,8,0.092283714861871,0.319141287214909
"no_phon__unique_profiles__sqrt_hamming__pam","core","no_phon","unique_profiles","sqrt_hamming","pam",4,8,0.116596978702951,0.246339029536452
"no_phon__unique_profiles__sqrt_hamming__pam","core","no_phon","unique_profiles","sqrt_hamming","pam",5,8,0.116886179910261,0.332097714647494
"no_phon__unique_profiles__sqrt_hamming__pam","core","no_phon","unique_profiles","sqrt_hamming","pam",6,8,0.131427032417989,0.250991968456813
"no_phon__unique_profiles__sqrt_hamming__pam","core","no_phon","unique_profiles","sqrt_hamming","pam",7,8,0.137958455910209,0.222889724472376
"no_phon__unique_profiles__sqrt_hamming__pam","core","no_phon","unique_profiles","sqrt_hamming","pam",8,8,0.152259187517504,0.207983887495084
"no_phon__unique_profiles__sqrt_hamming__average","core","no_phon","unique_profiles","sqrt_hamming","average",2,8,0.134984916638177,0.942452203083014
"no_phon__unique_profiles__sqrt_hamming__average","core","no_phon","unique_profiles","sqrt_hamming","average",3,8,0.130138044244267,0.797198064651275
"no_phon__unique_profiles__sqrt_hamming__average","core","no_phon","unique_profiles","sqrt_hamming","average",4,8,0.148231817312484,0.681893662139864
"no_phon__unique_profiles__sqrt_hamming__average","core","no_phon","unique_profiles","sqrt_hamming","average",5,8,0.144019521655107,0.458955097683452
"no_phon__unique_profiles__sqrt_hamming__average","core","no_phon","unique_profiles","sqrt_hamming","average",6,8,0.161560932758793,0.333756637078487
"no_phon__unique_profiles__sqrt_hamming__average","core","no_phon","unique_profiles","sqrt_hamming","average",7,8,0.165419280579158,0.312897797636499
"no_phon__unique_profiles__sqrt_hamming__average","core","no_phon","unique_profiles","sqrt_hamming","average",8,8,0.153532431207637,0.310130317182701
"no_phon__unique_profiles__hamming__pam","core","no_phon","unique_profiles","hamming","pam",2,8,0.236473816214466,0.754373152541918
"no_phon__unique_profiles__hamming__pam","core","no_phon","unique_profiles","hamming","pam",3,8,0.1577024248499,0.319141287214909
"no_phon__unique_profiles__hamming__pam","core","no_phon","unique_profiles","hamming","pam",4,8,0.18935196330269,0.314228305673867
"no_phon__unique_profiles__hamming__pam","core","no_phon","unique_profiles","hamming","pam",5,8,0.19519612004233,0.332097714647494
"no_phon__unique_profiles__hamming__pam","core","no_phon","unique_profiles","hamming","pam",6,8,0.232275351123574,0.276437174788193
"no_phon__unique_profiles__hamming__pam","core","no_phon","unique_profiles","hamming","pam",7,8,0.250819631739229,0.262741112996212
"no_phon__unique_profiles__hamming__pam","core","no_phon","unique_profiles","hamming","pam",8,8,0.26914578898342,0.24635653935724
"no_phon__unique_profiles__hamming__average","core","no_phon","unique_profiles","hamming","average",2,8,0.235223769451484,0.942452203083014
"no_phon__unique_profiles__hamming__average","core","no_phon","unique_profiles","hamming","average",3,8,0.226784567826887,0.776857782782748
"no_phon__unique_profiles__hamming__average","core","no_phon","unique_profiles","hamming","average",4,8,0.249718099115562,0.681893662139864
"no_phon__unique_profiles__hamming__average","core","no_phon","unique_profiles","hamming","average",5,8,0.240764381460469,0.458955097683452
"no_phon__unique_profiles__hamming__average","core","no_phon","unique_profiles","hamming","average",6,8,0.269378974385182,0.333756637078487
"no_phon__unique_profiles__hamming__average","core","no_phon","unique_profiles","hamming","average",7,8,0.274456585517671,0.312897797636499
"no_phon__unique_profiles__hamming__average","core","no_phon","unique_profiles","hamming","average",8,8,0.252094401062105,0.310130317182701
"no_phon__unique_profiles__jaccard__pam","core","no_phon","unique_profiles","jaccard","pam",2,8,0.166395869516134,0.704424255453394
"no_phon__unique_profiles__jaccard__pam","core","no_phon","unique_profiles","jaccard","pam",3,8,0.127736401947309,0.557438328155157
"no_phon__unique_profiles__jaccard__pam","core","no_phon","unique_profiles","jaccard","pam",4,8,0.142960437987013,0.444408668920525
"no_phon__unique_profiles__jaccard__pam","core","no_phon","unique_profiles","jaccard","pam",5,8,0.148147652036472,0.344031416966217
"no_phon__unique_profiles__jaccard__pam","core","no_phon","unique_profiles","jaccard","pam",6,8,0.165236467350319,0.331172985014387
"no_phon__unique_profiles__jaccard__pam","core","no_phon","unique_profiles","jaccard","pam",7,8,0.180158107559138,0.296736902454104
"no_phon__unique_profiles__jaccard__pam","core","no_phon","unique_profiles","jaccard","pam",8,8,0.179586734272344,0.286462207925888
"no_phon__unique_profiles__jaccard__average","core","no_phon","unique_profiles","jaccard","average",2,8,0.162666023524306,0.00399148870714579
"no_phon__unique_profiles__jaccard__average","core","no_phon","unique_profiles","jaccard","average",3,8,0.12162358566843,0.0183310879230546
"no_phon__unique_profiles__jaccard__average","core","no_phon","unique_profiles","jaccard","average",4,8,0.161235304537774,0.471893147960798
"no_phon__unique_profiles__jaccard__average","core","no_phon","unique_profiles","jaccard","average",5,8,0.146287740317386,0.471680959139157
"no_phon__unique_profiles__jaccard__average","core","no_phon","unique_profiles","jaccard","average",6,8,0.144581225582423,0.460222240427107
"no_phon__unique_profiles__jaccard__average","core","no_phon","unique_profiles","jaccard","average",7,8,0.160436120334834,0.356093427694862
"no_phon__unique_profiles__jaccard__average","core","no_phon","unique_profiles","jaccard","average",8,8,0.183533194329423,0.274230317437471
"no_phon__idf_presence__jaccard__pam","core","no_phon","idf_presence","jaccard","pam",2,8,0.111258019563946,0.587003087809643
"no_phon__idf_presence__jaccard__pam","core","no_phon","idf_presence","jaccard","pam",3,8,0.110456693149146,0.457856475954183
"no_phon__idf_presence__jaccard__pam","core","no_phon","idf_presence","jaccard","pam",4,8,0.110435695938439,0.372953429001964
"no_phon__idf_presence__jaccard__pam","core","no_phon","idf_presence","jaccard","pam",5,8,0.11608057990672,0.227759793590912
"no_phon__idf_presence__jaccard__pam","core","no_phon","idf_presence","jaccard","pam",6,8,0.124910073185163,0.233190148769786
"no_phon__idf_presence__jaccard__pam","core","no_phon","idf_presence","jaccard","pam",7,8,0.116999397185098,0.168664587619785
"no_phon__idf_presence__jaccard__pam","core","no_phon","idf_presence","jaccard","pam",8,8,0.141802672017228,0.162514963390576
"no_phon__idf_presence__jaccard__average","core","no_phon","idf_presence","jaccard","average",2,8,0.0904596379215281,0.00399148870714579
"no_phon__idf_presence__jaccard__average","core","no_phon","idf_presence","jaccard","average",3,8,0.10701155372149,0.502959966235897
"no_phon__idf_presence__jaccard__average","core","no_phon","idf_presence","jaccard","average",4,8,0.0972024038603773,0.485124460208577
"no_phon__idf_presence__jaccard__average","core","no_phon","idf_presence","jaccard","average",5,8,0.107883830956103,0.47370056872206
"no_phon__idf_presence__jaccard__average","core","no_phon","idf_presence","jaccard","average",6,8,0.13177650311845,0.41561310722152
"no_phon__idf_presence__jaccard__average","core","no_phon","idf_presence","jaccard","average",7,8,0.153347235468892,0.278346875369623
"no_phon__idf_presence__jaccard__average","core","no_phon","idf_presence","jaccard","average",8,8,0.156914271257584,0.252832295155939
"no_sem__equal_features__sqrt_hamming__pam","core","no_sem","equal_features","sqrt_hamming","pam",2,8,0.129696337538978,0.36608698016197
"no_sem__equal_features__sqrt_hamming__pam","core","no_sem","equal_features","sqrt_hamming","pam",3,8,0.100649419533864,0.207292897295259
"no_sem__equal_features__sqrt_hamming__pam","core","no_sem","equal_features","sqrt_hamming","pam",4,8,0.109308150757326,0.215672529506716
"no_sem__equal_features__sqrt_hamming__pam","core","no_sem","equal_features","sqrt_hamming","pam",5,8,0.111334234594811,0.193539447188784
"no_sem__equal_features__sqrt_hamming__pam","core","no_sem","equal_features","sqrt_hamming","pam",6,8,0.135309664647837,0.231926363080385
"no_sem__equal_features__sqrt_hamming__pam","core","no_sem","equal_features","sqrt_hamming","pam",7,8,0.149001618444782,0.212555120748381
"no_sem__equal_features__sqrt_hamming__pam","core","no_sem","equal_features","sqrt_hamming","pam",8,8,0.164493495266269,0.201203858698605
"no_sem__equal_features__sqrt_hamming__average","core","no_sem","equal_features","sqrt_hamming","average",2,8,0.15059395845132,0.0880205213337796
"no_sem__equal_features__sqrt_hamming__average","core","no_sem","equal_features","sqrt_hamming","average",3,8,0.145065361143125,0.704476511746534
"no_sem__equal_features__sqrt_hamming__average","core","no_sem","equal_features","sqrt_hamming","average",4,8,0.137883313496951,0.520463029031458
"no_sem__equal_features__sqrt_hamming__average","core","no_sem","equal_features","sqrt_hamming","average",5,8,0.149076663117035,0.388674362749695
"no_sem__equal_features__sqrt_hamming__average","core","no_sem","equal_features","sqrt_hamming","average",6,8,0.16269916543748,0.313834072783171
"no_sem__equal_features__sqrt_hamming__average","core","no_sem","equal_features","sqrt_hamming","average",7,8,0.149227787802918,0.309789715609254
"no_sem__equal_features__sqrt_hamming__average","core","no_sem","equal_features","sqrt_hamming","average",8,8,0.152430811017098,0.297014010018601
"no_sem__equal_features__hamming__pam","core","no_sem","equal_features","hamming","pam",2,8,0.224496125701832,0.36608698016197
"no_sem__equal_features__hamming__pam","core","no_sem","equal_features","hamming","pam",3,8,0.195798758958269,0.287372146733711
"no_sem__equal_features__hamming__pam","core","no_sem","equal_features","hamming","pam",4,8,0.18223210579089,0.215672529506716
"no_sem__equal_features__hamming__pam","core","no_sem","equal_features","hamming","pam",5,8,0.17930355439794,0.201810412505538
"no_sem__equal_features__hamming__pam","core","no_sem","equal_features","hamming","pam",6,8,0.217937793596414,0.247406489494891
"no_sem__equal_features__hamming__pam","core","no_sem","equal_features","hamming","pam",7,8,0.240118585508626,0.225057569506147
"no_sem__equal_features__hamming__pam","core","no_sem","equal_features","hamming","pam",8,8,0.259178596165516,0.201203858698605
"no_sem__equal_features__hamming__average","core","no_sem","equal_features","hamming","average",2,8,0.254640226755202,0.0880205213337796
"no_sem__equal_features__hamming__average","core","no_sem","equal_features","hamming","average",3,8,0.245145534665432,0.704476511746534
"no_sem__equal_features__hamming__average","core","no_sem","equal_features","hamming","average",4,8,0.225316114414784,0.520463029031458
"no_sem__equal_features__hamming__average","core","no_sem","equal_features","hamming","average",5,8,0.245381296797913,0.388674362749695
"no_sem__equal_features__hamming__average","core","no_sem","equal_features","hamming","average",6,8,0.267825401518296,0.313834072783171
"no_sem__equal_features__hamming__average","core","no_sem","equal_features","hamming","average",7,8,0.264376065058237,0.30020810348074
"no_sem__equal_features__hamming__average","core","no_sem","equal_features","hamming","average",8,8,0.243181073328406,0.297014010018601
"no_sem__equal_features__jaccard__pam","core","no_sem","equal_features","jaccard","pam",2,8,0.153337891329682,0.52166760793106
"no_sem__equal_features__jaccard__pam","core","no_sem","equal_features","jaccard","pam",3,8,0.148120494322623,0.327167834319579
"no_sem__equal_features__jaccard__pam","core","no_sem","equal_features","jaccard","pam",4,8,0.125600402232681,0.2941427587166
"no_sem__equal_features__jaccard__pam","core","no_sem","equal_features","jaccard","pam",5,8,0.155392686320557,0.269385823674734
"no_sem__equal_features__jaccard__pam","core","no_sem","equal_features","jaccard","pam",6,8,0.176866049633426,0.221854602617125
"no_sem__equal_features__jaccard__pam","core","no_sem","equal_features","jaccard","pam",7,8,0.206916106718414,0.210054103135246
"no_sem__equal_features__jaccard__pam","core","no_sem","equal_features","jaccard","pam",8,8,0.221615152406783,0.193610164229634
"no_sem__equal_features__jaccard__average","core","no_sem","equal_features","jaccard","average",2,8,0.172767676885276,0.00178392512401945
"no_sem__equal_features__jaccard__average","core","no_sem","equal_features","jaccard","average",3,8,0.154236576673337,0.742711729335338
"no_sem__equal_features__jaccard__average","core","no_sem","equal_features","jaccard","average",4,8,0.155255476920328,0.573285421964393
"no_sem__equal_features__jaccard__average","core","no_sem","equal_features","jaccard","average",5,8,0.159702926723224,0.47053818589212
"no_sem__equal_features__jaccard__average","core","no_sem","equal_features","jaccard","average",6,8,0.146170264260043,0.461405019624923
"no_sem__equal_features__jaccard__average","core","no_sem","equal_features","jaccard","average",7,8,0.147708792280635,0.447385296258971
"no_sem__equal_features__jaccard__average","core","no_sem","equal_features","jaccard","average",8,8,0.174387428905117,0.341880702280724
"no_sem__equal_domains__sqrt_hamming__pam","core","no_sem","equal_domains","sqrt_hamming","pam",2,8,0.27774827747241,0.237788234678377
"no_sem__equal_domains__sqrt_hamming__pam","core","no_sem","equal_domains","sqrt_hamming","pam",3,8,0.128814305284197,0.170255899792684
"no_sem__equal_domains__sqrt_hamming__pam","core","no_sem","equal_domains","sqrt_hamming","pam",4,8,0.14699710241632,0.179239140978902
"no_sem__equal_domains__sqrt_hamming__pam","core","no_sem","equal_domains","sqrt_hamming","pam",5,8,0.164690182565149,0.169620196602307
"no_sem__equal_domains__sqrt_hamming__pam","core","no_sem","equal_domains","sqrt_hamming","pam",6,8,0.195214805248598,0.174312953553415
"no_sem__equal_domains__sqrt_hamming__pam","core","no_sem","equal_domains","sqrt_hamming","pam",7,8,0.216378388760647,0.178867255921475
"no_sem__equal_domains__sqrt_hamming__pam","core","no_sem","equal_domains","sqrt_hamming","pam",8,8,0.17860344623414,0.134170211532981
"no_sem__equal_domains__sqrt_hamming__average","core","no_sem","equal_domains","sqrt_hamming","average",2,8,0.275330253831656,0.252413533231221
"no_sem__equal_domains__sqrt_hamming__average","core","no_sem","equal_domains","sqrt_hamming","average",3,8,0.269091359533729,0.229063254546194
"no_sem__equal_domains__sqrt_hamming__average","core","no_sem","equal_domains","sqrt_hamming","average",4,8,0.259175518393144,0.236622438850656
"no_sem__equal_domains__sqrt_hamming__average","core","no_sem","equal_domains","sqrt_hamming","average",5,8,0.271757623240447,0.301490953300776
"no_sem__equal_domains__sqrt_hamming__average","core","no_sem","equal_domains","sqrt_hamming","average",6,8,0.295813453599103,0.289039536483936
"no_sem__equal_domains__sqrt_hamming__average","core","no_sem","equal_domains","sqrt_hamming","average",7,8,0.290411114824901,0.288611249923126
"no_sem__equal_domains__sqrt_hamming__average","core","no_sem","equal_domains","sqrt_hamming","average",8,8,0.225238679065446,0.202298092658552
"no_sem__equal_domains__hamming__pam","core","no_sem","equal_domains","hamming","pam",2,8,0.458404715252178,0.237788234678377
"no_sem__equal_domains__hamming__pam","core","no_sem","equal_domains","hamming","pam",3,8,0.217591345418068,0.173682073122682
"no_sem__equal_domains__hamming__pam","core","no_sem","equal_domains","hamming","pam",4,8,0.241781953446502,0.175862603761897
"no_sem__equal_domains__hamming__pam","core","no_sem","equal_domains","hamming","pam",5,8,0.260490560716511,0.169620196602307
"no_sem__equal_domains__hamming__pam","core","no_sem","equal_domains","hamming","pam",6,8,0.323196366546183,0.229237320992587
"no_sem__equal_domains__hamming__pam","core","no_sem","equal_domains","hamming","pam",7,8,0.357669844270271,0.224263120985919
"no_sem__equal_domains__hamming__pam","core","no_sem","equal_domains","hamming","pam",8,8,0.356121690713056,0.220080594509748
"no_sem__equal_domains__hamming__average","core","no_sem","equal_domains","hamming","average",2,8,0.45346588446489,0.252413533231221
"no_sem__equal_domains__hamming__average","core","no_sem","equal_domains","hamming","average",3,8,0.444206846767506,0.229063254546194
"no_sem__equal_domains__hamming__average","core","no_sem","equal_domains","hamming","average",4,8,0.424533015108999,0.236622438850656
"no_sem__equal_domains__hamming__average","core","no_sem","equal_domains","hamming","average",5,8,0.442743746348583,0.301490953300776
"no_sem__equal_domains__hamming__average","core","no_sem","equal_domains","hamming","average",6,8,0.480627464063605,0.289039536483936
"no_sem__equal_domains__hamming__average","core","no_sem","equal_domains","hamming","average",7,8,0.47252343861988,0.288611249923126
"no_sem__equal_domains__hamming__average","core","no_sem","equal_domains","hamming","average",8,8,0.363390962637454,0.206317009367446
"no_sem__equal_domains__jaccard__pam","core","no_sem","equal_domains","jaccard","pam",2,8,0.199535457195727,0.460114543894976
"no_sem__equal_domains__jaccard__pam","core","no_sem","equal_domains","jaccard","pam",3,8,0.191659939055149,0.366142779421695
"no_sem__equal_domains__jaccard__pam","core","no_sem","equal_domains","jaccard","pam",4,8,0.214601766176181,0.334319251422968
"no_sem__equal_domains__jaccard__pam","core","no_sem","equal_domains","jaccard","pam",5,8,0.225683268693935,0.222053507548679
"no_sem__equal_domains__jaccard__pam","core","no_sem","equal_domains","jaccard","pam",6,8,0.242955796583388,0.252375199771704
"no_sem__equal_domains__jaccard__pam","core","no_sem","equal_domains","jaccard","pam",7,8,0.279772929342587,0.253294948333835
"no_sem__equal_domains__jaccard__pam","core","no_sem","equal_domains","jaccard","pam",8,8,0.292008033467709,0.251137563609598
"no_sem__equal_domains__jaccard__average","core","no_sem","equal_domains","jaccard","average",2,8,0.217068225821021,0.267257710839959
"no_sem__equal_domains__jaccard__average","core","no_sem","equal_domains","jaccard","average",3,8,0.241955274612303,0.243305441559659
"no_sem__equal_domains__jaccard__average","core","no_sem","equal_domains","jaccard","average",4,8,0.257598392914553,0.393891438752748
"no_sem__equal_domains__jaccard__average","core","no_sem","equal_domains","jaccard","average",5,8,0.267118496684884,0.387227273292537
"no_sem__equal_domains__jaccard__average","core","no_sem","equal_domains","jaccard","average",6,8,0.285195625883942,0.409332663332942
"no_sem__equal_domains__jaccard__average","core","no_sem","equal_domains","jaccard","average",7,8,0.279073936428023,0.406571087821623
"no_sem__equal_domains__jaccard__average","core","no_sem","equal_domains","jaccard","average",8,8,0.283893463717677,0.346631962279499
"no_sem__idf_presence__jaccard__pam","core","no_sem","idf_presence","jaccard","pam",2,8,0.105663009055801,0.480160937337068
"no_sem__idf_presence__jaccard__pam","core","no_sem","idf_presence","jaccard","pam",3,8,0.0890610236317787,0.365834765729122
"no_sem__idf_presence__jaccard__pam","core","no_sem","idf_presence","jaccard","pam",4,8,0.110784707528367,0.315791994450688
"no_sem__idf_presence__jaccard__pam","core","no_sem","idf_presence","jaccard","pam",5,8,0.132275053519993,0.295674892029414
"no_sem__idf_presence__jaccard__pam","core","no_sem","idf_presence","jaccard","pam",6,8,0.143126782054919,0.269786153396228
"no_sem__idf_presence__jaccard__pam","core","no_sem","idf_presence","jaccard","pam",7,8,0.133457521035308,0.208090424063084
"no_sem__idf_presence__jaccard__pam","core","no_sem","idf_presence","jaccard","pam",8,8,0.158036892356936,0.186730805820961
"no_sem__idf_presence__jaccard__average","core","no_sem","idf_presence","jaccard","average",2,8,0.118523394823102,0.564790821368477
"no_sem__idf_presence__jaccard__average","core","no_sem","idf_presence","jaccard","average",3,8,0.0997133834491812,0.545279253912704
"no_sem__idf_presence__jaccard__average","core","no_sem","idf_presence","jaccard","average",4,8,0.10663845549975,0.420261326795088
"no_sem__idf_presence__jaccard__average","core","no_sem","idf_presence","jaccard","average",5,8,0.0961398439546942,0.4106998323318
"no_sem__idf_presence__jaccard__average","core","no_sem","idf_presence","jaccard","average",6,8,0.113974000141148,0.331171884461336
"no_sem__idf_presence__jaccard__average","core","no_sem","idf_presence","jaccard","average",7,8,0.127876409725615,0.29172706680027
"no_sem__idf_presence__jaccard__average","core","no_sem","idf_presence","jaccard","average",8,8,0.130363466383993,0.317098384051472
"no_synt__equal_features__sqrt_hamming__pam","core","no_synt","equal_features","sqrt_hamming","pam",2,8,0.17865233326694,0.754391050461008
"no_synt__equal_features__sqrt_hamming__pam","core","no_synt","equal_features","sqrt_hamming","pam",3,8,0.109938124704761,0.465919576016886
"no_synt__equal_features__sqrt_hamming__pam","core","no_synt","equal_features","sqrt_hamming","pam",4,8,0.134920112364211,0.379448056769828
"no_synt__equal_features__sqrt_hamming__pam","core","no_synt","equal_features","sqrt_hamming","pam",5,8,0.121606068585901,0.376722814604516
"no_synt__equal_features__sqrt_hamming__pam","core","no_synt","equal_features","sqrt_hamming","pam",6,8,0.128612599775003,0.316276802113075
"no_synt__equal_features__sqrt_hamming__pam","core","no_synt","equal_features","sqrt_hamming","pam",7,8,0.122199394081512,0.247573003882103
"no_synt__equal_features__sqrt_hamming__pam","core","no_synt","equal_features","sqrt_hamming","pam",8,8,0.125202233689742,0.226294425086209
"no_synt__equal_features__sqrt_hamming__average","core","no_synt","equal_features","sqrt_hamming","average",2,8,0.175700030713845,0.859309342325905
"no_synt__equal_features__sqrt_hamming__average","core","no_synt","equal_features","sqrt_hamming","average",3,8,0.171674666346503,0.722913780859684
"no_synt__equal_features__sqrt_hamming__average","core","no_synt","equal_features","sqrt_hamming","average",4,8,0.146310752439953,0.652329156458024
"no_synt__equal_features__sqrt_hamming__average","core","no_synt","equal_features","sqrt_hamming","average",5,8,0.140899988336813,0.597898082331481
"no_synt__equal_features__sqrt_hamming__average","core","no_synt","equal_features","sqrt_hamming","average",6,8,0.138316194112175,0.59089565282971
"no_synt__equal_features__sqrt_hamming__average","core","no_synt","equal_features","sqrt_hamming","average",7,8,0.136310484874561,0.506188104494147
"no_synt__equal_features__sqrt_hamming__average","core","no_synt","equal_features","sqrt_hamming","average",8,8,0.13691245875635,0.510630244652178
"no_synt__equal_features__hamming__pam","core","no_synt","equal_features","hamming","pam",2,8,0.317390312975275,0.60970930179085
"no_synt__equal_features__hamming__pam","core","no_synt","equal_features","hamming","pam",3,8,0.31587278435239,0.533556074522806
"no_synt__equal_features__hamming__pam","core","no_synt","equal_features","hamming","pam",4,8,0.230157138299878,0.379448056769828
"no_synt__equal_features__hamming__pam","core","no_synt","equal_features","hamming","pam",5,8,0.244883369237316,0.312783938781164
"no_synt__equal_features__hamming__pam","core","no_synt","equal_features","hamming","pam",6,8,0.213082364024227,0.274634637915484
"no_synt__equal_features__hamming__pam","core","no_synt","equal_features","hamming","pam",7,8,0.217008258166141,0.262493173961227
"no_synt__equal_features__hamming__pam","core","no_synt","equal_features","hamming","pam",8,8,0.209413642730569,0.221855460323736
"no_synt__equal_features__hamming__average","core","no_synt","equal_features","hamming","average",2,8,0.303415012405173,0.859309342325905
"no_synt__equal_features__hamming__average","core","no_synt","equal_features","hamming","average",3,8,0.292663151737258,0.722913780859684
"no_synt__equal_features__hamming__average","core","no_synt","equal_features","hamming","average",4,8,0.245729589489967,0.652329156458024
"no_synt__equal_features__hamming__average","core","no_synt","equal_features","hamming","average",5,8,0.236796088390302,0.597898082331481
"no_synt__equal_features__hamming__average","core","no_synt","equal_features","hamming","average",6,8,0.232592407840906,0.59089565282971
"no_synt__equal_features__hamming__average","core","no_synt","equal_features","hamming","average",7,8,0.225276259733191,0.506188104494147
"no_synt__equal_features__hamming__average","core","no_synt","equal_features","hamming","average",8,8,0.225506668206859,0.510630244652178
"no_synt__equal_features__jaccard__pam","core","no_synt","equal_features","jaccard","pam",2,8,0.192101395794271,0.60963690143988
"no_synt__equal_features__jaccard__pam","core","no_synt","equal_features","jaccard","pam",3,8,0.161098852217842,0.443919900882369
"no_synt__equal_features__jaccard__pam","core","no_synt","equal_features","jaccard","pam",4,8,0.16560987517867,0.376511969447059
"no_synt__equal_features__jaccard__pam","core","no_synt","equal_features","jaccard","pam",5,8,0.176496084759239,0.365937696357962
"no_synt__equal_features__jaccard__pam","core","no_synt","equal_features","jaccard","pam",6,8,0.1781759575043,0.295987924643155
"no_synt__equal_features__jaccard__pam","core","no_synt","equal_features","jaccard","pam",7,8,0.144963825090418,0.260829431565697
"no_synt__equal_features__jaccard__pam","core","no_synt","equal_features","jaccard","pam",8,8,0.165719078066499,0.246243894732035
"no_synt__equal_features__jaccard__average","core","no_synt","equal_features","jaccard","average",2,8,0.143075252807423,-0.00202489946437497
"no_synt__equal_features__jaccard__average","core","no_synt","equal_features","jaccard","average",3,8,0.193937225005632,0.620325238199503
"no_synt__equal_features__jaccard__average","core","no_synt","equal_features","jaccard","average",4,8,0.188747442040521,0.585222874177938
"no_synt__equal_features__jaccard__average","core","no_synt","equal_features","jaccard","average",5,8,0.172975951412026,0.532185945722739
"no_synt__equal_features__jaccard__average","core","no_synt","equal_features","jaccard","average",6,8,0.146920302360097,0.618038616698461
"no_synt__equal_features__jaccard__average","core","no_synt","equal_features","jaccard","average",7,8,0.164329180660926,0.485538515369904
"no_synt__equal_features__jaccard__average","core","no_synt","equal_features","jaccard","average",8,8,0.162752874386127,0.485960757883195
"no_synt__equal_domains__sqrt_hamming__pam","core","no_synt","equal_domains","sqrt_hamming","pam",2,8,0.284845393647607,0.237788234678377
"no_synt__equal_domains__sqrt_hamming__pam","core","no_synt","equal_domains","sqrt_hamming","pam",3,8,0.274870432400381,0.27775391865406
"no_synt__equal_domains__sqrt_hamming__pam","core","no_synt","equal_domains","sqrt_hamming","pam",4,8,0.155529301493828,0.190417589887501
"no_synt__equal_domains__sqrt_hamming__pam","core","no_synt","equal_domains","sqrt_hamming","pam",5,8,0.164225461934669,0.244856903647382
"no_synt__equal_domains__sqrt_hamming__pam","core","no_synt","equal_domains","sqrt_hamming","pam",6,8,0.192434714531444,0.224327282176385
"no_synt__equal_domains__sqrt_hamming__pam","core","no_synt","equal_domains","sqrt_hamming","pam",7,8,0.209118984665534,0.259103102969327
"no_synt__equal_domains__sqrt_hamming__pam","core","no_synt","equal_domains","sqrt_hamming","pam",8,8,0.181444055783714,0.230382123627947
"no_synt__equal_domains__sqrt_hamming__average","core","no_synt","equal_domains","sqrt_hamming","average",2,8,0.238727811403917,0.0120222314449279
"no_synt__equal_domains__sqrt_hamming__average","core","no_synt","equal_domains","sqrt_hamming","average",3,8,0.227598931519831,0.00486018665620048
"no_synt__equal_domains__sqrt_hamming__average","core","no_synt","equal_domains","sqrt_hamming","average",4,8,0.3024609774795,0.242312302056832
"no_synt__equal_domains__sqrt_hamming__average","core","no_synt","equal_domains","sqrt_hamming","average",5,8,0.301393998575338,0.240998054376102
"no_synt__equal_domains__sqrt_hamming__average","core","no_synt","equal_domains","sqrt_hamming","average",6,8,0.295428997864298,0.240569587742293
"no_synt__equal_domains__sqrt_hamming__average","core","no_synt","equal_domains","sqrt_hamming","average",7,8,0.254191503234444,0.411425664124143
"no_synt__equal_domains__sqrt_hamming__average","core","no_synt","equal_domains","sqrt_hamming","average",8,8,0.258555639234263,0.399926811163047
"no_synt__equal_domains__hamming__pam","core","no_synt","equal_domains","hamming","pam",2,8,0.466304874816261,0.237788234678377
"no_synt__equal_domains__hamming__pam","core","no_synt","equal_domains","hamming","pam",3,8,0.448132498762273,0.27775391865406
"no_synt__equal_domains__hamming__pam","core","no_synt","equal_domains","hamming","pam",4,8,0.339024125162586,0.545383529558565
"no_synt__equal_domains__hamming__pam","core","no_synt","equal_domains","hamming","pam",5,8,0.38570294717616,0.491676234361523
"no_synt__equal_domains__hamming__pam","core","no_synt","equal_domains","hamming","pam",6,8,0.321880383882281,0.297156398465786
"no_synt__equal_domains__hamming__pam","core","no_synt","equal_domains","hamming","pam",7,8,0.335399999206085,0.308381304772131
"no_synt__equal_domains__hamming__pam","core","no_synt","equal_domains","hamming","pam",8,8,0.281695038042026,0.275627161414155
"no_synt__equal_domains__hamming__average","core","no_synt","equal_domains","hamming","average",2,8,0.39153856037833,0.0120222314449279
"no_synt__equal_domains__hamming__average","core","no_synt","equal_domains","hamming","average",3,8,0.372088249430574,0.00486018665620048
"no_synt__equal_domains__hamming__average","core","no_synt","equal_domains","hamming","average",4,8,0.490754354507922,0.242312302056832
"no_synt__equal_domains__hamming__average","core","no_synt","equal_domains","hamming","average",5,8,0.492894551271889,0.240998054376102
"no_synt__equal_domains__hamming__average","core","no_synt","equal_domains","hamming","average",6,8,0.483670100860182,0.240569587742293
"no_synt__equal_domains__hamming__average","core","no_synt","equal_domains","hamming","average",7,8,0.418197916329407,0.411425664124143
"no_synt__equal_domains__hamming__average","core","no_synt","equal_domains","hamming","average",8,8,0.421069837800821,0.399926811163047
"no_synt__equal_domains__jaccard__pam","core","no_synt","equal_domains","jaccard","pam",2,8,0.21828341887358,0.440451617975337
"no_synt__equal_domains__jaccard__pam","core","no_synt","equal_domains","jaccard","pam",3,8,0.2100829209729,0.506170605985255
"no_synt__equal_domains__jaccard__pam","core","no_synt","equal_domains","jaccard","pam",4,8,0.22566076263453,0.446136911210048
"no_synt__equal_domains__jaccard__pam","core","no_synt","equal_domains","jaccard","pam",5,8,0.244182966802033,0.436240662763582
"no_synt__equal_domains__jaccard__pam","core","no_synt","equal_domains","jaccard","pam",6,8,0.297193049975886,0.364231225195791
"no_synt__equal_domains__jaccard__pam","core","no_synt","equal_domains","jaccard","pam",7,8,0.285935752034477,0.23569750170811
"no_synt__equal_domains__jaccard__pam","core","no_synt","equal_domains","jaccard","pam",8,8,0.279808803854039,0.188868729151657
"no_synt__equal_domains__jaccard__average","core","no_synt","equal_domains","jaccard","average",2,8,0.166410134022292,-0.00412286766922999
"no_synt__equal_domains__jaccard__average","core","no_synt","equal_domains","jaccard","average",3,8,0.251581628843327,0.5525165015855
"no_synt__equal_domains__jaccard__average","core","no_synt","equal_domains","jaccard","average",4,8,0.246158928074694,0.541230384857267
"no_synt__equal_domains__jaccard__average","core","no_synt","equal_domains","jaccard","average",5,8,0.246648102091047,0.511844891294624
"no_synt__equal_domains__jaccard__average","core","no_synt","equal_domains","jaccard","average",6,8,0.288409563107325,0.412968212530499
"no_synt__equal_domains__jaccard__average","core","no_synt","equal_domains","jaccard","average",7,8,0.287033567116936,0.413391089017904
"no_synt__equal_domains__jaccard__average","core","no_synt","equal_domains","jaccard","average",8,8,0.265903086345049,0.362386242124575
"no_synt__unique_profiles__sqrt_hamming__pam","core","no_synt","unique_profiles","sqrt_hamming","pam",2,8,0.181151557933616,0.754391050461008
"no_synt__unique_profiles__sqrt_hamming__pam","core","no_synt","unique_profiles","sqrt_hamming","pam",3,8,0.110328769901676,0.465919576016886
"no_synt__unique_profiles__sqrt_hamming__pam","core","no_synt","unique_profiles","sqrt_hamming","pam",4,8,0.136243242548851,0.379448056769828
"no_synt__unique_profiles__sqrt_hamming__pam","core","no_synt","unique_profiles","sqrt_hamming","pam",5,8,0.144147098328163,0.31129452657665
"no_synt__unique_profiles__sqrt_hamming__pam","core","no_synt","unique_profiles","sqrt_hamming","pam",6,8,0.129601653675742,0.315425100813114
"no_synt__unique_profiles__sqrt_hamming__pam","core","no_synt","unique_profiles","sqrt_hamming","pam",7,8,0.123380959772497,0.246720729066626
"no_synt__unique_profiles__sqrt_hamming__pam","core","no_synt","unique_profiles","sqrt_hamming","pam",8,8,0.126616766799641,0.225441972069377
"no_synt__unique_profiles__sqrt_hamming__average","core","no_synt","unique_profiles","sqrt_hamming","average",2,8,0.177987275941206,0.859309342325905
"no_synt__unique_profiles__sqrt_hamming__average","core","no_synt","unique_profiles","sqrt_hamming","average",3,8,0.175357044463016,0.722913780859684
"no_synt__unique_profiles__sqrt_hamming__average","core","no_synt","unique_profiles","sqrt_hamming","average",4,8,0.150116904349601,0.652329156458024
"no_synt__unique_profiles__sqrt_hamming__average","core","no_synt","unique_profiles","sqrt_hamming","average",5,8,0.143775867995926,0.645332161991472
"no_synt__unique_profiles__sqrt_hamming__average","core","no_synt","unique_profiles","sqrt_hamming","average",6,8,0.141892309588476,0.59089565282971
"no_synt__unique_profiles__sqrt_hamming__average","core","no_synt","unique_profiles","sqrt_hamming","average",7,8,0.139511889555025,0.506188104494147
"no_synt__unique_profiles__sqrt_hamming__average","core","no_synt","unique_profiles","sqrt_hamming","average",8,8,0.140408673489023,0.510630244652178
"no_synt__unique_profiles__hamming__pam","core","no_synt","unique_profiles","hamming","pam",2,8,0.32132883085738,0.60970930179085
"no_synt__unique_profiles__hamming__pam","core","no_synt","unique_profiles","hamming","pam",3,8,0.322045954868947,0.533556074522806
"no_synt__unique_profiles__hamming__pam","core","no_synt","unique_profiles","hamming","pam",4,8,0.232180144007274,0.380718652162756
"no_synt__unique_profiles__hamming__pam","core","no_synt","unique_profiles","hamming","pam",5,8,0.246386517685837,0.312783938781164
"no_synt__unique_profiles__hamming__pam","core","no_synt","unique_profiles","hamming","pam",6,8,0.214935145334001,0.274634637915484
"no_synt__unique_profiles__hamming__pam","core","no_synt","unique_profiles","hamming","pam",7,8,0.219562733695102,0.262493173961227
"no_synt__unique_profiles__hamming__pam","core","no_synt","unique_profiles","hamming","pam",8,8,0.212144280049597,0.221855460323736
"no_synt__unique_profiles__hamming__average","core","no_synt","unique_profiles","hamming","average",2,8,0.306703508373748,0.859309342325905
"no_synt__unique_profiles__hamming__average","core","no_synt","unique_profiles","hamming","average",3,8,0.298561803960826,0.722913780859684
"no_synt__unique_profiles__hamming__average","core","no_synt","unique_profiles","hamming","average",4,8,0.252362994000965,0.652329156458024
"no_synt__unique_profiles__hamming__average","core","no_synt","unique_profiles","hamming","average",5,8,0.243024686890533,0.597898082331481
"no_synt__unique_profiles__hamming__average","core","no_synt","unique_profiles","hamming","average",6,8,0.239082076561026,0.59089565282971
"no_synt__unique_profiles__hamming__average","core","no_synt","unique_profiles","hamming","average",7,8,0.231298327613509,0.506188104494147
"no_synt__unique_profiles__hamming__average","core","no_synt","unique_profiles","hamming","average",8,8,0.2321210679579,0.510630244652178
"no_synt__unique_profiles__jaccard__pam","core","no_synt","unique_profiles","jaccard","pam",2,8,0.194064503881426,0.60963690143988
"no_synt__unique_profiles__jaccard__pam","core","no_synt","unique_profiles","jaccard","pam",3,8,0.163427818514524,0.443919900882369
"no_synt__unique_profiles__jaccard__pam","core","no_synt","unique_profiles","jaccard","pam",4,8,0.167380449969541,0.376511969447059
"no_synt__unique_profiles__jaccard__pam","core","no_synt","unique_profiles","jaccard","pam",5,8,0.178384213780264,0.365937696357962
"no_synt__unique_profiles__jaccard__pam","core","no_synt","unique_profiles","jaccard","pam",6,8,0.173299288987865,0.288708499177935
"no_synt__unique_profiles__jaccard__pam","core","no_synt","unique_profiles","jaccard","pam",7,8,0.143560626623848,0.255249278501683
"no_synt__unique_profiles__jaccard__pam","core","no_synt","unique_profiles","jaccard","pam",8,8,0.163615950354926,0.239423632714991
"no_synt__unique_profiles__jaccard__average","core","no_synt","unique_profiles","jaccard","average",2,8,0.144737711108851,-0.00202489946437497
"no_synt__unique_profiles__jaccard__average","core","no_synt","unique_profiles","jaccard","average",3,8,0.191436135981127,0.792185619848069
"no_synt__unique_profiles__jaccard__average","core","no_synt","unique_profiles","jaccard","average",4,8,0.184391437796761,0.752701953763831
"no_synt__unique_profiles__jaccard__average","core","no_synt","unique_profiles","jaccard","average",5,8,0.190923260008044,0.549036673776511
"no_synt__unique_profiles__jaccard__average","core","no_synt","unique_profiles","jaccard","average",6,8,0.182414380080637,0.549459016644821
"no_synt__unique_profiles__jaccard__average","core","no_synt","unique_profiles","jaccard","average",7,8,0.166291334950291,0.51230230049175
"no_synt__unique_profiles__jaccard__average","core","no_synt","unique_profiles","jaccard","average",8,8,0.171693927296242,0.436469135842341
"no_synt__idf_presence__jaccard__pam","core","no_synt","idf_presence","jaccard","pam",2,8,0.126501494739595,0.586997615488207
"no_synt__idf_presence__jaccard__pam","core","no_synt","idf_presence","jaccard","pam",3,8,0.111580740821199,0.291241673309137
"no_synt__idf_presence__jaccard__pam","core","no_synt","idf_presence","jaccard","pam",4,8,0.111891078507992,0.326466006902317
"no_synt__idf_presence__jaccard__pam","core","no_synt","idf_presence","jaccard","pam",5,8,0.116539185538399,0.269868026870972
"no_synt__idf_presence__jaccard__pam","core","no_synt","idf_presence","jaccard","pam",6,8,0.133651298591545,0.255797092848949
"no_synt__idf_presence__jaccard__pam","core","no_synt","idf_presence","jaccard","pam",7,8,0.138984543834948,0.222302016834629
"no_synt__idf_presence__jaccard__pam","core","no_synt","idf_presence","jaccard","pam",8,8,0.113578233594065,0.14771880168495
"no_synt__idf_presence__jaccard__average","core","no_synt","idf_presence","jaccard","average",2,8,0.106893444202071,0.384046959972268
"no_synt__idf_presence__jaccard__average","core","no_synt","idf_presence","jaccard","average",3,8,0.11536487868714,0.419883191927376
"no_synt__idf_presence__jaccard__average","core","no_synt","idf_presence","jaccard","average",4,8,0.114811352835537,0.400779596071718
"no_synt__idf_presence__jaccard__average","core","no_synt","idf_presence","jaccard","average",5,8,0.146920664638446,0.374775066685189
"no_synt__idf_presence__jaccard__average","core","no_synt","idf_presence","jaccard","average",6,8,0.158604487614416,0.268452760040635
"no_synt__idf_presence__jaccard__average","core","no_synt","idf_presence","jaccard","average",7,8,0.160180147850224,0.270980330649805
"no_synt__idf_presence__jaccard__average","core","no_synt","idf_presence","jaccard","average",8,8,0.168952371184995,0.253064182051554
"morph_only__equal_features__sqrt_hamming__pam","domain_diagnostic","morph_only","equal_features","sqrt_hamming","pam",2,8,0.239742367345859,0.656266244901628
"morph_only__equal_features__sqrt_hamming__pam","domain_diagnostic","morph_only","equal_features","sqrt_hamming","pam",3,8,0.194027926541633,0.392015785563739
"morph_only__equal_features__sqrt_hamming__pam","domain_diagnostic","morph_only","equal_features","sqrt_hamming","pam",4,8,0.141946580463502,0.309766627366747
"morph_only__equal_features__sqrt_hamming__pam","domain_diagnostic","morph_only","equal_features","sqrt_hamming","pam",5,8,0.149774800151427,0.275907306879669
"morph_only__equal_features__sqrt_hamming__pam","domain_diagnostic","morph_only","equal_features","sqrt_hamming","pam",6,8,0.174304698331893,0.291975981855637
"morph_only__equal_features__sqrt_hamming__pam","domain_diagnostic","morph_only","equal_features","sqrt_hamming","pam",7,8,0.170955806563164,0.22654189771799
"morph_only__equal_features__sqrt_hamming__pam","domain_diagnostic","morph_only","equal_features","sqrt_hamming","pam",8,8,0.176358160954998,0.194579297523408
"morph_only__equal_features__sqrt_hamming__average","domain_diagnostic","morph_only","equal_features","sqrt_hamming","average",2,8,0.238426251425125,0.680160222700603
"morph_only__equal_features__sqrt_hamming__average","domain_diagnostic","morph_only","equal_features","sqrt_hamming","average",3,8,0.223218968883756,0.582271612183609
"morph_only__equal_features__sqrt_hamming__average","domain_diagnostic","morph_only","equal_features","sqrt_hamming","average",4,8,0.23467793565154,0.514426049241824
"morph_only__equal_features__sqrt_hamming__average","domain_diagnostic","morph_only","equal_features","sqrt_hamming","average",5,8,0.219933203732254,0.501701001011137
"morph_only__equal_features__sqrt_hamming__average","domain_diagnostic","morph_only","equal_features","sqrt_hamming","average",6,8,0.223655017276164,0.467549201760358
"morph_only__equal_features__sqrt_hamming__average","domain_diagnostic","morph_only","equal_features","sqrt_hamming","average",7,8,0.217244193676897,0.292930975051636
"morph_only__equal_features__sqrt_hamming__average","domain_diagnostic","morph_only","equal_features","sqrt_hamming","average",8,8,0.222300116224921,0.290379732134825
"morph_only__equal_features__hamming__pam","domain_diagnostic","morph_only","equal_features","hamming","pam",2,8,0.396228010974096,0.656266244901628
"morph_only__equal_features__hamming__pam","domain_diagnostic","morph_only","equal_features","hamming","pam",3,8,0.318736235553212,0.392015785563739
"morph_only__equal_features__hamming__pam","domain_diagnostic","morph_only","equal_features","hamming","pam",4,8,0.23028284190211,0.309766627366747
"morph_only__equal_features__hamming__pam","domain_diagnostic","morph_only","equal_features","hamming","pam",5,8,0.255622231695955,0.317543935627757
"morph_only__equal_features__hamming__pam","domain_diagnostic","morph_only","equal_features","hamming","pam",6,8,0.281580922360092,0.268776102644862
"morph_only__equal_features__hamming__pam","domain_diagnostic","morph_only","equal_features","hamming","pam",7,8,0.299068483205695,0.228741414779683
"morph_only__equal_features__hamming__pam","domain_diagnostic","morph_only","equal_features","hamming","pam",8,8,0.274871927824879,0.1937453235909
"morph_only__equal_features__hamming__average","domain_diagnostic","morph_only","equal_features","hamming","average",2,8,0.393823030008025,0.680160222700603
"morph_only__equal_features__hamming__average","domain_diagnostic","morph_only","equal_features","hamming","average",3,8,0.36692238688385,0.582271612183609
"morph_only__equal_features__hamming__average","domain_diagnostic","morph_only","equal_features","hamming","average",4,8,0.3867533731855,0.514426049241824
"morph_only__equal_features__hamming__average","domain_diagnostic","morph_only","equal_features","hamming","average",5,8,0.360068819876122,0.501701001011137
"morph_only__equal_features__hamming__average","domain_diagnostic","morph_only","equal_features","hamming","average",6,8,0.364335581678666,0.467549201760358
"morph_only__equal_features__hamming__average","domain_diagnostic","morph_only","equal_features","hamming","average",7,8,0.357095222614908,0.297605790289979
"morph_only__equal_features__hamming__average","domain_diagnostic","morph_only","equal_features","hamming","average",8,8,0.359520795251425,0.295054632033869
"morph_only__equal_features__jaccard__pam","domain_diagnostic","morph_only","equal_features","jaccard","pam",2,8,0.22666642854016,0.656232090438534
"morph_only__equal_features__jaccard__pam","domain_diagnostic","morph_only","equal_features","jaccard","pam",3,8,0.235638590417837,0.44583907049046
"morph_only__equal_features__jaccard__pam","domain_diagnostic","morph_only","equal_features","jaccard","pam",4,8,0.214254834470579,0.364304017144826
"morph_only__equal_features__jaccard__pam","domain_diagnostic","morph_only","equal_features","jaccard","pam",5,8,0.205006478450878,0.297907463009787
"morph_only__equal_features__jaccard__pam","domain_diagnostic","morph_only","equal_features","jaccard","pam",6,8,0.211250155870183,0.232400305052741
"morph_only__equal_features__jaccard__pam","domain_diagnostic","morph_only","equal_features","jaccard","pam",7,8,0.232550871906695,0.201493605479659
"morph_only__equal_features__jaccard__pam","domain_diagnostic","morph_only","equal_features","jaccard","pam",8,8,0.256353171744326,0.192975718584915
"morph_only__equal_features__jaccard__average","domain_diagnostic","morph_only","equal_features","jaccard","average",2,8,0.175502543407742,-0.0015884264802913
"morph_only__equal_features__jaccard__average","domain_diagnostic","morph_only","equal_features","jaccard","average",3,8,0.161502995042033,-0.00445080937817974
"morph_only__equal_features__jaccard__average","domain_diagnostic","morph_only","equal_features","jaccard","average",4,8,0.226584050041204,0.631195960417051
"morph_only__equal_features__jaccard__average","domain_diagnostic","morph_only","equal_features","jaccard","average",5,8,0.249235756045173,0.473921989753808
"morph_only__equal_features__jaccard__average","domain_diagnostic","morph_only","equal_features","jaccard","average",6,8,0.251767496858395,0.445875855642108
"morph_only__equal_features__jaccard__average","domain_diagnostic","morph_only","equal_features","jaccard","average",7,8,0.235510572638635,0.445804149672188
"morph_only__equal_features__jaccard__average","domain_diagnostic","morph_only","equal_features","jaccard","average",8,8,0.219942245939198,0.446014700636225
"morph_only__idf_presence__jaccard__pam","domain_diagnostic","morph_only","idf_presence","jaccard","pam",2,8,0.140680165047548,0.632758308161156
"morph_only__idf_presence__jaccard__pam","domain_diagnostic","morph_only","idf_presence","jaccard","pam",3,8,0.150775504799906,0.419315854410152
"morph_only__idf_presence__jaccard__pam","domain_diagnostic","morph_only","idf_presence","jaccard","pam",4,8,0.161636792112802,0.351899454454592
"morph_only__idf_presence__jaccard__pam","domain_diagnostic","morph_only","idf_presence","jaccard","pam",5,8,0.166000762163564,0.34452180419273
"morph_only__idf_presence__jaccard__pam","domain_diagnostic","morph_only","idf_presence","jaccard","pam",6,8,0.142931502674729,0.239877538793233
"morph_only__idf_presence__jaccard__pam","domain_diagnostic","morph_only","idf_presence","jaccard","pam",7,8,0.149547061989672,0.163896383969255
"morph_only__idf_presence__jaccard__pam","domain_diagnostic","morph_only","idf_presence","jaccard","pam",8,8,0.172242353644449,0.154508196344169
"morph_only__idf_presence__jaccard__average","domain_diagnostic","morph_only","idf_presence","jaccard","average",2,8,0.137523068486252,0.60970930179085
"morph_only__idf_presence__jaccard__average","domain_diagnostic","morph_only","idf_presence","jaccard","average",3,8,0.14368039587776,0.452213203186977
"morph_only__idf_presence__jaccard__average","domain_diagnostic","morph_only","idf_presence","jaccard","average",4,8,0.140003108927435,0.452186859561404
"morph_only__idf_presence__jaccard__average","domain_diagnostic","morph_only","idf_presence","jaccard","average",5,8,0.136430534525276,0.443988566074959
"morph_only__idf_presence__jaccard__average","domain_diagnostic","morph_only","idf_presence","jaccard","average",6,8,0.146579192231483,0.415089401583021
"morph_only__idf_presence__jaccard__average","domain_diagnostic","morph_only","idf_presence","jaccard","average",7,8,0.155706486743125,0.39719777108534
"morph_only__idf_presence__jaccard__average","domain_diagnostic","morph_only","idf_presence","jaccard","average",8,8,0.190222879915569,0.346154803657723
"morph_without_components__equal_features__sqrt_hamming__pam","domain_diagnostic","morph_without_components","equal_features","sqrt_hamming","pam",2,8,0.193029186536594,0.00982297692065968
"morph_without_components__equal_features__sqrt_hamming__pam","domain_diagnostic","morph_without_components","equal_features","sqrt_hamming","pam",3,8,0.286881512290195,0.337740511056791
"morph_without_components__equal_features__sqrt_hamming__pam","domain_diagnostic","morph_without_components","equal_features","sqrt_hamming","pam",4,8,0.271864594386256,0.256194728375763
"morph_without_components__equal_features__sqrt_hamming__pam","domain_diagnostic","morph_without_components","equal_features","sqrt_hamming","pam",5,8,0.297551389581936,0.271156687838592
"morph_without_components__equal_features__sqrt_hamming__pam","domain_diagnostic","morph_without_components","equal_features","sqrt_hamming","pam",6,8,0.29249132400542,0.252932713590084
"morph_without_components__equal_features__sqrt_hamming__pam","domain_diagnostic","morph_without_components","equal_features","sqrt_hamming","pam",7,8,0.324726839353781,0.221797303824764
"morph_without_components__equal_features__sqrt_hamming__pam","domain_diagnostic","morph_without_components","equal_features","sqrt_hamming","pam",8,8,0.326568521327114,0.178205561621437
"morph_without_components__equal_features__sqrt_hamming__average","domain_diagnostic","morph_without_components","equal_features","sqrt_hamming","average",2,8,0.324923357596888,0.680160222700603
"morph_without_components__equal_features__sqrt_hamming__average","domain_diagnostic","morph_without_components","equal_features","sqrt_hamming","average",3,8,0.284157309198234,0.537752018810407
"morph_without_components__equal_features__sqrt_hamming__average","domain_diagnostic","morph_without_components","equal_features","sqrt_hamming","average",4,8,0.275223767742624,0.519303648968488
"morph_without_components__equal_features__sqrt_hamming__average","domain_diagnostic","morph_without_components","equal_features","sqrt_hamming","average",5,8,0.276727469796657,0.495974316529329
"morph_without_components__equal_features__sqrt_hamming__average","domain_diagnostic","morph_without_components","equal_features","sqrt_hamming","average",6,8,0.306149269639469,0.326090273053635
"morph_without_components__equal_features__sqrt_hamming__average","domain_diagnostic","morph_without_components","equal_features","sqrt_hamming","average",7,8,0.294655026979862,0.325982895029098
"morph_without_components__equal_features__sqrt_hamming__average","domain_diagnostic","morph_without_components","equal_features","sqrt_hamming","average",8,8,0.306661617192305,0.282609010199607
"morph_without_components__equal_features__hamming__pam","domain_diagnostic","morph_without_components","equal_features","hamming","pam",2,8,0.488165662460338,0.587134380032653
"morph_without_components__equal_features__hamming__pam","domain_diagnostic","morph_without_components","equal_features","hamming","pam",3,8,0.426352553993234,0.337740511056791
"morph_without_components__equal_features__hamming__pam","domain_diagnostic","morph_without_components","equal_features","hamming","pam",4,8,0.430128322225599,0.339535937052253
"morph_without_components__equal_features__hamming__pam","domain_diagnostic","morph_without_components","equal_features","hamming","pam",5,8,0.416112365661559,0.271156687838592
"morph_without_components__equal_features__hamming__pam","domain_diagnostic","morph_without_components","equal_features","hamming","pam",6,8,0.401744704634615,0.217341662645103
"morph_without_components__equal_features__hamming__pam","domain_diagnostic","morph_without_components","equal_features","hamming","pam",7,8,0.41237417557417,0.181293109803947
"morph_without_components__equal_features__hamming__pam","domain_diagnostic","morph_without_components","equal_features","hamming","pam",8,8,0.420869647808324,0.187122753445118
"morph_without_components__equal_features__hamming__average","domain_diagnostic","morph_without_components","equal_features","hamming","average",2,8,0.498112645816958,0.680160222700603
"morph_without_components__equal_features__hamming__average","domain_diagnostic","morph_without_components","equal_features","hamming","average",3,8,0.429960672539564,0.537752018810407
"morph_without_components__equal_features__hamming__average","domain_diagnostic","morph_without_components","equal_features","hamming","average",4,8,0.409186070881534,0.519303648968488
"morph_without_components__equal_features__hamming__average","domain_diagnostic","morph_without_components","equal_features","hamming","average",5,8,0.408481085287191,0.495974316529329
"morph_without_components__equal_features__hamming__average","domain_diagnostic","morph_without_components","equal_features","hamming","average",6,8,0.427562314320375,0.326090273053635
"morph_without_components__equal_features__hamming__average","domain_diagnostic","morph_without_components","equal_features","hamming","average",7,8,0.404911082244289,0.325982895029098
"morph_without_components__equal_features__hamming__average","domain_diagnostic","morph_without_components","equal_features","hamming","average",8,8,0.423148377542872,0.282609010199607
"morph_without_components__equal_features__jaccard__pam","domain_diagnostic","morph_without_components","equal_features","jaccard","pam",2,8,0.322025624276767,0.564825417741791
"morph_without_components__equal_features__jaccard__pam","domain_diagnostic","morph_without_components","equal_features","jaccard","pam",3,8,0.34290587888685,0.316558387130955
"morph_without_components__equal_features__jaccard__pam","domain_diagnostic","morph_without_components","equal_features","jaccard","pam",4,8,0.346787719832742,0.3566987406322
"morph_without_components__equal_features__jaccard__pam","domain_diagnostic","morph_without_components","equal_features","jaccard","pam",5,8,0.31820000000754,0.244416058077308
"morph_without_components__equal_features__jaccard__pam","domain_diagnostic","morph_without_components","equal_features","jaccard","pam",6,8,0.374859452331432,0.246155063359307
"morph_without_components__equal_features__jaccard__pam","domain_diagnostic","morph_without_components","equal_features","jaccard","pam",7,8,0.384117016131798,0.227101944398429
"morph_without_components__equal_features__jaccard__pam","domain_diagnostic","morph_without_components","equal_features","jaccard","pam",8,8,0.408742887783455,0.217733134842146
"morph_without_components__equal_features__jaccard__average","domain_diagnostic","morph_without_components","equal_features","jaccard","average",2,8,0.265023480001102,-0.0015884264802913
"morph_without_components__equal_features__jaccard__average","domain_diagnostic","morph_without_components","equal_features","jaccard","average",3,8,0.263415752970957,-0.00391976471777313
"morph_without_components__equal_features__jaccard__average","domain_diagnostic","morph_without_components","equal_features","jaccard","average",4,8,0.327058615942121,0.61959276659973
"morph_without_components__equal_features__jaccard__average","domain_diagnostic","morph_without_components","equal_features","jaccard","average",5,8,0.318448163799998,0.574628097645292
"morph_without_components__equal_features__jaccard__average","domain_diagnostic","morph_without_components","equal_features","jaccard","average",6,8,0.386192234435221,0.437208872363942
"morph_without_components__equal_features__jaccard__average","domain_diagnostic","morph_without_components","equal_features","jaccard","average",7,8,0.368390671315899,0.437130444880762
"morph_without_components__equal_features__jaccard__average","domain_diagnostic","morph_without_components","equal_features","jaccard","average",8,8,0.399997328357704,0.389297142701199
"morph_without_components__idf_presence__jaccard__pam","domain_diagnostic","morph_without_components","idf_presence","jaccard","pam",2,8,0.272819909090573,0.383914341889392
"morph_without_components__idf_presence__jaccard__pam","domain_diagnostic","morph_without_components","idf_presence","jaccard","pam",3,8,0.328703572667241,0.3498243470035
"morph_without_components__idf_presence__jaccard__pam","domain_diagnostic","morph_without_components","idf_presence","jaccard","pam",4,8,0.33007284105911,0.288677593668019
"morph_without_components__idf_presence__jaccard__pam","domain_diagnostic","morph_without_components","idf_presence","jaccard","pam",5,8,0.397493803028023,0.265645065971127
"morph_without_components__idf_presence__jaccard__pam","domain_diagnostic","morph_without_components","idf_presence","jaccard","pam",6,8,0.365536553297866,0.180232567140564
"morph_without_components__idf_presence__jaccard__pam","domain_diagnostic","morph_without_components","idf_presence","jaccard","pam",7,8,0.386048997555581,0.163516528834461
"morph_without_components__idf_presence__jaccard__pam","domain_diagnostic","morph_without_components","idf_presence","jaccard","pam",8,8,0.432738787766493,0.147297297024324
"morph_without_components__idf_presence__jaccard__average","domain_diagnostic","morph_without_components","idf_presence","jaccard","average",2,8,0.222635613216856,-0.0015884264802913
"morph_without_components__idf_presence__jaccard__average","domain_diagnostic","morph_without_components","idf_presence","jaccard","average",3,8,0.294898136879927,0.667415297201279
"morph_without_components__idf_presence__jaccard__average","domain_diagnostic","morph_without_components","idf_presence","jaccard","average",4,8,0.330968257250373,0.530806575062937
"morph_without_components__idf_presence__jaccard__average","domain_diagnostic","morph_without_components","idf_presence","jaccard","average",5,8,0.345283420370691,0.522321544965769
"morph_without_components__idf_presence__jaccard__average","domain_diagnostic","morph_without_components","idf_presence","jaccard","average",6,8,0.309112802398398,0.533692731791642
"morph_without_components__idf_presence__jaccard__average","domain_diagnostic","morph_without_components","idf_presence","jaccard","average",7,8,0.39222459760769,0.424537679213859
"morph_without_components__idf_presence__jaccard__average","domain_diagnostic","morph_without_components","idf_presence","jaccard","average",8,8,0.394113820587465,0.324016918327081
"phon_only__equal_features__sqrt_hamming__pam","domain_diagnostic","phon_only","equal_features","sqrt_hamming","pam",2,6,0.740157094207369,0.237788234678377
"phon_only__equal_features__sqrt_hamming__pam","domain_diagnostic","phon_only","equal_features","sqrt_hamming","pam",3,6,0.806882348293547,0.225755830557037
"phon_only__equal_features__sqrt_hamming__pam","domain_diagnostic","phon_only","equal_features","sqrt_hamming","pam",4,6,0.891123415358309,0.216604454691427
"phon_only__equal_features__sqrt_hamming__pam","domain_diagnostic","phon_only","equal_features","sqrt_hamming","pam",5,6,0.985507246376812,0.240998054376102
"phon_only__equal_features__sqrt_hamming__pam","domain_diagnostic","phon_only","equal_features","sqrt_hamming","pam",6,6,0.992753623188406,0.240569587742293
"phon_only__equal_features__sqrt_hamming__average","domain_diagnostic","phon_only","equal_features","sqrt_hamming","average",2,6,0.733771666323941,0.252413533231221
"phon_only__equal_features__sqrt_hamming__average","domain_diagnostic","phon_only","equal_features","sqrt_hamming","average",3,6,0.811448964114685,0.229063254546194
"phon_only__equal_features__sqrt_hamming__average","domain_diagnostic","phon_only","equal_features","sqrt_hamming","average",4,6,0.813966064486163,0.228635017885086
"phon_only__equal_features__sqrt_hamming__average","domain_diagnostic","phon_only","equal_features","sqrt_hamming","average",5,6,0.898143624816805,0.216176032611314
"phon_only__equal_features__sqrt_hamming__average","domain_diagnostic","phon_only","equal_features","sqrt_hamming","average",6,6,0.992753623188406,0.240569587742293
"phon_only__equal_features__hamming__pam","domain_diagnostic","phon_only","equal_features","hamming","pam",2,6,0.787199180403461,0.237788234678377
"phon_only__equal_features__hamming__pam","domain_diagnostic","phon_only","equal_features","hamming","pam",3,6,0.817878315364579,0.225755830557037
"phon_only__equal_features__hamming__pam","domain_diagnostic","phon_only","equal_features","hamming","pam",4,6,0.891420182414295,0.216604454691427
"phon_only__equal_features__hamming__pam","domain_diagnostic","phon_only","equal_features","hamming","pam",5,6,0.985507246376812,0.240998054376102
"phon_only__equal_features__hamming__pam","domain_diagnostic","phon_only","equal_features","hamming","pam",6,6,0.992753623188406,0.240569587742293
"phon_only__equal_features__hamming__average","domain_diagnostic","phon_only","equal_features","hamming","average",2,6,0.775534507807383,0.252413533231221
"phon_only__equal_features__hamming__average","domain_diagnostic","phon_only","equal_features","hamming","average",3,6,0.837723783358384,0.229063254546194
"phon_only__equal_features__hamming__average","domain_diagnostic","phon_only","equal_features","hamming","average",4,6,0.834247058204563,0.228635017885086
"phon_only__equal_features__hamming__average","domain_diagnostic","phon_only","equal_features","hamming","average",5,6,0.898143624816805,0.216176032611314
"phon_only__equal_features__hamming__average","domain_diagnostic","phon_only","equal_features","hamming","average",6,6,0.992753623188406,0.240569587742293
"phon_only__equal_features__jaccard__pam","domain_diagnostic","phon_only","equal_features","jaccard","pam",2,6,0.735425077273914,0.237788234678377
"phon_only__equal_features__jaccard__pam","domain_diagnostic","phon_only","equal_features","jaccard","pam",3,6,0.852427915370241,0.233732136111405
"phon_only__equal_features__jaccard__pam","domain_diagnostic","phon_only","equal_features","jaccard","pam",4,6,0.941576086956522,0.242312302056832
"phon_only__equal_features__jaccard__pam","domain_diagnostic","phon_only","equal_features","jaccard","pam",5,6,0.989130434782609,0.240998054376102
"phon_only__equal_features__jaccard__pam","domain_diagnostic","phon_only","equal_features","jaccard","pam",6,6,0.992753623188406,0.240569587742293
"phon_only__equal_features__jaccard__average","domain_diagnostic","phon_only","equal_features","jaccard","average",2,6,0.789810341742709,0.251977752107056
"phon_only__equal_features__jaccard__average","domain_diagnostic","phon_only","equal_features","jaccard","average",3,6,0.862698997216015,0.27330620984493
"phon_only__equal_features__jaccard__average","domain_diagnostic","phon_only","equal_features","jaccard","average",4,6,0.941576086956522,0.242312302056832
"phon_only__equal_features__jaccard__average","domain_diagnostic","phon_only","equal_features","jaccard","average",5,6,0.945199275362319,0.241883868988264
"phon_only__equal_features__jaccard__average","domain_diagnostic","phon_only","equal_features","jaccard","average",6,6,0.992753623188406,0.240569587742293
"phon_only__idf_presence__jaccard__pam","domain_diagnostic","phon_only","idf_presence","jaccard","pam",2,6,0.716330484205513,0.237788234678377
"phon_only__idf_presence__jaccard__pam","domain_diagnostic","phon_only","idf_presence","jaccard","pam",3,6,0.869725278804544,0.233732136111405
"phon_only__idf_presence__jaccard__pam","domain_diagnostic","phon_only","idf_presence","jaccard","pam",4,6,0.963921928817037,0.242312302056832
"phon_only__idf_presence__jaccard__pam","domain_diagnostic","phon_only","idf_presence","jaccard","pam",5,6,0.994451661899663,0.240998054376102
"phon_only__idf_presence__jaccard__pam","domain_diagnostic","phon_only","idf_presence","jaccard","pam",6,6,0.992753623188406,0.240569587742293
"phon_only__idf_presence__jaccard__average","domain_diagnostic","phon_only","idf_presence","jaccard","average",2,6,0.780824251526543,0.251977752107056
"phon_only__idf_presence__jaccard__average","domain_diagnostic","phon_only","idf_presence","jaccard","average",3,6,0.859305916759583,0.27330620984493
"phon_only__idf_presence__jaccard__average","domain_diagnostic","phon_only","idf_presence","jaccard","average",4,6,0.963921928817037,0.242312302056832
"phon_only__idf_presence__jaccard__average","domain_diagnostic","phon_only","idf_presence","jaccard","average",5,6,0.994451661899663,0.240998054376102
"phon_only__idf_presence__jaccard__average","domain_diagnostic","phon_only","idf_presence","jaccard","average",6,6,0.992753623188406,0.240569587742293
"sem_only__equal_features__sqrt_hamming__pam","domain_diagnostic","sem_only","equal_features","sqrt_hamming","pam",2,8,0.140011067113542,0.331358523159413
"sem_only__equal_features__sqrt_hamming__pam","domain_diagnostic","sem_only","equal_features","sqrt_hamming","pam",3,8,0.141427387805957,0.465911887668411
"sem_only__equal_features__sqrt_hamming__pam","domain_diagnostic","sem_only","equal_features","sqrt_hamming","pam",4,8,0.144944380667335,0.269329238425628
"sem_only__equal_features__sqrt_hamming__pam","domain_diagnostic","sem_only","equal_features","sqrt_hamming","pam",5,8,0.180533168095996,0.260590611648827
"sem_only__equal_features__sqrt_hamming__pam","domain_diagnostic","sem_only","equal_features","sqrt_hamming","pam",6,8,0.186227277966287,0.264545653351601
"sem_only__equal_features__sqrt_hamming__pam","domain_diagnostic","sem_only","equal_features","sqrt_hamming","pam",7,8,0.204841218947783,0.27590480426132
"sem_only__equal_features__sqrt_hamming__pam","domain_diagnostic","sem_only","equal_features","sqrt_hamming","pam",8,8,0.208087596241551,0.188829657751919
"sem_only__equal_features__sqrt_hamming__average","domain_diagnostic","sem_only","equal_features","sqrt_hamming","average",2,8,0.143012603041473,0.0562692267508677
"sem_only__equal_features__sqrt_hamming__average","domain_diagnostic","sem_only","equal_features","sqrt_hamming","average",3,8,0.181257590330864,0.527877570350871
"sem_only__equal_features__sqrt_hamming__average","domain_diagnostic","sem_only","equal_features","sqrt_hamming","average",4,8,0.178398737571836,0.42388463711187
"sem_only__equal_features__sqrt_hamming__average","domain_diagnostic","sem_only","equal_features","sqrt_hamming","average",5,8,0.180681159874017,0.431845074969636
"sem_only__equal_features__sqrt_hamming__average","domain_diagnostic","sem_only","equal_features","sqrt_hamming","average",6,8,0.189096481707243,0.304719559704286
"sem_only__equal_features__sqrt_hamming__average","domain_diagnostic","sem_only","equal_features","sqrt_hamming","average",7,8,0.186450399432817,0.276421502086408
"sem_only__equal_features__sqrt_hamming__average","domain_diagnostic","sem_only","equal_features","sqrt_hamming","average",8,8,0.200108751582086,0.19802872974364
"sem_only__equal_features__hamming__pam","domain_diagnostic","sem_only","equal_features","hamming","pam",2,8,0.23602738637281,0.366049191366264
"sem_only__equal_features__hamming__pam","domain_diagnostic","sem_only","equal_features","hamming","pam",3,8,0.227321674727572,0.465911887668411
"sem_only__equal_features__hamming__pam","domain_diagnostic","sem_only","equal_features","hamming","pam",4,8,0.25025202719776,0.314894134972248
"sem_only__equal_features__hamming__pam","domain_diagnostic","sem_only","equal_features","hamming","pam",5,8,0.263922343335918,0.31748050209892
"sem_only__equal_features__hamming__pam","domain_diagnostic","sem_only","equal_features","hamming","pam",6,8,0.302020209187623,0.252137653270564
"sem_only__equal_features__hamming__pam","domain_diagnostic","sem_only","equal_features","hamming","pam",7,8,0.29986609632337,0.208852261974928
"sem_only__equal_features__hamming__pam","domain_diagnostic","sem_only","equal_features","hamming","pam",8,8,0.308004698058253,0.188829657751919
"sem_only__equal_features__hamming__average","domain_diagnostic","sem_only","equal_features","hamming","average",2,8,0.222192412332927,0.0562692267508677
"sem_only__equal_features__hamming__average","domain_diagnostic","sem_only","equal_features","hamming","average",3,8,0.29105722360895,0.527877570350871
"sem_only__equal_features__hamming__average","domain_diagnostic","sem_only","equal_features","hamming","average",4,8,0.283643631017719,0.441294507598969
"sem_only__equal_features__hamming__average","domain_diagnostic","sem_only","equal_features","hamming","average",5,8,0.274969477258577,0.449263549470949
"sem_only__equal_features__hamming__average","domain_diagnostic","sem_only","equal_features","hamming","average",6,8,0.291920759713234,0.312378124125433
"sem_only__equal_features__hamming__average","domain_diagnostic","sem_only","equal_features","hamming","average",7,8,0.293929573340961,0.275996162700528
"sem_only__equal_features__hamming__average","domain_diagnostic","sem_only","equal_features","hamming","average",8,8,0.312466366729994,0.197603073663396
"sem_only__equal_features__jaccard__pam","domain_diagnostic","sem_only","equal_features","jaccard","pam",2,8,0.197442382074984,0.656186540594849
"sem_only__equal_features__jaccard__pam","domain_diagnostic","sem_only","equal_features","jaccard","pam",3,8,0.203187980573261,0.352779687112128
"sem_only__equal_features__jaccard__pam","domain_diagnostic","sem_only","equal_features","jaccard","pam",4,8,0.180979386854963,0.270693449856383
"sem_only__equal_features__jaccard__pam","domain_diagnostic","sem_only","equal_features","jaccard","pam",5,8,0.20951180934144,0.258166350100426
"sem_only__equal_features__jaccard__pam","domain_diagnostic","sem_only","equal_features","jaccard","pam",6,8,0.207777704066002,0.201356398752807
"sem_only__equal_features__jaccard__pam","domain_diagnostic","sem_only","equal_features","jaccard","pam",7,8,0.227591831506442,0.182605409156023
"sem_only__equal_features__jaccard__pam","domain_diagnostic","sem_only","equal_features","jaccard","pam",8,8,0.255715040411511,0.194375819065091
"sem_only__equal_features__jaccard__average","domain_diagnostic","sem_only","equal_features","jaccard","average",2,8,0.242003684889456,0.00399148870714579
"sem_only__equal_features__jaccard__average","domain_diagnostic","sem_only","equal_features","jaccard","average",3,8,0.222575081409393,-0.00150389677519535
"sem_only__equal_features__jaccard__average","domain_diagnostic","sem_only","equal_features","jaccard","average",4,8,0.217507889955153,0.63321831605798
"sem_only__equal_features__jaccard__average","domain_diagnostic","sem_only","equal_features","jaccard","average",5,8,0.196821035027147,0.621135376505797
"sem_only__equal_features__jaccard__average","domain_diagnostic","sem_only","equal_features","jaccard","average",6,8,0.198000551118747,0.610198498037808
"sem_only__equal_features__jaccard__average","domain_diagnostic","sem_only","equal_features","jaccard","average",7,8,0.199166780693731,0.555044518393272
"sem_only__equal_features__jaccard__average","domain_diagnostic","sem_only","equal_features","jaccard","average",8,8,0.193653037944363,0.555465872870728
"sem_only__idf_presence__jaccard__pam","domain_diagnostic","sem_only","idf_presence","jaccard","pam",2,8,0.139109494288179,0.402289564535318
"sem_only__idf_presence__jaccard__pam","domain_diagnostic","sem_only","idf_presence","jaccard","pam",3,8,0.176286199489287,0.326020808236034
"sem_only__idf_presence__jaccard__pam","domain_diagnostic","sem_only","idf_presence","jaccard","pam",4,8,0.200452694675368,0.277311141783079
"sem_only__idf_presence__jaccard__pam","domain_diagnostic","sem_only","idf_presence","jaccard","pam",5,8,0.194145916313244,0.219767126761376
"sem_only__idf_presence__jaccard__pam","domain_diagnostic","sem_only","idf_presence","jaccard","pam",6,8,0.210155012404136,0.169790720362523
"sem_only__idf_presence__jaccard__pam","domain_diagnostic","sem_only","idf_presence","jaccard","pam",7,8,0.219669464122356,0.10669311255576
"sem_only__idf_presence__jaccard__pam","domain_diagnostic","sem_only","idf_presence","jaccard","pam",8,8,0.215565481819082,0.0810841305560388
"sem_only__idf_presence__jaccard__average","domain_diagnostic","sem_only","idf_presence","jaccard","average",2,8,0.164382668335997,0.00399148870714579
"sem_only__idf_presence__jaccard__average","domain_diagnostic","sem_only","idf_presence","jaccard","average",3,8,0.140631021140505,0.00198316544016421
"sem_only__idf_presence__jaccard__average","domain_diagnostic","sem_only","idf_presence","jaccard","average",4,8,0.151738471811636,0.307753345622845
"sem_only__idf_presence__jaccard__average","domain_diagnostic","sem_only","idf_presence","jaccard","average",5,8,0.161567303420518,0.254104963043992
"sem_only__idf_presence__jaccard__average","domain_diagnostic","sem_only","idf_presence","jaccard","average",6,8,0.214983530701648,0.276758737642944
"sem_only__idf_presence__jaccard__average","domain_diagnostic","sem_only","idf_presence","jaccard","average",7,8,0.224902664382528,0.229148176221923
"sem_only__idf_presence__jaccard__average","domain_diagnostic","sem_only","idf_presence","jaccard","average",8,8,0.229954650793629,0.228697407811376
"synt_only__equal_features__sqrt_hamming__pam","domain_diagnostic","synt_only","equal_features","sqrt_hamming","pam",2,8,0.11167908098744,-0.00350316226258585
"synt_only__equal_features__sqrt_hamming__pam","domain_diagnostic","synt_only","equal_features","sqrt_hamming","pam",3,8,0.121063467238799,0.0131899771815302
"synt_only__equal_features__sqrt_hamming__pam","domain_diagnostic","synt_only","equal_features","sqrt_hamming","pam",4,8,0.141255327269116,0.229291711195293
"synt_only__equal_features__sqrt_hamming__pam","domain_diagnostic","synt_only","equal_features","sqrt_hamming","pam",5,8,0.150709289139361,0.228929627750352
"synt_only__equal_features__sqrt_hamming__pam","domain_diagnostic","synt_only","equal_features","sqrt_hamming","pam",6,8,0.188300177074799,0.228857938403687
"synt_only__equal_features__sqrt_hamming__pam","domain_diagnostic","synt_only","equal_features","sqrt_hamming","pam",7,8,0.210435873975411,0.183482465100137
"synt_only__equal_features__sqrt_hamming__pam","domain_diagnostic","synt_only","equal_features","sqrt_hamming","pam",8,8,0.238215164355351,0.153254873855547
"synt_only__equal_features__sqrt_hamming__average","domain_diagnostic","synt_only","equal_features","sqrt_hamming","average",2,8,0.221379337203328,0.0213883112025653
"synt_only__equal_features__sqrt_hamming__average","domain_diagnostic","synt_only","equal_features","sqrt_hamming","average",3,8,0.184301097338136,0.0720853165070847
"synt_only__equal_features__sqrt_hamming__average","domain_diagnostic","synt_only","equal_features","sqrt_hamming","average",4,8,0.133725463330568,0.0798011672630732
"synt_only__equal_features__sqrt_hamming__average","domain_diagnostic","synt_only","equal_features","sqrt_hamming","average",5,8,0.139333996891919,0.0471100251197289
"synt_only__equal_features__sqrt_hamming__average","domain_diagnostic","synt_only","equal_features","sqrt_hamming","average",6,8,0.172940505023639,0.0810702744082948
"synt_only__equal_features__sqrt_hamming__average","domain_diagnostic","synt_only","equal_features","sqrt_hamming","average",7,8,0.17422265331288,0.0751161177724046
"synt_only__equal_features__sqrt_hamming__average","domain_diagnostic","synt_only","equal_features","sqrt_hamming","average",8,8,0.165760423644453,0.0746877406722418
"synt_only__equal_features__hamming__pam","domain_diagnostic","synt_only","equal_features","hamming","pam",2,8,0.184963143072919,-0.0065529779206655
"synt_only__equal_features__hamming__pam","domain_diagnostic","synt_only","equal_features","hamming","pam",3,8,0.254010117361988,0.151141811627609
"synt_only__equal_features__hamming__pam","domain_diagnostic","synt_only","equal_features","hamming","pam",4,8,0.263883443078166,0.153198941304429
"synt_only__equal_features__hamming__pam","domain_diagnostic","synt_only","equal_features","hamming","pam",5,8,0.281706174400648,0.239950728055171
"synt_only__equal_features__hamming__pam","domain_diagnostic","synt_only","equal_features","hamming","pam",6,8,0.245332266468333,0.201989455329348
"synt_only__equal_features__hamming__pam","domain_diagnostic","synt_only","equal_features","hamming","pam",7,8,0.277329387070881,0.183482465100137
"synt_only__equal_features__hamming__pam","domain_diagnostic","synt_only","equal_features","hamming","pam",8,8,0.2847395924927,0.150687751226772
"synt_only__equal_features__hamming__average","domain_diagnostic","synt_only","equal_features","hamming","average",2,8,0.338378142500517,0.0213883112025653
"synt_only__equal_features__hamming__average","domain_diagnostic","synt_only","equal_features","hamming","average",3,8,0.274186919942725,0.0649621670302918
"synt_only__equal_features__hamming__average","domain_diagnostic","synt_only","equal_features","hamming","average",4,8,0.260753361990199,0.0352606284922573
"synt_only__equal_features__hamming__average","domain_diagnostic","synt_only","equal_features","hamming","average",5,8,0.204635587075713,0.045627026579994
"synt_only__equal_features__hamming__average","domain_diagnostic","synt_only","equal_features","hamming","average",6,8,0.207203503542534,0.0411684608189624
"synt_only__equal_features__hamming__average","domain_diagnostic","synt_only","equal_features","hamming","average",7,8,0.257839812056445,0.0751191859520964
"synt_only__equal_features__hamming__average","domain_diagnostic","synt_only","equal_features","hamming","average",8,8,0.24266596938819,0.0744781560171455
"synt_only__equal_features__jaccard__pam","domain_diagnostic","synt_only","equal_features","jaccard","pam",2,8,0.139192817906579,0.36596099998646
"synt_only__equal_features__jaccard__pam","domain_diagnostic","synt_only","equal_features","jaccard","pam",3,8,0.161814085582744,0.38229465118372
"synt_only__equal_features__jaccard__pam","domain_diagnostic","synt_only","equal_features","jaccard","pam",4,8,0.185886702979948,0.250820249616383
"synt_only__equal_features__jaccard__pam","domain_diagnostic","synt_only","equal_features","jaccard","pam",5,8,0.205379705974876,0.222039303425863
"synt_only__equal_features__jaccard__pam","domain_diagnostic","synt_only","equal_features","jaccard","pam",6,8,0.235895012123416,0.200963996489214
"synt_only__equal_features__jaccard__pam","domain_diagnostic","synt_only","equal_features","jaccard","pam",7,8,0.253070084399461,0.176257475896733
"synt_only__equal_features__jaccard__pam","domain_diagnostic","synt_only","equal_features","jaccard","pam",8,8,0.223723029725596,0.146975328476047
"synt_only__equal_features__jaccard__average","domain_diagnostic","synt_only","equal_features","jaccard","average",2,8,0.261500312064933,0.00178392512401945
"synt_only__equal_features__jaccard__average","domain_diagnostic","synt_only","equal_features","jaccard","average",3,8,0.15171765886159,-0.00199361843690182
"synt_only__equal_features__jaccard__average","domain_diagnostic","synt_only","equal_features","jaccard","average",4,8,0.166253994884649,0.233271939133213
"synt_only__equal_features__jaccard__average","domain_diagnostic","synt_only","equal_features","jaccard","average",5,8,0.168633685960275,0.231723295180111
"synt_only__equal_features__jaccard__average","domain_diagnostic","synt_only","equal_features","jaccard","average",6,8,0.212723767985002,0.324057887264581
"synt_only__equal_features__jaccard__average","domain_diagnostic","synt_only","equal_features","jaccard","average",7,8,0.247725223652134,0.234539125532962
"synt_only__equal_features__jaccard__average","domain_diagnostic","synt_only","equal_features","jaccard","average",8,8,0.232667178569694,0.233262719731687
"synt_only__idf_presence__jaccard__pam","domain_diagnostic","synt_only","idf_presence","jaccard","pam",2,8,0.100549398525444,0.095795836125624
"synt_only__idf_presence__jaccard__pam","domain_diagnostic","synt_only","idf_presence","jaccard","pam",3,8,0.137417683163002,0.302291155080737
"synt_only__idf_presence__jaccard__pam","domain_diagnostic","synt_only","idf_presence","jaccard","pam",4,8,0.168738983594643,0.282170151425627
"synt_only__idf_presence__jaccard__pam","domain_diagnostic","synt_only","idf_presence","jaccard","pam",5,8,0.213534943264329,0.184002819880661
"synt_only__idf_presence__jaccard__pam","domain_diagnostic","synt_only","idf_presence","jaccard","pam",6,8,0.224614717451153,0.139443676295481
"synt_only__idf_presence__jaccard__pam","domain_diagnostic","synt_only","idf_presence","jaccard","pam",7,8,0.253193459828859,0.125260116390333
"synt_only__idf_presence__jaccard__pam","domain_diagnostic","synt_only","idf_presence","jaccard","pam",8,8,0.277333505324696,0.121201377786039
"synt_only__idf_presence__jaccard__average","domain_diagnostic","synt_only","idf_presence","jaccard","average",2,8,0.141183200458869,0.298903401294165
"synt_only__idf_presence__jaccard__average","domain_diagnostic","synt_only","idf_presence","jaccard","average",3,8,0.160480129439204,0.407558298559367
"synt_only__idf_presence__jaccard__average","domain_diagnostic","synt_only","idf_presence","jaccard","average",4,8,0.187968821045978,0.294295592271298
"synt_only__idf_presence__jaccard__average","domain_diagnostic","synt_only","idf_presence","jaccard","average",5,8,0.225743660047194,0.233060092049834
"synt_only__idf_presence__jaccard__average","domain_diagnostic","synt_only","idf_presence","jaccard","average",6,8,0.23407030186766,0.169880315180823
"synt_only__idf_presence__jaccard__average","domain_diagnostic","synt_only","idf_presence","jaccard","average",7,8,0.255248985525879,0.16453770590582
"synt_only__idf_presence__jaccard__average","domain_diagnostic","synt_only","idf_presence","jaccard","average",8,8,0.244059585978734,0.162409211019062
"synt_without_four_labels__equal_features__sqrt_hamming__pam","domain_diagnostic","synt_without_four_labels","equal_features","sqrt_hamming","pam",2,8,0.112666082097776,0.00336946655423169
"synt_without_four_labels__equal_features__sqrt_hamming__pam","domain_diagnostic","synt_without_four_labels","equal_features","sqrt_hamming","pam",3,8,0.128695546603463,0.023871839988768
"synt_without_four_labels__equal_features__sqrt_hamming__pam","domain_diagnostic","synt_without_four_labels","equal_features","sqrt_hamming","pam",4,8,0.125822577100006,0.0735092041747879
"synt_without_four_labels__equal_features__sqrt_hamming__pam","domain_diagnostic","synt_without_four_labels","equal_features","sqrt_hamming","pam",5,8,0.157379995329895,0.0748905508175599
"synt_without_four_labels__equal_features__sqrt_hamming__pam","domain_diagnostic","synt_without_four_labels","equal_features","sqrt_hamming","pam",6,8,0.169789737141034,0.135830695481422
"synt_without_four_labels__equal_features__sqrt_hamming__pam","domain_diagnostic","synt_without_four_labels","equal_features","sqrt_hamming","pam",7,8,0.19892258288086,0.11603005537905
"synt_without_four_labels__equal_features__sqrt_hamming__pam","domain_diagnostic","synt_without_four_labels","equal_features","sqrt_hamming","pam",8,8,0.222705761432037,0.117947810082555
"synt_without_four_labels__equal_features__sqrt_hamming__average","domain_diagnostic","synt_without_four_labels","equal_features","sqrt_hamming","average",2,8,0.221982682584302,0.0213883112025653
"synt_without_four_labels__equal_features__sqrt_hamming__average","domain_diagnostic","synt_without_four_labels","equal_features","sqrt_hamming","average",3,8,0.147455812665661,0.0156950713675053
"synt_without_four_labels__equal_features__sqrt_hamming__average","domain_diagnostic","synt_without_four_labels","equal_features","sqrt_hamming","average",4,8,0.147821958778795,0.0694503326082674
"synt_without_four_labels__equal_features__sqrt_hamming__average","domain_diagnostic","synt_without_four_labels","equal_features","sqrt_hamming","average",5,8,0.149275929805018,0.0391075162707932
"synt_without_four_labels__equal_features__sqrt_hamming__average","domain_diagnostic","synt_without_four_labels","equal_features","sqrt_hamming","average",6,8,0.147782353658325,0.0331654247884596
"synt_without_four_labels__equal_features__sqrt_hamming__average","domain_diagnostic","synt_without_four_labels","equal_features","sqrt_hamming","average",7,8,0.168790933099103,0.0973544204738079
"synt_without_four_labels__equal_features__sqrt_hamming__average","domain_diagnostic","synt_without_four_labels","equal_features","sqrt_hamming","average",8,8,0.164176894336257,0.096716656858663
"synt_without_four_labels__equal_features__hamming__pam","domain_diagnostic","synt_without_four_labels","equal_features","hamming","pam",2,8,0.188126290888266,-0.0049444693514311
"synt_without_four_labels__equal_features__hamming__pam","domain_diagnostic","synt_without_four_labels","equal_features","hamming","pam",3,8,0.19321035921603,0.0240853674513145
"synt_without_four_labels__equal_features__hamming__pam","domain_diagnostic","synt_without_four_labels","equal_features","hamming","pam",4,8,0.241741499183476,0.0589452543059578
"synt_without_four_labels__equal_features__hamming__pam","domain_diagnostic","synt_without_four_labels","equal_features","hamming","pam",5,8,0.241453942470004,0.0898118285195111
"synt_without_four_labels__equal_features__hamming__pam","domain_diagnostic","synt_without_four_labels","equal_features","hamming","pam",6,8,0.238978406057131,0.132612659514608
"synt_without_four_labels__equal_features__hamming__pam","domain_diagnostic","synt_without_four_labels","equal_features","hamming","pam",7,8,0.26831840135049,0.119647328879128
"synt_without_four_labels__equal_features__hamming__pam","domain_diagnostic","synt_without_four_labels","equal_features","hamming","pam",8,8,0.291061949671752,0.120065273243324
"synt_without_four_labels__equal_features__hamming__average","domain_diagnostic","synt_without_four_labels","equal_features","hamming","average",2,8,0.339861915702442,0.0213883112025653
"synt_without_four_labels__equal_features__hamming__average","domain_diagnostic","synt_without_four_labels","equal_features","hamming","average",3,8,0.212262046538109,0.0156950713675053
"synt_without_four_labels__equal_features__hamming__average","domain_diagnostic","synt_without_four_labels","equal_features","hamming","average",4,8,0.214331085969727,0.0769993655345958
"synt_without_four_labels__equal_features__hamming__average","domain_diagnostic","synt_without_four_labels","equal_features","hamming","average",5,8,0.203660726276501,0.0629953662932816
"synt_without_four_labels__equal_features__hamming__average","domain_diagnostic","synt_without_four_labels","equal_features","hamming","average",6,8,0.213202093379132,0.0407131237264301
"synt_without_four_labels__equal_features__hamming__average","domain_diagnostic","synt_without_four_labels","equal_features","hamming","average",7,8,0.244324984000842,0.0998905166781386
"synt_without_four_labels__equal_features__hamming__average","domain_diagnostic","synt_without_four_labels","equal_features","hamming","average",8,8,0.235429754488732,0.0943631446116607
"synt_without_four_labels__equal_features__jaccard__pam","domain_diagnostic","synt_without_four_labels","equal_features","jaccard","pam",2,8,0.109812793120999,-0.00203525294819824
"synt_without_four_labels__equal_features__jaccard__pam","domain_diagnostic","synt_without_four_labels","equal_features","jaccard","pam",3,8,0.134670824732911,0.202533636645248
"synt_without_four_labels__equal_features__jaccard__pam","domain_diagnostic","synt_without_four_labels","equal_features","jaccard","pam",4,8,0.164136023291535,0.172716700061772
"synt_without_four_labels__equal_features__jaccard__pam","domain_diagnostic","synt_without_four_labels","equal_features","jaccard","pam",5,8,0.182811820643042,0.134391388651181
"synt_without_four_labels__equal_features__jaccard__pam","domain_diagnostic","synt_without_four_labels","equal_features","jaccard","pam",6,8,0.216943686026408,0.120386708083702
"synt_without_four_labels__equal_features__jaccard__pam","domain_diagnostic","synt_without_four_labels","equal_features","jaccard","pam",7,8,0.232899749762413,0.104933592014457
"synt_without_four_labels__equal_features__jaccard__pam","domain_diagnostic","synt_without_four_labels","equal_features","jaccard","pam",8,8,0.248285025058052,0.0861458958327998
"synt_without_four_labels__equal_features__jaccard__average","domain_diagnostic","synt_without_four_labels","equal_features","jaccard","average",2,8,0.27126249725974,0.00178392512401945
"synt_without_four_labels__equal_features__jaccard__average","domain_diagnostic","synt_without_four_labels","equal_features","jaccard","average",3,8,0.146987242375057,-0.00141410423265248
"synt_without_four_labels__equal_features__jaccard__average","domain_diagnostic","synt_without_four_labels","equal_features","jaccard","average",4,8,0.124429296998365,-0.000685859509868588
"synt_without_four_labels__equal_features__jaccard__average","domain_diagnostic","synt_without_four_labels","equal_features","jaccard","average",5,8,0.162596570795765,0.0544798588441239
"synt_without_four_labels__equal_features__jaccard__average","domain_diagnostic","synt_without_four_labels","equal_features","jaccard","average",6,8,0.202240842640297,0.145855148399789
"synt_without_four_labels__equal_features__jaccard__average","domain_diagnostic","synt_without_four_labels","equal_features","jaccard","average",7,8,0.242827662039653,0.200526492055665
"synt_without_four_labels__equal_features__jaccard__average","domain_diagnostic","synt_without_four_labels","equal_features","jaccard","average",8,8,0.233889181436917,0.190312550553431
"synt_without_four_labels__idf_presence__jaccard__pam","domain_diagnostic","synt_without_four_labels","idf_presence","jaccard","pam",2,8,0.10411644535754,0.095795836125624
"synt_without_four_labels__idf_presence__jaccard__pam","domain_diagnostic","synt_without_four_labels","idf_presence","jaccard","pam",3,8,0.122145507353362,0.167632526542905
"synt_without_four_labels__idf_presence__jaccard__pam","domain_diagnostic","synt_without_four_labels","idf_presence","jaccard","pam",4,8,0.150543445517132,0.154400882041002
"synt_without_four_labels__idf_presence__jaccard__pam","domain_diagnostic","synt_without_four_labels","idf_presence","jaccard","pam",5,8,0.181834168779352,0.144479768428383
"synt_without_four_labels__idf_presence__jaccard__pam","domain_diagnostic","synt_without_four_labels","idf_presence","jaccard","pam",6,8,0.230842942505828,0.132420354900216
"synt_without_four_labels__idf_presence__jaccard__pam","domain_diagnostic","synt_without_four_labels","idf_presence","jaccard","pam",7,8,0.259605105296145,0.125142452095679
"synt_without_four_labels__idf_presence__jaccard__pam","domain_diagnostic","synt_without_four_labels","idf_presence","jaccard","pam",8,8,0.287768452868228,0.122041299428239
"synt_without_four_labels__idf_presence__jaccard__average","domain_diagnostic","synt_without_four_labels","idf_presence","jaccard","average",2,8,0.137065545612397,0.26770866968778
"synt_without_four_labels__idf_presence__jaccard__average","domain_diagnostic","synt_without_four_labels","idf_presence","jaccard","average",3,8,0.137393011147438,0.207952833848742
"synt_without_four_labels__idf_presence__jaccard__average","domain_diagnostic","synt_without_four_labels","idf_presence","jaccard","average",4,8,0.169372563557106,0.15638682688674
"synt_without_four_labels__idf_presence__jaccard__average","domain_diagnostic","synt_without_four_labels","idf_presence","jaccard","average",5,8,0.202080566930849,0.21288320633944
"synt_without_four_labels__idf_presence__jaccard__average","domain_diagnostic","synt_without_four_labels","idf_presence","jaccard","average",6,8,0.226703348311343,0.208220596507842
"synt_without_four_labels__idf_presence__jaccard__average","domain_diagnostic","synt_without_four_labels","idf_presence","jaccard","average",7,8,0.269747453239255,0.154593848515398
"synt_without_four_labels__idf_presence__jaccard__average","domain_diagnostic","synt_without_four_labels","idf_presence","jaccard","average",8,8,0.259661212291124,0.152888230854062
