comparison,before_spec,after_spec,method_before,method_after,matched_before,matched_after,change_in_matched,ari_before,ari_after,change_in_ari,between_partition_ari,minimum_changed_forms
full_to_no_components,full__equal_features__sqrt_hamming__pam,no_components__equal_features__sqrt_hamming__pam,pam,pam,129,111,-18,0.754373152541918,0.366128962429392,-0.3882441901125259,0.5426152171283416,18
full_to_no_components,full__equal_features__sqrt_hamming__average,no_components__equal_features__sqrt_hamming__average,average,average,136,129,-7,0.942452203083014,0.754356879442656,-0.18809532364035808,0.8059879535910096,7
full_to_no_components,full__equal_features__sqrt_hamming__energy,no_components__equal_features__sqrt_hamming__energy,energy,energy,125,131,6,0.656232090438534,0.805989846809123,0.14975775637058897,0.8324195182240441,6
full_to_no_components,full__equal_features__hamming__pam,no_components__equal_features__hamming__pam,pam,pam,129,115,-14,0.754373152541918,0.440477562729972,-0.31389558981194593,0.6325634957483213,14
full_to_no_components,full__equal_features__hamming__average,no_components__equal_features__hamming__average,average,average,136,129,-7,0.942452203083014,0.754356879442656,-0.18809532364035808,0.8059879535910096,7
full_to_no_components,full__equal_features__jaccard__pam,no_components__equal_features__jaccard__pam,pam,pam,125,125,0,0.656184262785802,0.656186540594849,2.277809047046553e-06,0.7799556183218654,8
full_to_no_components,full__equal_features__jaccard__average,no_components__equal_features__jaccard__average,average,average,75,75,0,0.00399148870714579,0.00399148870714579,0.0,1.0,0
full_to_no_components,full__equal_domains__sqrt_hamming__pam,no_components__equal_domains__sqrt_hamming__pam,pam,pam,107,113,6,0.2985552169859,0.402507280234578,0.103952063248678,0.6287198361032271,14
full_to_no_components,full__equal_domains__sqrt_hamming__average,no_components__equal_domains__sqrt_hamming__average,average,average,104,109,5,0.252413533231221,0.331544480220811,0.07913094698959,0.7486125907173367,9
full_to_no_components,full__equal_domains__sqrt_hamming__energy,no_components__equal_domains__sqrt_hamming__energy,energy,energy,103,117,14,0.237788234678377,0.480274562291262,0.24248632761288497,0.6293032954637248,14
full_to_no_components,full__equal_domains__hamming__pam,no_components__equal_domains__hamming__pam,pam,pam,107,117,10,0.2985552169859,0.480274562291262,0.181719345305362,0.7273523717502677,10
full_to_no_components,full__equal_domains__hamming__average,no_components__equal_domains__hamming__average,average,average,104,115,11,0.252413533231221,0.440540561404208,0.188127028172987,0.6046467377241367,15
full_to_no_components,full__equal_domains__jaccard__pam,no_components__equal_domains__jaccard__pam,pam,pam,117,123,6,0.480202261250161,0.609652418061975,0.129450156811814,0.7799516781484633,8
full_to_no_components,full__equal_domains__jaccard__average,no_components__equal_domains__jaccard__average,average,average,73,123,50,-0.000224420335363643,0.609644659905124,0.6098690802404876,-0.003494217705918866,66
full_to_no_components,full__unique_profiles__sqrt_hamming__pam,no_components__unique_profiles__sqrt_hamming__pam,pam,pam,129,111,-18,0.754373152541918,0.366128962429392,-0.3882441901125259,0.5426152171283416,18
full_to_no_components,full__unique_profiles__sqrt_hamming__average,no_components__unique_profiles__sqrt_hamming__average,average,average,136,129,-7,0.942452203083014,0.754356879442656,-0.18809532364035808,0.8059879535910096,7
full_to_no_components,full__unique_profiles__sqrt_hamming__energy,no_components__unique_profiles__sqrt_hamming__energy,energy,energy,125,131,6,0.656232090438534,0.805989846809123,0.14975775637058897,0.8324195182240441,6
full_to_no_components,full__unique_profiles__hamming__pam,no_components__unique_profiles__hamming__pam,pam,pam,129,115,-14,0.754373152541918,0.440477562729972,-0.31389558981194593,0.6325634957483213,14
full_to_no_components,full__unique_profiles__hamming__average,no_components__unique_profiles__hamming__average,average,average,136,129,-7,0.942452203083014,0.754356879442656,-0.18809532364035808,0.8059879535910096,7
full_to_no_components,full__unique_profiles__jaccard__pam,no_components__unique_profiles__jaccard__pam,pam,pam,125,125,0,0.656184262785802,0.656186540594849,2.277809047046553e-06,0.7799556183218654,8
full_to_no_components,full__unique_profiles__jaccard__average,no_components__unique_profiles__jaccard__average,average,average,75,75,0,0.00399148870714579,0.00399148870714579,0.0,1.0,0
full_to_no_components,full__idf_presence__jaccard__pam,no_components__idf_presence__jaccard__pam,pam,pam,120,123,3,0.543002789188638,0.60963690143988,0.06663411225124205,0.8059879535910096,7
full_to_no_components,full__idf_presence__jaccard__average,no_components__idf_presence__jaccard__average,average,average,75,75,0,0.00399148870714579,0.00399148870714579,0.0,1.0,0
full_to_no_four_labels,full__equal_features__sqrt_hamming__pam,no_four_labels__equal_features__sqrt_hamming__pam,pam,pam,129,120,-9,0.754373152541918,0.543086032429433,-0.21128712011248496,0.7042961212413935,11
full_to_no_four_labels,full__equal_features__sqrt_hamming__average,no_four_labels__equal_features__sqrt_hamming__average,average,average,136,108,-28,0.942452203083014,0.314710753742723,-0.6277414493402911,0.3483390268985706,28
full_to_no_four_labels,full__equal_features__sqrt_hamming__energy,no_four_labels__equal_features__sqrt_hamming__energy,energy,energy,125,124,-1,0.656232090438534,0.632758308161156,-0.023473782277378064,0.970986281727947,1
full_to_no_four_labels,full__equal_features__hamming__pam,no_four_labels__equal_features__hamming__pam,pam,pam,129,123,-6,0.754373152541918,0.60970930179085,-0.1446638507510679,0.7798767486049851,8
full_to_no_four_labels,full__equal_features__hamming__average,no_four_labels__equal_features__hamming__average,average,average,136,129,-7,0.942452203083014,0.754356879442656,-0.18809532364035808,0.8059879535910096,7
full_to_no_four_labels,full__equal_features__jaccard__pam,no_four_labels__equal_features__jaccard__pam,pam,pam,125,123,-2,0.656184262785802,0.60963690143988,-0.04654736134592197,0.9424492405101823,2
full_to_no_four_labels,full__equal_features__jaccard__average,no_four_labels__equal_features__jaccard__average,average,average,75,75,0,0.00399148870714579,0.00399148870714579,0.0,1.0,0
full_to_no_four_labels,full__equal_domains__sqrt_hamming__pam,no_four_labels__equal_domains__sqrt_hamming__pam,pam,pam,107,107,0,0.2985552169859,0.2985552169859,0.0,1.0,0
full_to_no_four_labels,full__equal_domains__sqrt_hamming__average,no_four_labels__equal_domains__sqrt_hamming__average,average,average,104,104,0,0.252413533231221,0.252413533231221,0.0,1.0,0
full_to_no_four_labels,full__equal_domains__sqrt_hamming__energy,no_four_labels__equal_domains__sqrt_hamming__energy,energy,energy,103,103,0,0.237788234678377,0.237788234678377,0.0,1.0,0
full_to_no_four_labels,full__equal_domains__hamming__pam,no_four_labels__equal_domains__hamming__pam,pam,pam,107,107,0,0.2985552169859,0.2985552169859,0.0,1.0,0
full_to_no_four_labels,full__equal_domains__hamming__average,no_four_labels__equal_domains__hamming__average,average,average,104,102,-2,0.252413533231221,0.223739862067041,-0.028673671164180015,0.9401580476824188,2
full_to_no_four_labels,full__equal_domains__jaccard__pam,no_four_labels__equal_domains__jaccard__pam,pam,pam,117,117,0,0.480202261250161,0.480202261250161,0.0,1.0,0
full_to_no_four_labels,full__equal_domains__jaccard__average,no_four_labels__equal_domains__jaccard__average,average,average,73,73,0,-0.000224420335363643,-0.000224420335363643,0.0,1.0,0
full_to_no_four_labels,full__unique_profiles__sqrt_hamming__pam,no_four_labels__unique_profiles__sqrt_hamming__pam,pam,pam,129,120,-9,0.754373152541918,0.543086032429433,-0.21128712011248496,0.7042961212413935,11
full_to_no_four_labels,full__unique_profiles__sqrt_hamming__average,no_four_labels__unique_profiles__sqrt_hamming__average,average,average,136,108,-28,0.942452203083014,0.314710753742723,-0.6277414493402911,0.3483390268985706,28
full_to_no_four_labels,full__unique_profiles__sqrt_hamming__energy,no_four_labels__unique_profiles__sqrt_hamming__energy,energy,energy,125,124,-1,0.656232090438534,0.632758308161156,-0.023473782277378064,0.970986281727947,1
full_to_no_four_labels,full__unique_profiles__hamming__pam,no_four_labels__unique_profiles__hamming__pam,pam,pam,129,123,-6,0.754373152541918,0.60970930179085,-0.1446638507510679,0.7798767486049851,8
full_to_no_four_labels,full__unique_profiles__hamming__average,no_four_labels__unique_profiles__hamming__average,average,average,136,108,-28,0.942452203083014,0.314710753742723,-0.6277414493402911,0.3483390268985706,28
full_to_no_four_labels,full__unique_profiles__jaccard__pam,no_four_labels__unique_profiles__jaccard__pam,pam,pam,125,123,-2,0.656184262785802,0.60963690143988,-0.04654736134592197,0.9424492405101823,2
full_to_no_four_labels,full__unique_profiles__jaccard__average,no_four_labels__unique_profiles__jaccard__average,average,average,75,75,0,0.00399148870714579,0.00399148870714579,0.0,1.0,0
full_to_no_four_labels,full__idf_presence__jaccard__pam,no_four_labels__idf_presence__jaccard__pam,pam,pam,120,122,2,0.543002789188638,0.587003087809643,0.044000298621005074,0.9424522030830136,2
full_to_no_four_labels,full__idf_presence__jaccard__average,no_four_labels__idf_presence__jaccard__average,average,average,75,75,0,0.00399148870714579,0.00399148870714579,0.0,1.0,0
no_components_to_no_components_or_four_labels,no_components__equal_features__sqrt_hamming__pam,no_components_or_four_labels__equal_features__sqrt_hamming__pam,pam,pam,111,109,-2,0.366128962429392,0.331491360187137,-0.03463760224225504,0.9419296124069665,2
no_components_to_no_components_or_four_labels,no_components__equal_features__sqrt_hamming__average,no_components_or_four_labels__equal_features__sqrt_hamming__average,average,average,129,129,0,0.754356879442656,0.754356879442656,0.0,1.0,0
no_components_to_no_components_or_four_labels,no_components__equal_features__sqrt_hamming__energy,no_components_or_four_labels__equal_features__sqrt_hamming__energy,energy,energy,131,124,-7,0.805989846809123,0.632758308161156,-0.17323153864796703,0.8059671778714506,7
no_components_to_no_components_or_four_labels,no_components__equal_features__hamming__pam,no_components_or_four_labels__equal_features__hamming__pam,pam,pam,115,109,-6,0.440477562729972,0.331491360187137,-0.10898620254283503,0.7790322580645161,8
no_components_to_no_components_or_four_labels,no_components__equal_features__hamming__average,no_components_or_four_labels__equal_features__hamming__average,average,average,129,129,0,0.754356879442656,0.754356879442656,0.0,1.0,0
no_components_to_no_components_or_four_labels,no_components__equal_features__jaccard__pam,no_components_or_four_labels__equal_features__jaccard__pam,pam,pam,125,122,-3,0.656186540594849,0.586997615488207,-0.0691889251066421,0.9143095420112586,3
no_components_to_no_components_or_four_labels,no_components__equal_features__jaccard__average,no_components_or_four_labels__equal_features__jaccard__average,average,average,75,75,0,0.00399148870714579,0.00399148870714579,0.0,1.0,0
no_components_to_no_components_or_four_labels,no_components__equal_domains__sqrt_hamming__pam,no_components_or_four_labels__equal_domains__sqrt_hamming__pam,pam,pam,113,117,4,0.402507280234578,0.480274562291262,0.07776728205668398,0.8860692412261222,4
no_components_to_no_components_or_four_labels,no_components__equal_domains__sqrt_hamming__average,no_components_or_four_labels__equal_domains__sqrt_hamming__average,average,average,109,109,0,0.331544480220811,0.331544480220811,0.0,1.0,0
no_components_to_no_components_or_four_labels,no_components__equal_domains__sqrt_hamming__energy,no_components_or_four_labels__equal_domains__sqrt_hamming__energy,energy,energy,117,117,0,0.480274562291262,0.480274562291262,0.0,1.0,0
no_components_to_no_components_or_four_labels,no_components__equal_domains__hamming__pam,no_components_or_four_labels__equal_domains__hamming__pam,pam,pam,117,117,0,0.480274562291262,0.480274562291262,0.0,1.0,0
no_components_to_no_components_or_four_labels,no_components__equal_domains__hamming__average,no_components_or_four_labels__equal_domains__hamming__average,average,average,115,109,-6,0.440540561404208,0.331544480220811,-0.10899608118339699,0.830975422228668,6
no_components_to_no_components_or_four_labels,no_components__equal_domains__jaccard__pam,no_components_or_four_labels__equal_domains__jaccard__pam,pam,pam,123,122,-1,0.609652418061975,0.587009928007509,-0.022642490054466058,0.9710144645333467,1
no_components_to_no_components_or_four_labels,no_components__equal_domains__jaccard__average,no_components_or_four_labels__equal_domains__jaccard__average,average,average,123,123,0,0.609644659905124,0.609644659905124,0.0,1.0,0
no_components_to_no_components_or_four_labels,no_components__unique_profiles__sqrt_hamming__pam,no_components_or_four_labels__unique_profiles__sqrt_hamming__pam,pam,pam,111,109,-2,0.366128962429392,0.331491360187137,-0.03463760224225504,0.9419296124069665,2
no_components_to_no_components_or_four_labels,no_components__unique_profiles__sqrt_hamming__average,no_components_or_four_labels__unique_profiles__sqrt_hamming__average,average,average,129,129,0,0.754356879442656,0.754356879442656,0.0,1.0,0
no_components_to_no_components_or_four_labels,no_components__unique_profiles__sqrt_hamming__energy,no_components_or_four_labels__unique_profiles__sqrt_hamming__energy,energy,energy,131,124,-7,0.805989846809123,0.632758308161156,-0.17323153864796703,0.8059671778714506,7
no_components_to_no_components_or_four_labels,no_components__unique_profiles__hamming__pam,no_components_or_four_labels__unique_profiles__hamming__pam,pam,pam,115,109,-6,0.440477562729972,0.331491360187137,-0.10898620254283503,0.7790322580645161,8
no_components_to_no_components_or_four_labels,no_components__unique_profiles__hamming__average,no_components_or_four_labels__unique_profiles__hamming__average,average,average,129,129,0,0.754356879442656,0.754356879442656,0.0,1.0,0
no_components_to_no_components_or_four_labels,no_components__unique_profiles__jaccard__pam,no_components_or_four_labels__unique_profiles__jaccard__pam,pam,pam,125,122,-3,0.656186540594849,0.586997615488207,-0.0691889251066421,0.9143095420112586,3
no_components_to_no_components_or_four_labels,no_components__unique_profiles__jaccard__average,no_components_or_four_labels__unique_profiles__jaccard__average,average,average,75,75,0,0.00399148870714579,0.00399148870714579,0.0,1.0,0
no_components_to_no_components_or_four_labels,no_components__idf_presence__jaccard__pam,no_components_or_four_labels__idf_presence__jaccard__pam,pam,pam,123,120,-3,0.60963690143988,0.542990678554031,-0.06664622288584898,0.9143089973062765,3
no_components_to_no_components_or_four_labels,no_components__idf_presence__jaccard__average,no_components_or_four_labels__idf_presence__jaccard__average,average,average,75,75,0,0.00399148870714579,0.00399148870714579,0.0,1.0,0
full_to_no_morph,full__equal_features__sqrt_hamming__pam,no_morph__equal_features__sqrt_hamming__pam,pam,pam,129,96,-33,0.754373152541918,0.147466626058864,-0.606906526483054,0.2657539186199942,33
full_to_no_morph,full__equal_features__sqrt_hamming__average,no_morph__equal_features__sqrt_hamming__average,average,average,136,129,-7,0.942452203083014,0.754356879442656,-0.18809532364035808,0.8059879535910096,7
full_to_no_morph,full__equal_features__sqrt_hamming__energy,no_morph__equal_features__sqrt_hamming__energy,energy,energy,125,126,1,0.656232090438534,0.680109369827184,0.02387727938864992,0.48007268320330726,21
full_to_no_morph,full__equal_features__hamming__pam,no_morph__equal_features__hamming__pam,pam,pam,129,111,-18,0.754373152541918,0.36596099998646,-0.38841215255545797,0.42103190486295977,24
full_to_no_morph,full__equal_features__hamming__average,no_morph__equal_features__hamming__average,average,average,136,128,-8,0.942452203083014,0.729178764254562,-0.21327343882845207,0.7799645422928906,8
full_to_no_morph,full__equal_features__jaccard__pam,no_morph__equal_features__jaccard__pam,pam,pam,125,121,-4,0.656184262785802,0.564790821368477,-0.09139344141732497,0.8324317607335961,6
full_to_no_morph,full__equal_features__jaccard__average,no_morph__equal_features__jaccard__average,average,average,75,74,-1,0.00399148870714579,0.00178392512401945,-0.0022075635831263402,0.6584528670014802,1
full_to_no_morph,full__equal_domains__sqrt_hamming__pam,no_morph__equal_domains__sqrt_hamming__pam,pam,pam,107,103,-4,0.2985552169859,0.237788234678377,-0.060766982307522976,0.8841266684608237,4
full_to_no_morph,full__equal_domains__sqrt_hamming__average,no_morph__equal_domains__sqrt_hamming__average,average,average,104,104,0,0.252413533231221,0.252413533231221,0.0,1.0,0
full_to_no_morph,full__equal_domains__sqrt_hamming__energy,no_morph__equal_domains__sqrt_hamming__energy,energy,energy,103,103,0,0.237788234678377,0.237788234678377,0.0,1.0,0
full_to_no_morph,full__equal_domains__hamming__pam,no_morph__equal_domains__hamming__pam,pam,pam,107,103,-4,0.2985552169859,0.237788234678377,-0.060766982307522976,0.8841266684608237,4
full_to_no_morph,full__equal_domains__hamming__average,no_morph__equal_domains__hamming__average,average,average,104,104,0,0.252413533231221,0.252413533231221,0.0,1.0,0
full_to_no_morph,full__equal_domains__jaccard__pam,no_morph__equal_domains__jaccard__pam,pam,pam,117,116,-1,0.480202261250161,0.460094873043811,-0.020107388206349996,0.9710071396760739,1
full_to_no_morph,full__equal_domains__jaccard__average,no_morph__equal_domains__jaccard__average,average,average,73,70,-3,-0.000224420335363643,-0.00412286766922999,-0.0038984473338663467,-0.022554069765415456,11
full_to_no_morph,full__unique_profiles__sqrt_hamming__pam,no_morph__equal_features__sqrt_hamming__pam,pam,pam,129,96,-33,0.754373152541918,0.147466626058864,-0.606906526483054,0.2657539186199942,33
full_to_no_morph,full__unique_profiles__sqrt_hamming__average,no_morph__equal_features__sqrt_hamming__average,average,average,136,129,-7,0.942452203083014,0.754356879442656,-0.18809532364035808,0.8059879535910096,7
full_to_no_morph,full__unique_profiles__sqrt_hamming__energy,no_morph__equal_features__sqrt_hamming__energy,energy,energy,125,126,1,0.656232090438534,0.680109369827184,0.02387727938864992,0.48007268320330726,21
full_to_no_morph,full__unique_profiles__hamming__pam,no_morph__equal_features__hamming__pam,pam,pam,129,111,-18,0.754373152541918,0.36596099998646,-0.38841215255545797,0.42103190486295977,24
full_to_no_morph,full__unique_profiles__hamming__average,no_morph__equal_features__hamming__average,average,average,136,128,-8,0.942452203083014,0.729178764254562,-0.21327343882845207,0.7799645422928906,8
full_to_no_morph,full__unique_profiles__jaccard__pam,no_morph__equal_features__jaccard__pam,pam,pam,125,121,-4,0.656184262785802,0.564790821368477,-0.09139344141732497,0.8324317607335961,6
full_to_no_morph,full__unique_profiles__jaccard__average,no_morph__equal_features__jaccard__average,average,average,75,74,-1,0.00399148870714579,0.00178392512401945,-0.0022075635831263402,0.6584528670014802,1
full_to_no_morph,full__idf_presence__jaccard__pam,no_morph__idf_presence__jaccard__pam,pam,pam,120,118,-2,0.543002789188638,0.500699810047722,-0.042302979140915964,0.8865966229356648,4
full_to_no_morph,full__idf_presence__jaccard__average,no_morph__idf_presence__jaccard__average,average,average,75,75,0,0.00399148870714579,0.00399148870714579,0.0,1.0,0
full_to_no_phon,full__equal_features__sqrt_hamming__pam,no_phon__equal_features__sqrt_hamming__pam,pam,pam,129,129,0,0.754373152541918,0.754373152541918,0.0,1.0,0
full_to_no_phon,full__equal_features__sqrt_hamming__average,no_phon__equal_features__sqrt_hamming__average,average,average,136,136,0,0.942452203083014,0.942452203083014,0.0,1.0,0
full_to_no_phon,full__equal_features__sqrt_hamming__energy,no_phon__equal_features__sqrt_hamming__energy,energy,energy,125,124,-1,0.656232090438534,0.632742495376833,-0.023489595061701007,0.9709953711464658,1
full_to_no_phon,full__equal_features__hamming__pam,no_phon__equal_features__hamming__pam,pam,pam,129,129,0,0.754373152541918,0.754373152541918,0.0,1.0,0
full_to_no_phon,full__equal_features__hamming__average,no_phon__equal_features__hamming__average,average,average,136,136,0,0.942452203083014,0.942452203083014,0.0,1.0,0
full_to_no_phon,full__equal_features__jaccard__pam,no_phon__equal_features__jaccard__pam,pam,pam,125,127,2,0.656184262785802,0.704424255453394,0.048239992667592047,0.9424492405101823,2
full_to_no_phon,full__equal_features__jaccard__average,no_phon__equal_features__jaccard__average,average,average,75,75,0,0.00399148870714579,0.00399148870714579,0.0,1.0,0
full_to_no_phon,full__equal_domains__sqrt_hamming__pam,no_phon__equal_domains__sqrt_hamming__pam,pam,pam,107,114,7,0.2985552169859,0.421167544141014,0.122612327155114,0.29699506856705804,31
full_to_no_phon,full__equal_domains__sqrt_hamming__average,no_phon__equal_domains__sqrt_hamming__average,average,average,104,129,25,0.252413533231221,0.754356879442656,0.5019433462114349,0.2991218593275682,31
full_to_no_phon,full__equal_domains__sqrt_hamming__energy,no_phon__equal_domains__sqrt_hamming__energy,energy,energy,103,130,27,0.237788234678377,0.77996430590564,0.542176071227263,0.26685969583804353,33
full_to_no_phon,full__equal_domains__hamming__pam,no_phon__equal_domains__hamming__pam,pam,pam,107,114,7,0.2985552169859,0.421167544141014,0.122612327155114,0.29699506856705804,31
full_to_no_phon,full__equal_domains__hamming__average,no_phon__equal_domains__hamming__average,average,average,104,129,25,0.252413533231221,0.754356879442656,0.5019433462114349,0.2991218593275682,31
full_to_no_phon,full__equal_domains__jaccard__pam,no_phon__equal_domains__jaccard__pam,pam,pam,117,126,9,0.480202261250161,0.680093474987822,0.199891213737661,0.5216898306163107,19
full_to_no_phon,full__equal_domains__jaccard__average,no_phon__equal_domains__jaccard__average,average,average,73,75,2,-0.000224420335363643,0.00399148870714579,0.004215909042509433,0.48518679882365623,2
full_to_no_phon,full__unique_profiles__sqrt_hamming__pam,no_phon__unique_profiles__sqrt_hamming__pam,pam,pam,129,129,0,0.754373152541918,0.754373152541918,0.0,1.0,0
full_to_no_phon,full__unique_profiles__sqrt_hamming__average,no_phon__unique_profiles__sqrt_hamming__average,average,average,136,136,0,0.942452203083014,0.942452203083014,0.0,1.0,0
full_to_no_phon,full__unique_profiles__sqrt_hamming__energy,no_phon__unique_profiles__sqrt_hamming__energy,energy,energy,125,124,-1,0.656232090438534,0.632742495376833,-0.023489595061701007,0.9709953711464658,1
full_to_no_phon,full__unique_profiles__hamming__pam,no_phon__unique_profiles__hamming__pam,pam,pam,129,129,0,0.754373152541918,0.754373152541918,0.0,1.0,0
full_to_no_phon,full__unique_profiles__hamming__average,no_phon__unique_profiles__hamming__average,average,average,136,136,0,0.942452203083014,0.942452203083014,0.0,1.0,0
full_to_no_phon,full__unique_profiles__jaccard__pam,no_phon__unique_profiles__jaccard__pam,pam,pam,125,127,2,0.656184262785802,0.704424255453394,0.048239992667592047,0.9424492405101823,2
full_to_no_phon,full__unique_profiles__jaccard__average,no_phon__unique_profiles__jaccard__average,average,average,75,75,0,0.00399148870714579,0.00399148870714579,0.0,1.0,0
full_to_no_phon,full__idf_presence__jaccard__pam,no_phon__idf_presence__jaccard__pam,pam,pam,120,122,2,0.543002789188638,0.587003087809643,0.044000298621005074,0.9424522030830136,2
full_to_no_phon,full__idf_presence__jaccard__average,no_phon__idf_presence__jaccard__average,average,average,75,75,0,0.00399148870714579,0.00399148870714579,0.0,1.0,0
full_to_no_sem,full__equal_features__sqrt_hamming__pam,no_sem__equal_features__sqrt_hamming__pam,pam,pam,129,111,-18,0.754373152541918,0.36608698016197,-0.38828617237994795,0.4596983957621675,22
full_to_no_sem,full__equal_features__sqrt_hamming__average,no_sem__equal_features__sqrt_hamming__average,average,average,136,90,-46,0.942452203083014,0.0880205213337796,-0.8544316817492345,0.10446235231890981,46
full_to_no_sem,full__equal_features__sqrt_hamming__energy,no_sem__equal_features__sqrt_hamming__energy,energy,energy,125,124,-1,0.656232090438534,0.632758308161156,-0.023473782277378064,0.970986281727947,1
full_to_no_sem,full__equal_features__hamming__pam,no_sem__equal_features__hamming__pam,pam,pam,129,111,-18,0.754373152541918,0.36608698016197,-0.38828617237994795,0.4596983957621675,22
full_to_no_sem,full__equal_features__hamming__average,no_sem__equal_features__hamming__average,average,average,136,90,-46,0.942452203083014,0.0880205213337796,-0.8544316817492345,0.10446235231890981,46
full_to_no_sem,full__equal_features__jaccard__pam,no_sem__equal_features__jaccard__pam,pam,pam,125,119,-6,0.656184262785802,0.52166760793106,-0.13451665485474196,0.6801430444843283,12
full_to_no_sem,full__equal_features__jaccard__average,no_sem__equal_features__jaccard__average,average,average,75,74,-1,0.00399148870714579,0.00178392512401945,-0.0022075635831263402,0.6584528670014802,1
full_to_no_sem,full__equal_domains__sqrt_hamming__pam,no_sem__equal_domains__sqrt_hamming__pam,pam,pam,107,103,-4,0.2985552169859,0.237788234678377,-0.060766982307522976,0.8841266684608237,4
full_to_no_sem,full__equal_domains__sqrt_hamming__average,no_sem__equal_domains__sqrt_hamming__average,average,average,104,104,0,0.252413533231221,0.252413533231221,0.0,1.0,0
full_to_no_sem,full__equal_domains__sqrt_hamming__energy,no_sem__equal_domains__sqrt_hamming__energy,energy,energy,103,103,0,0.237788234678377,0.237788234678377,0.0,1.0,0
full_to_no_sem,full__equal_domains__hamming__pam,no_sem__equal_domains__hamming__pam,pam,pam,107,103,-4,0.2985552169859,0.237788234678377,-0.060766982307522976,0.8841266684608237,4
full_to_no_sem,full__equal_domains__hamming__average,no_sem__equal_domains__hamming__average,average,average,104,104,0,0.252413533231221,0.252413533231221,0.0,1.0,0
full_to_no_sem,full__equal_domains__jaccard__pam,no_sem__equal_domains__jaccard__pam,pam,pam,117,116,-1,0.480202261250161,0.460114543894976,-0.020087717355184997,0.97100219810898,1
full_to_no_sem,full__equal_domains__jaccard__average,no_sem__equal_domains__jaccard__average,average,average,73,105,32,-0.000224420335363643,0.267257710839959,0.2674821311753226,0.03308935524231542,42
full_to_no_sem,full__unique_profiles__sqrt_hamming__pam,no_sem__equal_features__sqrt_hamming__pam,pam,pam,129,111,-18,0.754373152541918,0.36608698016197,-0.38828617237994795,0.4596983957621675,22
full_to_no_sem,full__unique_profiles__sqrt_hamming__average,no_sem__equal_features__sqrt_hamming__average,average,average,136,90,-46,0.942452203083014,0.0880205213337796,-0.8544316817492345,0.10446235231890981,46
full_to_no_sem,full__unique_profiles__sqrt_hamming__energy,no_sem__equal_features__sqrt_hamming__energy,energy,energy,125,124,-1,0.656232090438534,0.632758308161156,-0.023473782277378064,0.970986281727947,1
full_to_no_sem,full__unique_profiles__hamming__pam,no_sem__equal_features__hamming__pam,pam,pam,129,111,-18,0.754373152541918,0.36608698016197,-0.38828617237994795,0.4596983957621675,22
full_to_no_sem,full__unique_profiles__hamming__average,no_sem__equal_features__hamming__average,average,average,136,90,-46,0.942452203083014,0.0880205213337796,-0.8544316817492345,0.10446235231890981,46
full_to_no_sem,full__unique_profiles__jaccard__pam,no_sem__equal_features__jaccard__pam,pam,pam,125,119,-6,0.656184262785802,0.52166760793106,-0.13451665485474196,0.6801430444843283,12
full_to_no_sem,full__unique_profiles__jaccard__average,no_sem__equal_features__jaccard__average,average,average,75,74,-1,0.00399148870714579,0.00178392512401945,-0.0022075635831263402,0.6584528670014802,1
full_to_no_sem,full__idf_presence__jaccard__pam,no_sem__idf_presence__jaccard__pam,pam,pam,120,117,-3,0.543002789188638,0.480160937337068,-0.06284185185156999,0.7543638507505198,9
full_to_no_sem,full__idf_presence__jaccard__average,no_sem__idf_presence__jaccard__average,average,average,75,121,46,0.00399148870714579,0.564790821368477,0.5607993326613312,0.0049527033185417305,62
full_to_no_synt,full__equal_features__sqrt_hamming__pam,no_synt__equal_features__sqrt_hamming__pam,pam,pam,129,129,0,0.754373152541918,0.754391050461008,1.7897919090015257e-05,0.832387223024304,6
full_to_no_synt,full__equal_features__sqrt_hamming__average,no_synt__equal_features__sqrt_hamming__average,average,average,136,133,-3,0.942452203083014,0.859309342325905,-0.08314286075710908,0.9143126489988186,3
full_to_no_synt,full__equal_features__sqrt_hamming__energy,no_synt__equal_features__sqrt_hamming__energy,energy,energy,125,125,0,0.656232090438534,0.656232090438534,0.0,1.0,0
full_to_no_synt,full__equal_features__hamming__pam,no_synt__equal_features__hamming__pam,pam,pam,129,123,-6,0.754373152541918,0.60970930179085,-0.1446638507510679,0.7290790752061355,10
full_to_no_synt,full__equal_features__hamming__average,no_synt__equal_features__hamming__average,average,average,136,133,-3,0.942452203083014,0.859309342325905,-0.08314286075710908,0.9143126489988186,3
full_to_no_synt,full__equal_features__jaccard__pam,no_synt__equal_features__jaccard__pam,pam,pam,125,123,-2,0.656184262785802,0.60963690143988,-0.04654736134592197,0.8324257297208251,6
full_to_no_synt,full__equal_features__jaccard__average,no_synt__equal_features__jaccard__average,average,average,75,72,-3,0.00399148870714579,-0.00202489946437497,-0.00601638817152076,0.5493644373783868,3
full_to_no_synt,full__equal_domains__sqrt_hamming__pam,no_synt__equal_domains__sqrt_hamming__pam,pam,pam,107,103,-4,0.2985552169859,0.237788234678377,-0.060766982307522976,0.8841266684608237,4
full_to_no_synt,full__equal_domains__sqrt_hamming__average,no_synt__equal_domains__sqrt_hamming__average,average,average,104,78,-26,0.252413533231221,0.0120222314449279,-0.24039130178629312,0.13348620898830962,36
full_to_no_synt,full__equal_domains__sqrt_hamming__energy,no_synt__equal_domains__sqrt_hamming__energy,energy,energy,103,103,0,0.237788234678377,0.237788234678377,0.0,1.0,0
full_to_no_synt,full__equal_domains__hamming__pam,no_synt__equal_domains__hamming__pam,pam,pam,107,103,-4,0.2985552169859,0.237788234678377,-0.060766982307522976,0.8841266684608237,4
full_to_no_synt,full__equal_domains__hamming__average,no_synt__equal_domains__hamming__average,average,average,104,78,-26,0.252413533231221,0.0120222314449279,-0.24039130178629312,0.13348620898830962,36
full_to_no_synt,full__equal_domains__jaccard__pam,no_synt__equal_domains__jaccard__pam,pam,pam,117,115,-2,0.480202261250161,0.440451617975337,-0.03975064327482403,0.886537758046249,4
full_to_no_synt,full__equal_domains__jaccard__average,no_synt__equal_domains__jaccard__average,average,average,73,70,-3,-0.000224420335363643,-0.00412286766922999,-0.0038984473338663467,-0.022554069765415456,11
full_to_no_synt,full__unique_profiles__sqrt_hamming__pam,no_synt__unique_profiles__sqrt_hamming__pam,pam,pam,129,129,0,0.754373152541918,0.754391050461008,1.7897919090015257e-05,0.832387223024304,6
full_to_no_synt,full__unique_profiles__sqrt_hamming__average,no_synt__unique_profiles__sqrt_hamming__average,average,average,136,133,-3,0.942452203083014,0.859309342325905,-0.08314286075710908,0.9143126489988186,3
full_to_no_synt,full__unique_profiles__sqrt_hamming__energy,no_synt__unique_profiles__sqrt_hamming__energy,energy,energy,125,125,0,0.656232090438534,0.656232090438534,0.0,1.0,0
full_to_no_synt,full__unique_profiles__hamming__pam,no_synt__unique_profiles__hamming__pam,pam,pam,129,123,-6,0.754373152541918,0.60970930179085,-0.1446638507510679,0.7290790752061355,10
full_to_no_synt,full__unique_profiles__hamming__average,no_synt__unique_profiles__hamming__average,average,average,136,133,-3,0.942452203083014,0.859309342325905,-0.08314286075710908,0.9143126489988186,3
full_to_no_synt,full__unique_profiles__jaccard__pam,no_synt__unique_profiles__jaccard__pam,pam,pam,125,123,-2,0.656184262785802,0.60963690143988,-0.04654736134592197,0.8324257297208251,6
full_to_no_synt,full__unique_profiles__jaccard__average,no_synt__unique_profiles__jaccard__average,average,average,75,72,-3,0.00399148870714579,-0.00202489946437497,-0.00601638817152076,0.5493644373783868,3
full_to_no_synt,full__idf_presence__jaccard__pam,no_synt__idf_presence__jaccard__pam,pam,pam,120,122,2,0.543002789188638,0.586997615488207,0.04399482629956897,0.7799645422928906,8
full_to_no_synt,full__idf_presence__jaccard__average,no_synt__idf_presence__jaccard__average,average,average,75,112,37,0.00399148870714579,0.384046959972268,0.38005547126512224,-0.011527573019470704,53
synt_only_to_synt_without_four_labels,synt_only__equal_features__sqrt_hamming__pam,synt_without_four_labels__equal_features__sqrt_hamming__pam,pam,pam,73,76,3,-0.00350316226258585,0.00336946655423169,0.006872628816817539,0.8044050600064871,7
synt_only_to_synt_without_four_labels,synt_only__equal_features__sqrt_hamming__average,synt_without_four_labels__equal_features__sqrt_hamming__average,average,average,80,80,0,0.0213883112025653,0.0213883112025653,0.0,1.0,0
synt_only_to_synt_without_four_labels,synt_only__equal_features__sqrt_hamming__energy,synt_without_four_labels__equal_features__sqrt_hamming__energy,energy,energy,118,99,-19,0.500911416736242,0.183093808379067,-0.317817608357175,0.4408433378876433,23
synt_only_to_synt_without_four_labels,synt_only__equal_features__hamming__pam,synt_without_four_labels__equal_features__hamming__pam,pam,pam,70,72,2,-0.0065529779206655,-0.0049444693514311,0.0016085085692343999,0.9415431582594557,2
synt_only_to_synt_without_four_labels,synt_only__equal_features__hamming__average,synt_without_four_labels__equal_features__hamming__average,average,average,80,80,0,0.0213883112025653,0.0213883112025653,0.0,1.0,0
synt_only_to_synt_without_four_labels,synt_only__equal_features__jaccard__pam,synt_without_four_labels__equal_features__jaccard__pam,pam,pam,111,74,-37,0.36596099998646,-0.00203525294819824,-0.3679962529346582,0.04697597829565674,53
synt_only_to_synt_without_four_labels,synt_only__equal_features__jaccard__average,synt_without_four_labels__equal_features__jaccard__average,average,average,74,74,0,0.00178392512401945,0.00178392512401945,0.0,1.0,0
synt_only_to_synt_without_four_labels,synt_only__idf_presence__jaccard__pam,synt_without_four_labels__idf_presence__jaccard__pam,pam,pam,91,91,0,0.095795836125624,0.095795836125624,0.0,1.0,0
synt_only_to_synt_without_four_labels,synt_only__idf_presence__jaccard__average,synt_without_four_labels__idf_presence__jaccard__average,average,average,107,105,-2,0.298903401294165,0.26770866968778,-0.031194731606384973,0.9380462125344802,2
equal_features_to_equal_domains,full__equal_features__sqrt_hamming__pam,full__equal_domains__sqrt_hamming__pam,pam,pam,129,107,-22,0.754373152541918,0.2985552169859,-0.45581793555601796,0.4204237797696199,24
equal_features_to_unique_profiles,full__equal_features__sqrt_hamming__pam,full__unique_profiles__sqrt_hamming__pam,pam,pam,129,129,0,0.754373152541918,0.754373152541918,0.0,1.0,0
sqrt_hamming_to_hamming,full__equal_features__sqrt_hamming__pam,full__equal_features__hamming__pam,pam,pam,129,129,0,0.754373152541918,0.754373152541918,0.0,1.0,0
sqrt_hamming_to_jaccard,full__equal_features__sqrt_hamming__pam,full__equal_features__jaccard__pam,pam,pam,129,125,-4,0.754373152541918,0.656184262785802,-0.09818888975611595,0.7292053840947911,10
pam_to_average,full__equal_features__sqrt_hamming__pam,full__equal_features__sqrt_hamming__average,pam,average,129,136,7,0.754373152541918,0.942452203083014,0.18807905054109608,0.7543629271299466,9
pam_to_energy,full__equal_features__sqrt_hamming__pam,full__equal_features__sqrt_hamming__energy,pam,energy,129,125,-4,0.754373152541918,0.656232090438534,-0.09814106210338391,0.7799024140723184,8
equal_features_to_equal_domains,full__equal_features__sqrt_hamming__average,full__equal_domains__sqrt_hamming__average,average,average,136,104,-32,0.942452203083014,0.252413533231221,-0.6900386698517931,0.2823025212431415,32
equal_features_to_unique_profiles,full__equal_features__sqrt_hamming__average,full__unique_profiles__sqrt_hamming__average,average,average,136,136,0,0.942452203083014,0.942452203083014,0.0,1.0,0
sqrt_hamming_to_hamming,full__equal_features__sqrt_hamming__average,full__equal_features__hamming__average,average,average,136,136,0,0.942452203083014,0.942452203083014,0.0,1.0,0
sqrt_hamming_to_jaccard,full__equal_features__sqrt_hamming__average,full__equal_features__jaccard__average,average,average,136,75,-61,0.942452203083014,0.00399148870714579,-0.9384607143758682,-0.004214458073604153,65
equal_features_to_equal_domains,full__equal_features__sqrt_hamming__energy,full__equal_domains__sqrt_hamming__energy,energy,energy,125,103,-22,0.656232090438534,0.237788234678377,-0.418443855760157,0.2482273663543626,34
equal_features_to_unique_profiles,full__equal_features__sqrt_hamming__energy,full__unique_profiles__sqrt_hamming__energy,energy,energy,125,125,0,0.656232090438534,0.656232090438534,0.0,1.0,0
equal_features_to_equal_domains,full__equal_features__hamming__pam,full__equal_domains__hamming__pam,pam,pam,129,107,-22,0.754373152541918,0.2985552169859,-0.45581793555601796,0.4204237797696199,24
equal_features_to_unique_profiles,full__equal_features__hamming__pam,full__unique_profiles__hamming__pam,pam,pam,129,129,0,0.754373152541918,0.754373152541918,0.0,1.0,0
pam_to_average,full__equal_features__hamming__pam,full__equal_features__hamming__average,pam,average,129,136,7,0.754373152541918,0.942452203083014,0.18807905054109608,0.7543629271299466,9
equal_features_to_equal_domains,full__equal_features__hamming__average,full__equal_domains__hamming__average,average,average,136,104,-32,0.942452203083014,0.252413533231221,-0.6900386698517931,0.2823025212431415,32
equal_features_to_unique_profiles,full__equal_features__hamming__average,full__unique_profiles__hamming__average,average,average,136,136,0,0.942452203083014,0.942452203083014,0.0,1.0,0
equal_features_to_equal_domains,full__equal_features__jaccard__pam,full__equal_domains__jaccard__pam,pam,pam,125,117,-8,0.656184262785802,0.480202261250161,-0.17598200153564098,0.6327568288523768,14
equal_features_to_unique_profiles,full__equal_features__jaccard__pam,full__unique_profiles__jaccard__pam,pam,pam,125,125,0,0.656184262785802,0.656184262785802,0.0,1.0,0
jaccard_equal_to_idf,full__equal_features__jaccard__pam,full__idf_presence__jaccard__pam,pam,pam,125,120,-5,0.656184262785802,0.543002789188638,-0.11318147359716402,0.8593042411537856,5
pam_to_average,full__equal_features__jaccard__pam,full__equal_features__jaccard__average,pam,average,125,75,-50,0.656184262785802,0.00399148870714579,-0.6521927740786562,-0.000405175359290821,68
equal_features_to_equal_domains,full__equal_features__jaccard__average,full__equal_domains__jaccard__average,average,average,75,73,-2,0.00399148870714579,-0.000224420335363643,-0.004215909042509433,0.48518679882365623,2
equal_features_to_unique_profiles,full__equal_features__jaccard__average,full__unique_profiles__jaccard__average,average,average,75,75,0,0.00399148870714579,0.00399148870714579,0.0,1.0,0
jaccard_equal_to_idf,full__equal_features__jaccard__average,full__idf_presence__jaccard__average,average,average,75,75,0,0.00399148870714579,0.00399148870714579,0.0,1.0,0
sqrt_hamming_to_hamming,full__equal_domains__sqrt_hamming__pam,full__equal_domains__hamming__pam,pam,pam,107,107,0,0.2985552169859,0.2985552169859,0.0,1.0,0
sqrt_hamming_to_jaccard,full__equal_domains__sqrt_hamming__pam,full__equal_domains__jaccard__pam,pam,pam,107,117,10,0.2985552169859,0.480202261250161,0.18164704426426104,0.6318674859987499,14
pam_to_average,full__equal_domains__sqrt_hamming__pam,full__equal_domains__sqrt_hamming__average,pam,average,107,104,-3,0.2985552169859,0.252413533231221,-0.046141683754678975,0.8560097957166485,5
pam_to_energy,full__equal_domains__sqrt_hamming__pam,full__equal_domains__sqrt_hamming__energy,pam,energy,107,103,-4,0.2985552169859,0.237788234678377,-0.060766982307522976,0.8841266684608237,4
sqrt_hamming_to_hamming,full__equal_domains__sqrt_hamming__average,full__equal_domains__hamming__average,average,average,104,104,0,0.252413533231221,0.252413533231221,0.0,1.0,0
sqrt_hamming_to_jaccard,full__equal_domains__sqrt_hamming__average,full__equal_domains__jaccard__average,average,average,104,73,-31,0.252413533231221,-0.000224420335363643,-0.25263795356658464,-0.01692548581083006,41
pam_to_average,full__equal_domains__hamming__pam,full__equal_domains__hamming__average,pam,average,107,104,-3,0.2985552169859,0.252413533231221,-0.046141683754678975,0.8560097957166485,5
pam_to_average,full__equal_domains__jaccard__pam,full__equal_domains__jaccard__average,pam,average,117,73,-44,0.480202261250161,-0.000224420335363643,-0.48042668158552465,-0.00753977956579987,60
sqrt_hamming_to_hamming,full__unique_profiles__sqrt_hamming__pam,full__unique_profiles__hamming__pam,pam,pam,129,129,0,0.754373152541918,0.754373152541918,0.0,1.0,0
sqrt_hamming_to_jaccard,full__unique_profiles__sqrt_hamming__pam,full__unique_profiles__jaccard__pam,pam,pam,129,125,-4,0.754373152541918,0.656184262785802,-0.09818888975611595,0.7292053840947911,10
pam_to_average,full__unique_profiles__sqrt_hamming__pam,full__unique_profiles__sqrt_hamming__average,pam,average,129,136,7,0.754373152541918,0.942452203083014,0.18807905054109608,0.7543629271299466,9
pam_to_energy,full__unique_profiles__sqrt_hamming__pam,full__unique_profiles__sqrt_hamming__energy,pam,energy,129,125,-4,0.754373152541918,0.656232090438534,-0.09814106210338391,0.7799024140723184,8
sqrt_hamming_to_hamming,full__unique_profiles__sqrt_hamming__average,full__unique_profiles__hamming__average,average,average,136,136,0,0.942452203083014,0.942452203083014,0.0,1.0,0
sqrt_hamming_to_jaccard,full__unique_profiles__sqrt_hamming__average,full__unique_profiles__jaccard__average,average,average,136,75,-61,0.942452203083014,0.00399148870714579,-0.9384607143758682,-0.004214458073604153,65
pam_to_average,full__unique_profiles__hamming__pam,full__unique_profiles__hamming__average,pam,average,129,136,7,0.754373152541918,0.942452203083014,0.18807905054109608,0.7543629271299466,9
pam_to_average,full__unique_profiles__jaccard__pam,full__unique_profiles__jaccard__average,pam,average,125,75,-50,0.656184262785802,0.00399148870714579,-0.6521927740786562,-0.000405175359290821,68
pam_to_average,full__idf_presence__jaccard__pam,full__idf_presence__jaccard__average,pam,average,120,75,-45,0.543002789188638,0.00399148870714579,-0.5390113004814922,1.8268830815674547e-05,63
equal_features_to_equal_domains,no_components__equal_features__sqrt_hamming__pam,no_components__equal_domains__sqrt_hamming__pam,pam,pam,111,113,2,0.366128962429392,0.402507280234578,0.03637831780518597,0.8311854665887396,6
equal_features_to_unique_profiles,no_components__equal_features__sqrt_hamming__pam,no_components__unique_profiles__sqrt_hamming__pam,pam,pam,111,111,0,0.366128962429392,0.366128962429392,0.0,1.0,0
sqrt_hamming_to_hamming,no_components__equal_features__sqrt_hamming__pam,no_components__equal_features__hamming__pam,pam,pam,111,115,4,0.366128962429392,0.440477562729972,0.07434860030057999,0.8318512804839594,6
sqrt_hamming_to_jaccard,no_components__equal_features__sqrt_hamming__pam,no_components__equal_features__jaccard__pam,pam,pam,111,125,14,0.366128962429392,0.656186540594849,0.290057578165457,0.4214046176297198,24
pam_to_average,no_components__equal_features__sqrt_hamming__pam,no_components__equal_features__sqrt_hamming__average,pam,average,111,129,18,0.366128962429392,0.754356879442656,0.3882279170132639,0.4603945168121925,22
pam_to_energy,no_components__equal_features__sqrt_hamming__pam,no_components__equal_features__sqrt_hamming__energy,pam,energy,111,131,20,0.366128962429392,0.805989846809123,0.439860884379731,0.5005558364438504,20
equal_features_to_equal_domains,no_components__equal_features__sqrt_hamming__average,no_components__equal_domains__sqrt_hamming__average,average,average,129,109,-20,0.754356879442656,0.331544480220811,-0.42281239922184494,0.3844443617555675,26
equal_features_to_unique_profiles,no_components__equal_features__sqrt_hamming__average,no_components__unique_profiles__sqrt_hamming__average,average,average,129,129,0,0.754356879442656,0.754356879442656,0.0,1.0,0
sqrt_hamming_to_hamming,no_components__equal_features__sqrt_hamming__average,no_components__equal_features__hamming__average,average,average,129,129,0,0.754356879442656,0.754356879442656,0.0,1.0,0
sqrt_hamming_to_jaccard,no_components__equal_features__sqrt_hamming__average,no_components__equal_features__jaccard__average,average,average,129,75,-54,0.754356879442656,0.00399148870714579,-0.7503653907355101,0.0012761778766071468,66
equal_features_to_equal_domains,no_components__equal_features__sqrt_hamming__energy,no_components__equal_domains__sqrt_hamming__energy,energy,energy,131,117,-14,0.805989846809123,0.480274562291262,-0.325715284517861,0.542926718848831,18
equal_features_to_unique_profiles,no_components__equal_features__sqrt_hamming__energy,no_components__unique_profiles__sqrt_hamming__energy,energy,energy,131,131,0,0.805989846809123,0.805989846809123,0.0,1.0,0
equal_features_to_equal_domains,no_components__equal_features__hamming__pam,no_components__equal_domains__hamming__pam,pam,pam,115,117,2,0.440477562729972,0.480274562291262,0.03979699956128996,0.7285974989368059,10
equal_features_to_unique_profiles,no_components__equal_features__hamming__pam,no_components__unique_profiles__hamming__pam,pam,pam,115,115,0,0.440477562729972,0.440477562729972,0.0,1.0,0
pam_to_average,no_components__equal_features__hamming__pam,no_components__equal_features__hamming__average,pam,average,115,129,14,0.440477562729972,0.754356879442656,0.31387931671268393,0.5431327335351754,18
equal_features_to_equal_domains,no_components__equal_features__hamming__average,no_components__equal_domains__hamming__average,average,average,129,115,-14,0.754356879442656,0.440540561404208,-0.31381631803844795,0.5009319601946066,20
equal_features_to_unique_profiles,no_components__equal_features__hamming__average,no_components__unique_profiles__hamming__average,average,average,129,129,0,0.754356879442656,0.754356879442656,0.0,1.0,0
equal_features_to_equal_domains,no_components__equal_features__jaccard__pam,no_components__equal_domains__jaccard__pam,pam,pam,125,123,-2,0.656186540594849,0.609652418061975,-0.046534122532874034,0.680106849669734,12
equal_features_to_unique_profiles,no_components__equal_features__jaccard__pam,no_components__unique_profiles__jaccard__pam,pam,pam,125,125,0,0.656186540594849,0.656186540594849,0.0,1.0,0
jaccard_equal_to_idf,no_components__equal_features__jaccard__pam,no_components__idf_presence__jaccard__pam,pam,pam,125,123,-2,0.656186540594849,0.60963690143988,-0.046549639154969014,0.9424499309457187,2
pam_to_average,no_components__equal_features__jaccard__pam,no_components__equal_features__jaccard__average,pam,average,125,75,-50,0.656186540594849,0.00399148870714579,-0.6521950518877032,-0.00030890655630121024,66
equal_features_to_equal_domains,no_components__equal_features__jaccard__average,no_components__equal_domains__jaccard__average,average,average,75,123,48,0.00399148870714579,0.609644659905124,0.6056531711979781,-0.003494217705918866,66
equal_features_to_unique_profiles,no_components__equal_features__jaccard__average,no_components__unique_profiles__jaccard__average,average,average,75,75,0,0.00399148870714579,0.00399148870714579,0.0,1.0,0
jaccard_equal_to_idf,no_components__equal_features__jaccard__average,no_components__idf_presence__jaccard__average,average,average,75,75,0,0.00399148870714579,0.00399148870714579,0.0,1.0,0
sqrt_hamming_to_hamming,no_components__equal_domains__sqrt_hamming__pam,no_components__equal_domains__hamming__pam,pam,pam,113,117,4,0.402507280234578,0.480274562291262,0.07776728205668398,0.8860692412261222,4
sqrt_hamming_to_jaccard,no_components__equal_domains__sqrt_hamming__pam,no_components__equal_domains__jaccard__pam,pam,pam,113,123,10,0.402507280234578,0.609652418061975,0.20714513782739702,0.6326122593502221,14
pam_to_average,no_components__equal_domains__sqrt_hamming__pam,no_components__equal_domains__sqrt_hamming__average,pam,average,113,109,-4,0.402507280234578,0.331544480220811,-0.07096280001376698,0.6766269540253914,12
pam_to_energy,no_components__equal_domains__sqrt_hamming__pam,no_components__equal_domains__sqrt_hamming__energy,pam,energy,113,117,4,0.402507280234578,0.480274562291262,0.07776728205668398,0.8860692412261222,4
sqrt_hamming_to_hamming,no_components__equal_domains__sqrt_hamming__average,no_components__equal_domains__hamming__average,average,average,109,115,6,0.331544480220811,0.440540561404208,0.10899608118339699,0.830975422228668,6
sqrt_hamming_to_jaccard,no_components__equal_domains__sqrt_hamming__average,no_components__equal_domains__jaccard__average,average,average,109,123,14,0.331544480220811,0.609644659905124,0.27810017968431294,0.5008129633053979,20
pam_to_average,no_components__equal_domains__hamming__pam,no_components__equal_domains__hamming__average,pam,average,117,115,-2,0.480274562291262,0.440540561404208,-0.03973400088705398,0.9422372796551943,2
pam_to_average,no_components__equal_domains__jaccard__pam,no_components__equal_domains__jaccard__average,pam,average,123,123,0,0.609652418061975,0.609644659905124,-7.758156851056519e-06,0.9424524864435625,2
sqrt_hamming_to_hamming,no_components__unique_profiles__sqrt_hamming__pam,no_components__unique_profiles__hamming__pam,pam,pam,111,115,4,0.366128962429392,0.440477562729972,0.07434860030057999,0.8318512804839594,6
sqrt_hamming_to_jaccard,no_components__unique_profiles__sqrt_hamming__pam,no_components__unique_profiles__jaccard__pam,pam,pam,111,125,14,0.366128962429392,0.656186540594849,0.290057578165457,0.4214046176297198,24
pam_to_average,no_components__unique_profiles__sqrt_hamming__pam,no_components__unique_profiles__sqrt_hamming__average,pam,average,111,129,18,0.366128962429392,0.754356879442656,0.3882279170132639,0.4603945168121925,22
pam_to_energy,no_components__unique_profiles__sqrt_hamming__pam,no_components__unique_profiles__sqrt_hamming__energy,pam,energy,111,131,20,0.366128962429392,0.805989846809123,0.439860884379731,0.5005558364438504,20
sqrt_hamming_to_hamming,no_components__unique_profiles__sqrt_hamming__average,no_components__unique_profiles__hamming__average,average,average,129,129,0,0.754356879442656,0.754356879442656,0.0,1.0,0
sqrt_hamming_to_jaccard,no_components__unique_profiles__sqrt_hamming__average,no_components__unique_profiles__jaccard__average,average,average,129,75,-54,0.754356879442656,0.00399148870714579,-0.7503653907355101,0.0012761778766071468,66
pam_to_average,no_components__unique_profiles__hamming__pam,no_components__unique_profiles__hamming__average,pam,average,115,129,14,0.440477562729972,0.754356879442656,0.31387931671268393,0.5431327335351754,18
pam_to_average,no_components__unique_profiles__jaccard__pam,no_components__unique_profiles__jaccard__average,pam,average,125,75,-50,0.656186540594849,0.00399148870714579,-0.6521950518877032,-0.00030890655630121024,66
pam_to_average,no_components__idf_presence__jaccard__pam,no_components__idf_presence__jaccard__average,pam,average,123,75,-48,0.60963690143988,0.00399148870714579,-0.6056454127327342,-0.000405175359290821,68
equal_features_to_equal_domains,no_four_labels__equal_features__sqrt_hamming__pam,no_four_labels__equal_domains__sqrt_hamming__pam,pam,pam,120,107,-13,0.543086032429433,0.2985552169859,-0.244530815443533,0.5622311831013243,17
equal_features_to_unique_profiles,no_four_labels__equal_features__sqrt_hamming__pam,no_four_labels__unique_profiles__sqrt_hamming__pam,pam,pam,120,120,0,0.543086032429433,0.543086032429433,0.0,1.0,0
sqrt_hamming_to_hamming,no_four_labels__equal_features__sqrt_hamming__pam,no_four_labels__equal_features__hamming__pam,pam,pam,120,123,3,0.543086032429433,0.60970930179085,0.06662326936141705,0.8590376729448518,5
sqrt_hamming_to_jaccard,no_four_labels__equal_features__sqrt_hamming__pam,no_four_labels__equal_features__jaccard__pam,pam,pam,120,123,3,0.543086032429433,0.60963690143988,0.06655086901044704,0.5649387524557022,17
pam_to_average,no_four_labels__equal_features__sqrt_hamming__pam,no_four_labels__equal_features__sqrt_hamming__average,pam,average,120,108,-12,0.543086032429433,0.314710753742723,-0.22837527868670998,0.5855073156539486,16
pam_to_energy,no_four_labels__equal_features__sqrt_hamming__pam,no_four_labels__equal_features__sqrt_hamming__energy,pam,energy,120,124,4,0.543086032429433,0.632758308161156,0.08967227573172298,0.5863470413194386,16
equal_features_to_equal_domains,no_four_labels__equal_features__sqrt_hamming__average,no_four_labels__equal_domains__sqrt_hamming__average,average,average,108,104,-4,0.314710753742723,0.252413533231221,-0.062297220511501994,0.4128214719375183,24
equal_features_to_unique_profiles,no_four_labels__equal_features__sqrt_hamming__average,no_four_labels__unique_profiles__sqrt_hamming__average,average,average,108,108,0,0.314710753742723,0.314710753742723,0.0,1.0,0
sqrt_hamming_to_hamming,no_four_labels__equal_features__sqrt_hamming__average,no_four_labels__equal_features__hamming__average,average,average,108,129,21,0.314710753742723,0.754356879442656,0.43964612569993294,0.4804497878974974,21
sqrt_hamming_to_jaccard,no_four_labels__equal_features__sqrt_hamming__average,no_four_labels__equal_features__jaccard__average,average,average,108,75,-33,0.314710753742723,0.00399148870714579,-0.31071926503557723,-0.012543548791847487,51
equal_features_to_equal_domains,no_four_labels__equal_features__sqrt_hamming__energy,no_four_labels__equal_domains__sqrt_hamming__energy,energy,energy,124,103,-21,0.632758308161156,0.237788234678377,-0.39497007348277896,0.23280613150580146,35
equal_features_to_unique_profiles,no_four_labels__equal_features__sqrt_hamming__energy,no_four_labels__unique_profiles__sqrt_hamming__energy,energy,energy,124,124,0,0.632758308161156,0.632758308161156,0.0,1.0,0
equal_features_to_equal_domains,no_four_labels__equal_features__hamming__pam,no_four_labels__equal_domains__hamming__pam,pam,pam,123,107,-16,0.60970930179085,0.2985552169859,-0.31115408480495005,0.5406894004997096,18
equal_features_to_unique_profiles,no_four_labels__equal_features__hamming__pam,no_four_labels__unique_profiles__hamming__pam,pam,pam,123,123,0,0.60970930179085,0.60970930179085,0.0,1.0,0
pam_to_average,no_four_labels__equal_features__hamming__pam,no_four_labels__equal_features__hamming__average,pam,average,123,129,6,0.60970930179085,0.754356879442656,0.14464757765180591,0.5431327335351754,18
equal_features_to_equal_domains,no_four_labels__equal_features__hamming__average,no_four_labels__equal_domains__hamming__average,average,average,129,102,-27,0.754356879442656,0.223739862067041,-0.530617017375615,0.26798557481276336,33
equal_features_to_unique_profiles,no_four_labels__equal_features__hamming__average,no_four_labels__unique_profiles__hamming__average,average,average,129,108,-21,0.754356879442656,0.314710753742723,-0.43964612569993294,0.4804497878974974,21
equal_features_to_equal_domains,no_four_labels__equal_features__jaccard__pam,no_four_labels__equal_domains__jaccard__pam,pam,pam,123,117,-6,0.60963690143988,0.480202261250161,-0.129434640189719,0.6801430444843283,12
equal_features_to_unique_profiles,no_four_labels__equal_features__jaccard__pam,no_four_labels__unique_profiles__jaccard__pam,pam,pam,123,123,0,0.60963690143988,0.60963690143988,0.0,1.0,0
jaccard_equal_to_idf,no_four_labels__equal_features__jaccard__pam,no_four_labels__idf_presence__jaccard__pam,pam,pam,123,122,-1,0.60963690143988,0.587003087809643,-0.022633813630236976,0.8593000213861899,5
pam_to_average,no_four_labels__equal_features__jaccard__pam,no_four_labels__equal_features__jaccard__average,pam,average,123,75,-48,0.60963690143988,0.00399148870714579,-0.6056454127327342,-0.000405175359290821,68
equal_features_to_equal_domains,no_four_labels__equal_features__jaccard__average,no_four_labels__equal_domains__jaccard__average,average,average,75,73,-2,0.00399148870714579,-0.000224420335363643,-0.004215909042509433,0.48518679882365623,2
equal_features_to_unique_profiles,no_four_labels__equal_features__jaccard__average,no_four_labels__unique_profiles__jaccard__average,average,average,75,75,0,0.00399148870714579,0.00399148870714579,0.0,1.0,0
jaccard_equal_to_idf,no_four_labels__equal_features__jaccard__average,no_four_labels__idf_presence__jaccard__average,average,average,75,75,0,0.00399148870714579,0.00399148870714579,0.0,1.0,0
sqrt_hamming_to_hamming,no_four_labels__equal_domains__sqrt_hamming__pam,no_four_labels__equal_domains__hamming__pam,pam,pam,107,107,0,0.2985552169859,0.2985552169859,0.0,1.0,0
sqrt_hamming_to_jaccard,no_four_labels__equal_domains__sqrt_hamming__pam,no_four_labels__equal_domains__jaccard__pam,pam,pam,107,117,10,0.2985552169859,0.480202261250161,0.18164704426426104,0.6318674859987499,14
pam_to_average,no_four_labels__equal_domains__sqrt_hamming__pam,no_four_labels__equal_domains__sqrt_hamming__average,pam,average,107,104,-3,0.2985552169859,0.252413533231221,-0.046141683754678975,0.8560097957166485,5
pam_to_energy,no_four_labels__equal_domains__sqrt_hamming__pam,no_four_labels__equal_domains__sqrt_hamming__energy,pam,energy,107,103,-4,0.2985552169859,0.237788234678377,-0.060766982307522976,0.8841266684608237,4
sqrt_hamming_to_hamming,no_four_labels__equal_domains__sqrt_hamming__average,no_four_labels__equal_domains__hamming__average,average,average,104,102,-2,0.252413533231221,0.223739862067041,-0.028673671164180015,0.9401580476824188,2
sqrt_hamming_to_jaccard,no_four_labels__equal_domains__sqrt_hamming__average,no_four_labels__equal_domains__jaccard__average,average,average,104,73,-31,0.252413533231221,-0.000224420335363643,-0.25263795356658464,-0.01692548581083006,41
pam_to_average,no_four_labels__equal_domains__hamming__pam,no_four_labels__equal_domains__hamming__average,pam,average,107,102,-5,0.2985552169859,0.223739862067041,-0.07481535491885899,0.8007768149689947,7
pam_to_average,no_four_labels__equal_domains__jaccard__pam,no_four_labels__equal_domains__jaccard__average,pam,average,117,73,-44,0.480202261250161,-0.000224420335363643,-0.48042668158552465,-0.00753977956579987,60
sqrt_hamming_to_hamming,no_four_labels__unique_profiles__sqrt_hamming__pam,no_four_labels__unique_profiles__hamming__pam,pam,pam,120,123,3,0.543086032429433,0.60970930179085,0.06662326936141705,0.8590376729448518,5
sqrt_hamming_to_jaccard,no_four_labels__unique_profiles__sqrt_hamming__pam,no_four_labels__unique_profiles__jaccard__pam,pam,pam,120,123,3,0.543086032429433,0.60963690143988,0.06655086901044704,0.5649387524557022,17
pam_to_average,no_four_labels__unique_profiles__sqrt_hamming__pam,no_four_labels__unique_profiles__sqrt_hamming__average,pam,average,120,108,-12,0.543086032429433,0.314710753742723,-0.22837527868670998,0.5855073156539486,16
pam_to_energy,no_four_labels__unique_profiles__sqrt_hamming__pam,no_four_labels__unique_profiles__sqrt_hamming__energy,pam,energy,120,124,4,0.543086032429433,0.632758308161156,0.08967227573172298,0.5863470413194386,16
sqrt_hamming_to_hamming,no_four_labels__unique_profiles__sqrt_hamming__average,no_four_labels__unique_profiles__hamming__average,average,average,108,108,0,0.314710753742723,0.314710753742723,0.0,1.0,0
sqrt_hamming_to_jaccard,no_four_labels__unique_profiles__sqrt_hamming__average,no_four_labels__unique_profiles__jaccard__average,average,average,108,75,-33,0.314710753742723,0.00399148870714579,-0.31071926503557723,-0.012543548791847487,51
pam_to_average,no_four_labels__unique_profiles__hamming__pam,no_four_labels__unique_profiles__hamming__average,pam,average,123,108,-15,0.60970930179085,0.314710753742723,-0.29499854804812703,0.6084272936433435,15
pam_to_average,no_four_labels__unique_profiles__jaccard__pam,no_four_labels__unique_profiles__jaccard__average,pam,average,123,75,-48,0.60963690143988,0.00399148870714579,-0.6056454127327342,-0.000405175359290821,68
pam_to_average,no_four_labels__idf_presence__jaccard__pam,no_four_labels__idf_presence__jaccard__average,pam,average,122,75,-47,0.587003087809643,0.00399148870714579,-0.5830115991024972,-0.0002244203353636432,65
equal_features_to_equal_domains,no_components_or_four_labels__equal_features__sqrt_hamming__pam,no_components_or_four_labels__equal_domains__sqrt_hamming__pam,pam,pam,109,117,8,0.331491360187137,0.480274562291262,0.148783202104125,0.7276522430587767,10
equal_features_to_unique_profiles,no_components_or_four_labels__equal_features__sqrt_hamming__pam,no_components_or_four_labels__unique_profiles__sqrt_hamming__pam,pam,pam,109,109,0,0.331491360187137,0.331491360187137,0.0,1.0,0
sqrt_hamming_to_hamming,no_components_or_four_labels__equal_features__sqrt_hamming__pam,no_components_or_four_labels__equal_features__hamming__pam,pam,pam,109,109,0,0.331491360187137,0.331491360187137,0.0,1.0,0
sqrt_hamming_to_jaccard,no_components_or_four_labels__equal_features__sqrt_hamming__pam,no_components_or_four_labels__equal_features__jaccard__pam,pam,pam,109,122,13,0.331491360187137,0.586997615488207,0.25550625530106996,0.4027622391111454,25
pam_to_average,no_components_or_four_labels__equal_features__sqrt_hamming__pam,no_components_or_four_labels__equal_features__sqrt_hamming__average,pam,average,109,129,20,0.331491360187137,0.754356879442656,0.42286551925551896,0.4215650771180721,24
pam_to_energy,no_components_or_four_labels__equal_features__sqrt_hamming__pam,no_components_or_four_labels__equal_features__sqrt_hamming__energy,pam,energy,109,124,15,0.331491360187137,0.632758308161156,0.301266947974019,0.6082472682260763,15
equal_features_to_equal_domains,no_components_or_four_labels__equal_features__sqrt_hamming__average,no_components_or_four_labels__equal_domains__sqrt_hamming__average,average,average,129,109,-20,0.754356879442656,0.331544480220811,-0.42281239922184494,0.3844443617555675,26
equal_features_to_unique_profiles,no_components_or_four_labels__equal_features__sqrt_hamming__average,no_components_or_four_labels__unique_profiles__sqrt_hamming__average,average,average,129,129,0,0.754356879442656,0.754356879442656,0.0,1.0,0
sqrt_hamming_to_hamming,no_components_or_four_labels__equal_features__sqrt_hamming__average,no_components_or_four_labels__equal_features__hamming__average,average,average,129,129,0,0.754356879442656,0.754356879442656,0.0,1.0,0
sqrt_hamming_to_jaccard,no_components_or_four_labels__equal_features__sqrt_hamming__average,no_components_or_four_labels__equal_features__jaccard__average,average,average,129,75,-54,0.754356879442656,0.00399148870714579,-0.7503653907355101,0.0012761778766071468,66
equal_features_to_equal_domains,no_components_or_four_labels__equal_features__sqrt_hamming__energy,no_components_or_four_labels__equal_domains__sqrt_hamming__energy,energy,energy,124,117,-7,0.632758308161156,0.480274562291262,-0.152483745869894,0.47920684884753706,21
equal_features_to_unique_profiles,no_components_or_four_labels__equal_features__sqrt_hamming__energy,no_components_or_four_labels__unique_profiles__sqrt_hamming__energy,energy,energy,124,124,0,0.632758308161156,0.632758308161156,0.0,1.0,0
equal_features_to_equal_domains,no_components_or_four_labels__equal_features__hamming__pam,no_components_or_four_labels__equal_domains__hamming__pam,pam,pam,109,117,8,0.331491360187137,0.480274562291262,0.148783202104125,0.7276522430587767,10
equal_features_to_unique_profiles,no_components_or_four_labels__equal_features__hamming__pam,no_components_or_four_labels__unique_profiles__hamming__pam,pam,pam,109,109,0,0.331491360187137,0.331491360187137,0.0,1.0,0
pam_to_average,no_components_or_four_labels__equal_features__hamming__pam,no_components_or_four_labels__equal_features__hamming__average,pam,average,109,129,20,0.331491360187137,0.754356879442656,0.42286551925551896,0.4215650771180721,24
equal_features_to_equal_domains,no_components_or_four_labels__equal_features__hamming__average,no_components_or_four_labels__equal_domains__hamming__average,average,average,129,109,-20,0.754356879442656,0.331544480220811,-0.42281239922184494,0.3844443617555675,26
equal_features_to_unique_profiles,no_components_or_four_labels__equal_features__hamming__average,no_components_or_four_labels__unique_profiles__hamming__average,average,average,129,129,0,0.754356879442656,0.754356879442656,0.0,1.0,0
equal_features_to_equal_domains,no_components_or_four_labels__equal_features__jaccard__pam,no_components_or_four_labels__equal_domains__jaccard__pam,pam,pam,122,122,0,0.586997615488207,0.587009928007509,1.231251930200461e-05,0.7291871289758652,10
equal_features_to_unique_profiles,no_components_or_four_labels__equal_features__jaccard__pam,no_components_or_four_labels__unique_profiles__jaccard__pam,pam,pam,122,122,0,0.586997615488207,0.586997615488207,0.0,1.0,0
jaccard_equal_to_idf,no_components_or_four_labels__equal_features__jaccard__pam,no_components_or_four_labels__idf_presence__jaccard__pam,pam,pam,122,120,-2,0.586997615488207,0.542990678554031,-0.0440069369341759,0.9424494208494208,2
pam_to_average,no_components_or_four_labels__equal_features__jaccard__pam,no_components_or_four_labels__equal_features__jaccard__average,pam,average,122,75,-47,0.586997615488207,0.00399148870714579,-0.5830061267810611,-0.000417187511982459,69
equal_features_to_equal_domains,no_components_or_four_labels__equal_features__jaccard__average,no_components_or_four_labels__equal_domains__jaccard__average,average,average,75,123,48,0.00399148870714579,0.609644659905124,0.6056531711979781,-0.003494217705918866,66
equal_features_to_unique_profiles,no_components_or_four_labels__equal_features__jaccard__average,no_components_or_four_labels__unique_profiles__jaccard__average,average,average,75,75,0,0.00399148870714579,0.00399148870714579,0.0,1.0,0
jaccard_equal_to_idf,no_components_or_four_labels__equal_features__jaccard__average,no_components_or_four_labels__idf_presence__jaccard__average,average,average,75,75,0,0.00399148870714579,0.00399148870714579,0.0,1.0,0
sqrt_hamming_to_hamming,no_components_or_four_labels__equal_domains__sqrt_hamming__pam,no_components_or_four_labels__equal_domains__hamming__pam,pam,pam,117,117,0,0.480274562291262,0.480274562291262,0.0,1.0,0
sqrt_hamming_to_jaccard,no_components_or_four_labels__equal_domains__sqrt_hamming__pam,no_components_or_four_labels__equal_domains__jaccard__pam,pam,pam,117,122,5,0.480274562291262,0.587009928007509,0.10673536571624698,0.7044274044619914,11
pam_to_average,no_components_or_four_labels__equal_domains__sqrt_hamming__pam,no_components_or_four_labels__equal_domains__sqrt_hamming__average,pam,average,117,109,-8,0.480274562291262,0.331544480220811,-0.14873008207045096,0.7784738020470925,8
pam_to_energy,no_components_or_four_labels__equal_domains__sqrt_hamming__pam,no_components_or_four_labels__equal_domains__sqrt_hamming__energy,pam,energy,117,117,0,0.480274562291262,0.480274562291262,0.0,1.0,0
sqrt_hamming_to_hamming,no_components_or_four_labels__equal_domains__sqrt_hamming__average,no_components_or_four_labels__equal_domains__hamming__average,average,average,109,109,0,0.331544480220811,0.331544480220811,0.0,1.0,0
sqrt_hamming_to_jaccard,no_components_or_four_labels__equal_domains__sqrt_hamming__average,no_components_or_four_labels__equal_domains__jaccard__average,average,average,109,123,14,0.331544480220811,0.609644659905124,0.27810017968431294,0.5008129633053979,20
pam_to_average,no_components_or_four_labels__equal_domains__hamming__pam,no_components_or_four_labels__equal_domains__hamming__average,pam,average,117,109,-8,0.480274562291262,0.331544480220811,-0.14873008207045096,0.7784738020470925,8
pam_to_average,no_components_or_four_labels__equal_domains__jaccard__pam,no_components_or_four_labels__equal_domains__jaccard__average,pam,average,122,123,1,0.587009928007509,0.609644659905124,0.022634731897615,0.9143129711920418,3
sqrt_hamming_to_hamming,no_components_or_four_labels__unique_profiles__sqrt_hamming__pam,no_components_or_four_labels__unique_profiles__hamming__pam,pam,pam,109,109,0,0.331491360187137,0.331491360187137,0.0,1.0,0
sqrt_hamming_to_jaccard,no_components_or_four_labels__unique_profiles__sqrt_hamming__pam,no_components_or_four_labels__unique_profiles__jaccard__pam,pam,pam,109,122,13,0.331491360187137,0.586997615488207,0.25550625530106996,0.4027622391111454,25
pam_to_average,no_components_or_four_labels__unique_profiles__sqrt_hamming__pam,no_components_or_four_labels__unique_profiles__sqrt_hamming__average,pam,average,109,129,20,0.331491360187137,0.754356879442656,0.42286551925551896,0.4215650771180721,24
pam_to_energy,no_components_or_four_labels__unique_profiles__sqrt_hamming__pam,no_components_or_four_labels__unique_profiles__sqrt_hamming__energy,pam,energy,109,124,15,0.331491360187137,0.632758308161156,0.301266947974019,0.6082472682260763,15
sqrt_hamming_to_hamming,no_components_or_four_labels__unique_profiles__sqrt_hamming__average,no_components_or_four_labels__unique_profiles__hamming__average,average,average,129,129,0,0.754356879442656,0.754356879442656,0.0,1.0,0
sqrt_hamming_to_jaccard,no_components_or_four_labels__unique_profiles__sqrt_hamming__average,no_components_or_four_labels__unique_profiles__jaccard__average,average,average,129,75,-54,0.754356879442656,0.00399148870714579,-0.7503653907355101,0.0012761778766071468,66
pam_to_average,no_components_or_four_labels__unique_profiles__hamming__pam,no_components_or_four_labels__unique_profiles__hamming__average,pam,average,109,129,20,0.331491360187137,0.754356879442656,0.42286551925551896,0.4215650771180721,24
pam_to_average,no_components_or_four_labels__unique_profiles__jaccard__pam,no_components_or_four_labels__unique_profiles__jaccard__average,pam,average,122,75,-47,0.586997615488207,0.00399148870714579,-0.5830061267810611,-0.000417187511982459,69
pam_to_average,no_components_or_four_labels__idf_presence__jaccard__pam,no_components_or_four_labels__idf_presence__jaccard__average,pam,average,120,75,-45,0.542990678554031,0.00399148870714579,-0.5389991898468852,-0.00036911033264445584,67
equal_features_to_equal_domains,no_morph__equal_features__sqrt_hamming__pam,no_morph__equal_domains__sqrt_hamming__pam,pam,pam,96,103,7,0.147466626058864,0.237788234678377,0.09032160861951302,0.34828133853313153,27
equal_features_to_unique_profiles,no_morph__equal_features__sqrt_hamming__pam,no_morph__equal_features__sqrt_hamming__pam,pam,pam,96,96,0,0.147466626058864,0.147466626058864,0.0,1.0,0
sqrt_hamming_to_hamming,no_morph__equal_features__sqrt_hamming__pam,no_morph__equal_features__hamming__pam,pam,pam,96,111,15,0.147466626058864,0.36596099998646,0.218494373927596,0.5635275701038527,17
sqrt_hamming_to_jaccard,no_morph__equal_features__sqrt_hamming__pam,no_morph__equal_features__jaccard__pam,pam,pam,96,121,25,0.147466626058864,0.564790821368477,0.41732419530961307,0.23752219125474666,35
pam_to_average,no_morph__equal_features__sqrt_hamming__pam,no_morph__equal_features__sqrt_hamming__average,pam,average,96,129,33,0.147466626058864,0.754356879442656,0.606890253383792,0.23813544883177604,35
pam_to_energy,no_morph__equal_features__sqrt_hamming__pam,no_morph__equal_features__sqrt_hamming__energy,pam,energy,96,126,30,0.147466626058864,0.680109369827184,0.53264274376832,0.1460923468251107,42
equal_features_to_equal_domains,no_morph__equal_features__sqrt_hamming__average,no_morph__equal_domains__sqrt_hamming__average,average,average,129,104,-25,0.754356879442656,0.252413533231221,-0.5019433462114349,0.2991218593275682,31
equal_features_to_unique_profiles,no_morph__equal_features__sqrt_hamming__average,no_morph__equal_features__sqrt_hamming__average,average,average,129,129,0,0.754356879442656,0.754356879442656,0.0,1.0,0
sqrt_hamming_to_hamming,no_morph__equal_features__sqrt_hamming__average,no_morph__equal_features__hamming__average,average,average,129,128,-1,0.754356879442656,0.729178764254562,-0.025178115188093986,0.9710129931103928,1
sqrt_hamming_to_jaccard,no_morph__equal_features__sqrt_hamming__average,no_morph__equal_features__jaccard__average,average,average,129,74,-55,0.754356879442656,0.00178392512401945,-0.7525729543186365,0.0004263444314848552,67
equal_features_to_equal_domains,no_morph__equal_features__sqrt_hamming__energy,no_morph__equal_domains__sqrt_hamming__energy,energy,energy,126,103,-23,0.680109369827184,0.237788234678377,-0.44232113514880694,0.1822455675937238,39
equal_features_to_unique_profiles,no_morph__equal_features__sqrt_hamming__energy,no_morph__equal_features__sqrt_hamming__energy,energy,energy,126,126,0,0.680109369827184,0.680109369827184,0.0,1.0,0
equal_features_to_equal_domains,no_morph__equal_features__hamming__pam,no_morph__equal_domains__hamming__pam,pam,pam,111,103,-8,0.36596099998646,0.237788234678377,-0.12817276530808297,0.2800961291492965,32
equal_features_to_unique_profiles,no_morph__equal_features__hamming__pam,no_morph__equal_features__hamming__pam,pam,pam,111,111,0,0.36596099998646,0.36596099998646,0.0,1.0,0
pam_to_average,no_morph__equal_features__hamming__pam,no_morph__equal_features__hamming__average,pam,average,111,128,17,0.36596099998646,0.729178764254562,0.363217764268102,0.5648523741655949,17
equal_features_to_equal_domains,no_morph__equal_features__hamming__average,no_morph__equal_domains__hamming__average,average,average,128,104,-24,0.729178764254562,0.252413533231221,-0.47676523102334095,0.28330217953226117,32
equal_features_to_unique_profiles,no_morph__equal_features__hamming__average,no_morph__equal_features__hamming__average,average,average,128,128,0,0.729178764254562,0.729178764254562,0.0,1.0,0
equal_features_to_equal_domains,no_morph__equal_features__jaccard__pam,no_morph__equal_domains__jaccard__pam,pam,pam,121,116,-5,0.564790821368477,0.460094873043811,-0.104695948324666,0.564806367041056,17
equal_features_to_unique_profiles,no_morph__equal_features__jaccard__pam,no_morph__equal_features__jaccard__pam,pam,pam,121,121,0,0.564790821368477,0.564790821368477,0.0,1.0,0
jaccard_equal_to_idf,no_morph__equal_features__jaccard__pam,no_morph__idf_presence__jaccard__pam,pam,pam,121,118,-3,0.564790821368477,0.500699810047722,-0.06409101132075501,0.9143139914545974,3
pam_to_average,no_morph__equal_features__jaccard__pam,no_morph__equal_features__jaccard__average,pam,average,121,74,-47,0.564790821368477,0.00178392512401945,-0.5630068962444575,0.002264624424280557,63
equal_features_to_equal_domains,no_morph__equal_features__jaccard__average,no_morph__equal_domains__jaccard__average,average,average,74,70,-4,0.00178392512401945,-0.00412286766922999,-0.005906792793249439,-0.012379642365887587,10
equal_features_to_unique_profiles,no_morph__equal_features__jaccard__average,no_morph__equal_features__jaccard__average,average,average,74,74,0,0.00178392512401945,0.00178392512401945,0.0,1.0,0
jaccard_equal_to_idf,no_morph__equal_features__jaccard__average,no_morph__idf_presence__jaccard__average,average,average,74,75,1,0.00178392512401945,0.00399148870714579,0.0022075635831263402,0.6584528670014802,1
sqrt_hamming_to_hamming,no_morph__equal_domains__sqrt_hamming__pam,no_morph__equal_domains__hamming__pam,pam,pam,103,103,0,0.237788234678377,0.237788234678377,0.0,1.0,0
sqrt_hamming_to_jaccard,no_morph__equal_domains__sqrt_hamming__pam,no_morph__equal_domains__jaccard__pam,pam,pam,103,116,13,0.237788234678377,0.460094873043811,0.22230663836543402,0.5204994944020335,19
pam_to_average,no_morph__equal_domains__sqrt_hamming__pam,no_morph__equal_domains__sqrt_hamming__average,pam,average,103,104,1,0.237788234678377,0.252413533231221,0.014625298552844002,0.9700796050638449,1
pam_to_energy,no_morph__equal_domains__sqrt_hamming__pam,no_morph__equal_domains__sqrt_hamming__energy,pam,energy,103,103,0,0.237788234678377,0.237788234678377,0.0,1.0,0
sqrt_hamming_to_hamming,no_morph__equal_domains__sqrt_hamming__average,no_morph__equal_domains__hamming__average,average,average,104,104,0,0.252413533231221,0.252413533231221,0.0,1.0,0
sqrt_hamming_to_jaccard,no_morph__equal_domains__sqrt_hamming__average,no_morph__equal_domains__jaccard__average,average,average,104,70,-34,0.252413533231221,-0.00412286766922999,-0.256536400900451,-0.06048750115691077,48
pam_to_average,no_morph__equal_domains__hamming__pam,no_morph__equal_domains__hamming__average,pam,average,103,104,1,0.237788234678377,0.252413533231221,0.014625298552844002,0.9700796050638449,1
pam_to_average,no_morph__equal_domains__jaccard__pam,no_morph__equal_domains__jaccard__average,pam,average,116,70,-46,0.460094873043811,-0.00412286766922999,-0.464217740713041,-0.016016547709422898,66
pam_to_average,no_morph__idf_presence__jaccard__pam,no_morph__idf_presence__jaccard__average,pam,average,118,75,-43,0.500699810047722,0.00399148870714579,-0.49670832134057624,0.0003613048210214809,61
equal_features_to_equal_domains,no_phon__equal_features__sqrt_hamming__pam,no_phon__equal_domains__sqrt_hamming__pam,pam,pam,129,114,-15,0.754373152541918,0.421167544141014,-0.33320560840090396,0.5647349023122493,17
equal_features_to_unique_profiles,no_phon__equal_features__sqrt_hamming__pam,no_phon__unique_profiles__sqrt_hamming__pam,pam,pam,129,129,0,0.754373152541918,0.754373152541918,0.0,1.0,0
sqrt_hamming_to_hamming,no_phon__equal_features__sqrt_hamming__pam,no_phon__equal_features__hamming__pam,pam,pam,129,129,0,0.754373152541918,0.754373152541918,0.0,1.0,0
sqrt_hamming_to_jaccard,no_phon__equal_features__sqrt_hamming__pam,no_phon__equal_features__jaccard__pam,pam,pam,129,127,-2,0.754373152541918,0.704424255453394,-0.0499488970885239,0.7292053840947911,10
pam_to_average,no_phon__equal_features__sqrt_hamming__pam,no_phon__equal_features__sqrt_hamming__average,pam,average,129,136,7,0.754373152541918,0.942452203083014,0.18807905054109608,0.7543629271299466,9
pam_to_energy,no_phon__equal_features__sqrt_hamming__pam,no_phon__equal_features__sqrt_hamming__energy,pam,energy,129,124,-5,0.754373152541918,0.632742495376833,-0.12163065716508492,0.7543076951904077,9
equal_features_to_equal_domains,no_phon__equal_features__sqrt_hamming__average,no_phon__equal_domains__sqrt_hamming__average,average,average,136,129,-7,0.942452203083014,0.754356879442656,-0.18809532364035808,0.8059879535910096,7
equal_features_to_unique_profiles,no_phon__equal_features__sqrt_hamming__average,no_phon__unique_profiles__sqrt_hamming__average,average,average,136,136,0,0.942452203083014,0.942452203083014,0.0,1.0,0
sqrt_hamming_to_hamming,no_phon__equal_features__sqrt_hamming__average,no_phon__equal_features__hamming__average,average,average,136,136,0,0.942452203083014,0.942452203083014,0.0,1.0,0
sqrt_hamming_to_jaccard,no_phon__equal_features__sqrt_hamming__average,no_phon__equal_features__jaccard__average,average,average,136,75,-61,0.942452203083014,0.00399148870714579,-0.9384607143758682,-0.004214458073604153,65
equal_features_to_equal_domains,no_phon__equal_features__sqrt_hamming__energy,no_phon__equal_domains__sqrt_hamming__energy,energy,energy,124,130,6,0.632742495376833,0.77996430590564,0.147221810528807,0.832432915878046,6
equal_features_to_unique_profiles,no_phon__equal_features__sqrt_hamming__energy,no_phon__unique_profiles__sqrt_hamming__energy,energy,energy,124,124,0,0.632742495376833,0.632742495376833,0.0,1.0,0
equal_features_to_equal_domains,no_phon__equal_features__hamming__pam,no_phon__equal_domains__hamming__pam,pam,pam,129,114,-15,0.754373152541918,0.421167544141014,-0.33320560840090396,0.5647349023122493,17
equal_features_to_unique_profiles,no_phon__equal_features__hamming__pam,no_phon__unique_profiles__hamming__pam,pam,pam,129,129,0,0.754373152541918,0.754373152541918,0.0,1.0,0
pam_to_average,no_phon__equal_features__hamming__pam,no_phon__equal_features__hamming__average,pam,average,129,136,7,0.754373152541918,0.942452203083014,0.18807905054109608,0.7543629271299466,9
equal_features_to_equal_domains,no_phon__equal_features__hamming__average,no_phon__equal_domains__hamming__average,average,average,136,129,-7,0.942452203083014,0.754356879442656,-0.18809532364035808,0.8059879535910096,7
equal_features_to_unique_profiles,no_phon__equal_features__hamming__average,no_phon__unique_profiles__hamming__average,average,average,136,136,0,0.942452203083014,0.942452203083014,0.0,1.0,0
equal_features_to_equal_domains,no_phon__equal_features__jaccard__pam,no_phon__equal_domains__jaccard__pam,pam,pam,127,126,-1,0.704424255453394,0.680093474987822,-0.02433078046557202,0.9143089973062765,3
equal_features_to_unique_profiles,no_phon__equal_features__jaccard__pam,no_phon__unique_profiles__jaccard__pam,pam,pam,127,127,0,0.704424255453394,0.704424255453394,0.0,1.0,0
jaccard_equal_to_idf,no_phon__equal_features__jaccard__pam,no_phon__idf_presence__jaccard__pam,pam,pam,127,122,-5,0.704424255453394,0.587003087809643,-0.11742116764375099,0.8593000213861899,5
pam_to_average,no_phon__equal_features__jaccard__pam,no_phon__equal_features__jaccard__average,pam,average,127,75,-52,0.704424255453394,0.00399148870714579,-0.7004327667462482,-0.000405175359290821,68
equal_features_to_equal_domains,no_phon__equal_features__jaccard__average,no_phon__equal_domains__jaccard__average,average,average,75,75,0,0.00399148870714579,0.00399148870714579,0.0,1.0,0
equal_features_to_unique_profiles,no_phon__equal_features__jaccard__average,no_phon__unique_profiles__jaccard__average,average,average,75,75,0,0.00399148870714579,0.00399148870714579,0.0,1.0,0
jaccard_equal_to_idf,no_phon__equal_features__jaccard__average,no_phon__idf_presence__jaccard__average,average,average,75,75,0,0.00399148870714579,0.00399148870714579,0.0,1.0,0
sqrt_hamming_to_hamming,no_phon__equal_domains__sqrt_hamming__pam,no_phon__equal_domains__hamming__pam,pam,pam,114,114,0,0.421167544141014,0.421167544141014,0.0,1.0,0
sqrt_hamming_to_jaccard,no_phon__equal_domains__sqrt_hamming__pam,no_phon__equal_domains__jaccard__pam,pam,pam,114,126,12,0.421167544141014,0.680093474987822,0.25892593084680804,0.5007322597104978,20
pam_to_average,no_phon__equal_domains__sqrt_hamming__pam,no_phon__equal_domains__sqrt_hamming__average,pam,average,114,129,15,0.421167544141014,0.754356879442656,0.33318933530164196,0.6096860681183975,15
pam_to_energy,no_phon__equal_domains__sqrt_hamming__pam,no_phon__equal_domains__sqrt_hamming__energy,pam,energy,114,130,16,0.421167544141014,0.77996430590564,0.35879676176462605,0.5870075986682725,16
sqrt_hamming_to_hamming,no_phon__equal_domains__sqrt_hamming__average,no_phon__equal_domains__hamming__average,average,average,129,129,0,0.754356879442656,0.754356879442656,0.0,1.0,0
sqrt_hamming_to_jaccard,no_phon__equal_domains__sqrt_hamming__average,no_phon__equal_domains__jaccard__average,average,average,129,75,-54,0.754356879442656,0.00399148870714579,-0.7503653907355101,0.0012761778766071468,66
pam_to_average,no_phon__equal_domains__hamming__pam,no_phon__equal_domains__hamming__average,pam,average,114,129,15,0.421167544141014,0.754356879442656,0.33318933530164196,0.6096860681183975,15
pam_to_average,no_phon__equal_domains__jaccard__pam,no_phon__equal_domains__jaccard__average,pam,average,126,75,-51,0.680093474987822,0.00399148870714579,-0.6761019862806762,-0.00036911033264445584,67
sqrt_hamming_to_hamming,no_phon__unique_profiles__sqrt_hamming__pam,no_phon__unique_profiles__hamming__pam,pam,pam,129,129,0,0.754373152541918,0.754373152541918,0.0,1.0,0
sqrt_hamming_to_jaccard,no_phon__unique_profiles__sqrt_hamming__pam,no_phon__unique_profiles__jaccard__pam,pam,pam,129,127,-2,0.754373152541918,0.704424255453394,-0.0499488970885239,0.7292053840947911,10
pam_to_average,no_phon__unique_profiles__sqrt_hamming__pam,no_phon__unique_profiles__sqrt_hamming__average,pam,average,129,136,7,0.754373152541918,0.942452203083014,0.18807905054109608,0.7543629271299466,9
pam_to_energy,no_phon__unique_profiles__sqrt_hamming__pam,no_phon__unique_profiles__sqrt_hamming__energy,pam,energy,129,124,-5,0.754373152541918,0.632742495376833,-0.12163065716508492,0.7543076951904077,9
sqrt_hamming_to_hamming,no_phon__unique_profiles__sqrt_hamming__average,no_phon__unique_profiles__hamming__average,average,average,136,136,0,0.942452203083014,0.942452203083014,0.0,1.0,0
sqrt_hamming_to_jaccard,no_phon__unique_profiles__sqrt_hamming__average,no_phon__unique_profiles__jaccard__average,average,average,136,75,-61,0.942452203083014,0.00399148870714579,-0.9384607143758682,-0.004214458073604153,65
pam_to_average,no_phon__unique_profiles__hamming__pam,no_phon__unique_profiles__hamming__average,pam,average,129,136,7,0.754373152541918,0.942452203083014,0.18807905054109608,0.7543629271299466,9
pam_to_average,no_phon__unique_profiles__jaccard__pam,no_phon__unique_profiles__jaccard__average,pam,average,127,75,-52,0.704424255453394,0.00399148870714579,-0.7004327667462482,-0.000405175359290821,68
pam_to_average,no_phon__idf_presence__jaccard__pam,no_phon__idf_presence__jaccard__average,pam,average,122,75,-47,0.587003087809643,0.00399148870714579,-0.5830115991024972,-0.0002244203353636432,65
equal_features_to_equal_domains,no_sem__equal_features__sqrt_hamming__pam,no_sem__equal_domains__sqrt_hamming__pam,pam,pam,111,103,-8,0.36608698016197,0.237788234678377,-0.128298745483593,0.37655060951745933,26
equal_features_to_unique_profiles,no_sem__equal_features__sqrt_hamming__pam,no_sem__equal_features__sqrt_hamming__pam,pam,pam,111,111,0,0.36608698016197,0.36608698016197,0.0,1.0,0
sqrt_hamming_to_hamming,no_sem__equal_features__sqrt_hamming__pam,no_sem__equal_features__hamming__pam,pam,pam,111,111,0,0.36608698016197,0.36608698016197,0.0,1.0,0
sqrt_hamming_to_jaccard,no_sem__equal_features__sqrt_hamming__pam,no_sem__equal_features__jaccard__pam,pam,pam,111,119,8,0.36608698016197,0.52166760793106,0.15558062776909004,0.6796966236336679,12
pam_to_average,no_sem__equal_features__sqrt_hamming__pam,no_sem__equal_features__sqrt_hamming__average,pam,average,111,90,-21,0.36608698016197,0.0880205213337796,-0.27806645882819037,0.23713611341755753,33
pam_to_energy,no_sem__equal_features__sqrt_hamming__pam,no_sem__equal_features__sqrt_hamming__energy,pam,energy,111,124,13,0.36608698016197,0.632758308161156,0.26667132799918597,0.563764576976182,17
equal_features_to_equal_domains,no_sem__equal_features__sqrt_hamming__average,no_sem__equal_domains__sqrt_hamming__average,average,average,90,104,14,0.0880205213337796,0.252413533231221,0.1643930118974414,0.13348620898830962,36
equal_features_to_unique_profiles,no_sem__equal_features__sqrt_hamming__average,no_sem__equal_features__sqrt_hamming__average,average,average,90,90,0,0.0880205213337796,0.0880205213337796,0.0,1.0,0
sqrt_hamming_to_hamming,no_sem__equal_features__sqrt_hamming__average,no_sem__equal_features__hamming__average,average,average,90,90,0,0.0880205213337796,0.0880205213337796,0.0,1.0,0
sqrt_hamming_to_jaccard,no_sem__equal_features__sqrt_hamming__average,no_sem__equal_features__jaccard__average,average,average,90,74,-16,0.0880205213337796,0.00178392512401945,-0.08623659620976015,-0.012004997555543871,18
equal_features_to_equal_domains,no_sem__equal_features__sqrt_hamming__energy,no_sem__equal_domains__sqrt_hamming__energy,energy,energy,124,103,-21,0.632758308161156,0.237788234678377,-0.39497007348277896,0.23280613150580146,35
equal_features_to_unique_profiles,no_sem__equal_features__sqrt_hamming__energy,no_sem__equal_features__sqrt_hamming__energy,energy,energy,124,124,0,0.632758308161156,0.632758308161156,0.0,1.0,0
equal_features_to_equal_domains,no_sem__equal_features__hamming__pam,no_sem__equal_domains__hamming__pam,pam,pam,111,103,-8,0.36608698016197,0.237788234678377,-0.128298745483593,0.37655060951745933,26
equal_features_to_unique_profiles,no_sem__equal_features__hamming__pam,no_sem__equal_features__hamming__pam,pam,pam,111,111,0,0.36608698016197,0.36608698016197,0.0,1.0,0
pam_to_average,no_sem__equal_features__hamming__pam,no_sem__equal_features__hamming__average,pam,average,111,90,-21,0.36608698016197,0.0880205213337796,-0.27806645882819037,0.23713611341755753,33
equal_features_to_equal_domains,no_sem__equal_features__hamming__average,no_sem__equal_domains__hamming__average,average,average,90,104,14,0.0880205213337796,0.252413533231221,0.1643930118974414,0.13348620898830962,36
equal_features_to_unique_profiles,no_sem__equal_features__hamming__average,no_sem__equal_features__hamming__average,average,average,90,90,0,0.0880205213337796,0.0880205213337796,0.0,1.0,0
equal_features_to_equal_domains,no_sem__equal_features__jaccard__pam,no_sem__equal_domains__jaccard__pam,pam,pam,119,116,-3,0.52166760793106,0.460114543894976,-0.061553064036084015,0.6094821570150966,15
equal_features_to_unique_profiles,no_sem__equal_features__jaccard__pam,no_sem__equal_features__jaccard__pam,pam,pam,119,119,0,0.52166760793106,0.52166760793106,0.0,1.0,0
jaccard_equal_to_idf,no_sem__equal_features__jaccard__pam,no_sem__idf_presence__jaccard__pam,pam,pam,119,117,-2,0.52166760793106,0.480160937337068,-0.041506670593992046,0.587024605937596,16
pam_to_average,no_sem__equal_features__jaccard__pam,no_sem__equal_features__jaccard__average,pam,average,119,74,-45,0.52166760793106,0.00178392512401945,-0.5198836828070406,-0.003983354821388912,59
equal_features_to_equal_domains,no_sem__equal_features__jaccard__average,no_sem__equal_domains__jaccard__average,average,average,74,105,31,0.00178392512401945,0.267257710839959,0.26547378571593955,0.016401165529635615,43
equal_features_to_unique_profiles,no_sem__equal_features__jaccard__average,no_sem__equal_features__jaccard__average,average,average,74,74,0,0.00178392512401945,0.00178392512401945,0.0,1.0,0
jaccard_equal_to_idf,no_sem__equal_features__jaccard__average,no_sem__idf_presence__jaccard__average,average,average,74,121,47,0.00178392512401945,0.564790821368477,0.5630068962444575,0.002264624424280557,63
sqrt_hamming_to_hamming,no_sem__equal_domains__sqrt_hamming__pam,no_sem__equal_domains__hamming__pam,pam,pam,103,103,0,0.237788234678377,0.237788234678377,0.0,1.0,0
sqrt_hamming_to_jaccard,no_sem__equal_domains__sqrt_hamming__pam,no_sem__equal_domains__jaccard__pam,pam,pam,103,116,13,0.237788234678377,0.460114543894976,0.22232630921659902,0.5630669999387232,17
pam_to_average,no_sem__equal_domains__sqrt_hamming__pam,no_sem__equal_domains__sqrt_hamming__average,pam,average,103,104,1,0.237788234678377,0.252413533231221,0.014625298552844002,0.9700796050638449,1
pam_to_energy,no_sem__equal_domains__sqrt_hamming__pam,no_sem__equal_domains__sqrt_hamming__energy,pam,energy,103,103,0,0.237788234678377,0.237788234678377,0.0,1.0,0
sqrt_hamming_to_hamming,no_sem__equal_domains__sqrt_hamming__average,no_sem__equal_domains__hamming__average,average,average,104,104,0,0.252413533231221,0.252413533231221,0.0,1.0,0
sqrt_hamming_to_jaccard,no_sem__equal_domains__sqrt_hamming__average,no_sem__equal_domains__jaccard__average,average,average,104,105,1,0.252413533231221,0.267257710839959,0.014844177608737963,0.8560097957166485,5
pam_to_average,no_sem__equal_domains__hamming__pam,no_sem__equal_domains__hamming__average,pam,average,103,104,1,0.237788234678377,0.252413533231221,0.014625298552844002,0.9700796050638449,1
pam_to_average,no_sem__equal_domains__jaccard__pam,no_sem__equal_domains__jaccard__average,pam,average,116,105,-11,0.460114543894976,0.267257710839959,-0.19285683305501705,0.5202447526429965,19
pam_to_average,no_sem__idf_presence__jaccard__pam,no_sem__idf_presence__jaccard__average,pam,average,117,121,4,0.480160937337068,0.564790821368477,0.08462988403140903,0.6327077090340287,14
equal_features_to_equal_domains,no_synt__equal_features__sqrt_hamming__pam,no_synt__equal_domains__sqrt_hamming__pam,pam,pam,129,103,-26,0.754391050461008,0.237788234678377,-0.516602815782631,0.34517542091952397,28
equal_features_to_unique_profiles,no_synt__equal_features__sqrt_hamming__pam,no_synt__unique_profiles__sqrt_hamming__pam,pam,pam,129,129,0,0.754391050461008,0.754391050461008,0.0,1.0,0
sqrt_hamming_to_hamming,no_synt__equal_features__sqrt_hamming__pam,no_synt__equal_features__hamming__pam,pam,pam,129,123,-6,0.754391050461008,0.60970930179085,-0.14468174867015793,0.832241740453828,6
sqrt_hamming_to_jaccard,no_synt__equal_features__sqrt_hamming__pam,no_synt__equal_features__jaccard__pam,pam,pam,129,123,-6,0.754391050461008,0.60963690143988,-0.14475414902112793,0.68016606287382,12
pam_to_average,no_synt__equal_features__sqrt_hamming__pam,no_synt__equal_features__sqrt_hamming__average,pam,average,129,133,4,0.754391050461008,0.859309342325905,0.10491829186489698,0.8865650903295795,4
pam_to_energy,no_synt__equal_features__sqrt_hamming__pam,no_synt__equal_features__sqrt_hamming__energy,pam,energy,129,125,-4,0.754391050461008,0.656232090438534,-0.09815896002247393,0.7797857081929916,8
equal_features_to_equal_domains,no_synt__equal_features__sqrt_hamming__average,no_synt__equal_domains__sqrt_hamming__average,average,average,133,78,-55,0.859309342325905,0.0120222314449279,-0.8472871108809771,0.017709121135911696,57
equal_features_to_unique_profiles,no_synt__equal_features__sqrt_hamming__average,no_synt__unique_profiles__sqrt_hamming__average,average,average,133,133,0,0.859309342325905,0.859309342325905,0.0,1.0,0
sqrt_hamming_to_hamming,no_synt__equal_features__sqrt_hamming__average,no_synt__equal_features__hamming__average,average,average,133,133,0,0.859309342325905,0.859309342325905,0.0,1.0,0
sqrt_hamming_to_jaccard,no_synt__equal_features__sqrt_hamming__average,no_synt__equal_features__jaccard__average,average,average,133,72,-61,0.859309342325905,-0.00202489946437497,-0.86133424179028,-0.012473509874354272,65
equal_features_to_equal_domains,no_synt__equal_features__sqrt_hamming__energy,no_synt__equal_domains__sqrt_hamming__energy,energy,energy,125,103,-22,0.656232090438534,0.237788234678377,-0.418443855760157,0.2482273663543626,34
equal_features_to_unique_profiles,no_synt__equal_features__sqrt_hamming__energy,no_synt__unique_profiles__sqrt_hamming__energy,energy,energy,125,125,0,0.656232090438534,0.656232090438534,0.0,1.0,0
equal_features_to_equal_domains,no_synt__equal_features__hamming__pam,no_synt__equal_domains__hamming__pam,pam,pam,123,103,-20,0.60970930179085,0.237788234678377,-0.371921067112473,0.24669699547880386,34
equal_features_to_unique_profiles,no_synt__equal_features__hamming__pam,no_synt__unique_profiles__hamming__pam,pam,pam,123,123,0,0.60970930179085,0.60970930179085,0.0,1.0,0
pam_to_average,no_synt__equal_features__hamming__pam,no_synt__equal_features__hamming__average,pam,average,123,133,10,0.60970930179085,0.859309342325905,0.2496000405350549,0.7290790752061355,10
equal_features_to_equal_domains,no_synt__equal_features__hamming__average,no_synt__equal_domains__hamming__average,average,average,133,78,-55,0.859309342325905,0.0120222314449279,-0.8472871108809771,0.017709121135911696,57
equal_features_to_unique_profiles,no_synt__equal_features__hamming__average,no_synt__unique_profiles__hamming__average,average,average,133,133,0,0.859309342325905,0.859309342325905,0.0,1.0,0
equal_features_to_equal_domains,no_synt__equal_features__jaccard__pam,no_synt__equal_domains__jaccard__pam,pam,pam,123,115,-8,0.60963690143988,0.440451617975337,-0.16918528346454303,0.6327832573736452,14
equal_features_to_unique_profiles,no_synt__equal_features__jaccard__pam,no_synt__unique_profiles__jaccard__pam,pam,pam,123,123,0,0.60963690143988,0.60963690143988,0.0,1.0,0
jaccard_equal_to_idf,no_synt__equal_features__jaccard__pam,no_synt__idf_presence__jaccard__pam,pam,pam,123,122,-1,0.60963690143988,0.586997615488207,-0.022639285951673083,0.9710129931103928,1
pam_to_average,no_synt__equal_features__jaccard__pam,no_synt__equal_features__jaccard__average,pam,average,123,72,-51,0.60963690143988,-0.00202489946437497,-0.611661800904255,-0.0003602976304022875,67
equal_features_to_equal_domains,no_synt__equal_features__jaccard__average,no_synt__equal_domains__jaccard__average,average,average,72,70,-2,-0.00202489946437497,-0.00412286766922999,-0.0020979682048550196,-0.04411515444885061,14
equal_features_to_unique_profiles,no_synt__equal_features__jaccard__average,no_synt__unique_profiles__jaccard__average,average,average,72,72,0,-0.00202489946437497,-0.00202489946437497,0.0,1.0,0
jaccard_equal_to_idf,no_synt__equal_features__jaccard__average,no_synt__idf_presence__jaccard__average,average,average,72,112,40,-0.00202489946437497,0.384046959972268,0.38607185943664296,-0.025519280430852317,56
sqrt_hamming_to_hamming,no_synt__equal_domains__sqrt_hamming__pam,no_synt__equal_domains__hamming__pam,pam,pam,103,103,0,0.237788234678377,0.237788234678377,0.0,1.0,0
sqrt_hamming_to_jaccard,no_synt__equal_domains__sqrt_hamming__pam,no_synt__equal_domains__jaccard__pam,pam,pam,103,115,12,0.237788234678377,0.440451617975337,0.20266338329696,0.5849942927386074,16
pam_to_average,no_synt__equal_domains__sqrt_hamming__pam,no_synt__equal_domains__sqrt_hamming__average,pam,average,103,78,-25,0.237788234678377,0.0120222314449279,-0.22576600323344911,0.12502792349901246,37
pam_to_energy,no_synt__equal_domains__sqrt_hamming__pam,no_synt__equal_domains__sqrt_hamming__energy,pam,energy,103,103,0,0.237788234678377,0.237788234678377,0.0,1.0,0
sqrt_hamming_to_hamming,no_synt__equal_domains__sqrt_hamming__average,no_synt__equal_domains__hamming__average,average,average,78,78,0,0.0120222314449279,0.0120222314449279,0.0,1.0,0
sqrt_hamming_to_jaccard,no_synt__equal_domains__sqrt_hamming__average,no_synt__equal_domains__jaccard__average,average,average,78,70,-8,0.0120222314449279,-0.00412286766922999,-0.016145099114157888,-0.07345890170570195,26
pam_to_average,no_synt__equal_domains__hamming__pam,no_synt__equal_domains__hamming__average,pam,average,103,78,-25,0.237788234678377,0.0120222314449279,-0.22576600323344911,0.12502792349901246,37
pam_to_average,no_synt__equal_domains__jaccard__pam,no_synt__equal_domains__jaccard__average,pam,average,115,70,-45,0.440451617975337,-0.00412286766922999,-0.444574485644567,-0.021613209460050558,63
sqrt_hamming_to_hamming,no_synt__unique_profiles__sqrt_hamming__pam,no_synt__unique_profiles__hamming__pam,pam,pam,129,123,-6,0.754391050461008,0.60970930179085,-0.14468174867015793,0.832241740453828,6
sqrt_hamming_to_jaccard,no_synt__unique_profiles__sqrt_hamming__pam,no_synt__unique_profiles__jaccard__pam,pam,pam,129,123,-6,0.754391050461008,0.60963690143988,-0.14475414902112793,0.68016606287382,12
pam_to_average,no_synt__unique_profiles__sqrt_hamming__pam,no_synt__unique_profiles__sqrt_hamming__average,pam,average,129,133,4,0.754391050461008,0.859309342325905,0.10491829186489698,0.8865650903295795,4
pam_to_energy,no_synt__unique_profiles__sqrt_hamming__pam,no_synt__unique_profiles__sqrt_hamming__energy,pam,energy,129,125,-4,0.754391050461008,0.656232090438534,-0.09815896002247393,0.7797857081929916,8
sqrt_hamming_to_hamming,no_synt__unique_profiles__sqrt_hamming__average,no_synt__unique_profiles__hamming__average,average,average,133,133,0,0.859309342325905,0.859309342325905,0.0,1.0,0
sqrt_hamming_to_jaccard,no_synt__unique_profiles__sqrt_hamming__average,no_synt__unique_profiles__jaccard__average,average,average,133,72,-61,0.859309342325905,-0.00202489946437497,-0.86133424179028,-0.012473509874354272,65
pam_to_average,no_synt__unique_profiles__hamming__pam,no_synt__unique_profiles__hamming__average,pam,average,123,133,10,0.60970930179085,0.859309342325905,0.2496000405350549,0.7290790752061355,10
pam_to_average,no_synt__unique_profiles__jaccard__pam,no_synt__unique_profiles__jaccard__average,pam,average,123,72,-51,0.60963690143988,-0.00202489946437497,-0.611661800904255,-0.0003602976304022875,67
pam_to_average,no_synt__idf_presence__jaccard__pam,no_synt__idf_presence__jaccard__average,pam,average,122,112,-10,0.586997615488207,0.384046959972268,-0.20295065551593894,0.5432064462350653,18
